business_unit,office,vendor,cycle_start,cycle_end,trip_id,contract,slab_name,total_trip_km,trip_cost
pinnacle-Slc,Clearwater Campus,Rohan Mikhailov Travel,"May 1, 2026, 12:00 AM","May 31, 2026, 12:00 AM",3000001,4S-DSL,Medium,12.5,"1,000"
pinnacle-Slc,Oakmont Office,Pooja Mikhailov Travel,"May 1, 2026, 12:00 AM","May 31, 2026, 12:00 AM",3000002,4S-DSL,Medium,12.5,"1,020"
pinnacle-Slc,Clearwater Campus,Rohan Mikhailov Travel,"May 1, 2026, 12:00 AM","May 31, 2026, 12:00 AM",3000003,4S-DSL,Medium,12.5,"1,040"
pinnacle-Slc,Oakmont Office,Pooja Mikhailov Travel,"May 1, 2026, 12:00 AM","May 31, 2026, 12:00 AM",3000004,4S-DSL,Medium,12.5,"1,060"
pinnacle-Slc,Clearwater Campus,Rohan Mikhailov Travel,"May 1, 2026, 12:00 AM","May 31, 2026, 12:00 AM",3000005,4S-DSL,Medium,12.5,"1,080"
pinnacle-Slc,Oakmont Office,Pooja Mikhailov Travel,"May 1, 2026, 12:00 AM","May 31, 2026, 12:00 AM",3000006,4S-DSL,Medium,12.5,"1,000"
pinnacle-Slc,Clearwater Campus,Rohan Mikhailov Travel,"May 1, 2026, 12:00 AM","May 31, 2026, 12:00 AM",3000007,4S-DSL,Medium,12.5,"1,020"
pinnacle-Slc,Oakmont Office,Pooja Mikhailov Travel,"May 1, 2026, 12:00 AM","May 31, 2026, 12:00 AM",3000008,4S-DSL,Medium,12.5,"1,040"
pinnacle-Slc,Clearwater Campus,Rohan Mikhailov Travel,"May 1, 2026, 12:00 AM","May 31, 2026, 12:00 AM",3000009,4S-DSL,Medium,12.5,"1,060"
pinnacle-Slc,Oakmont Office,Pooja Mikhailov Travel,"May 1, 2026, 12:00 AM","May 31, 2026, 12:00 AM",3000010,4S-DSL,Medium,12.5,"1,080"
pinnacle-Slc,Clearwater Campus,Rohan Mikhailov Travel,"May 1, 2026, 12:00 AM","May 31, 2026, 12:00 AM",3000011,4S-DSL,Medium,12.5,"1,000"
pinnacle-Slc,Oakmont Office,Pooja Mikhailov Travel,"May 1, 2026, 12:00 AM","May 31, 2026, 12:00 AM",3000012,4S-DSL,Medium,12.5,"1,020"
pinnacle-Slc,Clearwater Campus,Rohan Mikhailov Travel,"May 1, 2026, 12:00 AM","May 31, 2026, 12:00 AM",3000013,4S-DSL,Medium,12.5,"1,040"
pinnacle-Slc,Oakmont Office,Pooja Mikhailov Travel,"May 1, 2026, 12:00 AM","May 31, 2026, 12:00 AM",3000014,4S-DSL,Medium,12.5,"1,060"
pinnacle-Slc,Clearwater Campus,Rohan Mikhailov Travel,"May 1, 2026, 12:00 AM","May 31, 2026, 12:00 AM",3000015,4S-DSL,Medium,12.5,"1,080"
pinnacle-Slc,Oakmont Office,Pooja Mikhailov Travel,"May 1, 2026, 12:00 AM","May 31, 2026, 12:00 AM",3000016,4S-DSL,Medium,12.5,"1,000"
pinnacle-Slc,Clearwater Campus,Rohan Mikhailov Travel,"May 1, 2026, 12:00 AM","May 31, 2026, 12:00 AM",3000017,4S-DSL,Medium,12.5,"1,020"
pinnacle-Slc,Oakmont Office,Pooja Mikhailov Travel,"May 1, 2026, 12:00 AM","May 31, 2026, 12:00 AM",3000018,4S-DSL,Medium,12.5,"1,040"
pinnacle-Slc,Clearwater Campus,Rohan Mikhailov Travel,"May 1, 2026, 12:00 AM","May 31, 2026, 12:00 AM",3000019,4S-DSL,Medium,12.5,"1,060"
pinnacle-Slc,Oakmont Office,Pooja Mikhailov Travel,"May 1, 2026, 12:00 AM","May 31, 2026, 12:00 AM",3000020,4S-DSL,Medium,12.5,"1,080"
orbit-Slc,Eastgate Office,Rohan Mikhailov Travel,"May 1, 2026, 12:00 AM","May 15, 2026, 12:00 AM",3000001,BUS-12,,0,"1,170"
orbit-Slc,Eastgate Office,Rohan Mikhailov Travel,"May 1, 2026, 12:00 AM","May 15, 2026, 12:00 AM",3000002,BUS-12,,0,"1,170"
orbit-Slc,Eastgate Office,Rohan Mikhailov Travel,"May 1, 2026, 12:00 AM","May 15, 2026, 12:00 AM",3000003,BUS-12,,0,"1,170"
orbit-Slc,Eastgate Office,Rohan Mikhailov Travel,"May 1, 2026, 12:00 AM","May 15, 2026, 12:00 AM",1200023,BUS-12,,0,"1,170"
orbit-Slc,Eastgate Office,Rohan Mikhailov Travel,"May 1, 2026, 12:00 AM","May 15, 2026, 12:00 AM",1200024,BUS-12,,0,"1,170"
pinnacle-Slc,Clearwater Campus,Rohan Mikhailov Travel,"May 1, 2026, 12:00 AM","May 31, 2026, 12:00 AM",3000021,4S-DSL,Medium,12.5,"1,000"
pinnacle-Slc,Oakmont Office,Pooja Mikhailov Travel,"May 1, 2026, 12:00 AM","May 31, 2026, 12:00 AM",3000022,4S-DSL,Medium,12.5,"1,020"
pinnacle-Slc,Clearwater Campus,Rohan Mikhailov Travel,"May 1, 2026, 12:00 AM","May 31, 2026, 12:00 AM",3000023,4S-DSL,Medium,12.5,"1,040"
pinnacle-Slc,Oakmont Office,Pooja Mikhailov Travel,"May 1, 2026, 12:00 AM","May 31, 2026, 12:00 AM",3000024,4S-DSL,Medium,12.5,"1,060"
pinnacle-Slc,Clearwater Campus,Rohan Mikhailov Travel,"May 1, 2026, 12:00 AM","May 31, 2026, 12:00 AM",3000025,4S-DSL,Medium,12.5,"1,080"
pinnacle-Slc,Oakmont Office,Pooja Mikhailov Travel,"May 1, 2026, 12:00 AM","May 31, 2026, 12:00 AM",3000026,4S-DSL,Medium,12.5,"1,000"
pinnacle-Slc,Clearwater Campus,Rohan Mikhailov Travel,"May 1, 2026, 12:00 AM","May 31, 2026, 12:00 AM",3000027,4S-DSL,Medium,12.5,"1,020"
pinnacle-Slc,Oakmont Office,Pooja Mikhailov Travel,"May 1, 2026, 12:00 AM","May 31, 2026, 12:00 AM",3000028,4S-DSL,Medium,12.5,"1,040"
pinnacle-Slc,Clearwater Campus,Rohan Mikhailov Travel,"May 1, 2026, 12:00 AM","May 31, 2026, 12:00 AM",3000029,4S-DSL,Medium,12.5,"1,060"
pinnacle-Slc,Oakmont Office,Pooja Mikhailov Travel,"May 1, 2026, 12:00 AM","May 31, 2026, 12:00 AM",3000030,4S-DSL,Medium,12.5,"1,080"
pinnacle-Slc,Clearwater Campus,Rohan Mikhailov Travel,"May 1, 2026, 12:00 AM","May 31, 2026, 12:00 AM",3000031,4S-DSL,Medium,12.5,"1,000"
pinnacle-Slc,Oakmont Office,Pooja Mikhailov Travel,"May 1, 2026, 12:00 AM","May 31, 2026, 12:00 AM",3000032,4S-DSL,Medium,12.5,"1,020"
pinnacle-Slc,Clearwater Campus,Rohan Mikhailov Travel,"May 1, 2026, 12:00 AM","May 31, 2026, 12:00 AM",3000033,4S-DSL,Medium,12.5,"1,040"
pinnacle-Slc,Oakmont Office,Pooja Mikhailov Travel,"May 1, 2026, 12:00 AM","May 31, 2026, 12:00 AM",3000034,4S-DSL,Medium,12.5,"1,060"
pinnacle-Slc,Clearwater Campus,Rohan Mikhailov Travel,"May 1, 2026, 12:00 AM","May 31, 2026, 12:00 AM",3000035,4S-DSL,Medium,12.5,"1,080"
pinnacle-Slc,Oakmont Office,Pooja Mikhailov Travel,"May 1, 2026, 12:00 AM","May 31, 2026, 12:00 AM",3000036,4S-DSL,Medium,12.5,"1,000"
pinnacle-Slc,Clearwater Campus,Rohan Mikhailov Travel,"May 1, 2026, 12:00 AM","May 31, 2026, 12:00 AM",3000037,4S-DSL,Medium,12.5,"1,020"
pinnacle-Slc,Oakmont Office,Pooja Mikhailov Travel,"May 1, 2026, 12:00 AM","May 31, 2026, 12:00 AM",3000038,4S-DSL,Medium,12.5,"1,040"
pinnacle-Slc,Clearwater Campus,Rohan Mikhailov Travel,"May 1, 2026, 12:00 AM","May 31, 2026, 12:00 AM",3000039,4S-DSL,Medium,12.5,"1,060"
pinnacle-Slc,Oakmont Office,Pooja Mikhailov Travel,"May 1, 2026, 12:00 AM","May 31, 2026, 12:00 AM",3000040,4S-DSL,Medium,12.5,"1,080"
orbit-Slc,Eastgate Office,Rohan Mikhailov Travel,"May 1, 2026, 12:00 AM","May 15, 2026, 12:00 AM",1200045,BUS-12,,0,"1,170"
orbit-Slc,Eastgate Office,Rohan Mikhailov Travel,"May 1, 2026, 12:00 AM","May 15, 2026, 12:00 AM",1200046,BUS-12,,0,"1,170"
orbit-Slc,Eastgate Office,Rohan Mikhailov Travel,"May 1, 2026, 12:00 AM","May 15, 2026, 12:00 AM",1200047,BUS-12,,0,"1,170"
orbit-Slc,Eastgate Office,Rohan Mikhailov Travel,"May 1, 2026, 12:00 AM","May 15, 2026, 12:00 AM",1200048,BUS-12,,0,"1,170"
orbit-Slc,Eastgate Office,Rohan Mikhailov Travel,"May 1, 2026, 12:00 AM","May 15, 2026, 12:00 AM",1200049,BUS-12,,0,"1,170"
pinnacle-Slc,Clearwater Campus,Rohan Mikhailov Travel,"May 1, 2026, 12:00 AM","May 31, 2026, 12:00 AM",3000041,4S-DSL,Medium,12.5,"1,000"
pinnacle-Slc,Oakmont Office,Pooja Mikhailov Travel,"May 1, 2026, 12:00 AM","May 31, 2026, 12:00 AM",3000042,4S-DSL,Medium,12.5,"1,020"
pinnacle-Slc,Clearwater Campus,Rohan Mikhailov Travel,"May 1, 2026, 12:00 AM","May 31, 2026, 12:00 AM",3000043,4S-DSL,Medium,12.5,"1,040"
pinnacle-Slc,Oakmont Office,Pooja Mikhailov Travel,"May 1, 2026, 12:00 AM","May 31, 2026, 12:00 AM",3000044,4S-DSL,Medium,12.5,"1,060"
pinnacle-Slc,Clearwater Campus,Rohan Mikhailov Travel,"May 1, 2026, 12:00 AM","May 31, 2026, 12:00 AM",3000045,4S-DSL,Medium,12.5,"1,080"
pinnacle-Slc,Oakmont Office,Pooja Mikhailov Travel,"May 1, 2026, 12:00 AM","May 31, 2026, 12:00 AM",3000046,4S-DSL,Medium,12.5,"1,000"
pinnacle-Slc,Clearwater Campus,Rohan Mikhailov Travel,"May 1, 2026, 12:00 AM","May 31, 2026, 12:00 AM",3000047,4S-DSL,Medium,12.5,"1,020"
pinnacle-Slc,Oakmont Office,Pooja Mikhailov Travel,"May 1, 2026, 12:00 AM","May 31, 2026, 12:00 AM",3000048,4S-DSL,Medium,12.5,"1,040"
pinnacle-Slc,Clearwater Campus,Rohan Mikhailov Travel,"May 1, 2026, 12:00 AM","May 31, 2026, 12:00 AM",3000049,4S-DSL,Medium,12.5,"1,060"
pinnacle-Slc,Oakmont Office,Pooja Mikhailov Travel,"May 1, 2026, 12:00 AM","May 31, 2026, 12:00 AM",3000050,4S-DSL,Medium,12.5,"1,080"
pinnacle-Slc,Clearwater Campus,Rohan Mikhailov Travel,"May 1, 2026, 12:00 AM","May 31, 2026, 12:00 AM",3000051,4S-DSL,Medium,12.5,"1,000"
pinnacle-Slc,Oakmont Office,Pooja Mikhailov Travel,"May 1, 2026, 12:00 AM","May 31, 2026, 12:00 AM",3000052,4S-DSL,Medium,12.5,"1,020"
pinnacle-Slc,Clearwater Campus,Rohan Mikhailov Travel,"May 1, 2026, 12:00 AM","May 31, 2026, 12:00 AM",3000053,4S-DSL,Medium,12.5,"1,040"
pinnacle-Slc,Oakmont Office,Pooja Mikhailov Travel,"May 1, 2026, 12:00 AM","May 31, 2026, 12:00 AM",3000054,4S-DSL,Medium,12.5,"1,060"
pinnacle-Slc,Clearwater Campus,Rohan Mikhailov Travel,"May 1, 2026, 12:00 AM","May 31, 2026, 12:00 AM",3000055,4S-DSL,Medium,12.5,"1,080"
pinnacle-Slc,Oakmont Office,Pooja Mikhailov Travel,"May 1, 2026, 12:00 AM","May 31, 2026, 12:00 AM",3000056,4S-DSL,Medium,12.5,"1,000"
pinnacle-Slc,Clearwater Campus,Rohan Mikhailov Travel,"May 1, 2026, 12:00 AM","May 31, 2026, 12:00 AM",3000057,4S-DSL,Medium,12.5,"1,020"
pinnacle-Slc,Oakmont Office,Pooja Mikhailov Travel,"May 1, 2026, 12:00 AM","May 31, 2026, 12:00 AM",3000058,4S-DSL,Medium,12.5,"1,040"
pinnacle-Slc,Clearwater Campus,Rohan Mikhailov Travel,"May 1, 2026, 12:00 AM","May 31, 2026, 12:00 AM",3000059,4S-DSL,Medium,12.5,"1,060"
pinnacle-Slc,Oakmont Office,Pooja Mikhailov Travel,"May 1, 2026, 12:00 AM","May 31, 2026, 12:00 AM",3000060,4S-DSL,Medium,12.5,"1,080"
orbit-Slc,Eastgate Office,Rohan Mikhailov Travel,"May 1, 2026, 12:00 AM","May 15, 2026, 12:00 AM",1200070,BUS-12,,0,"1,170"
orbit-Slc,Eastgate Office,Rohan Mikhailov Travel,"May 1, 2026, 12:00 AM","May 15, 2026, 12:00 AM",1200071,BUS-12,,0,"1,170"
orbit-Slc,Eastgate Office,Rohan Mikhailov Travel,"May 1, 2026, 12:00 AM","May 15, 2026, 12:00 AM",1200072,BUS-12,,0,"1,170"
orbit-Slc,Eastgate Office,Rohan Mikhailov Travel,"May 1, 2026, 12:00 AM","May 15, 2026, 12:00 AM",1200073,BUS-12,,0,"1,170"
orbit-Slc,Eastgate Office,Rohan Mikhailov Travel,"May 1, 2026, 12:00 AM","May 15, 2026, 12:00 AM",1200074,BUS-12,,0,"1,170"
pinnacle-Slc,Clearwater Campus,Rohan Mikhailov Travel,"May 1, 2026, 12:00 AM","May 31, 2026, 12:00 AM",3000061,4S-DSL,Medium,12.5,"1,000"
pinnacle-Slc,Oakmont Office,Pooja Mikhailov Travel,"May 1, 2026, 12:00 AM","May 31, 2026, 12:00 AM",3000062,4S-DSL,Medium,12.5,"1,020"
pinnacle-Slc,Clearwater Campus,Rohan Mikhailov Travel,"May 1, 2026, 12:00 AM","May 31, 2026, 12:00 AM",3000063,4S-DSL,Medium,12.5,"1,040"
pinnacle-Slc,Oakmont Office,Pooja Mikhailov Travel,"May 1, 2026, 12:00 AM","May 31, 2026, 12:00 AM",3000064,4S-DSL,Medium,12.5,"1,060"
pinnacle-Slc,Clearwater Campus,Rohan Mikhailov Travel,"May 1, 2026, 12:00 AM","May 31, 2026, 12:00 AM",3000065,4S-DSL,Medium,12.5,"1,080"
pinnacle-Slc,Oakmont Office,Pooja Mikhailov Travel,"May 1, 2026, 12:00 AM","May 31, 2026, 12:00 AM",3000066,4S-DSL,Medium,12.5,"1,000"
pinnacle-Slc,Clearwater Campus,Rohan Mikhailov Travel,"May 1, 2026, 12:00 AM","May 31, 2026, 12:00 AM",3000067,4S-DSL,Medium,12.5,"1,020"
pinnacle-Slc,Oakmont Office,Pooja Mikhailov Travel,"May 1, 2026, 12:00 AM","May 31, 2026, 12:00 AM",3000068,4S-DSL,Medium,12.5,"1,040"
pinnacle-Slc,Clearwater Campus,Rohan Mikhailov Travel,"May 1, 2026, 12:00 AM","May 31, 2026, 12:00 AM",3000069,4S-DSL,Medium,12.5,"1,060"
pinnacle-Slc,Oakmont Office,Pooja Mikhailov Travel,"May 1, 2026, 12:00 AM","May 31, 2026, 12:00 AM",3000070,4S-DSL,Medium,12.5,"1,080"
pinnacle-Slc,Clearwater Campus,Rohan Mikhailov Travel,"May 1, 2026, 12:00 AM","May 31, 2026, 12:00 AM",3000071,4S-DSL,Medium,12.5,"1,000"
pinnacle-Slc,Oakmont Office,Pooja Mikhailov Travel,"May 1, 2026, 12:00 AM","May 31, 2026, 12:00 AM",3000072,4S-DSL,Medium,12.5,"1,020"
pinnacle-Slc,Clearwater Campus,Rohan Mikhailov Travel,"May 1, 2026, 12:00 AM","May 31, 2026, 12:00 AM",3000073,4S-DSL,Medium,12.5,"1,040"
pinnacle-Slc,Oakmont Office,Pooja Mikhailov Travel,"May 1, 2026, 12:00 AM","May 31, 2026, 12:00 AM",3000074,4S-DSL,Medium,12.5,"1,060"
pinnacle-Slc,Clearwater Campus,Rohan Mikhailov Travel,"May 1, 2026, 12:00 AM","May 31, 2026, 12:00 AM",3000075,4S-DSL,Medium,12.5,"1,080"
pinnacle-Slc,Oakmont Office,Pooja Mikhailov Travel,"May 1, 2026, 12:00 AM","May 31, 2026, 12:00 AM",3000076,4S-DSL,Medium,12.5,"1,000"
pinnacle-Slc,Clearwater Campus,Rohan Mikhailov Travel,"May 1, 2026, 12:00 AM","May 31, 2026, 12:00 AM",3000077,4S-DSL,Medium,12.5,"1,020"
pinnacle-Slc,Oakmont Office,Pooja Mikhailov Travel,"May 1, 2026, 12:00 AM","May 31, 2026, 12:00 AM",3000078,4S-DSL,Medium,12.5,"1,040"
pinnacle-Slc,Clearwater Campus,Rohan Mikhailov Travel,"May 1, 2026, 12:00 AM","May 31, 2026, 12:00 AM",3000079,4S-DSL,Medium,12.5,"1,060"
pinnacle-Slc,Oakmont Office,Pooja Mikhailov Travel,"May 1, 2026, 12:00 AM","May 31, 2026, 12:00 AM",3000080,4S-DSL,Medium,12.5,"1,080"
orbit-Slc,Eastgate Office,Rohan Mikhailov Travel,"May 1, 2026, 12:00 AM","May 15, 2026, 12:00 AM",1200095,BUS-12,,0,"1,170"
orbit-Slc,Eastgate Office,Rohan Mikhailov Travel,"May 1, 2026, 12:00 AM","May 15, 2026, 12:00 AM",1200096,BUS-12,,0,"1,170"
orbit-Slc,Eastgate Office,Rohan Mikhailov Travel,"May 1, 2026, 12:00 AM","May 15, 2026, 12:00 AM",1200097,BUS-12,,0,"1,170"
orbit-Slc,Eastgate Office,Rohan Mikhailov Travel,"May 1, 2026, 12:00 AM","May 15, 2026, 12:00 AM",1200098,BUS-12,,0,"1,170"
orbit-Slc,Eastgate Office,Rohan Mikhailov Travel,"May 1, 2026, 12:00 AM","May 15, 2026, 12:00 AM",1200099,BUS-12,,0,"1,170"
pinnacle-Slc,Clearwater Campus,Rohan Mikhailov Travel,"May 1, 2026, 12:00 AM","May 31, 2026, 12:00 AM",3000081,4S-DSL,Medium,12.5,"1,000"
pinnacle-Slc,Oakmont Office,Pooja Mikhailov Travel,"May 1, 2026, 12:00 AM","May 31, 2026, 12:00 AM",3000082,4S-DSL,Medium,12.5,"1,020"
pinnacle-Slc,Clearwater Campus,Rohan Mikhailov Travel,"May 1, 2026, 12:00 AM","May 31, 2026, 12:00 AM",3000083,4S-DSL,Medium,12.5,"1,040"
pinnacle-Slc,Oakmont Office,Pooja Mikhailov Travel,"May 1, 2026, 12:00 AM","May 31, 2026, 12:00 AM",3000084,4S-DSL,Medium,12.5,"1,060"
pinnacle-Slc,Clearwater Campus,Rohan Mikhailov Travel,"May 1, 2026, 12:00 AM","May 31, 2026, 12:00 AM",3000085,4S-DSL,Medium,12.5,"1,080"
pinnacle-Slc,Oakmont Office,Pooja Mikhailov Travel,"May 1, 2026, 12:00 AM","May 31, 2026, 12:00 AM",3000086,4S-DSL,Medium,12.5,"1,000"
pinnacle-Slc,Clearwater Campus,Rohan Mikhailov Travel,"May 1, 2026, 12:00 AM","May 31, 2026, 12:00 AM",3000087,4S-DSL,Medium,12.5,"1,020"
pinnacle-Slc,Oakmont Office,Pooja Mikhailov Travel,"May 1, 2026, 12:00 AM","May 31, 2026, 12:00 AM",3000088,4S-DSL,Medium,12.5,"1,040"
pinnacle-Slc,Clearwater Campus,Rohan Mikhailov Travel,"May 1, 2026, 12:00 AM","May 31, 2026, 12:00 AM",3000089,4S-DSL,Medium,12.5,"1,060"
pinnacle-Slc,Oakmont Office,Pooja Mikhailov Travel,"May 1, 2026, 12:00 AM","May 31, 2026, 12:00 AM",3000090,4S-DSL,Medium,12.5,"1,080"
pinnacle-Slc,Clearwater Campus,Rohan Mikhailov Travel,"May 1, 2026, 12:00 AM","May 31, 2026, 12:00 AM",3000091,4S-DSL,Medium,12.5,"1,000"
pinnacle-Slc,Oakmont Office,Pooja Mikhailov Travel,"May 1, 2026, 12:00 AM","May 31, 2026, 12:00 AM",3000092,4S-DSL,Medium,12.5,"1,020"
pinnacle-Slc,Clearwater Campus,Rohan Mikhailov Travel,"May 1, 2026, 12:00 AM","May 31, 2026, 12:00 AM",3000093,4S-DSL,Medium,12.5,"1,040"
pinnacle-Slc,Oakmont Office,Pooja Mikhailov Travel,"May 1, 2026, 12:00 AM","May 31, 2026, 12:00 AM",3000094,4S-DSL,Medium,12.5,"1,060"
pinnacle-Slc,Clearwater Campus,Rohan Mikhailov Travel,"May 1, 2026, 12:00 AM","May 31, 2026, 12:00 AM",3000095,4S-DSL,Medium,12.5,"1,080"
pinnacle-Slc,Oakmont Office,Pooja Mikhailov Travel,"May 1, 2026, 12:00 AM","May 31, 2026, 12:00 AM",3000096,4S-DSL,Medium,12.5,"1,000"
pinnacle-Slc,Clearwater Campus,Rohan Mikhailov Travel,"May 1, 2026, 12:00 AM","May 31, 2026, 12:00 AM",3000097,4S-DSL,Medium,12.5,"1,020"
pinnacle-Slc,Oakmont Office,Pooja Mikhailov Travel,"May 1, 2026, 12:00 AM","May 31, 2026, 12:00 AM",3000098,4S-DSL,Medium,12.5,"1,040"
pinnacle-Slc,Clearwater Campus,Rohan Mikhailov Travel,"May 1, 2026, 12:00 AM","May 31, 2026, 12:00 AM",3000099,4S-DSL,Medium,12.5,"1,060"
pinnacle-Slc,Oakmont Office,Pooja Mikhailov Travel,"May 1, 2026, 12:00 AM","May 31, 2026, 12:00 AM",3000100,4S-DSL,Medium,12.5,"1,080"
orbit-Slc,Eastgate Office,Rohan Mikhailov Travel,"May 1, 2026, 12:00 AM","May 15, 2026, 12:00 AM",1200120,BUS-12,,0,"1,170"
orbit-Slc,Eastgate Office,Rohan Mikhailov Travel,"May 1, 2026, 12:00 AM","May 15, 2026, 12:00 AM",1200121,BUS-12,,0,"1,170"
orbit-Slc,Eastgate Office,Rohan Mikhailov Travel,"May 1, 2026, 12:00 AM","May 15, 2026, 12:00 AM",1200122,BUS-12,,0,"1,170"
orbit-Slc,Eastgate Office,Rohan Mikhailov Travel,"May 1, 2026, 12:00 AM","May 15, 2026, 12:00 AM",1200123,BUS-12,,0,"1,170"
orbit-Slc,Eastgate Office,Rohan Mikhailov Travel,"May 1, 2026, 12:00 AM","May 15, 2026, 12:00 AM",1200124,BUS-12,,0,"1,170"
pinnacle-Slc,Clearwater Campus,Rohan Mikhailov Travel,"May 1, 2026, 12:00 AM","May 31, 2026, 12:00 AM",3000101,4S-DSL,Medium,12.5,"1,000"
pinnacle-Slc,Oakmont Office,Pooja Mikhailov Travel,"May 1, 2026, 12:00 AM","May 31, 2026, 12:00 AM",3000102,4S-DSL,Medium,12.5,"1,020"
pinnacle-Slc,Clearwater Campus,Rohan Mikhailov Travel,"May 1, 2026, 12:00 AM","May 31, 2026, 12:00 AM",3000103,4S-DSL,Medium,12.5,"1,040"
pinnacle-Slc,Oakmont Office,Pooja Mikhailov Travel,"May 1, 2026, 12:00 AM","May 31, 2026, 12:00 AM",3000104,4S-DSL,Medium,12.5,"1,060"
pinnacle-Slc,Clearwater Campus,Rohan Mikhailov Travel,"May 1, 2026, 12:00 AM","May 31, 2026, 12:00 AM",3000105,4S-DSL,Medium,12.5,"1,080"
pinnacle-Slc,Oakmont Office,Pooja Mikhailov Travel,"May 1, 2026, 12:00 AM","May 31, 2026, 12:00 AM",3000106,4S-DSL,Medium,12.5,"1,000"
pinnacle-Slc,Clearwater Campus,Rohan Mikhailov Travel,"May 1, 2026, 12:00 AM","May 31, 2026, 12:00 AM",3000107,4S-DSL,Medium,12.5,"1,020"
pinnacle-Slc,Oakmont Office,Pooja Mikhailov Travel,"May 1, 2026, 12:00 AM","May 31, 2026, 12:00 AM",3000108,4S-DSL,Medium,12.5,"1,040"
pinnacle-Slc,Clearwater Campus,Rohan Mikhailov Travel,"May 1, 2026, 12:00 AM","May 31, 2026, 12:00 AM",3000109,4S-DSL,Medium,12.5,"1,060"
pinnacle-Slc,Oakmont Office,Pooja Mikhailov Travel,"May 1, 2026, 12:00 AM","May 31, 2026, 12:00 AM",3000110,4S-DSL,Medium,12.5,"1,080"
pinnacle-Slc,Clearwater Campus,Rohan Mikhailov Travel,"May 1, 2026, 12:00 AM","May 31, 2026, 12:00 AM",3000111,4S-DSL,Medium,12.5,"1,000"
pinnacle-Slc,Oakmont Office,Pooja Mikhailov Travel,"May 1, 2026, 12:00 AM","May 31, 2026, 12:00 AM",3000112,4S-DSL,Medium,12.5,"1,020"
pinnacle-Slc,Clearwater Campus,Rohan Mikhailov Travel,"May 1, 2026, 12:00 AM","May 31, 2026, 12:00 AM",3000113,4S-DSL,Medium,12.5,"1,040"
pinnacle-Slc,Oakmont Office,Pooja Mikhailov Travel,"May 1, 2026, 12:00 AM","May 31, 2026, 12:00 AM",3000114,4S-DSL,Medium,12.5,"1,060"
pinnacle-Slc,Clearwater Campus,Rohan Mikhailov Travel,"May 1, 2026, 12:00 AM","May 31, 2026, 12:00 AM",3000115,4S-DSL,Medium,12.5,"1,080"
pinnacle-Slc,Oakmont Office,Pooja Mikhailov Travel,"May 1, 2026, 12:00 AM","May 31, 2026, 12:00 AM",3000116,4S-DSL,Medium,12.5,"1,000"
pinnacle-Slc,Clearwater Campus,Rohan Mikhailov Travel,"May 1, 2026, 12:00 AM","May 31, 2026, 12:00 AM",3000117,4S-DSL,Medium,12.5,"1,020"
pinnacle-Slc,Oakmont Office,Pooja Mikhailov Travel,"May 1, 2026, 12:00 AM","May 31, 2026, 12:00 AM",3000118,4S-DSL,Medium,12.5,"1,040"
pinnacle-Slc,Clearwater Campus,Rohan Mikhailov Travel,"May 1, 2026, 12:00 AM","May 31, 2026, 12:00 AM",3000119,4S-DSL,Medium,12.5,"1,060"
pinnacle-Slc,Oakmont Office,Pooja Mikhailov Travel,"May 1, 2026, 12:00 AM","May 31, 2026, 12:00 AM",3000120,4S-DSL,Medium,12.5,"1,080"
orbit-Slc,Eastgate Office,Rohan Mikhailov Travel,"May 1, 2026, 12:00 AM","May 15, 2026, 12:00 AM",1200145,BUS-12,,0,"1,170"
orbit-Slc,Eastgate Office,Rohan Mikhailov Travel,"May 1, 2026, 12:00 AM","May 15, 2026, 12:00 AM",1200146,BUS-12,,0,"1,170"
orbit-Slc,Eastgate Office,Rohan Mikhailov Travel,"May 1, 2026, 12:00 AM","May 15, 2026, 12:00 AM",1200147,BUS-12,,0,"1,170"
orbit-Slc,Eastgate Office,Rohan Mikhailov Travel,"May 1, 2026, 12:00 AM","May 15, 2026, 12:00 AM",1200148,BUS-12,,0,"1,170"
orbit-Slc,Eastgate Office,Rohan Mikhailov Travel,"May 1, 2026, 12:00 AM","May 15, 2026, 12:00 AM",1200149,BUS-12,,0,"1,170"
pinnacle-Slc,Clearwater Campus,Rohan Mikhailov Travel,"May 1, 2026, 12:00 AM","May 31, 2026, 12:00 AM",3000121,4S-DSL,Medium,12.5,"1,000"
pinnacle-Slc,Oakmont Office,Pooja Mikhailov Travel,"May 1, 2026, 12:00 AM","May 31, 2026, 12:00 AM",3000122,4S-DSL,Medium,12.5,"1,020"
pinnacle-Slc,Clearwater Campus,Rohan Mikhailov Travel,"May 1, 2026, 12:00 AM","May 31, 2026, 12:00 AM",3000123,4S-DSL,Medium,12.5,"1,040"
pinnacle-Slc,Oakmont Office,Pooja Mikhailov Travel,"May 1, 2026, 12:00 AM","May 31, 2026, 12:00 AM",3000124,4S-DSL,Medium,12.5,"1,060"
pinnacle-Slc,Clearwater Campus,Rohan Mikhailov Travel,"May 1, 2026, 12:00 AM","May 31, 2026, 12:00 AM",3000125,4S-DSL,Medium,12.5,"1,080"
pinnacle-Slc,Oakmont Office,Pooja Mikhailov Travel,"May 1, 2026, 12:00 AM","May 31, 2026, 12:00 AM",3000126,4S-DSL,Medium,12.5,"1,000"
pinnacle-Slc,Clearwater Campus,Rohan Mikhailov Travel,"May 1, 2026, 12:00 AM","May 31, 2026, 12:00 AM",3000127,4S-DSL,Medium,12.5,"1,020"
pinnacle-Slc,Oakmont Office,Pooja Mikhailov Travel,"May 1, 2026, 12:00 AM","May 31, 2026, 12:00 AM",3000128,4S-DSL,Medium,12.5,"1,040"
pinnacle-Slc,Clearwater Campus,Rohan Mikhailov Travel,"May 1, 2026, 12:00 AM","May 31, 2026, 12:00 AM",3000129,4S-DSL,Medium,12.5,"1,060"
pinnacle-Slc,Oakmont Office,Pooja Mikhailov Travel,"May 1, 2026, 12:00 AM","May 31, 2026, 12:00 AM",3000130,4S-DSL,Medium,12.5,"1,080"
pinnacle-Slc,Clearwater Campus,Rohan Mikhailov Travel,"May 1, 2026, 12:00 AM","May 31, 2026, 12:00 AM",3000131,4S-DSL,Medium,12.5,"1,000"
pinnacle-Slc,Oakmont Office,Pooja Mikhailov Travel,"May 1, 2026, 12:00 AM","May 31, 2026, 12:00 AM",3000132,4S-DSL,Medium,12.5,"1,020"
pinnacle-Slc,Clearwater Campus,Rohan Mikhailov Travel,"May 1, 2026, 12:00 AM","May 31, 2026, 12:00 AM",3000133,4S-DSL,Medium,12.5,"1,040"
pinnacle-Slc,Oakmont Office,Pooja Mikhailov Travel,"May 1, 2026, 12:00 AM","May 31, 2026, 12:00 AM",3000134,4S-DSL,Medium,12.5,"1,060"
pinnacle-Slc,Clearwater Campus,Rohan Mikhailov Travel,"May 1, 2026, 12:00 AM","May 31, 2026, 12:00 AM",3000135,4S-DSL,Medium,12.5,"1,080"
pinnacle-Slc,Oakmont Office,Pooja Mikhailov Travel,"May 1, 2026, 12:00 AM","May 31, 2026, 12:00 AM",3000136,4S-DSL,Medium,12.5,"1,000"
pinnacle-Slc,Clearwater Campus,Rohan Mikhailov Travel,"May 1, 2026, 12:00 AM","May 31, 2026, 12:00 AM",3000137,4S-DSL,Medium,12.5,"1,020"
pinnacle-Slc,Oakmont Office,Pooja Mikhailov Travel,"May 1, 2026, 12:00 AM","May 31, 2026, 12:00 AM",3000138,4S-DSL,Medium,12.5,"1,040"
pinnacle-Slc,Clearwater Campus,Rohan Mikhailov Travel,"May 1, 2026, 12:00 AM","May 31, 2026, 12:00 AM",3000139,4S-DSL,Medium,12.5,"1,060"
pinnacle-Slc,Oakmont Office,Pooja Mikhailov Travel,"May 1, 2026, 12:00 AM","May 31, 2026, 12:00 AM",3000140,4S-DSL,Medium,12.5,"1,080"
orbit-Slc,Eastgate Office,Rohan Mikhailov Travel,"May 1, 2026, 12:00 AM","May 15, 2026, 12:00 AM",1200170,BUS-12,,0,"1,170"
orbit-Slc,Eastgate Office,Rohan Mikhailov Travel,"May 1, 2026, 12:00 AM","May 15, 2026, 12:00 AM",1200171,BUS-12,,0,"1,170"
orbit-Slc,Eastgate Office,Rohan Mikhailov Travel,"May 1, 2026, 12:00 AM","May 15, 2026, 12:00 AM",1200172,BUS-12,,0,"1,170"
orbit-Slc,Eastgate Office,Rohan Mikhailov Travel,"May 1, 2026, 12:00 AM","May 15, 2026, 12:00 AM",1200173,BUS-12,,0,"1,170"
orbit-Slc,Eastgate Office,Rohan Mikhailov Travel,"May 1, 2026, 12:00 AM","May 15, 2026, 12:00 AM",1200174,BUS-12,,0,"1,170"
pinnacle-Slc,Clearwater Campus,Rohan Mikhailov Travel,"May 1, 2026, 12:00 AM","May 31, 2026, 12:00 AM",3000141,4S-DSL,Medium,12.5,"1,000"
pinnacle-Slc,Oakmont Office,Pooja Mikhailov Travel,"May 1, 2026, 12:00 AM","May 31, 2026, 12:00 AM",3000142,4S-DSL,Medium,12.5,"1,020"
pinnacle-Slc,Clearwater Campus,Rohan Mikhailov Travel,"May 1, 2026, 12:00 AM","May 31, 2026, 12:00 AM",3000143,4S-DSL,Medium,12.5,"1,040"
pinnacle-Slc,Oakmont Office,Pooja Mikhailov Travel,"May 1, 2026, 12:00 AM","May 31, 2026, 12:00 AM",3000144,4S-DSL,Medium,12.5,"1,060"
pinnacle-Slc,Clearwater Campus,Rohan Mikhailov Travel,"May 1, 2026, 12:00 AM","May 31, 2026, 12:00 AM",3000145,4S-DSL,Medium,12.5,"1,080"
pinnacle-Slc,Oakmont Office,Pooja Mikhailov Travel,"May 1, 2026, 12:00 AM","May 31, 2026, 12:00 AM",3000146,4S-DSL,Medium,12.5,"1,000"
pinnacle-Slc,Clearwater Campus,Rohan Mikhailov Travel,"May 1, 2026, 12:00 AM","May 31, 2026, 12:00 AM",3000147,4S-DSL,Medium,12.5,"1,020"
pinnacle-Slc,Oakmont Office,Pooja Mikhailov Travel,"May 1, 2026, 12:00 AM","May 31, 2026, 12:00 AM",3000148,4S-DSL,Medium,12.5,"1,040"
pinnacle-Slc,Clearwater Campus,Rohan Mikhailov Travel,"May 1, 2026, 12:00 AM","May 31, 2026, 12:00 AM",3000149,4S-DSL,Medium,12.5,"1,060"
pinnacle-Slc,Oakmont Office,Pooja Mikhailov Travel,"May 1, 2026, 12:00 AM","May 31, 2026, 12:00 AM",3000150,4S-DSL,Medium,12.5,"1,080"
pinnacle-Slc,Clearwater Campus,Rohan Mikhailov Travel,"May 1, 2026, 12:00 AM","May 31, 2026, 12:00 AM",3000151,4S-DSL,Medium,12.5,"1,000"
pinnacle-Slc,Oakmont Office,Pooja Mikhailov Travel,"May 1, 2026, 12:00 AM","May 31, 2026, 12:00 AM",3000152,4S-DSL,Medium,12.5,"1,020"
pinnacle-Slc,Clearwater Campus,Rohan Mikhailov Travel,"May 1, 2026, 12:00 AM","May 31, 2026, 12:00 AM",3000153,4S-DSL,Medium,12.5,"1,040"
pinnacle-Slc,Oakmont Office,Pooja Mikhailov Travel,"May 1, 2026, 12:00 AM","May 31, 2026, 12:00 AM",3000154,4S-DSL,Medium,12.5,"1,060"
pinnacle-Slc,Clearwater Campus,Rohan Mikhailov Travel,"May 1, 2026, 12:00 AM","May 31, 2026, 12:00 AM",3000155,4S-DSL,Medium,12.5,"1,080"
pinnacle-Slc,Oakmont Office,Pooja Mikhailov Travel,"May 1, 2026, 12:00 AM","May 31, 2026, 12:00 AM",3000156,4S-DSL,Medium,12.5,"1,000"
pinnacle-Slc,Clearwater Campus,Rohan Mikhailov Travel,"May 1, 2026, 12:00 AM","May 31, 2026, 12:00 AM",3000157,4S-DSL,Medium,12.5,"1,020"
pinnacle-Slc,Oakmont Office,Pooja Mikhailov Travel,"May 1, 2026, 12:00 AM","May 31, 2026, 12:00 AM",3000158,4S-DSL,Medium,12.5,"1,040"
pinnacle-Slc,Clearwater Campus,Rohan Mikhailov Travel,"May 1, 2026, 12:00 AM","May 31, 2026, 12:00 AM",3000159,4S-DSL,Medium,12.5,"1,060"
pinnacle-Slc,Oakmont Office,Pooja Mikhailov Travel,"May 1, 2026, 12:00 AM","May 31, 2026, 12:00 AM",3000160,4S-DSL,Medium,12.5,"1,080"
orbit-Slc,Eastgate Office,Rohan Mikhailov Travel,"May 1, 2026, 12:00 AM","May 15, 2026, 12:00 AM",1200195,BUS-12,,0,"1,170"
orbit-Slc,Eastgate Office,Rohan Mikhailov Travel,"May 1, 2026, 12:00 AM","May 15, 2026, 12:00 AM",1200196,BUS-12,,0,"1,170"
orbit-Slc,Eastgate Office,Rohan Mikhailov Travel,"May 1, 2026, 12:00 AM","May 15, 2026, 12:00 AM",1200197,BUS-12,,0,"1,170"
orbit-Slc,Eastgate Office,Rohan Mikhailov Travel,"May 1, 2026, 12:00 AM","May 15, 2026, 12:00 AM",1200198,BUS-12,,0,"1,170"
orbit-Slc,Eastgate Office,Rohan Mikhailov Travel,"May 1, 2026, 12:00 AM","May 15, 2026, 12:00 AM",1200199,BUS-12,,0,"1,170"
pinnacle-Slc,Clearwater Campus,Rohan Mikhailov Travel,"May 1, 2026, 12:00 AM","May 31, 2026, 12:00 AM",3000161,4S-DSL,Medium,12.5,"1,000"
pinnacle-Slc,Oakmont Office,Pooja Mikhailov Travel,"May 1, 2026, 12:00 AM","May 31, 2026, 12:00 AM",3000162,4S-DSL,Medium,12.5,"1,020"
pinnacle-Slc,Clearwater Campus,Rohan Mikhailov Travel,"May 1, 2026, 12:00 AM","May 31, 2026, 12:00 AM",3000163,4S-DSL,Medium,12.5,"1,040"
pinnacle-Slc,Oakmont Office,Pooja Mikhailov Travel,"May 1, 2026, 12:00 AM","May 31, 2026, 12:00 AM",3000164,4S-DSL,Medium,12.5,"1,060"
pinnacle-Slc,Clearwater Campus,Rohan Mikhailov Travel,"May 1, 2026, 12:00 AM","May 31, 2026, 12:00 AM",3000165,4S-DSL,Medium,12.5,"1,080"
pinnacle-Slc,Oakmont Office,Pooja Mikhailov Travel,"May 1, 2026, 12:00 AM","May 31, 2026, 12:00 AM",3000166,4S-DSL,Medium,12.5,"1,000"
pinnacle-Slc,Clearwater Campus,Rohan Mikhailov Travel,"May 1, 2026, 12:00 AM","May 31, 2026, 12:00 AM",3000167,4S-DSL,Medium,12.5,"1,020"
pinnacle-Slc,Oakmont Office,Pooja Mikhailov Travel,"May 1, 2026, 12:00 AM","May 31, 2026, 12:00 AM",3000168,4S-DSL,Medium,12.5,"1,040"
pinnacle-Slc,Clearwater Campus,Rohan Mikhailov Travel,"May 1, 2026, 12:00 AM","May 31, 2026, 12:00 AM",3000169,4S-DSL,Medium,12.5,"1,060"
pinnacle-Slc,Oakmont Office,Pooja Mikhailov Travel,"May 1, 2026, 12:00 AM","May 31, 2026, 12:00 AM",3000170,4S-DSL,Medium,12.5,"1,080"
pinnacle-Slc,Clearwater Campus,Rohan Mikhailov Travel,"May 1, 2026, 12:00 AM","May 31, 2026, 12:00 AM",3000171,4S-DSL,Medium,12.5,"1,000"
pinnacle-Slc,Oakmont Office,Pooja Mikhailov Travel,"May 1, 2026, 12:00 AM","May 31, 2026, 12:00 AM",3000172,4S-DSL,Medium,12.5,"1,020"
pinnacle-Slc,Clearwater Campus,Rohan Mikhailov Travel,"May 1, 2026, 12:00 AM","May 31, 2026, 12:00 AM",3000173,4S-DSL,Medium,12.5,"1,040"
pinnacle-Slc,Oakmont Office,Pooja Mikhailov Travel,"May 1, 2026, 12:00 AM","May 31, 2026, 12:00 AM",3000174,4S-DSL,Medium,12.5,"1,060"
pinnacle-Slc,Clearwater Campus,Rohan Mikhailov Travel,"May 1, 2026, 12:00 AM","May 31, 2026, 12:00 AM",3000175,4S-DSL,Medium,12.5,"1,080"
pinnacle-Slc,Oakmont Office,Pooja Mikhailov Travel,"May 1, 2026, 12:00 AM","May 31, 2026, 12:00 AM",3000176,4S-DSL,Medium,12.5,"1,000"
pinnacle-Slc,Clearwater Campus,Rohan Mikhailov Travel,"May 1, 2026, 12:00 AM","May 31, 2026, 12:00 AM",3000177,4S-DSL,Medium,12.5,"1,020"
pinnacle-Slc,Oakmont Office,Pooja Mikhailov Travel,"May 1, 2026, 12:00 AM","May 31, 2026, 12:00 AM",3000178,4S-DSL,Medium,12.5,"1,040"
pinnacle-Slc,Clearwater Campus,Rohan Mikhailov Travel,"May 1, 2026, 12:00 AM","May 31, 2026, 12:00 AM",3000179,4S-DSL,Medium,12.5,"1,060"
pinnacle-Slc,Oakmont Office,Pooja Mikhailov Travel,"May 1, 2026, 12:00 AM","May 31, 2026, 12:00 AM",3000180,4S-DSL,Medium,12.5,"1,080"
orbit-Slc,Eastgate Office,Rohan Mikhailov Travel,"May 1, 2026, 12:00 AM","May 15, 2026, 12:00 AM",1200220,BUS-12,,0,"1,170"
orbit-Slc,Eastgate Office,Rohan Mikhailov Travel,"May 1, 2026, 12:00 AM","May 15, 2026, 12:00 AM",1200221,BUS-12,,0,"1,170"
orbit-Slc,Eastgate Office,Rohan Mikhailov Travel,"May 1, 2026, 12:00 AM","May 15, 2026, 12:00 AM",1200222,BUS-12,,0,"1,170"
orbit-Slc,Eastgate Office,Rohan Mikhailov Travel,"May 1, 2026, 12:00 AM","May 15, 2026, 12:00 AM",1200223,BUS-12,,0,"1,170"
orbit-Slc,Eastgate Office,Rohan Mikhailov Travel,"May 1, 2026, 12:00 AM","May 15, 2026, 12:00 AM",1200224,BUS-12,,0,"1,170"
pinnacle-Slc,Clearwater Campus,Rohan Mikhailov Travel,"May 1, 2026, 12:00 AM","May 31, 2026, 12:00 AM",3000181,4S-DSL,Medium,12.5,"1,000"
pinnacle-Slc,Oakmont Office,Pooja Mikhailov Travel,"May 1, 2026, 12:00 AM","May 31, 2026, 12:00 AM",3000182,4S-DSL,Medium,12.5,"1,020"
pinnacle-Slc,Clearwater Campus,Rohan Mikhailov Travel,"May 1, 2026, 12:00 AM","May 31, 2026, 12:00 AM",3000183,4S-DSL,Medium,12.5,"1,040"
pinnacle-Slc,Oakmont Office,Pooja Mikhailov Travel,"May 1, 2026, 12:00 AM","May 31, 2026, 12:00 AM",3000184,4S-DSL,Medium,12.5,"1,060"
pinnacle-Slc,Clearwater Campus,Rohan Mikhailov Travel,"May 1, 2026, 12:00 AM","May 31, 2026, 12:00 AM",3000185,4S-DSL,Medium,12.5,"1,080"
pinnacle-Slc,Oakmont Office,Pooja Mikhailov Travel,"May 1, 2026, 12:00 AM","May 31, 2026, 12:00 AM",3000186,4S-DSL,Medium,12.5,"1,000"
pinnacle-Slc,Clearwater Campus,Rohan Mikhailov Travel,"May 1, 2026, 12:00 AM","May 31, 2026, 12:00 AM",3000187,4S-DSL,Medium,12.5,"1,020"
pinnacle-Slc,Oakmont Office,Pooja Mikhailov Travel,"May 1, 2026, 12:00 AM","May 31, 2026, 12:00 AM",3000188,4S-DSL,Medium,12.5,"1,040"
pinnacle-Slc,Clearwater Campus,Rohan Mikhailov Travel,"May 1, 2026, 12:00 AM","May 31, 2026, 12:00 AM",3000189,4S-DSL,Medium,12.5,"1,060"
pinnacle-Slc,Oakmont Office,Pooja Mikhailov Travel,"May 1, 2026, 12:00 AM","May 31, 2026, 12:00 AM",3000190,4S-DSL,Medium,12.5,"1,080"
pinnacle-Slc,Clearwater Campus,Rohan Mikhailov Travel,"May 1, 2026, 12:00 AM","May 31, 2026, 12:00 AM",3000191,4S-DSL,Medium,12.5,"1,000"
pinnacle-Slc,Oakmont Office,Pooja Mikhailov Travel,"May 1, 2026, 12:00 AM","May 31, 2026, 12:00 AM",3000192,4S-DSL,Medium,12.5,"1,020"
pinnacle-Slc,Clearwater Campus,Rohan Mikhailov Travel,"May 1, 2026, 12:00 AM","May 31, 2026, 12:00 AM",3000193,4S-DSL,Medium,12.5,"1,040"
pinnacle-Slc,Oakmont Office,Pooja Mikhailov Travel,"May 1, 2026, 12:00 AM","May 31, 2026, 12:00 AM",3000194,4S-DSL,Medium,12.5,"1,060"
pinnacle-Slc,Clearwater Campus,Rohan Mikhailov Travel,"May 1, 2026, 12:00 AM","May 31, 2026, 12:00 AM",3000195,4S-DSL,Medium,12.5,"1,080"
pinnacle-Slc,Oakmont Office,Pooja Mikhailov Travel,"May 1, 2026, 12:00 AM","May 31, 2026, 12:00 AM",3000196,4S-DSL,Medium,12.5,"1,000"
pinnacle-Slc,Clearwater Campus,Rohan Mikhailov Travel,"May 1, 2026, 12:00 AM","May 31, 2026, 12:00 AM",3000197,4S-DSL,Medium,12.5,"1,020"
pinnacle-Slc,Oakmont Office,Pooja Mikhailov Travel,"May 1, 2026, 12:00 AM","May 31, 2026, 12:00 AM",3000198,4S-DSL,Medium,12.5,"1,040"
pinnacle-Slc,Clearwater Campus,Rohan Mikhailov Travel,"May 1, 2026, 12:00 AM","May 31, 2026, 12:00 AM",3000199,4S-DSL,Medium,12.5,"1,060"
pinnacle-Slc,Oakmont Office,Pooja Mikhailov Travel,"May 1, 2026, 12:00 AM","May 31, 2026, 12:00 AM",3000200,4S-DSL,Medium,12.5,"1,080"
orbit-Slc,Eastgate Office,Rohan Mikhailov Travel,"May 1, 2026, 12:00 AM","May 15, 2026, 12:00 AM",1200245,BUS-12,,0,"1,170"
orbit-Slc,Eastgate Office,Rohan Mikhailov Travel,"May 1, 2026, 12:00 AM","May 15, 2026, 12:00 AM",1200246,BUS-12,,0,"1,170"
orbit-Slc,Eastgate Office,Rohan Mikhailov Travel,"May 1, 2026, 12:00 AM","May 15, 2026, 12:00 AM",1200247,BUS-12,,0,"1,170"
orbit-Slc,Eastgate Office,Rohan Mikhailov Travel,"May 1, 2026, 12:00 AM","May 15, 2026, 12:00 AM",1200248,BUS-12,,0,"1,170"
orbit-Slc,Eastgate Office,Rohan Mikhailov Travel,"May 1, 2026, 12:00 AM","May 15, 2026, 12:00 AM",1200249,BUS-12,,0,"1,170"
pinnacle-Slc,Clearwater Campus,Rohan Mikhailov Travel,"May 1, 2026, 12:00 AM","May 31, 2026, 12:00 AM",3000201,4S-DSL,Medium,12.5,"1,000"
pinnacle-Slc,Oakmont Office,Pooja Mikhailov Travel,"May 1, 2026, 12:00 AM","May 31, 2026, 12:00 AM",3000202,4S-DSL,Medium,12.5,"1,020"
pinnacle-Slc,Clearwater Campus,Rohan Mikhailov Travel,"May 1, 2026, 12:00 AM","May 31, 2026, 12:00 AM",3000203,4S-DSL,Medium,12.5,"1,040"
pinnacle-Slc,Oakmont Office,Pooja Mikhailov Travel,"May 1, 2026, 12:00 AM","May 31, 2026, 12:00 AM",3000204,4S-DSL,Medium,12.5,"1,060"
pinnacle-Slc,Clearwater Campus,Rohan Mikhailov Travel,"May 1, 2026, 12:00 AM","May 31, 2026, 12:00 AM",3000205,4S-DSL,Medium,12.5,"1,080"
pinnacle-Slc,Oakmont Office,Pooja Mikhailov Travel,"May 1, 2026, 12:00 AM","May 31, 2026, 12:00 AM",3000206,4S-DSL,Medium,12.5,"1,000"
pinnacle-Slc,Clearwater Campus,Rohan Mikhailov Travel,"May 1, 2026, 12:00 AM","May 31, 2026, 12:00 AM",3000207,4S-DSL,Medium,12.5,"1,020"
pinnacle-Slc,Oakmont Office,Pooja Mikhailov Travel,"May 1, 2026, 12:00 AM","May 31, 2026, 12:00 AM",3000208,4S-DSL,Medium,12.5,"1,040"
pinnacle-Slc,Clearwater Campus,Rohan Mikhailov Travel,"May 1, 2026, 12:00 AM","May 31, 2026, 12:00 AM",3000209,4S-DSL,Medium,12.5,"1,060"
pinnacle-Slc,Oakmont Office,Pooja Mikhailov Travel,"May 1, 2026, 12:00 AM","May 31, 2026, 12:00 AM",3000210,4S-DSL,Medium,12.5,"1,080"
pinnacle-Slc,Clearwater Campus,Rohan Mikhailov Travel,"May 1, 2026, 12:00 AM","May 31, 2026, 12:00 AM",3000211,4S-DSL,Medium,12.5,"1,000"
pinnacle-Slc,Oakmont Office,Pooja Mikhailov Travel,"May 1, 2026, 12:00 AM","May 31, 2026, 12:00 AM",3000212,4S-DSL,Medium,12.5,"1,020"
pinnacle-Slc,Clearwater Campus,Rohan Mikhailov Travel,"May 1, 2026, 12:00 AM","May 31, 2026, 12:00 AM",3000213,4S-DSL,Medium,12.5,"1,040"
pinnacle-Slc,Oakmont Office,Pooja Mikhailov Travel,"May 1, 2026, 12:00 AM","May 31, 2026, 12:00 AM",3000214,4S-DSL,Medium,12.5,"1,060"
pinnacle-Slc,Clearwater Campus,Rohan Mikhailov Travel,"May 1, 2026, 12:00 AM","May 31, 2026, 12:00 AM",3000215,4S-DSL,Medium,12.5,"1,080"
pinnacle-Slc,Oakmont Office,Pooja Mikhailov Travel,"May 1, 2026, 12:00 AM","May 31, 2026, 12:00 AM",3000216,4S-DSL,Medium,12.5,"1,000"
pinnacle-Slc,Clearwater Campus,Rohan Mikhailov Travel,"May 1, 2026, 12:00 AM","May 31, 2026, 12:00 AM",3000217,4S-DSL,Medium,12.5,"1,020"
pinnacle-Slc,Oakmont Office,Pooja Mikhailov Travel,"May 1, 2026, 12:00 AM","May 31, 2026, 12:00 AM",3000218,4S-DSL,Medium,12.5,"1,040"
pinnacle-Slc,Clearwater Campus,Rohan Mikhailov Travel,"May 1, 2026, 12:00 AM","May 31, 2026, 12:00 AM",3000219,4S-DSL,Medium,12.5,"1,060"
pinnacle-Slc,Oakmont Office,Pooja Mikhailov Travel,"May 1, 2026, 12:00 AM","May 31, 2026, 12:00 AM",3000220,4S-DSL,Medium,12.5,"1,080"
orbit-Slc,Eastgate Office,Rohan Mikhailov Travel,"May 1, 2026, 12:00 AM","May 15, 2026, 12:00 AM",1200270,BUS-12,,0,"1,170"
orbit-Slc,Eastgate Office,Rohan Mikhailov Travel,"May 1, 2026, 12:00 AM","May 15, 2026, 12:00 AM",1200271,BUS-12,,0,"1,170"
orbit-Slc,Eastgate Office,Rohan Mikhailov Travel,"May 1, 2026, 12:00 AM","May 15, 2026, 12:00 AM",1200272,BUS-12,,0,"1,170"
orbit-Slc,Eastgate Office,Rohan Mikhailov Travel,"May 1, 2026, 12:00 AM","May 15, 2026, 12:00 AM",1200273,BUS-12,,0,"1,170"
orbit-Slc,Eastgate Office,Rohan Mikhailov Travel,"May 1, 2026, 12:00 AM","May 15, 2026, 12:00 AM",1200274,BUS-12,,0,"1,170"
pinnacle-Slc,Clearwater Campus,Rohan Mikhailov Travel,"May 1, 2026, 12:00 AM","May 31, 2026, 12:00 AM",3000221,4S-DSL,Medium,12.5,"1,000"
pinnacle-Slc,Oakmont Office,Pooja Mikhailov Travel,"May 1, 2026, 12:00 AM","May 31, 2026, 12:00 AM",3000222,4S-DSL,Medium,12.5,"1,020"
pinnacle-Slc,Clearwater Campus,Rohan Mikhailov Travel,"May 1, 2026, 12:00 AM","May 31, 2026, 12:00 AM",3000223,4S-DSL,Medium,12.5,"1,040"
pinnacle-Slc,Oakmont Office,Pooja Mikhailov Travel,"May 1, 2026, 12:00 AM","May 31, 2026, 12:00 AM",3000224,4S-DSL,Medium,12.5,"1,060"
pinnacle-Slc,Clearwater Campus,Rohan Mikhailov Travel,"May 1, 2026, 12:00 AM","May 31, 2026, 12:00 AM",3000225,4S-DSL,Medium,12.5,"1,080"
pinnacle-Slc,Oakmont Office,Pooja Mikhailov Travel,"May 1, 2026, 12:00 AM","May 31, 2026, 12:00 AM",3000226,4S-DSL,Medium,12.5,"1,000"
pinnacle-Slc,Clearwater Campus,Rohan Mikhailov Travel,"May 1, 2026, 12:00 AM","May 31, 2026, 12:00 AM",3000227,4S-DSL,Medium,12.5,"1,020"
pinnacle-Slc,Oakmont Office,Pooja Mikhailov Travel,"May 1, 2026, 12:00 AM","May 31, 2026, 12:00 AM",3000228,4S-DSL,Medium,12.5,"1,040"
pinnacle-Slc,Clearwater Campus,Rohan Mikhailov Travel,"May 1, 2026, 12:00 AM","May 31, 2026, 12:00 AM",3000229,4S-DSL,Medium,12.5,"1,060"
pinnacle-Slc,Oakmont Office,Pooja Mikhailov Travel,"May 1, 2026, 12:00 AM","May 31, 2026, 12:00 AM",3000230,4S-DSL,Medium,12.5,"1,080"
pinnacle-Slc,Clearwater Campus,Rohan Mikhailov Travel,"May 1, 2026, 12:00 AM","May 31, 2026, 12:00 AM",3000231,4S-DSL,Medium,12.5,"1,000"
pinnacle-Slc,Oakmont Office,Pooja Mikhailov Travel,"May 1, 2026, 12:00 AM","May 31, 2026, 12:00 AM",3000232,4S-DSL,Medium,12.5,"1,020"
pinnacle-Slc,Clearwater Campus,Rohan Mikhailov Travel,"May 1, 2026, 12:00 AM","May 31, 2026, 12:00 AM",3000233,4S-DSL,Medium,12.5,"1,040"
pinnacle-Slc,Oakmont Office,Pooja Mikhailov Travel,"May 1, 2026, 12:00 AM","May 31, 2026, 12:00 AM",3000234,4S-DSL,Medium,12.5,"1,060"
pinnacle-Slc,Clearwater Campus,Rohan Mikhailov Travel,"May 1, 2026, 12:00 AM","May 31, 2026, 12:00 AM",3000235,4S-DSL,Medium,12.5,"1,080"
pinnacle-Slc,Oakmont Office,Pooja Mikhailov Travel,"May 1, 2026, 12:00 AM","May 31, 2026, 12:00 AM",3000236,4S-DSL,Medium,12.5,"1,000"
pinnacle-Slc,Clearwater Campus,Rohan Mikhailov Travel,"May 1, 2026, 12:00 AM","May 31, 2026, 12:00 AM",3000237,4S-DSL,Medium,12.5,"1,020"
pinnacle-Slc,Oakmont Office,Pooja Mikhailov Travel,"May 1, 2026, 12:00 AM","May 31, 2026, 12:00 AM",3000238,4S-DSL,Medium,12.5,"1,040"
pinnacle-Slc,Clearwater Campus,Rohan Mikhailov Travel,"May 1, 2026, 12:00 AM","May 31, 2026, 12:00 AM",3000239,4S-DSL,Medium,12.5,"1,060"
pinnacle-Slc,Oakmont Office,Pooja Mikhailov Travel,"May 1, 2026, 12:00 AM","May 31, 2026, 12:00 AM",3000240,4S-DSL,Medium,12.5,"1,080"
orbit-Slc,Eastgate Office,Rohan Mikhailov Travel,"May 1, 2026, 12:00 AM","May 15, 2026, 12:00 AM",1200295,BUS-12,,0,"1,170"
orbit-Slc,Eastgate Office,Rohan Mikhailov Travel,"May 1, 2026, 12:00 AM","May 15, 2026, 12:00 AM",1200296,BUS-12,,0,"1,170"
orbit-Slc,Eastgate Office,Rohan Mikhailov Travel,"May 1, 2026, 12:00 AM","May 15, 2026, 12:00 AM",1200297,BUS-12,,0,"1,170"
orbit-Slc,Eastgate Office,Rohan Mikhailov Travel,"May 1, 2026, 12:00 AM","May 15, 2026, 12:00 AM",1200298,BUS-12,,0,"1,170"
orbit-Slc,Eastgate Office,Rohan Mikhailov Travel,"May 1, 2026, 12:00 AM","May 15, 2026, 12:00 AM",1200299,BUS-12,,0,"1,170"
pinnacle-Slc,Clearwater Campus,Rohan Mikhailov Travel,"May 1, 2026, 12:00 AM","May 31, 2026, 12:00 AM",3000241,4S-DSL,Medium,12.5,"1,000"
pinnacle-Slc,Oakmont Office,Pooja Mikhailov Travel,"May 1, 2026, 12:00 AM","May 31, 2026, 12:00 AM",3000242,4S-DSL,Medium,12.5,"1,020"
pinnacle-Slc,Clearwater Campus,Rohan Mikhailov Travel,"May 1, 2026, 12:00 AM","May 31, 2026, 12:00 AM",3000243,4S-DSL,Medium,12.5,"1,040"
pinnacle-Slc,Oakmont Office,Pooja Mikhailov Travel,"May 1, 2026, 12:00 AM","May 31, 2026, 12:00 AM",3000244,4S-DSL,Medium,12.5,"1,060"
pinnacle-Slc,Clearwater Campus,Rohan Mikhailov Travel,"May 1, 2026, 12:00 AM","May 31, 2026, 12:00 AM",3000245,4S-DSL,Medium,12.5,"1,080"
pinnacle-Slc,Oakmont Office,Pooja Mikhailov Travel,"May 1, 2026, 12:00 AM","May 31, 2026, 12:00 AM",3000246,4S-DSL,Medium,12.5,"1,000"
pinnacle-Slc,Clearwater Campus,Rohan Mikhailov Travel,"May 1, 2026, 12:00 AM","May 31, 2026, 12:00 AM",3000247,4S-DSL,Medium,12.5,"1,020"
pinnacle-Slc,Oakmont Office,Pooja Mikhailov Travel,"May 1, 2026, 12:00 AM","May 31, 2026, 12:00 AM",3000248,4S-DSL,Medium,12.5,"1,040"
pinnacle-Slc,Clearwater Campus,Rohan Mikhailov Travel,"May 1, 2026, 12:00 AM","May 31, 2026, 12:00 AM",3000249,4S-DSL,Medium,12.5,"1,060"
pinnacle-Slc,Oakmont Office,Pooja Mikhailov Travel,"May 1, 2026, 12:00 AM","May 31, 2026, 12:00 AM",3000250,4S-DSL,Medium,12.5,"1,080"
pinnacle-Slc,Clearwater Campus,Rohan Mikhailov Travel,"May 1, 2026, 12:00 AM","May 31, 2026, 12:00 AM",3000251,4S-DSL,Medium,12.5,"1,000"
pinnacle-Slc,Oakmont Office,Pooja Mikhailov Travel,"May 1, 2026, 12:00 AM","May 31, 2026, 12:00 AM",3000252,4S-DSL,Medium,12.5,"1,020"
pinnacle-Slc,Clearwater Campus,Rohan Mikhailov Travel,"May 1, 2026, 12:00 AM","May 31, 2026, 12:00 AM",3000253,4S-DSL,Medium,12.5,"1,040"
pinnacle-Slc,Oakmont Office,Pooja Mikhailov Travel,"May 1, 2026, 12:00 AM","May 31, 2026, 12:00 AM",3000254,4S-DSL,Medium,12.5,"1,060"
pinnacle-Slc,Clearwater Campus,Rohan Mikhailov Travel,"May 1, 2026, 12:00 AM","May 31, 2026, 12:00 AM",3000255,4S-DSL,Medium,12.5,"1,080"
pinnacle-Slc,Oakmont Office,Pooja Mikhailov Travel,"May 1, 2026, 12:00 AM","May 31, 2026, 12:00 AM",3000256,4S-DSL,Medium,12.5,"1,000"
pinnacle-Slc,Clearwater Campus,Rohan Mikhailov Travel,"May 1, 2026, 12:00 AM","May 31, 2026, 12:00 AM",3000257,4S-DSL,Medium,12.5,"1,020"
pinnacle-Slc,Oakmont Office,Pooja Mikhailov Travel,"May 1, 2026, 12:00 AM","May 31, 2026, 12:00 AM",3000258,4S-DSL,Medium,12.5,"1,040"
pinnacle-Slc,Clearwater Campus,Rohan Mikhailov Travel,"May 1, 2026, 12:00 AM","May 31, 2026, 12:00 AM",3000259,4S-DSL,Medium,12.5,"1,060"
pinnacle-Slc,Oakmont Office,Pooja Mikhailov Travel,"May 1, 2026, 12:00 AM","May 31, 2026, 12:00 AM",3000260,4S-DSL,Medium,12.5,"1,080"
orbit-Slc,Eastgate Office,Rohan Mikhailov Travel,"May 1, 2026, 12:00 AM","May 15, 2026, 12:00 AM",1200320,BUS-12,,0,"1,170"
orbit-Slc,Eastgate Office,Rohan Mikhailov Travel,"May 1, 2026, 12:00 AM","May 15, 2026, 12:00 AM",1200321,BUS-12,,0,"1,170"
orbit-Slc,Eastgate Office,Rohan Mikhailov Travel,"May 1, 2026, 12:00 AM","May 15, 2026, 12:00 AM",1200322,BUS-12,,0,"1,170"
orbit-Slc,Eastgate Office,Rohan Mikhailov Travel,"May 1, 2026, 12:00 AM","May 15, 2026, 12:00 AM",1200323,BUS-12,,0,"1,170"
orbit-Slc,Eastgate Office,Rohan Mikhailov Travel,"May 1, 2026, 12:00 AM","May 15, 2026, 12:00 AM",1200324,BUS-12,,0,"1,170"
pinnacle-Slc,Clearwater Campus,Rohan Mikhailov Travel,"May 1, 2026, 12:00 AM","May 31, 2026, 12:00 AM",3000261,4S-DSL,Medium,12.5,"1,000"
pinnacle-Slc,Oakmont Office,Pooja Mikhailov Travel,"May 1, 2026, 12:00 AM","May 31, 2026, 12:00 AM",3000262,4S-DSL,Medium,12.5,"1,020"
pinnacle-Slc,Clearwater Campus,Rohan Mikhailov Travel,"May 1, 2026, 12:00 AM","May 31, 2026, 12:00 AM",3000263,4S-DSL,Medium,12.5,"1,040"
pinnacle-Slc,Oakmont Office,Pooja Mikhailov Travel,"May 1, 2026, 12:00 AM","May 31, 2026, 12:00 AM",3000264,4S-DSL,Medium,12.5,"1,060"
pinnacle-Slc,Clearwater Campus,Rohan Mikhailov Travel,"May 1, 2026, 12:00 AM","May 31, 2026, 12:00 AM",3000265,4S-DSL,Medium,12.5,"1,080"
pinnacle-Slc,Oakmont Office,Pooja Mikhailov Travel,"May 1, 2026, 12:00 AM","May 31, 2026, 12:00 AM",3000266,4S-DSL,Medium,12.5,"1,000"
pinnacle-Slc,Clearwater Campus,Rohan Mikhailov Travel,"May 1, 2026, 12:00 AM","May 31, 2026, 12:00 AM",3000267,4S-DSL,Medium,12.5,"1,020"
pinnacle-Slc,Oakmont Office,Pooja Mikhailov Travel,"May 1, 2026, 12:00 AM","May 31, 2026, 12:00 AM",3000268,4S-DSL,Medium,12.5,"1,040"
pinnacle-Slc,Clearwater Campus,Rohan Mikhailov Travel,"May 1, 2026, 12:00 AM","May 31, 2026, 12:00 AM",3000269,4S-DSL,Medium,12.5,"1,060"
pinnacle-Slc,Oakmont Office,Pooja Mikhailov Travel,"May 1, 2026, 12:00 AM","May 31, 2026, 12:00 AM",3000270,4S-DSL,Medium,12.5,"1,080"
pinnacle-Slc,Clearwater Campus,Rohan Mikhailov Travel,"May 1, 2026, 12:00 AM","May 31, 2026, 12:00 AM",3000271,4S-DSL,Medium,12.5,"1,000"
pinnacle-Slc,Oakmont Office,Pooja Mikhailov Travel,"May 1, 2026, 12:00 AM","May 31, 2026, 12:00 AM",3000272,4S-DSL,Medium,12.5,"1,020"
pinnacle-Slc,Clearwater Campus,Rohan Mikhailov Travel,"May 1, 2026, 12:00 AM","May 31, 2026, 12:00 AM",3000273,4S-DSL,Medium,12.5,"1,040"
pinnacle-Slc,Oakmont Office,Pooja Mikhailov Travel,"May 1, 2026, 12:00 AM","May 31, 2026, 12:00 AM",3000274,4S-DSL,Medium,12.5,"1,060"
pinnacle-Slc,Clearwater Campus,Rohan Mikhailov Travel,"May 1, 2026, 12:00 AM","May 31, 2026, 12:00 AM",3000275,4S-DSL,Medium,12.5,"1,080"
pinnacle-Slc,Oakmont Office,Pooja Mikhailov Travel,"May 1, 2026, 12:00 AM","May 31, 2026, 12:00 AM",3000276,4S-DSL,Medium,12.5,"1,000"
pinnacle-Slc,Clearwater Campus,Rohan Mikhailov Travel,"May 1, 2026, 12:00 AM","May 31, 2026, 12:00 AM",3000277,4S-DSL,Medium,12.5,"1,020"
pinnacle-Slc,Oakmont Office,Pooja Mikhailov Travel,"May 1, 2026, 12:00 AM","May 31, 2026, 12:00 AM",3000278,4S-DSL,Medium,12.5,"1,040"
pinnacle-Slc,Clearwater Campus,Rohan Mikhailov Travel,"May 1, 2026, 12:00 AM","May 31, 2026, 12:00 AM",3000279,4S-DSL,Medium,12.5,"1,060"
pinnacle-Slc,Oakmont Office,Pooja Mikhailov Travel,"May 1, 2026, 12:00 AM","May 31, 2026, 12:00 AM",3000280,4S-DSL,Medium,12.5,"1,080"
orbit-Slc,Eastgate Office,Rohan Mikhailov Travel,"May 1, 2026, 12:00 AM","May 15, 2026, 12:00 AM",1200345,BUS-12,,0,"1,170"
orbit-Slc,Eastgate Office,Rohan Mikhailov Travel,"May 1, 2026, 12:00 AM","May 15, 2026, 12:00 AM",1200346,BUS-12,,0,"1,170"
orbit-Slc,Eastgate Office,Rohan Mikhailov Travel,"May 1, 2026, 12:00 AM","May 15, 2026, 12:00 AM",1200347,BUS-12,,0,"1,170"
orbit-Slc,Eastgate Office,Rohan Mikhailov Travel,"May 1, 2026, 12:00 AM","May 15, 2026, 12:00 AM",1200348,BUS-12,,0,"1,170"
orbit-Slc,Eastgate Office,Rohan Mikhailov Travel,"May 1, 2026, 12:00 AM","May 15, 2026, 12:00 AM",1200349,BUS-12,,0,"1,170"
pinnacle-Slc,Clearwater Campus,Rohan Mikhailov Travel,"May 1, 2026, 12:00 AM","May 31, 2026, 12:00 AM",3000281,4S-DSL,Medium,12.5,"1,000"
pinnacle-Slc,Oakmont Office,Pooja Mikhailov Travel,"May 1, 2026, 12:00 AM","May 31, 2026, 12:00 AM",3000282,4S-DSL,Medium,12.5,"1,020"
pinnacle-Slc,Clearwater Campus,Rohan Mikhailov Travel,"May 1, 2026, 12:00 AM","May 31, 2026, 12:00 AM",3000283,4S-DSL,Medium,12.5,"1,040"
pinnacle-Slc,Oakmont Office,Pooja Mikhailov Travel,"May 1, 2026, 12:00 AM","May 31, 2026, 12:00 AM",3000284,4S-DSL,Medium,12.5,"1,060"
pinnacle-Slc,Clearwater Campus,Rohan Mikhailov Travel,"May 1, 2026, 12:00 AM","May 31, 2026, 12:00 AM",3000285,4S-DSL,Medium,12.5,"1,080"
pinnacle-Slc,Oakmont Office,Pooja Mikhailov Travel,"May 1, 2026, 12:00 AM","May 31, 2026, 12:00 AM",3000286,4S-DSL,Medium,12.5,"1,000"
pinnacle-Slc,Clearwater Campus,Rohan Mikhailov Travel,"May 1, 2026, 12:00 AM","May 31, 2026, 12:00 AM",3000287,4S-DSL,Medium,12.5,"1,020"
pinnacle-Slc,Oakmont Office,Pooja Mikhailov Travel,"May 1, 2026, 12:00 AM","May 31, 2026, 12:00 AM",3000288,4S-DSL,Medium,12.5,"1,040"
pinnacle-Slc,Clearwater Campus,Rohan Mikhailov Travel,"May 1, 2026, 12:00 AM","May 31, 2026, 12:00 AM",3000289,4S-DSL,Medium,12.5,"1,060"
pinnacle-Slc,Oakmont Office,Pooja Mikhailov Travel,"May 1, 2026, 12:00 AM","May 31, 2026, 12:00 AM",3000290,4S-DSL,Medium,12.5,"1,080"
pinnacle-Slc,Clearwater Campus,Rohan Mikhailov Travel,"May 1, 2026, 12:00 AM","May 31, 2026, 12:00 AM",3000291,4S-DSL,Medium,12.5,"1,000"
pinnacle-Slc,Oakmont Office,Pooja Mikhailov Travel,"May 1, 2026, 12:00 AM","May 31, 2026, 12:00 AM",3000292,4S-DSL,Medium,12.5,"1,020"
pinnacle-Slc,Clearwater Campus,Rohan Mikhailov Travel,"May 1, 2026, 12:00 AM","May 31, 2026, 12:00 AM",3000293,4S-DSL,Medium,12.5,"1,040"
pinnacle-Slc,Oakmont Office,Pooja Mikhailov Travel,"May 1, 2026, 12:00 AM","May 31, 2026, 12:00 AM",3000294,4S-DSL,Medium,12.5,"1,060"
pinnacle-Slc,Clearwater Campus,Rohan Mikhailov Travel,"May 1, 2026, 12:00 AM","May 31, 2026, 12:00 AM",3000295,4S-DSL,Medium,12.5,"1,080"
pinnacle-Slc,Oakmont Office,Pooja Mikhailov Travel,"May 1, 2026, 12:00 AM","May 31, 2026, 12:00 AM",3000296,4S-DSL,Medium,12.5,"1,000"
pinnacle-Slc,Clearwater Campus,Rohan Mikhailov Travel,"May 1, 2026, 12:00 AM","May 31, 2026, 12:00 AM",3000297,4S-DSL,Medium,12.5,"1,020"
pinnacle-Slc,Oakmont Office,Pooja Mikhailov Travel,"May 1, 2026, 12:00 AM","May 31, 2026, 12:00 AM",3000298,4S-DSL,Medium,12.5,"1,040"
pinnacle-Slc,Clearwater Campus,Rohan Mikhailov Travel,"May 1, 2026, 12:00 AM","May 31, 2026, 12:00 AM",3000299,4S-DSL,Medium,12.5,"1,060"
pinnacle-Slc,Oakmont Office,Pooja Mikhailov Travel,"May 1, 2026, 12:00 AM","May 31, 2026, 12:00 AM",3000300,4S-DSL,Medium,12.5,"1,080"
orbit-Slc,Eastgate Office,Rohan Mikhailov Travel,"May 1, 2026, 12:00 AM","May 15, 2026, 12:00 AM",1200370,BUS-12,,0,"1,170"
orbit-Slc,Eastgate Office,Rohan Mikhailov Travel,"May 1, 2026, 12:00 AM","May 15, 2026, 12:00 AM",1200371,BUS-12,,0,"1,170"
orbit-Slc,Eastgate Office,Rohan Mikhailov Travel,"May 1, 2026, 12:00 AM","May 15, 2026, 12:00 AM",1200372,BUS-12,,0,"1,170"
orbit-Slc,Eastgate Office,Rohan Mikhailov Travel,"May 1, 2026, 12:00 AM","May 15, 2026, 12:00 AM",1200373,BUS-12,,0,"1,170"
orbit-Slc,Eastgate Office,Rohan Mikhailov Travel,"May 1, 2026, 12:00 AM","May 15, 2026, 12:00 AM",1200374,BUS-12,,0,"1,170"
pinnacle-Slc,Clearwater Campus,Rohan Mikhailov Travel,"May 1, 2026, 12:00 AM","May 31, 2026, 12:00 AM",3000301,4S-DSL,Medium,12.5,"1,000"
pinnacle-Slc,Oakmont Office,Pooja Mikhailov Travel,"May 1, 2026, 12:00 AM","May 31, 2026, 12:00 AM",3000302,4S-DSL,Medium,12.5,"1,020"
pinnacle-Slc,Clearwater Campus,Rohan Mikhailov Travel,"May 1, 2026, 12:00 AM","May 31, 2026, 12:00 AM",3000303,4S-DSL,Medium,12.5,"1,040"
pinnacle-Slc,Oakmont Office,Pooja Mikhailov Travel,"May 1, 2026, 12:00 AM","May 31, 2026, 12:00 AM",3000304,4S-DSL,Medium,12.5,"1,060"
pinnacle-Slc,Clearwater Campus,Rohan Mikhailov Travel,"May 1, 2026, 12:00 AM","May 31, 2026, 12:00 AM",3000305,4S-DSL,Medium,12.5,"1,080"
pinnacle-Slc,Oakmont Office,Pooja Mikhailov Travel,"May 1, 2026, 12:00 AM","May 31, 2026, 12:00 AM",3000306,4S-DSL,Medium,12.5,"1,000"
pinnacle-Slc,Clearwater Campus,Rohan Mikhailov Travel,"May 1, 2026, 12:00 AM","May 31, 2026, 12:00 AM",3000307,4S-DSL,Medium,12.5,"1,020"
pinnacle-Slc,Oakmont Office,Pooja Mikhailov Travel,"May 1, 2026, 12:00 AM","May 31, 2026, 12:00 AM",3000308,4S-DSL,Medium,12.5,"1,040"
pinnacle-Slc,Clearwater Campus,Rohan Mikhailov Travel,"May 1, 2026, 12:00 AM","May 31, 2026, 12:00 AM",3000309,4S-DSL,Medium,12.5,"1,060"
pinnacle-Slc,Oakmont Office,Pooja Mikhailov Travel,"May 1, 2026, 12:00 AM","May 31, 2026, 12:00 AM",3000310,4S-DSL,Medium,12.5,"1,080"
pinnacle-Slc,Clearwater Campus,Rohan Mikhailov Travel,"May 1, 2026, 12:00 AM","May 31, 2026, 12:00 AM",3000311,4S-DSL,Medium,12.5,"1,000"
pinnacle-Slc,Oakmont Office,Pooja Mikhailov Travel,"May 1, 2026, 12:00 AM","May 31, 2026, 12:00 AM",3000312,4S-DSL,Medium,12.5,"1,020"
pinnacle-Slc,Clearwater Campus,Rohan Mikhailov Travel,"May 1, 2026, 12:00 AM","May 31, 2026, 12:00 AM",3000313,4S-DSL,Medium,12.5,"1,040"
pinnacle-Slc,Oakmont Office,Pooja Mikhailov Travel,"May 1, 2026, 12:00 AM","May 31, 2026, 12:00 AM",3000314,4S-DSL,Medium,12.5,"1,060"
pinnacle-Slc,Clearwater Campus,Rohan Mikhailov Travel,"May 1, 2026, 12:00 AM","May 31, 2026, 12:00 AM",3000315,4S-DSL,Medium,12.5,"1,080"
pinnacle-Slc,Oakmont Office,Pooja Mikhailov Travel,"May 1, 2026, 12:00 AM","May 31, 2026, 12:00 AM",3000316,4S-DSL,Medium,12.5,"1,000"
pinnacle-Slc,Clearwater Campus,Rohan Mikhailov Travel,"May 1, 2026, 12:00 AM","May 31, 2026, 12:00 AM",3000317,4S-DSL,Medium,12.5,"1,020"
pinnacle-Slc,Oakmont Office,Pooja Mikhailov Travel,"May 1, 2026, 12:00 AM","May 31, 2026, 12:00 AM",3000318,4S-DSL,Medium,12.5,"1,040"
pinnacle-Slc,Clearwater Campus,Rohan Mikhailov Travel,"May 1, 2026, 12:00 AM","May 31, 2026, 12:00 AM",3000319,4S-DSL,Medium,12.5,"1,060"
pinnacle-Slc,Oakmont Office,Pooja Mikhailov Travel,"May 1, 2026, 12:00 AM","May 31, 2026, 12:00 AM",3000320,4S-DSL,Medium,12.5,"1,080"
orbit-Slc,Eastgate Office,Rohan Mikhailov Travel,"May 1, 2026, 12:00 AM","May 15, 2026, 12:00 AM",1200395,BUS-12,,0,"1,170"
orbit-Slc,Eastgate Office,Rohan Mikhailov Travel,"May 1, 2026, 12:00 AM","May 15, 2026, 12:00 AM",1200396,BUS-12,,0,"1,170"
orbit-Slc,Eastgate Office,Rohan Mikhailov Travel,"May 1, 2026, 12:00 AM","May 15, 2026, 12:00 AM",1200397,BUS-12,,0,"1,170"
orbit-Slc,Eastgate Office,Rohan Mikhailov Travel,"May 1, 2026, 12:00 AM","May 15, 2026, 12:00 AM",1200398,BUS-12,,0,"1,170"
orbit-Slc,Eastgate Office,Rohan Mikhailov Travel,"May 1, 2026, 12:00 AM","May 15, 2026, 12:00 AM",1200399,BUS-12,,0,"1,170"
pinnacle-Slc,Clearwater Campus,Rohan Mikhailov Travel,"May 1, 2026, 12:00 AM","May 31, 2026, 12:00 AM",3000321,4S-DSL,Medium,12.5,"1,000"
pinnacle-Slc,Oakmont Office,Pooja Mikhailov Travel,"May 1, 2026, 12:00 AM","May 31, 2026, 12:00 AM",3000322,4S-DSL,Medium,12.5,"1,020"
pinnacle-Slc,Clearwater Campus,Rohan Mikhailov Travel,"May 1, 2026, 12:00 AM","May 31, 2026, 12:00 AM",3000323,4S-DSL,Medium,12.5,"1,040"
pinnacle-Slc,Oakmont Office,Pooja Mikhailov Travel,"May 1, 2026, 12:00 AM","May 31, 2026, 12:00 AM",3000324,4S-DSL,Medium,12.5,"1,060"
pinnacle-Slc,Clearwater Campus,Rohan Mikhailov Travel,"May 1, 2026, 12:00 AM","May 31, 2026, 12:00 AM",3000325,4S-DSL,Medium,12.5,"1,080"
pinnacle-Slc,Oakmont Office,Pooja Mikhailov Travel,"May 1, 2026, 12:00 AM","May 31, 2026, 12:00 AM",3000326,4S-DSL,Medium,12.5,"1,000"
pinnacle-Slc,Clearwater Campus,Rohan Mikhailov Travel,"May 1, 2026, 12:00 AM","May 31, 2026, 12:00 AM",3000327,4S-DSL,Medium,12.5,"1,020"
pinnacle-Slc,Oakmont Office,Pooja Mikhailov Travel,"May 1, 2026, 12:00 AM","May 31, 2026, 12:00 AM",3000328,4S-DSL,Medium,12.5,"1,040"
pinnacle-Slc,Clearwater Campus,Rohan Mikhailov Travel,"May 1, 2026, 12:00 AM","May 31, 2026, 12:00 AM",3000329,4S-DSL,Medium,12.5,"1,060"
pinnacle-Slc,Oakmont Office,Pooja Mikhailov Travel,"May 1, 2026, 12:00 AM","May 31, 2026, 12:00 AM",3000330,4S-DSL,Medium,12.5,"1,080"
pinnacle-Slc,Clearwater Campus,Rohan Mikhailov Travel,"May 1, 2026, 12:00 AM","May 31, 2026, 12:00 AM",3000331,4S-DSL,Medium,12.5,"1,000"
pinnacle-Slc,Oakmont Office,Pooja Mikhailov Travel,"May 1, 2026, 12:00 AM","May 31, 2026, 12:00 AM",3000332,4S-DSL,Medium,12.5,"1,020"
pinnacle-Slc,Clearwater Campus,Rohan Mikhailov Travel,"May 1, 2026, 12:00 AM","May 31, 2026, 12:00 AM",3000333,4S-DSL,Medium,12.5,"1,040"
pinnacle-Slc,Oakmont Office,Pooja Mikhailov Travel,"May 1, 2026, 12:00 AM","May 31, 2026, 12:00 AM",3000334,4S-DSL,Medium,12.5,"1,060"
pinnacle-Slc,Clearwater Campus,Rohan Mikhailov Travel,"May 1, 2026, 12:00 AM","May 31, 2026, 12:00 AM",3000335,4S-DSL,Medium,12.5,"1,080"
pinnacle-Slc,Oakmont Office,Pooja Mikhailov Travel,"May 1, 2026, 12:00 AM","May 31, 2026, 12:00 AM",3000336,4S-DSL,Medium,12.5,"1,000"
pinnacle-Slc,Clearwater Campus,Rohan Mikhailov Travel,"May 1, 2026, 12:00 AM","May 31, 2026, 12:00 AM",3000337,4S-DSL,Medium,12.5,"1,020"
pinnacle-Slc,Oakmont Office,Pooja Mikhailov Travel,"May 1, 2026, 12:00 AM","May 31, 2026, 12:00 AM",3000338,4S-DSL,Medium,12.5,"1,040"
pinnacle-Slc,Clearwater Campus,Rohan Mikhailov Travel,"May 1, 2026, 12:00 AM","May 31, 2026, 12:00 AM",3000339,4S-DSL,Medium,12.5,"1,060"
pinnacle-Slc,Oakmont Office,Pooja Mikhailov Travel,"May 1, 2026, 12:00 AM","May 31, 2026, 12:00 AM",3000340,4S-DSL,Medium,12.5,"1,080"
orbit-Slc,Eastgate Office,Rohan Mikhailov Travel,"May 1, 2026, 12:00 AM","May 15, 2026, 12:00 AM",1200420,BUS-12,,0,"1,170"
orbit-Slc,Eastgate Office,Rohan Mikhailov Travel,"May 1, 2026, 12:00 AM","May 15, 2026, 12:00 AM",1200421,BUS-12,,0,"1,170"
orbit-Slc,Eastgate Office,Rohan Mikhailov Travel,"May 1, 2026, 12:00 AM","May 15, 2026, 12:00 AM",1200422,BUS-12,,0,"1,170"
orbit-Slc,Eastgate Office,Rohan Mikhailov Travel,"May 1, 2026, 12:00 AM","May 15, 2026, 12:00 AM",1200423,BUS-12,,0,"1,170"
orbit-Slc,Eastgate Office,Rohan Mikhailov Travel,"May 1, 2026, 12:00 AM","May 15, 2026, 12:00 AM",1200424,BUS-12,,0,"1,170"
pinnacle-Slc,Clearwater Campus,Rohan Mikhailov Travel,"May 1, 2026, 12:00 AM","May 31, 2026, 12:00 AM",3000341,4S-DSL,Medium,12.5,"1,000"
pinnacle-Slc,Oakmont Office,Pooja Mikhailov Travel,"May 1, 2026, 12:00 AM","May 31, 2026, 12:00 AM",3000342,4S-DSL,Medium,12.5,"1,020"
pinnacle-Slc,Clearwater Campus,Rohan Mikhailov Travel,"May 1, 2026, 12:00 AM","May 31, 2026, 12:00 AM",3000343,4S-DSL,Medium,12.5,"1,040"
pinnacle-Slc,Oakmont Office,Pooja Mikhailov Travel,"May 1, 2026, 12:00 AM","May 31, 2026, 12:00 AM",3000344,4S-DSL,Medium,12.5,"1,060"
pinnacle-Slc,Clearwater Campus,Rohan Mikhailov Travel,"May 1, 2026, 12:00 AM","May 31, 2026, 12:00 AM",3000345,4S-DSL,Medium,12.5,"1,080"
pinnacle-Slc,Oakmont Office,Pooja Mikhailov Travel,"May 1, 2026, 12:00 AM","May 31, 2026, 12:00 AM",3000346,4S-DSL,Medium,12.5,"1,000"
pinnacle-Slc,Clearwater Campus,Rohan Mikhailov Travel,"May 1, 2026, 12:00 AM","May 31, 2026, 12:00 AM",3000347,4S-DSL,Medium,12.5,"1,020"
pinnacle-Slc,Oakmont Office,Pooja Mikhailov Travel,"May 1, 2026, 12:00 AM","May 31, 2026, 12:00 AM",3000348,4S-DSL,Medium,12.5,"1,040"
pinnacle-Slc,Clearwater Campus,Rohan Mikhailov Travel,"May 1, 2026, 12:00 AM","May 31, 2026, 12:00 AM",3000349,4S-DSL,Medium,12.5,"1,060"
pinnacle-Slc,Oakmont Office,Pooja Mikhailov Travel,"May 1, 2026, 12:00 AM","May 31, 2026, 12:00 AM",3000350,4S-DSL,Medium,12.5,"1,080"
pinnacle-Slc,Clearwater Campus,Rohan Mikhailov Travel,"May 1, 2026, 12:00 AM","May 31, 2026, 12:00 AM",3000351,4S-DSL,Medium,12.5,"1,000"
pinnacle-Slc,Oakmont Office,Pooja Mikhailov Travel,"May 1, 2026, 12:00 AM","May 31, 2026, 12:00 AM",3000352,4S-DSL,Medium,12.5,"1,020"
pinnacle-Slc,Clearwater Campus,Rohan Mikhailov Travel,"May 1, 2026, 12:00 AM","May 31, 2026, 12:00 AM",3000353,4S-DSL,Medium,12.5,"1,040"
pinnacle-Slc,Oakmont Office,Pooja Mikhailov Travel,"May 1, 2026, 12:00 AM","May 31, 2026, 12:00 AM",3000354,4S-DSL,Medium,12.5,"1,060"
pinnacle-Slc,Clearwater Campus,Rohan Mikhailov Travel,"May 1, 2026, 12:00 AM","May 31, 2026, 12:00 AM",3000355,4S-DSL,Medium,12.5,"1,080"
pinnacle-Slc,Oakmont Office,Pooja Mikhailov Travel,"May 1, 2026, 12:00 AM","May 31, 2026, 12:00 AM",3000356,4S-DSL,Medium,12.5,"1,000"
pinnacle-Slc,Clearwater Campus,Rohan Mikhailov Travel,"May 1, 2026, 12:00 AM","May 31, 2026, 12:00 AM",3000357,4S-DSL,Medium,12.5,"1,020"
pinnacle-Slc,Oakmont Office,Pooja Mikhailov Travel,"May 1, 2026, 12:00 AM","May 31, 2026, 12:00 AM",3000358,4S-DSL,Medium,12.5,"1,040"
pinnacle-Slc,Clearwater Campus,Rohan Mikhailov Travel,"May 1, 2026, 12:00 AM","May 31, 2026, 12:00 AM",3000359,4S-DSL,Medium,12.5,"1,060"
pinnacle-Slc,Oakmont Office,Pooja Mikhailov Travel,"May 1, 2026, 12:00 AM","May 31, 2026, 12:00 AM",3000360,4S-DSL,Medium,12.5,"1,080"
orbit-Slc,Eastgate Office,Rohan Mikhailov Travel,"May 1, 2026, 12:00 AM","May 15, 2026, 12:00 AM",1200445,BUS-12,,0,"1,170"
orbit-Slc,Eastgate Office,Rohan Mikhailov Travel,"May 1, 2026, 12:00 AM","May 15, 2026, 12:00 AM",1200446,BUS-12,,0,"1,170"
orbit-Slc,Eastgate Office,Rohan Mikhailov Travel,"May 1, 2026, 12:00 AM","May 15, 2026, 12:00 AM",1200447,BUS-12,,0,"1,170"
orbit-Slc,Eastgate Office,Rohan Mikhailov Travel,"May 1, 2026, 12:00 AM","May 15, 2026, 12:00 AM",1200448,BUS-12,,0,"1,170"
orbit-Slc,Eastgate Office,Rohan Mikhailov Travel,"May 1, 2026, 12:00 AM","May 15, 2026, 12:00 AM",1200449,BUS-12,,0,"1,170"
pinnacle-Slc,Clearwater Campus,Rohan Mikhailov Travel,"May 1, 2026, 12:00 AM","May 31, 2026, 12:00 AM",3000361,4S-DSL,Medium,12.5,"1,000"
pinnacle-Slc,Oakmont Office,Pooja Mikhailov Travel,"May 1, 2026, 12:00 AM","May 31, 2026, 12:00 AM",3000362,4S-DSL,Medium,12.5,"1,020"
pinnacle-Slc,Clearwater Campus,Rohan Mikhailov Travel,"May 1, 2026, 12:00 AM","May 31, 2026, 12:00 AM",3000363,4S-DSL,Medium,12.5,"1,040"
pinnacle-Slc,Oakmont Office,Pooja Mikhailov Travel,"May 1, 2026, 12:00 AM","May 31, 2026, 12:00 AM",3000364,4S-DSL,Medium,12.5,"1,060"
pinnacle-Slc,Clearwater Campus,Rohan Mikhailov Travel,"May 1, 2026, 12:00 AM","May 31, 2026, 12:00 AM",3000365,4S-DSL,Medium,12.5,"1,080"
pinnacle-Slc,Oakmont Office,Pooja Mikhailov Travel,"May 1, 2026, 12:00 AM","May 31, 2026, 12:00 AM",3000366,4S-DSL,Medium,12.5,"1,000"
pinnacle-Slc,Clearwater Campus,Rohan Mikhailov Travel,"May 1, 2026, 12:00 AM","May 31, 2026, 12:00 AM",3000367,4S-DSL,Medium,12.5,"1,020"
pinnacle-Slc,Oakmont Office,Pooja Mikhailov Travel,"May 1, 2026, 12:00 AM","May 31, 2026, 12:00 AM",3000368,4S-DSL,Medium,12.5,"1,040"
pinnacle-Slc,Clearwater Campus,Rohan Mikhailov Travel,"May 1, 2026, 12:00 AM","May 31, 2026, 12:00 AM",3000369,4S-DSL,Medium,12.5,"1,060"
pinnacle-Slc,Oakmont Office,Pooja Mikhailov Travel,"May 1, 2026, 12:00 AM","May 31, 2026, 12:00 AM",3000370,4S-DSL,Medium,12.5,"1,080"
pinnacle-Slc,Clearwater Campus,Rohan Mikhailov Travel,"May 1, 2026, 12:00 AM","May 31, 2026, 12:00 AM",3000371,4S-DSL,Medium,12.5,"1,000"
pinnacle-Slc,Oakmont Office,Pooja Mikhailov Travel,"May 1, 2026, 12:00 AM","May 31, 2026, 12:00 AM",3000372,4S-DSL,Medium,12.5,"1,020"
pinnacle-Slc,Clearwater Campus,Rohan Mikhailov Travel,"May 1, 2026, 12:00 AM","May 31, 2026, 12:00 AM",3000373,4S-DSL,Medium,12.5,"1,040"
pinnacle-Slc,Oakmont Office,Pooja Mikhailov Travel,"May 1, 2026, 12:00 AM","May 31, 2026, 12:00 AM",3000374,4S-DSL,Medium,12.5,"1,060"
pinnacle-Slc,Clearwater Campus,Rohan Mikhailov Travel,"May 1, 2026, 12:00 AM","May 31, 2026, 12:00 AM",3000375,4S-DSL,Medium,12.5,"1,080"
pinnacle-Slc,Oakmont Office,Pooja Mikhailov Travel,"May 1, 2026, 12:00 AM","May 31, 2026, 12:00 AM",3000376,4S-DSL,Medium,12.5,"1,000"
pinnacle-Slc,Clearwater Campus,Rohan Mikhailov Travel,"May 1, 2026, 12:00 AM","May 31, 2026, 12:00 AM",3000377,4S-DSL,Medium,12.5,"1,020"
pinnacle-Slc,Oakmont Office,Pooja Mikhailov Travel,"May 1, 2026, 12:00 AM","May 31, 2026, 12:00 AM",3000378,4S-DSL,Medium,12.5,"1,040"
pinnacle-Slc,Clearwater Campus,Rohan Mikhailov Travel,"May 1, 2026, 12:00 AM","May 31, 2026, 12:00 AM",3000379,4S-DSL,Medium,12.5,"1,060"
pinnacle-Slc,Oakmont Office,Pooja Mikhailov Travel,"May 1, 2026, 12:00 AM","May 31, 2026, 12:00 AM",3000380,4S-DSL,Medium,12.5,"1,080"
orbit-Slc,Eastgate Office,Rohan Mikhailov Travel,"May 1, 2026, 12:00 AM","May 15, 2026, 12:00 AM",1200470,BUS-12,,0,"1,170"
orbit-Slc,Eastgate Office,Rohan Mikhailov Travel,"May 1, 2026, 12:00 AM","May 15, 2026, 12:00 AM",1200471,BUS-12,,0,"1,170"
orbit-Slc,Eastgate Office,Rohan Mikhailov Travel,"May 1, 2026, 12:00 AM","May 15, 2026, 12:00 AM",1200472,BUS-12,,0,"1,170"
orbit-Slc,Eastgate Office,Rohan Mikhailov Travel,"May 1, 2026, 12:00 AM","May 15, 2026, 12:00 AM",1200473,BUS-12,,0,"1,170"
orbit-Slc,Eastgate Office,Rohan Mikhailov Travel,"May 1, 2026, 12:00 AM","May 15, 2026, 12:00 AM",1200474,BUS-12,,0,"1,170"
pinnacle-Slc,Clearwater Campus,Rohan Mikhailov Travel,"May 1, 2026, 12:00 AM","May 31, 2026, 12:00 AM",3000381,4S-DSL,Medium,12.5,"1,000"
pinnacle-Slc,Oakmont Office,Pooja Mikhailov Travel,"May 1, 2026, 12:00 AM","May 31, 2026, 12:00 AM",3000382,4S-DSL,Medium,12.5,"1,020"
pinnacle-Slc,Clearwater Campus,Rohan Mikhailov Travel,"May 1, 2026, 12:00 AM","May 31, 2026, 12:00 AM",3000383,4S-DSL,Medium,12.5,"1,040"
pinnacle-Slc,Oakmont Office,Pooja Mikhailov Travel,"May 1, 2026, 12:00 AM","May 31, 2026, 12:00 AM",3000384,4S-DSL,Medium,12.5,"1,060"
pinnacle-Slc,Clearwater Campus,Rohan Mikhailov Travel,"May 1, 2026, 12:00 AM","May 31, 2026, 12:00 AM",3000385,4S-DSL,Medium,12.5,"1,080"
pinnacle-Slc,Oakmont Office,Pooja Mikhailov Travel,"May 1, 2026, 12:00 AM","May 31, 2026, 12:00 AM",3000386,4S-DSL,Medium,12.5,"1,000"
pinnacle-Slc,Clearwater Campus,Rohan Mikhailov Travel,"May 1, 2026, 12:00 AM","May 31, 2026, 12:00 AM",3000387,4S-DSL,Medium,12.5,"1,020"
pinnacle-Slc,Oakmont Office,Pooja Mikhailov Travel,"May 1, 2026, 12:00 AM","May 31, 2026, 12:00 AM",3000388,4S-DSL,Medium,12.5,"1,040"
pinnacle-Slc,Clearwater Campus,Rohan Mikhailov Travel,"May 1, 2026, 12:00 AM","May 31, 2026, 12:00 AM",3000389,4S-DSL,Medium,12.5,"1,060"
pinnacle-Slc,Oakmont Office,Pooja Mikhailov Travel,"May 1, 2026, 12:00 AM","May 31, 2026, 12:00 AM",3000390,4S-DSL,Medium,12.5,"1,080"
pinnacle-Slc,Clearwater Campus,Rohan Mikhailov Travel,"May 1, 2026, 12:00 AM","May 31, 2026, 12:00 AM",3000391,4S-DSL,Medium,12.5,"1,000"
pinnacle-Slc,Oakmont Office,Pooja Mikhailov Travel,"May 1, 2026, 12:00 AM","May 31, 2026, 12:00 AM",3000392,4S-DSL,Medium,12.5,"1,020"
pinnacle-Slc,Clearwater Campus,Rohan Mikhailov Travel,"May 1, 2026, 12:00 AM","May 31, 2026, 12:00 AM",3000393,4S-DSL,Medium,12.5,"1,040"
pinnacle-Slc,Oakmont Office,Pooja Mikhailov Travel,"May 1, 2026, 12:00 AM","May 31, 2026, 12:00 AM",3000394,4S-DSL,Medium,12.5,"1,060"
pinnacle-Slc,Clearwater Campus,Rohan Mikhailov Travel,"May 1, 2026, 12:00 AM","May 31, 2026, 12:00 AM",3000395,4S-DSL,Medium,12.5,"1,080"
pinnacle-Slc,Oakmont Office,Pooja Mikhailov Travel,"May 1, 2026, 12:00 AM","May 31, 2026, 12:00 AM",3000396,4S-DSL,Medium,12.5,"1,000"
pinnacle-Slc,Clearwater Campus,Rohan Mikhailov Travel,"May 1, 2026, 12:00 AM","May 31, 2026, 12:00 AM",3000397,4S-DSL,Medium,12.5,"1,020"
pinnacle-Slc,Oakmont Office,Pooja Mikhailov Travel,"May 1, 2026, 12:00 AM","May 31, 2026, 12:00 AM",3000398,4S-DSL,Medium,12.5,"1,040"
pinnacle-Slc,Clearwater Campus,Rohan Mikhailov Travel,"May 1, 2026, 12:00 AM","May 31, 2026, 12:00 AM",3000399,4S-DSL,Medium,12.5,"1,060"
pinnacle-Slc,Oakmont Office,Pooja Mikhailov Travel,"May 1, 2026, 12:00 AM","May 31, 2026, 12:00 AM",3000400,4S-DSL,Medium,12.5,"1,080"
orbit-Slc,Eastgate Office,Rohan Mikhailov Travel,"May 1, 2026, 12:00 AM","May 15, 2026, 12:00 AM",1200495,BUS-12,,0,"1,170"
orbit-Slc,Eastgate Office,Rohan Mikhailov Travel,"May 1, 2026, 12:00 AM","May 15, 2026, 12:00 AM",1200496,BUS-12,,0,"1,170"
orbit-Slc,Eastgate Office,Rohan Mikhailov Travel,"May 1, 2026, 12:00 AM","May 15, 2026, 12:00 AM",1200497,BUS-12,,0,"1,170"
orbit-Slc,Eastgate Office,Rohan Mikhailov Travel,"May 1, 2026, 12:00 AM","May 15, 2026, 12:00 AM",1200498,BUS-12,,0,"1,170"
orbit-Slc,Eastgate Office,Rohan Mikhailov Travel,"May 1, 2026, 12:00 AM","May 15, 2026, 12:00 AM",1200499,BUS-12,,0,"1,170"
pinnacle-Slc,Clearwater Campus,Rohan Mikhailov Travel,"May 1, 2026, 12:00 AM","May 31, 2026, 12:00 AM",3000401,4S-DSL,Medium,12.5,"1,000"
pinnacle-Slc,Oakmont Office,Pooja Mikhailov Travel,"May 1, 2026, 12:00 AM","May 31, 2026, 12:00 AM",3000402,4S-DSL,Medium,12.5,"1,020"
pinnacle-Slc,Clearwater Campus,Rohan Mikhailov Travel,"May 1, 2026, 12:00 AM","May 31, 2026, 12:00 AM",3000403,4S-DSL,Medium,12.5,"1,040"
pinnacle-Slc,Oakmont Office,Pooja Mikhailov Travel,"May 1, 2026, 12:00 AM","May 31, 2026, 12:00 AM",3000404,4S-DSL,Medium,12.5,"1,060"
pinnacle-Slc,Clearwater Campus,Rohan Mikhailov Travel,"May 1, 2026, 12:00 AM","May 31, 2026, 12:00 AM",3000405,4S-DSL,Medium,12.5,"1,080"
pinnacle-Slc,Oakmont Office,Pooja Mikhailov Travel,"May 1, 2026, 12:00 AM","May 31, 2026, 12:00 AM",3000406,4S-DSL,Medium,12.5,"1,000"
pinnacle-Slc,Clearwater Campus,Rohan Mikhailov Travel,"May 1, 2026, 12:00 AM","May 31, 2026, 12:00 AM",3000407,4S-DSL,Medium,12.5,"1,020"
pinnacle-Slc,Oakmont Office,Pooja Mikhailov Travel,"May 1, 2026, 12:00 AM","May 31, 2026, 12:00 AM",3000408,4S-DSL,Medium,12.5,"1,040"
pinnacle-Slc,Clearwater Campus,Rohan Mikhailov Travel,"May 1, 2026, 12:00 AM","May 31, 2026, 12:00 AM",3000409,4S-DSL,Medium,12.5,"1,060"
pinnacle-Slc,Oakmont Office,Pooja Mikhailov Travel,"May 1, 2026, 12:00 AM","May 31, 2026, 12:00 AM",3000410,4S-DSL,Medium,12.5,"1,080"
pinnacle-Slc,Clearwater Campus,Rohan Mikhailov Travel,"May 1, 2026, 12:00 AM","May 31, 2026, 12:00 AM",3000411,4S-DSL,Medium,12.5,"1,000"
pinnacle-Slc,Oakmont Office,Pooja Mikhailov Travel,"May 1, 2026, 12:00 AM","May 31, 2026, 12:00 AM",3000412,4S-DSL,Medium,12.5,"1,020"
pinnacle-Slc,Clearwater Campus,Rohan Mikhailov Travel,"May 1, 2026, 12:00 AM","May 31, 2026, 12:00 AM",3000413,4S-DSL,Medium,12.5,"1,040"
pinnacle-Slc,Oakmont Office,Pooja Mikhailov Travel,"May 1, 2026, 12:00 AM","May 31, 2026, 12:00 AM",3000414,4S-DSL,Medium,12.5,"1,060"
pinnacle-Slc,Clearwater Campus,Rohan Mikhailov Travel,"May 1, 2026, 12:00 AM","May 31, 2026, 12:00 AM",3000415,4S-DSL,Medium,12.5,"1,080"
pinnacle-Slc,Oakmont Office,Pooja Mikhailov Travel,"May 1, 2026, 12:00 AM","May 31, 2026, 12:00 AM",3000416,4S-DSL,Medium,12.5,"1,000"
pinnacle-Slc,Clearwater Campus,Rohan Mikhailov Travel,"May 1, 2026, 12:00 AM","May 31, 2026, 12:00 AM",3000417,4S-DSL,Medium,12.5,"1,020"
pinnacle-Slc,Oakmont Office,Pooja Mikhailov Travel,"May 1, 2026, 12:00 AM","May 31, 2026, 12:00 AM",3000418,4S-DSL,Medium,12.5,"1,040"
pinnacle-Slc,Clearwater Campus,Rohan Mikhailov Travel,"May 1, 2026, 12:00 AM","May 31, 2026, 12:00 AM",3000419,4S-DSL,Medium,12.5,"1,060"
pinnacle-Slc,Oakmont Office,Pooja Mikhailov Travel,"May 1, 2026, 12:00 AM","May 31, 2026, 12:00 AM",3000420,4S-DSL,Medium,12.5,"1,080"
orbit-Slc,Eastgate Office,Rohan Mikhailov Travel,"May 1, 2026, 12:00 AM","May 15, 2026, 12:00 AM",1200520,BUS-12,,0,"1,170"
orbit-Slc,Eastgate Office,Rohan Mikhailov Travel,"May 1, 2026, 12:00 AM","May 15, 2026, 12:00 AM",1200521,BUS-12,,0,"1,170"
orbit-Slc,Eastgate Office,Rohan Mikhailov Travel,"May 1, 2026, 12:00 AM","May 15, 2026, 12:00 AM",1200522,BUS-12,,0,"1,170"
orbit-Slc,Eastgate Office,Rohan Mikhailov Travel,"May 1, 2026, 12:00 AM","May 15, 2026, 12:00 AM",1200523,BUS-12,,0,"1,170"
orbit-Slc,Eastgate Office,Rohan Mikhailov Travel,"May 1, 2026, 12:00 AM","May 15, 2026, 12:00 AM",1200524,BUS-12,,0,"1,170"
pinnacle-Slc,Clearwater Campus,Rohan Mikhailov Travel,"May 1, 2026, 12:00 AM","May 31, 2026, 12:00 AM",3000421,4S-DSL,Medium,12.5,"1,000"
pinnacle-Slc,Oakmont Office,Pooja Mikhailov Travel,"May 1, 2026, 12:00 AM","May 31, 2026, 12:00 AM",3000422,4S-DSL,Medium,12.5,"1,020"
pinnacle-Slc,Clearwater Campus,Rohan Mikhailov Travel,"May 1, 2026, 12:00 AM","May 31, 2026, 12:00 AM",3000423,4S-DSL,Medium,12.5,"1,040"
pinnacle-Slc,Oakmont Office,Pooja Mikhailov Travel,"May 1, 2026, 12:00 AM","May 31, 2026, 12:00 AM",3000424,4S-DSL,Medium,12.5,"1,060"
pinnacle-Slc,Clearwater Campus,Rohan Mikhailov Travel,"May 1, 2026, 12:00 AM","May 31, 2026, 12:00 AM",3000425,4S-DSL,Medium,12.5,"1,080"
pinnacle-Slc,Oakmont Office,Pooja Mikhailov Travel,"May 1, 2026, 12:00 AM","May 31, 2026, 12:00 AM",3000426,4S-DSL,Medium,12.5,"1,000"
pinnacle-Slc,Clearwater Campus,Rohan Mikhailov Travel,"May 1, 2026, 12:00 AM","May 31, 2026, 12:00 AM",3000427,4S-DSL,Medium,12.5,"1,020"
pinnacle-Slc,Oakmont Office,Pooja Mikhailov Travel,"May 1, 2026, 12:00 AM","May 31, 2026, 12:00 AM",3000428,4S-DSL,Medium,12.5,"1,040"
pinnacle-Slc,Clearwater Campus,Rohan Mikhailov Travel,"May 1, 2026, 12:00 AM","May 31, 2026, 12:00 AM",3000429,4S-DSL,Medium,12.5,"1,060"
pinnacle-Slc,Oakmont Office,Pooja Mikhailov Travel,"May 1, 2026, 12:00 AM","May 31, 2026, 12:00 AM",3000430,4S-DSL,Medium,12.5,"1,080"
pinnacle-Slc,Clearwater Campus,Rohan Mikhailov Travel,"May 1, 2026, 12:00 AM","May 31, 2026, 12:00 AM",3000431,4S-DSL,Medium,12.5,"1,000"
pinnacle-Slc,Oakmont Office,Pooja Mikhailov Travel,"May 1, 2026, 12:00 AM","May 31, 2026, 12:00 AM",3000432,4S-DSL,Medium,12.5,"1,020"
pinnacle-Slc,Clearwater Campus,Rohan Mikhailov Travel,"May 1, 2026, 12:00 AM","May 31, 2026, 12:00 AM",3000433,4S-DSL,Medium,12.5,"1,040"
pinnacle-Slc,Oakmont Office,Pooja Mikhailov Travel,"May 1, 2026, 12:00 AM","May 31, 2026, 12:00 AM",3000434,4S-DSL,Medium,12.5,"1,060"
pinnacle-Slc,Clearwater Campus,Rohan Mikhailov Travel,"May 1, 2026, 12:00 AM","May 31, 2026, 12:00 AM",3000435,4S-DSL,Medium,12.5,"1,080"
pinnacle-Slc,Oakmont Office,Pooja Mikhailov Travel,"May 1, 2026, 12:00 AM","May 31, 2026, 12:00 AM",3000436,4S-DSL,Medium,12.5,"1,000"
pinnacle-Slc,Clearwater Campus,Rohan Mikhailov Travel,"May 1, 2026, 12:00 AM","May 31, 2026, 12:00 AM",3000437,4S-DSL,Medium,12.5,"1,020"
pinnacle-Slc,Oakmont Office,Pooja Mikhailov Travel,"May 1, 2026, 12:00 AM","May 31, 2026, 12:00 AM",3000438,4S-DSL,Medium,12.5,"1,040"
pinnacle-Slc,Clearwater Campus,Rohan Mikhailov Travel,"May 1, 2026, 12:00 AM","May 31, 2026, 12:00 AM",3000439,4S-DSL,Medium,12.5,"1,060"
pinnacle-Slc,Oakmont Office,Pooja Mikhailov Travel,"May 1, 2026, 12:00 AM","May 31, 2026, 12:00 AM",3000440,4S-DSL,Medium,12.5,"1,080"
orbit-Slc,Eastgate Office,Rohan Mikhailov Travel,"May 1, 2026, 12:00 AM","May 15, 2026, 12:00 AM",1200545,BUS-12,,0,"1,170"
orbit-Slc,Eastgate Office,Rohan Mikhailov Travel,"May 1, 2026, 12:00 AM","May 15, 2026, 12:00 AM",1200546,BUS-12,,0,"1,170"
orbit-Slc,Eastgate Office,Rohan Mikhailov Travel,"May 1, 2026, 12:00 AM","May 15, 2026, 12:00 AM",1200547,BUS-12,,0,"1,170"
orbit-Slc,Eastgate Office,Rohan Mikhailov Travel,"May 1, 2026, 12:00 AM","May 15, 2026, 12:00 AM",1200548,BUS-12,,0,"1,170"
orbit-Slc,Eastgate Office,Rohan Mikhailov Travel,"May 1, 2026, 12:00 AM","May 15, 2026, 12:00 AM",1200549,BUS-12,,0,"1,170"
pinnacle-Slc,Clearwater Campus,Rohan Mikhailov Travel,"May 1, 2026, 12:00 AM","May 31, 2026, 12:00 AM",3000441,4S-DSL,Medium,12.5,"1,000"
pinnacle-Slc,Oakmont Office,Pooja Mikhailov Travel,"May 1, 2026, 12:00 AM","May 31, 2026, 12:00 AM",3000442,4S-DSL,Medium,12.5,"1,020"
pinnacle-Slc,Clearwater Campus,Rohan Mikhailov Travel,"May 1, 2026, 12:00 AM","May 31, 2026, 12:00 AM",3000443,4S-DSL,Medium,12.5,"1,040"
pinnacle-Slc,Oakmont Office,Pooja Mikhailov Travel,"May 1, 2026, 12:00 AM","May 31, 2026, 12:00 AM",3000444,4S-DSL,Medium,12.5,"1,060"
pinnacle-Slc,Clearwater Campus,Rohan Mikhailov Travel,"May 1, 2026, 12:00 AM","May 31, 2026, 12:00 AM",3000445,4S-DSL,Medium,12.5,"1,080"
pinnacle-Slc,Oakmont Office,Pooja Mikhailov Travel,"May 1, 2026, 12:00 AM","May 31, 2026, 12:00 AM",3000446,4S-DSL,Medium,12.5,"1,000"
pinnacle-Slc,Clearwater Campus,Rohan Mikhailov Travel,"May 1, 2026, 12:00 AM","May 31, 2026, 12:00 AM",3000447,4S-DSL,Medium,12.5,"1,020"
pinnacle-Slc,Oakmont Office,Pooja Mikhailov Travel,"May 1, 2026, 12:00 AM","May 31, 2026, 12:00 AM",3000448,4S-DSL,Medium,12.5,"1,040"
pinnacle-Slc,Clearwater Campus,Rohan Mikhailov Travel,"May 1, 2026, 12:00 AM","May 31, 2026, 12:00 AM",3000449,4S-DSL,Medium,12.5,"1,060"
pinnacle-Slc,Oakmont Office,Pooja Mikhailov Travel,"May 1, 2026, 12:00 AM","May 31, 2026, 12:00 AM",3000450,4S-DSL,Medium,12.5,"1,080"
pinnacle-Slc,Clearwater Campus,Rohan Mikhailov Travel,"May 1, 2026, 12:00 AM","May 31, 2026, 12:00 AM",3000451,4S-DSL,Medium,12.5,"1,000"
pinnacle-Slc,Oakmont Office,Pooja Mikhailov Travel,"May 1, 2026, 12:00 AM","May 31, 2026, 12:00 AM",3000452,4S-DSL,Medium,12.5,"1,020"
pinnacle-Slc,Clearwater Campus,Rohan Mikhailov Travel,"May 1, 2026, 12:00 AM","May 31, 2026, 12:00 AM",3000453,4S-DSL,Medium,12.5,"1,040"
pinnacle-Slc,Oakmont Office,Pooja Mikhailov Travel,"May 1, 2026, 12:00 AM","May 31, 2026, 12:00 AM",3000454,4S-DSL,Medium,12.5,"1,060"
pinnacle-Slc,Clearwater Campus,Rohan Mikhailov Travel,"May 1, 2026, 12:00 AM","May 31, 2026, 12:00 AM",3000455,4S-DSL,Medium,12.5,"1,080"
pinnacle-Slc,Oakmont Office,Pooja Mikhailov Travel,"May 1, 2026, 12:00 AM","May 31, 2026, 12:00 AM",3000456,4S-DSL,Medium,12.5,"1,000"
pinnacle-Slc,Clearwater Campus,Rohan Mikhailov Travel,"May 1, 2026, 12:00 AM","May 31, 2026, 12:00 AM",3000457,4S-DSL,Medium,12.5,"1,020"
pinnacle-Slc,Oakmont Office,Pooja Mikhailov Travel,"May 1, 2026, 12:00 AM","May 31, 2026, 12:00 AM",3000458,4S-DSL,Medium,12.5,"1,040"
pinnacle-Slc,Clearwater Campus,Rohan Mikhailov Travel,"May 1, 2026, 12:00 AM","May 31, 2026, 12:00 AM",3000459,4S-DSL,Medium,12.5,"1,060"
pinnacle-Slc,Oakmont Office,Pooja Mikhailov Travel,"May 1, 2026, 12:00 AM","May 31, 2026, 12:00 AM",3000460,4S-DSL,Medium,12.5,"1,080"
orbit-Slc,Eastgate Office,Rohan Mikhailov Travel,"May 1, 2026, 12:00 AM","May 15, 2026, 12:00 AM",1200570,BUS-12,,0,"1,170"
orbit-Slc,Eastgate Office,Rohan Mikhailov Travel,"May 1, 2026, 12:00 AM","May 15, 2026, 12:00 AM",1200571,BUS-12,,0,"1,170"
orbit-Slc,Eastgate Office,Rohan Mikhailov Travel,"May 1, 2026, 12:00 AM","May 15, 2026, 12:00 AM",1200572,BUS-12,,0,"1,170"
orbit-Slc,Eastgate Office,Rohan Mikhailov Travel,"May 1, 2026, 12:00 AM","May 15, 2026, 12:00 AM",1200573,BUS-12,,0,"1,170"
orbit-Slc,Eastgate Office,Rohan Mikhailov Travel,"May 1, 2026, 12:00 AM","May 15, 2026, 12:00 AM",1200574,BUS-12,,0,"1,170"
pinnacle-Slc,Clearwater Campus,Rohan Mikhailov Travel,"May 1, 2026, 12:00 AM","May 31, 2026, 12:00 AM",3000461,4S-DSL,Medium,12.5,"1,000"
pinnacle-Slc,Oakmont Office,Pooja Mikhailov Travel,"May 1, 2026, 12:00 AM","May 31, 2026, 12:00 AM",3000462,4S-DSL,Medium,12.5,"1,020"
pinnacle-Slc,Clearwater Campus,Rohan Mikhailov Travel,"May 1, 2026, 12:00 AM","May 31, 2026, 12:00 AM",3000463,4S-DSL,Medium,12.5,"1,040"
pinnacle-Slc,Oakmont Office,Pooja Mikhailov Travel,"May 1, 2026, 12:00 AM","May 31, 2026, 12:00 AM",3000464,4S-DSL,Medium,12.5,"1,060"
pinnacle-Slc,Clearwater Campus,Rohan Mikhailov Travel,"May 1, 2026, 12:00 AM","May 31, 2026, 12:00 AM",3000465,4S-DSL,Medium,12.5,"1,080"
pinnacle-Slc,Oakmont Office,Pooja Mikhailov Travel,"May 1, 2026, 12:00 AM","May 31, 2026, 12:00 AM",3000466,4S-DSL,Medium,12.5,"1,000"
pinnacle-Slc,Clearwater Campus,Rohan Mikhailov Travel,"May 1, 2026, 12:00 AM","May 31, 2026, 12:00 AM",3000467,4S-DSL,Medium,12.5,"1,020"
pinnacle-Slc,Oakmont Office,Pooja Mikhailov Travel,"May 1, 2026, 12:00 AM","May 31, 2026, 12:00 AM",3000468,4S-DSL,Medium,12.5,"1,040"
pinnacle-Slc,Clearwater Campus,Rohan Mikhailov Travel,"May 1, 2026, 12:00 AM","May 31, 2026, 12:00 AM",3000469,4S-DSL,Medium,12.5,"1,060"
pinnacle-Slc,Oakmont Office,Pooja Mikhailov Travel,"May 1, 2026, 12:00 AM","May 31, 2026, 12:00 AM",3000470,4S-DSL,Medium,12.5,"1,080"
pinnacle-Slc,Clearwater Campus,Rohan Mikhailov Travel,"May 1, 2026, 12:00 AM","May 31, 2026, 12:00 AM",3000471,4S-DSL,Medium,12.5,"1,000"
pinnacle-Slc,Oakmont Office,Pooja Mikhailov Travel,"May 1, 2026, 12:00 AM","May 31, 2026, 12:00 AM",3000472,4S-DSL,Medium,12.5,"1,020"
pinnacle-Slc,Clearwater Campus,Rohan Mikhailov Travel,"May 1, 2026, 12:00 AM","May 31, 2026, 12:00 AM",3000473,4S-DSL,Medium,12.5,"1,040"
pinnacle-Slc,Oakmont Office,Pooja Mikhailov Travel,"May 1, 2026, 12:00 AM","May 31, 2026, 12:00 AM",3000474,4S-DSL,Medium,12.5,"1,060"
pinnacle-Slc,Clearwater Campus,Rohan Mikhailov Travel,"May 1, 2026, 12:00 AM","May 31, 2026, 12:00 AM",3000475,4S-DSL,Medium,12.5,"1,080"
pinnacle-Slc,Oakmont Office,Pooja Mikhailov Travel,"May 1, 2026, 12:00 AM","May 31, 2026, 12:00 AM",3000476,4S-DSL,Medium,12.5,"1,000"
pinnacle-Slc,Clearwater Campus,Rohan Mikhailov Travel,"May 1, 2026, 12:00 AM","May 31, 2026, 12:00 AM",3000477,4S-DSL,Medium,12.5,"1,020"
pinnacle-Slc,Oakmont Office,Pooja Mikhailov Travel,"May 1, 2026, 12:00 AM","May 31, 2026, 12:00 AM",3000478,4S-DSL,Medium,12.5,"1,040"
pinnacle-Slc,Clearwater Campus,Rohan Mikhailov Travel,"May 1, 2026, 12:00 AM","May 31, 2026, 12:00 AM",3000479,4S-DSL,Medium,12.5,"1,060"
pinnacle-Slc,Oakmont Office,Pooja Mikhailov Travel,"May 1, 2026, 12:00 AM","May 31, 2026, 12:00 AM",3000480,4S-DSL,Medium,12.5,"1,080"
orbit-Slc,Eastgate Office,Rohan Mikhailov Travel,"May 1, 2026, 12:00 AM","May 15, 2026, 12:00 AM",1200595,BUS-12,,0,"1,170"
orbit-Slc,Eastgate Office,Rohan Mikhailov Travel,"May 1, 2026, 12:00 AM","May 15, 2026, 12:00 AM",1200596,BUS-12,,0,"1,170"
orbit-Slc,Eastgate Office,Rohan Mikhailov Travel,"May 1, 2026, 12:00 AM","May 15, 2026, 12:00 AM",1200597,BUS-12,,0,"1,170"
orbit-Slc,Eastgate Office,Rohan Mikhailov Travel,"May 1, 2026, 12:00 AM","May 15, 2026, 12:00 AM",1200598,BUS-12,,0,"1,170"
orbit-Slc,Eastgate Office,Rohan Mikhailov Travel,"May 1, 2026, 12:00 AM","May 15, 2026, 12:00 AM",1200599,BUS-12,,0,"1,170"
pinnacle-Slc,Clearwater Campus,Rohan Mikhailov Travel,"May 1, 2026, 12:00 AM","May 31, 2026, 12:00 AM",3000481,4S-DSL,Medium,12.5,"1,000"
pinnacle-Slc,Oakmont Office,Pooja Mikhailov Travel,"May 1, 2026, 12:00 AM","May 31, 2026, 12:00 AM",3000482,4S-DSL,Medium,12.5,"1,020"
pinnacle-Slc,Clearwater Campus,Rohan Mikhailov Travel,"May 1, 2026, 12:00 AM","May 31, 2026, 12:00 AM",3000483,4S-DSL,Medium,12.5,"1,040"
pinnacle-Slc,Oakmont Office,Pooja Mikhailov Travel,"May 1, 2026, 12:00 AM","May 31, 2026, 12:00 AM",3000484,4S-DSL,Medium,12.5,"1,060"
pinnacle-Slc,Clearwater Campus,Rohan Mikhailov Travel,"May 1, 2026, 12:00 AM","May 31, 2026, 12:00 AM",3000485,4S-DSL,Medium,12.5,"1,080"
pinnacle-Slc,Oakmont Office,Pooja Mikhailov Travel,"May 1, 2026, 12:00 AM","May 31, 2026, 12:00 AM",3000486,4S-DSL,Medium,12.5,"1,000"
pinnacle-Slc,Clearwater Campus,Rohan Mikhailov Travel,"May 1, 2026, 12:00 AM","May 31, 2026, 12:00 AM",3000487,4S-DSL,Medium,12.5,"1,020"
pinnacle-Slc,Oakmont Office,Pooja Mikhailov Travel,"May 1, 2026, 12:00 AM","May 31, 2026, 12:00 AM",3000488,4S-DSL,Medium,12.5,"1,040"
pinnacle-Slc,Clearwater Campus,Rohan Mikhailov Travel,"May 1, 2026, 12:00 AM","May 31, 2026, 12:00 AM",3000489,4S-DSL,Medium,12.5,"1,060"
pinnacle-Slc,Oakmont Office,Pooja Mikhailov Travel,"May 1, 2026, 12:00 AM","May 31, 2026, 12:00 AM",3000490,4S-DSL,Medium,12.5,"1,080"
pinnacle-Slc,Clearwater Campus,Rohan Mikhailov Travel,"May 1, 2026, 12:00 AM","May 31, 2026, 12:00 AM",3000491,4S-DSL,Medium,12.5,"1,000"
pinnacle-Slc,Oakmont Office,Pooja Mikhailov Travel,"May 1, 2026, 12:00 AM","May 31, 2026, 12:00 AM",3000492,4S-DSL,Medium,12.5,"1,020"
pinnacle-Slc,Clearwater Campus,Rohan Mikhailov Travel,"May 1, 2026, 12:00 AM","May 31, 2026, 12:00 AM",3000493,4S-DSL,Medium,12.5,"1,040"
pinnacle-Slc,Oakmont Office,Pooja Mikhailov Travel,"May 1, 2026, 12:00 AM","May 31, 2026, 12:00 AM",3000494,4S-DSL,Medium,12.5,"1,060"
pinnacle-Slc,Clearwater Campus,Rohan Mikhailov Travel,"May 1, 2026, 12:00 AM","May 31, 2026, 12:00 AM",3000495,4S-DSL,Medium,12.5,"1,080"
pinnacle-Slc,Oakmont Office,Pooja Mikhailov Travel,"May 1, 2026, 12:00 AM","May 31, 2026, 12:00 AM",3000496,4S-DSL,Medium,12.5,"1,000"
pinnacle-Slc,Clearwater Campus,Rohan Mikhailov Travel,"May 1, 2026, 12:00 AM","May 31, 2026, 12:00 AM",3000497,4S-DSL,Medium,12.5,"1,020"
pinnacle-Slc,Oakmont Office,Pooja Mikhailov Travel,"May 1, 2026, 12:00 AM","May 31, 2026, 12:00 AM",3000498,4S-DSL,Medium,12.5,"1,040"
pinnacle-Slc,Clearwater Campus,Rohan Mikhailov Travel,"May 1, 2026, 12:00 AM","May 31, 2026, 12:00 AM",3000499,4S-DSL,Medium,12.5,"1,060"
pinnacle-Slc,Oakmont Office,Pooja Mikhailov Travel,"May 1, 2026, 12:00 AM","May 31, 2026, 12:00 AM",3000500,4S-DSL,Medium,12.5,"1,080"
orbit-Slc,Eastgate Office,Rohan Mikhailov Travel,"May 1, 2026, 12:00 AM","May 15, 2026, 12:00 AM",1200620,BUS-12,,0,"1,170"
orbit-Slc,Eastgate Office,Rohan Mikhailov Travel,"May 1, 2026, 12:00 AM","May 15, 2026, 12:00 AM",1200621,BUS-12,,0,"1,170"
orbit-Slc,Eastgate Office,Rohan Mikhailov Travel,"May 1, 2026, 12:00 AM","May 15, 2026, 12:00 AM",1200622,BUS-12,,0,"1,170"
orbit-Slc,Eastgate Office,Rohan Mikhailov Travel,"May 1, 2026, 12:00 AM","May 15, 2026, 12:00 AM",1200623,BUS-12,,0,"1,170"
orbit-Slc,Eastgate Office,Rohan Mikhailov Travel,"May 1, 2026, 12:00 AM","May 15, 2026, 12:00 AM",1200624,BUS-12,,0,"1,170"
pinnacle-Slc,Clearwater Campus,Rohan Mikhailov Travel,"May 1, 2026, 12:00 AM","May 31, 2026, 12:00 AM",3000501,4S-DSL,Medium,12.5,"1,000"
pinnacle-Slc,Oakmont Office,Pooja Mikhailov Travel,"May 1, 2026, 12:00 AM","May 31, 2026, 12:00 AM",3000502,4S-DSL,Medium,12.5,"1,020"
pinnacle-Slc,Clearwater Campus,Rohan Mikhailov Travel,"May 1, 2026, 12:00 AM","May 31, 2026, 12:00 AM",3000503,4S-DSL,Medium,12.5,"1,040"
pinnacle-Slc,Oakmont Office,Pooja Mikhailov Travel,"May 1, 2026, 12:00 AM","May 31, 2026, 12:00 AM",3000504,4S-DSL,Medium,12.5,"1,060"
pinnacle-Slc,Clearwater Campus,Rohan Mikhailov Travel,"May 1, 2026, 12:00 AM","May 31, 2026, 12:00 AM",3000505,4S-DSL,Medium,12.5,"1,080"
pinnacle-Slc,Oakmont Office,Pooja Mikhailov Travel,"May 1, 2026, 12:00 AM","May 31, 2026, 12:00 AM",3000506,4S-DSL,Medium,12.5,"1,000"
pinnacle-Slc,Clearwater Campus,Rohan Mikhailov Travel,"May 1, 2026, 12:00 AM","May 31, 2026, 12:00 AM",3000507,4S-DSL,Medium,12.5,"1,020"
pinnacle-Slc,Oakmont Office,Pooja Mikhailov Travel,"May 1, 2026, 12:00 AM","May 31, 2026, 12:00 AM",3000508,4S-DSL,Medium,12.5,"1,040"
pinnacle-Slc,Clearwater Campus,Rohan Mikhailov Travel,"May 1, 2026, 12:00 AM","May 31, 2026, 12:00 AM",3000509,4S-DSL,Medium,12.5,"1,060"
pinnacle-Slc,Oakmont Office,Pooja Mikhailov Travel,"May 1, 2026, 12:00 AM","May 31, 2026, 12:00 AM",3000510,4S-DSL,Medium,12.5,"1,080"
pinnacle-Slc,Clearwater Campus,Rohan Mikhailov Travel,"May 1, 2026, 12:00 AM","May 31, 2026, 12:00 AM",3000511,4S-DSL,Medium,12.5,"1,000"
pinnacle-Slc,Oakmont Office,Pooja Mikhailov Travel,"May 1, 2026, 12:00 AM","May 31, 2026, 12:00 AM",3000512,4S-DSL,Medium,12.5,"1,020"
pinnacle-Slc,Clearwater Campus,Rohan Mikhailov Travel,"May 1, 2026, 12:00 AM","May 31, 2026, 12:00 AM",3000513,4S-DSL,Medium,12.5,"1,040"
pinnacle-Slc,Oakmont Office,Pooja Mikhailov Travel,"May 1, 2026, 12:00 AM","May 31, 2026, 12:00 AM",3000514,4S-DSL,Medium,12.5,"1,060"
pinnacle-Slc,Clearwater Campus,Rohan Mikhailov Travel,"May 1, 2026, 12:00 AM","May 31, 2026, 12:00 AM",3000515,4S-DSL,Medium,12.5,"1,080"
pinnacle-Slc,Oakmont Office,Pooja Mikhailov Travel,"May 1, 2026, 12:00 AM","May 31, 2026, 12:00 AM",3000516,4S-DSL,Medium,12.5,"1,000"
pinnacle-Slc,Clearwater Campus,Rohan Mikhailov Travel,"May 1, 2026, 12:00 AM","May 31, 2026, 12:00 AM",3000517,4S-DSL,Medium,12.5,"1,020"
pinnacle-Slc,Oakmont Office,Pooja Mikhailov Travel,"May 1, 2026, 12:00 AM","May 31, 2026, 12:00 AM",3000518,4S-DSL,Medium,12.5,"1,040"
pinnacle-Slc,Clearwater Campus,Rohan Mikhailov Travel,"May 1, 2026, 12:00 AM","May 31, 2026, 12:00 AM",3000519,4S-DSL,Medium,12.5,"1,060"
pinnacle-Slc,Oakmont Office,Pooja Mikhailov Travel,"May 1, 2026, 12:00 AM","May 31, 2026, 12:00 AM",3000520,4S-DSL,Medium,12.5,"1,080"
orbit-Slc,Eastgate Office,Rohan Mikhailov Travel,"May 1, 2026, 12:00 AM","May 15, 2026, 12:00 AM",1200645,BUS-12,,0,"1,170"
orbit-Slc,Eastgate Office,Rohan Mikhailov Travel,"May 1, 2026, 12:00 AM","May 15, 2026, 12:00 AM",1200646,BUS-12,,0,"1,170"
orbit-Slc,Eastgate Office,Rohan Mikhailov Travel,"May 1, 2026, 12:00 AM","May 15, 2026, 12:00 AM",1200647,BUS-12,,0,"1,170"
orbit-Slc,Eastgate Office,Rohan Mikhailov Travel,"May 1, 2026, 12:00 AM","May 15, 2026, 12:00 AM",1200648,BUS-12,,0,"1,170"
orbit-Slc,Eastgate Office,Rohan Mikhailov Travel,"May 1, 2026, 12:00 AM","May 15, 2026, 12:00 AM",1200649,BUS-12,,0,"1,170"
pinnacle-Slc,Clearwater Campus,Rohan Mikhailov Travel,"May 1, 2026, 12:00 AM","May 31, 2026, 12:00 AM",3000521,4S-DSL,Medium,12.5,"1,000"
pinnacle-Slc,Oakmont Office,Pooja Mikhailov Travel,"May 1, 2026, 12:00 AM","May 31, 2026, 12:00 AM",3000522,4S-DSL,Medium,12.5,"1,020"
pinnacle-Slc,Clearwater Campus,Rohan Mikhailov Travel,"May 1, 2026, 12:00 AM","May 31, 2026, 12:00 AM",3000523,4S-DSL,Medium,12.5,"1,040"
pinnacle-Slc,Oakmont Office,Pooja Mikhailov Travel,"May 1, 2026, 12:00 AM","May 31, 2026, 12:00 AM",3000524,4S-DSL,Medium,12.5,"1,060"
pinnacle-Slc,Clearwater Campus,Rohan Mikhailov Travel,"May 1, 2026, 12:00 AM","May 31, 2026, 12:00 AM",3000525,4S-DSL,Medium,12.5,"1,080"
pinnacle-Slc,Oakmont Office,Pooja Mikhailov Travel,"May 1, 2026, 12:00 AM","May 31, 2026, 12:00 AM",3000526,4S-DSL,Medium,12.5,"1,000"
pinnacle-Slc,Clearwater Campus,Rohan Mikhailov Travel,"May 1, 2026, 12:00 AM","May 31, 2026, 12:00 AM",3000527,4S-DSL,Medium,12.5,"1,020"
pinnacle-Slc,Oakmont Office,Pooja Mikhailov Travel,"May 1, 2026, 12:00 AM","May 31, 2026, 12:00 AM",3000528,4S-DSL,Medium,12.5,"1,040"
pinnacle-Slc,Clearwater Campus,Rohan Mikhailov Travel,"May 1, 2026, 12:00 AM","May 31, 2026, 12:00 AM",3000529,4S-DSL,Medium,12.5,"1,060"
pinnacle-Slc,Oakmont Office,Pooja Mikhailov Travel,"May 1, 2026, 12:00 AM","May 31, 2026, 12:00 AM",3000530,4S-DSL,Medium,12.5,"1,080"
pinnacle-Slc,Clearwater Campus,Rohan Mikhailov Travel,"May 1, 2026, 12:00 AM","May 31, 2026, 12:00 AM",3000531,4S-DSL,Medium,12.5,"1,000"
pinnacle-Slc,Oakmont Office,Pooja Mikhailov Travel,"May 1, 2026, 12:00 AM","May 31, 2026, 12:00 AM",3000532,4S-DSL,Medium,12.5,"1,020"
pinnacle-Slc,Clearwater Campus,Rohan Mikhailov Travel,"May 1, 2026, 12:00 AM","May 31, 2026, 12:00 AM",3000533,4S-DSL,Medium,12.5,"1,040"
pinnacle-Slc,Oakmont Office,Pooja Mikhailov Travel,"May 1, 2026, 12:00 AM","May 31, 2026, 12:00 AM",3000534,4S-DSL,Medium,12.5,"1,060"
pinnacle-Slc,Clearwater Campus,Rohan Mikhailov Travel,"May 1, 2026, 12:00 AM","May 31, 2026, 12:00 AM",3000535,4S-DSL,Medium,12.5,"1,080"
pinnacle-Slc,Oakmont Office,Pooja Mikhailov Travel,"May 1, 2026, 12:00 AM","May 31, 2026, 12:00 AM",3000536,4S-DSL,Medium,12.5,"1,000"
pinnacle-Slc,Clearwater Campus,Rohan Mikhailov Travel,"May 1, 2026, 12:00 AM","May 31, 2026, 12:00 AM",3000537,4S-DSL,Medium,12.5,"1,020"
pinnacle-Slc,Oakmont Office,Pooja Mikhailov Travel,"May 1, 2026, 12:00 AM","May 31, 2026, 12:00 AM",3000538,4S-DSL,Medium,12.5,"1,040"
pinnacle-Slc,Clearwater Campus,Rohan Mikhailov Travel,"May 1, 2026, 12:00 AM","May 31, 2026, 12:00 AM",3000539,4S-DSL,Medium,12.5,"1,060"
pinnacle-Slc,Oakmont Office,Pooja Mikhailov Travel,"May 1, 2026, 12:00 AM","May 31, 2026, 12:00 AM",3000540,4S-DSL,Medium,12.5,"1,080"
orbit-Slc,Eastgate Office,Rohan Mikhailov Travel,"May 1, 2026, 12:00 AM","May 15, 2026, 12:00 AM",1200670,BUS-12,,0,"1,170"
orbit-Slc,Eastgate Office,Rohan Mikhailov Travel,"May 1, 2026, 12:00 AM","May 15, 2026, 12:00 AM",1200671,BUS-12,,0,"1,170"
orbit-Slc,Eastgate Office,Rohan Mikhailov Travel,"May 1, 2026, 12:00 AM","May 15, 2026, 12:00 AM",1200672,BUS-12,,0,"1,170"
orbit-Slc,Eastgate Office,Rohan Mikhailov Travel,"May 1, 2026, 12:00 AM","May 15, 2026, 12:00 AM",1200673,BUS-12,,0,"1,170"
orbit-Slc,Eastgate Office,Rohan Mikhailov Travel,"May 1, 2026, 12:00 AM","May 15, 2026, 12:00 AM",1200674,BUS-12,,0,"1,170"
pinnacle-Slc,Clearwater Campus,Rohan Mikhailov Travel,"May 1, 2026, 12:00 AM","May 31, 2026, 12:00 AM",3000541,4S-DSL,Medium,12.5,"1,000"
pinnacle-Slc,Oakmont Office,Pooja Mikhailov Travel,"May 1, 2026, 12:00 AM","May 31, 2026, 12:00 AM",3000542,4S-DSL,Medium,12.5,"1,020"
pinnacle-Slc,Clearwater Campus,Rohan Mikhailov Travel,"May 1, 2026, 12:00 AM","May 31, 2026, 12:00 AM",3000543,4S-DSL,Medium,12.5,"1,040"
pinnacle-Slc,Oakmont Office,Pooja Mikhailov Travel,"May 1, 2026, 12:00 AM","May 31, 2026, 12:00 AM",3000544,4S-DSL,Medium,12.5,"1,060"
pinnacle-Slc,Clearwater Campus,Rohan Mikhailov Travel,"May 1, 2026, 12:00 AM","May 31, 2026, 12:00 AM",3000545,4S-DSL,Medium,12.5,"1,080"
pinnacle-Slc,Oakmont Office,Pooja Mikhailov Travel,"May 1, 2026, 12:00 AM","May 31, 2026, 12:00 AM",3000546,4S-DSL,Medium,12.5,"1,000"
pinnacle-Slc,Clearwater Campus,Rohan Mikhailov Travel,"May 1, 2026, 12:00 AM","May 31, 2026, 12:00 AM",3000547,4S-DSL,Medium,12.5,"1,020"
pinnacle-Slc,Oakmont Office,Pooja Mikhailov Travel,"May 1, 2026, 12:00 AM","May 31, 2026, 12:00 AM",3000548,4S-DSL,Medium,12.5,"1,040"
pinnacle-Slc,Clearwater Campus,Rohan Mikhailov Travel,"May 1, 2026, 12:00 AM","May 31, 2026, 12:00 AM",3000549,4S-DSL,Medium,12.5,"1,060"
pinnacle-Slc,Oakmont Office,Pooja Mikhailov Travel,"May 1, 2026, 12:00 AM","May 31, 2026, 12:00 AM",3000550,4S-DSL,Medium,12.5,"1,080"
pinnacle-Slc,Clearwater Campus,Rohan Mikhailov Travel,"May 1, 2026, 12:00 AM","May 31, 2026, 12:00 AM",3000551,4S-DSL,Medium,12.5,"1,000"
pinnacle-Slc,Oakmont Office,Pooja Mikhailov Travel,"May 1, 2026, 12:00 AM","May 31, 2026, 12:00 AM",3000552,4S-DSL,Medium,12.5,"1,020"
pinnacle-Slc,Clearwater Campus,Rohan Mikhailov Travel,"May 1, 2026, 12:00 AM","May 31, 2026, 12:00 AM",3000553,4S-DSL,Medium,12.5,"1,040"
pinnacle-Slc,Oakmont Office,Pooja Mikhailov Travel,"May 1, 2026, 12:00 AM","May 31, 2026, 12:00 AM",3000554,4S-DSL,Medium,12.5,"1,060"
pinnacle-Slc,Clearwater Campus,Rohan Mikhailov Travel,"May 1, 2026, 12:00 AM","May 31, 2026, 12:00 AM",3000555,4S-DSL,Medium,12.5,"1,080"
pinnacle-Slc,Oakmont Office,Pooja Mikhailov Travel,"May 1, 2026, 12:00 AM","May 31, 2026, 12:00 AM",3000556,4S-DSL,Medium,12.5,"1,000"
pinnacle-Slc,Clearwater Campus,Rohan Mikhailov Travel,"May 1, 2026, 12:00 AM","May 31, 2026, 12:00 AM",3000557,4S-DSL,Medium,12.5,"1,020"
pinnacle-Slc,Oakmont Office,Pooja Mikhailov Travel,"May 1, 2026, 12:00 AM","May 31, 2026, 12:00 AM",3000558,4S-DSL,Medium,12.5,"1,040"
pinnacle-Slc,Clearwater Campus,Rohan Mikhailov Travel,"May 1, 2026, 12:00 AM","May 31, 2026, 12:00 AM",3000559,4S-DSL,Medium,12.5,"1,060"
pinnacle-Slc,Oakmont Office,Pooja Mikhailov Travel,"May 1, 2026, 12:00 AM","May 31, 2026, 12:00 AM",3000560,4S-DSL,Medium,12.5,"1,080"
orbit-Slc,Eastgate Office,Rohan Mikhailov Travel,"May 1, 2026, 12:00 AM","May 15, 2026, 12:00 AM",1200695,BUS-12,,0,"1,170"
orbit-Slc,Eastgate Office,Rohan Mikhailov Travel,"May 1, 2026, 12:00 AM","May 15, 2026, 12:00 AM",1200696,BUS-12,,0,"1,170"
orbit-Slc,Eastgate Office,Rohan Mikhailov Travel,"May 1, 2026, 12:00 AM","May 15, 2026, 12:00 AM",1200697,BUS-12,,0,"1,170"
orbit-Slc,Eastgate Office,Rohan Mikhailov Travel,"May 1, 2026, 12:00 AM","May 15, 2026, 12:00 AM",1200698,BUS-12,,0,"1,170"
orbit-Slc,Eastgate Office,Rohan Mikhailov Travel,"May 1, 2026, 12:00 AM","May 15, 2026, 12:00 AM",1200699,BUS-12,,0,"1,170"
pinnacle-Slc,Clearwater Campus,Rohan Mikhailov Travel,"June 1, 2026, 12:00 AM","June 30, 2026, 12:00 AM",3000561,4S-DSL,Medium,12.5,"1,000"
pinnacle-Slc,Clearwater Campus,Rohan Mikhailov Travel,"June 1, 2026, 12:00 AM","June 30, 2026, 12:00 AM",3000561,4S-DSL,Medium,12.5,"1,000"
pinnacle-Slc,Oakmont Office,Pooja Mikhailov Travel,"June 1, 2026, 12:00 AM","June 30, 2026, 12:00 AM",3000562,4S-DSL,Medium,12.5,"1,020"
pinnacle-Slc,Clearwater Campus,Rohan Mikhailov Travel,"June 1, 2026, 12:00 AM","June 30, 2026, 12:00 AM",3000563,4S-DSL,Medium,12.5,"1,040"
pinnacle-Slc,Oakmont Office,Pooja Mikhailov Travel,"June 1, 2026, 12:00 AM","June 30, 2026, 12:00 AM",3000564,4S-DSL,Medium,12.5,"1,060"
pinnacle-Slc,Clearwater Campus,Rohan Mikhailov Travel,"June 1, 2026, 12:00 AM","June 30, 2026, 12:00 AM",3000565,4S-DSL,Medium,12.5,"1,080"
pinnacle-Slc,Oakmont Office,Pooja Mikhailov Travel,"June 1, 2026, 12:00 AM","June 30, 2026, 12:00 AM",3000566,4S-DSL,Medium,12.5,"1,000"
pinnacle-Slc,Clearwater Campus,Rohan Mikhailov Travel,"June 1, 2026, 12:00 AM","June 30, 2026, 12:00 AM",3000567,4S-DSL,Medium,12.5,"1,020"
pinnacle-Slc,Oakmont Office,Pooja Mikhailov Travel,"June 1, 2026, 12:00 AM","June 30, 2026, 12:00 AM",3000568,4S-DSL,Medium,12.5,"1,040"
pinnacle-Slc,Clearwater Campus,Rohan Mikhailov Travel,"June 1, 2026, 12:00 AM","June 30, 2026, 12:00 AM",3000569,4S-DSL,Medium,12.5,"1,060"
pinnacle-Slc,Oakmont Office,Pooja Mikhailov Travel,"June 1, 2026, 12:00 AM","June 30, 2026, 12:00 AM",3000570,4S-DSL,Medium,12.5,"1,080"
pinnacle-Slc,Clearwater Campus,Rohan Mikhailov Travel,"June 1, 2026, 12:00 AM","June 30, 2026, 12:00 AM",3000571,4S-DSL,Medium,12.5,"1,000"
pinnacle-Slc,Oakmont Office,Pooja Mikhailov Travel,"June 1, 2026, 12:00 AM","June 30, 2026, 12:00 AM",3000572,4S-DSL,Medium,12.5,"1,020"
pinnacle-Slc,Clearwater Campus,Rohan Mikhailov Travel,"June 1, 2026, 12:00 AM","June 30, 2026, 12:00 AM",3000573,4S-DSL,Medium,12.5,"1,040"
pinnacle-Slc,Oakmont Office,Pooja Mikhailov Travel,"June 1, 2026, 12:00 AM","June 30, 2026, 12:00 AM",3000574,4S-DSL,Medium,12.5,"1,060"
pinnacle-Slc,Clearwater Campus,Rohan Mikhailov Travel,"June 1, 2026, 12:00 AM","June 30, 2026, 12:00 AM",3000575,4S-DSL,Medium,12.5,"1,080"
pinnacle-Slc,Oakmont Office,Pooja Mikhailov Travel,"June 1, 2026, 12:00 AM","June 30, 2026, 12:00 AM",3000576,4S-DSL,Medium,12.5,"1,000"
pinnacle-Slc,Clearwater Campus,Rohan Mikhailov Travel,"June 1, 2026, 12:00 AM","June 30, 2026, 12:00 AM",3000577,4S-DSL,Medium,12.5,"1,020"
pinnacle-Slc,Oakmont Office,Pooja Mikhailov Travel,"June 1, 2026, 12:00 AM","June 30, 2026, 12:00 AM",3000578,4S-DSL,Medium,12.5,"1,040"
pinnacle-Slc,Clearwater Campus,Rohan Mikhailov Travel,"June 1, 2026, 12:00 AM","June 30, 2026, 12:00 AM",3000579,4S-DSL,Medium,12.5,"1,060"
pinnacle-Slc,Oakmont Office,Pooja Mikhailov Travel,"June 1, 2026, 12:00 AM","June 30, 2026, 12:00 AM",3000580,4S-DSL,Medium,12.5,"1,080"
orbit-Slc,Eastgate Office,Rohan Mikhailov Travel,"June 1, 2026, 12:00 AM","June 15, 2026, 12:00 AM",1200720,BUS-12,,0,"1,170"
orbit-Slc,Eastgate Office,Rohan Mikhailov Travel,"June 1, 2026, 12:00 AM","June 15, 2026, 12:00 AM",1200721,BUS-12,,0,"1,170"
orbit-Slc,Eastgate Office,Rohan Mikhailov Travel,"June 1, 2026, 12:00 AM","June 15, 2026, 12:00 AM",1200722,BUS-12,,0,"1,170"
orbit-Slc,Eastgate Office,Rohan Mikhailov Travel,"June 1, 2026, 12:00 AM","June 15, 2026, 12:00 AM",1200723,BUS-12,,0,"1,170"
orbit-Slc,Eastgate Office,Rohan Mikhailov Travel,"June 1, 2026, 12:00 AM","June 15, 2026, 12:00 AM",1200724,BUS-12,,0,"1,170"
pinnacle-Slc,Clearwater Campus,Rohan Mikhailov Travel,"June 1, 2026, 12:00 AM","June 30, 2026, 12:00 AM",3000581,4S-DSL,Medium,12.5,"1,000"
pinnacle-Slc,Clearwater Campus,Rohan Mikhailov Travel,"June 1, 2026, 12:00 AM","June 30, 2026, 12:00 AM",3000581,4S-DSL,Medium,12.5,"1,000"
pinnacle-Slc,Oakmont Office,Pooja Mikhailov Travel,"June 1, 2026, 12:00 AM","June 30, 2026, 12:00 AM",3000582,4S-DSL,Medium,12.5,"1,020"
pinnacle-Slc,Clearwater Campus,Rohan Mikhailov Travel,"June 1, 2026, 12:00 AM","June 30, 2026, 12:00 AM",3000583,4S-DSL,Medium,12.5,"1,040"
pinnacle-Slc,Oakmont Office,Pooja Mikhailov Travel,"June 1, 2026, 12:00 AM","June 30, 2026, 12:00 AM",3000584,4S-DSL,Medium,12.5,"1,060"
pinnacle-Slc,Clearwater Campus,Rohan Mikhailov Travel,"June 1, 2026, 12:00 AM","June 30, 2026, 12:00 AM",3000585,4S-DSL,Medium,12.5,"1,080"
pinnacle-Slc,Oakmont Office,Pooja Mikhailov Travel,"June 1, 2026, 12:00 AM","June 30, 2026, 12:00 AM",3000586,4S-DSL,Medium,12.5,"1,000"
pinnacle-Slc,Clearwater Campus,Rohan Mikhailov Travel,"June 1, 2026, 12:00 AM","June 30, 2026, 12:00 AM",3000587,4S-DSL,Medium,12.5,"1,020"
pinnacle-Slc,Oakmont Office,Pooja Mikhailov Travel,"June 1, 2026, 12:00 AM","June 30, 2026, 12:00 AM",3000588,4S-DSL,Medium,12.5,"1,040"
pinnacle-Slc,Clearwater Campus,Rohan Mikhailov Travel,"June 1, 2026, 12:00 AM","June 30, 2026, 12:00 AM",3000589,4S-DSL,Medium,12.5,"1,060"
pinnacle-Slc,Oakmont Office,Pooja Mikhailov Travel,"June 1, 2026, 12:00 AM","June 30, 2026, 12:00 AM",3000590,4S-DSL,Medium,12.5,"1,080"
pinnacle-Slc,Clearwater Campus,Rohan Mikhailov Travel,"June 1, 2026, 12:00 AM","June 30, 2026, 12:00 AM",3000591,4S-DSL,Medium,12.5,"1,000"
pinnacle-Slc,Oakmont Office,Pooja Mikhailov Travel,"June 1, 2026, 12:00 AM","June 30, 2026, 12:00 AM",3000592,4S-DSL,Medium,12.5,"1,020"
pinnacle-Slc,Clearwater Campus,Rohan Mikhailov Travel,"June 1, 2026, 12:00 AM","June 30, 2026, 12:00 AM",3000593,4S-DSL,Medium,12.5,"1,040"
pinnacle-Slc,Oakmont Office,Pooja Mikhailov Travel,"June 1, 2026, 12:00 AM","June 30, 2026, 12:00 AM",3000594,4S-DSL,Medium,12.5,"1,060"
pinnacle-Slc,Clearwater Campus,Rohan Mikhailov Travel,"June 1, 2026, 12:00 AM","June 30, 2026, 12:00 AM",3000595,4S-DSL,Medium,12.5,"1,080"
pinnacle-Slc,Oakmont Office,Pooja Mikhailov Travel,"June 1, 2026, 12:00 AM","June 30, 2026, 12:00 AM",3000596,4S-DSL,Medium,12.5,"1,000"
pinnacle-Slc,Clearwater Campus,Rohan Mikhailov Travel,"June 1, 2026, 12:00 AM","June 30, 2026, 12:00 AM",3000597,4S-DSL,Medium,12.5,"1,020"
pinnacle-Slc,Oakmont Office,Pooja Mikhailov Travel,"June 1, 2026, 12:00 AM","June 30, 2026, 12:00 AM",3000598,4S-DSL,Medium,12.5,"1,040"
pinnacle-Slc,Clearwater Campus,Rohan Mikhailov Travel,"June 1, 2026, 12:00 AM","June 30, 2026, 12:00 AM",3000599,4S-DSL,Medium,12.5,"1,060"
pinnacle-Slc,Oakmont Office,Pooja Mikhailov Travel,"June 1, 2026, 12:00 AM","June 30, 2026, 12:00 AM",3000600,4S-DSL,Medium,12.5,"1,080"
orbit-Slc,Eastgate Office,Rohan Mikhailov Travel,"June 1, 2026, 12:00 AM","June 15, 2026, 12:00 AM",1200745,BUS-12,,0,"1,170"
orbit-Slc,Eastgate Office,Rohan Mikhailov Travel,"June 1, 2026, 12:00 AM","June 15, 2026, 12:00 AM",1200746,BUS-12,,0,"1,170"
orbit-Slc,Eastgate Office,Rohan Mikhailov Travel,"June 1, 2026, 12:00 AM","June 15, 2026, 12:00 AM",1200747,BUS-12,,0,"1,170"
orbit-Slc,Eastgate Office,Rohan Mikhailov Travel,"June 1, 2026, 12:00 AM","June 15, 2026, 12:00 AM",1200748,BUS-12,,0,"1,170"
orbit-Slc,Eastgate Office,Rohan Mikhailov Travel,"June 1, 2026, 12:00 AM","June 15, 2026, 12:00 AM",1200749,BUS-12,,0,"1,170"
pinnacle-Slc,Clearwater Campus,Rohan Mikhailov Travel,"June 1, 2026, 12:00 AM","June 30, 2026, 12:00 AM",3000601,4S-DSL,Medium,12.5,"1,000"
pinnacle-Slc,Clearwater Campus,Rohan Mikhailov Travel,"June 1, 2026, 12:00 AM","June 30, 2026, 12:00 AM",3000601,4S-DSL,Medium,12.5,"1,000"
pinnacle-Slc,Oakmont Office,Pooja Mikhailov Travel,"June 1, 2026, 12:00 AM","June 30, 2026, 12:00 AM",3000602,4S-DSL,Medium,12.5,"1,020"
pinnacle-Slc,Clearwater Campus,Rohan Mikhailov Travel,"June 1, 2026, 12:00 AM","June 30, 2026, 12:00 AM",3000603,4S-DSL,Medium,12.5,"1,040"
pinnacle-Slc,Oakmont Office,Pooja Mikhailov Travel,"June 1, 2026, 12:00 AM","June 30, 2026, 12:00 AM",3000604,4S-DSL,Medium,12.5,"1,060"
pinnacle-Slc,Clearwater Campus,Rohan Mikhailov Travel,"June 1, 2026, 12:00 AM","June 30, 2026, 12:00 AM",3000605,4S-DSL,Medium,12.5,"1,080"
pinnacle-Slc,Oakmont Office,Pooja Mikhailov Travel,"June 1, 2026, 12:00 AM","June 30, 2026, 12:00 AM",3000606,4S-DSL,Medium,12.5,"1,000"
pinnacle-Slc,Clearwater Campus,Rohan Mikhailov Travel,"June 1, 2026, 12:00 AM","June 30, 2026, 12:00 AM",3000607,4S-DSL,Medium,12.5,"1,020"
pinnacle-Slc,Oakmont Office,Pooja Mikhailov Travel,"June 1, 2026, 12:00 AM","June 30, 2026, 12:00 AM",3000608,4S-DSL,Medium,12.5,"1,040"
pinnacle-Slc,Clearwater Campus,Rohan Mikhailov Travel,"June 1, 2026, 12:00 AM","June 30, 2026, 12:00 AM",3000609,4S-DSL,Medium,12.5,"1,060"
pinnacle-Slc,Oakmont Office,Pooja Mikhailov Travel,"June 1, 2026, 12:00 AM","June 30, 2026, 12:00 AM",3000610,4S-DSL,Medium,12.5,"1,080"
pinnacle-Slc,Clearwater Campus,Rohan Mikhailov Travel,"June 1, 2026, 12:00 AM","June 30, 2026, 12:00 AM",3000611,4S-DSL,Medium,12.5,"1,000"
pinnacle-Slc,Oakmont Office,Pooja Mikhailov Travel,"June 1, 2026, 12:00 AM","June 30, 2026, 12:00 AM",3000612,4S-DSL,Medium,12.5,"1,020"
pinnacle-Slc,Clearwater Campus,Rohan Mikhailov Travel,"June 1, 2026, 12:00 AM","June 30, 2026, 12:00 AM",3000613,4S-DSL,Medium,12.5,"1,040"
pinnacle-Slc,Oakmont Office,Pooja Mikhailov Travel,"June 1, 2026, 12:00 AM","June 30, 2026, 12:00 AM",3000614,4S-DSL,Medium,12.5,"1,060"
pinnacle-Slc,Clearwater Campus,Rohan Mikhailov Travel,"June 1, 2026, 12:00 AM","June 30, 2026, 12:00 AM",3000615,4S-DSL,Medium,12.5,"1,080"
pinnacle-Slc,Oakmont Office,Pooja Mikhailov Travel,"June 1, 2026, 12:00 AM","June 30, 2026, 12:00 AM",3000616,4S-DSL,Medium,12.5,"1,000"
pinnacle-Slc,Clearwater Campus,Rohan Mikhailov Travel,"June 1, 2026, 12:00 AM","June 30, 2026, 12:00 AM",3000617,4S-DSL,Medium,12.5,"1,020"
pinnacle-Slc,Oakmont Office,Pooja Mikhailov Travel,"June 1, 2026, 12:00 AM","June 30, 2026, 12:00 AM",3000618,4S-DSL,Medium,12.5,"1,040"
pinnacle-Slc,Clearwater Campus,Rohan Mikhailov Travel,"June 1, 2026, 12:00 AM","June 30, 2026, 12:00 AM",3000619,4S-DSL,Medium,12.5,"1,060"
pinnacle-Slc,Oakmont Office,Pooja Mikhailov Travel,"June 1, 2026, 12:00 AM","June 30, 2026, 12:00 AM",3000620,4S-DSL,Medium,12.5,"1,080"
orbit-Slc,Eastgate Office,Rohan Mikhailov Travel,"June 1, 2026, 12:00 AM","June 15, 2026, 12:00 AM",1200770,BUS-12,,0,"1,170"
orbit-Slc,Eastgate Office,Rohan Mikhailov Travel,"June 1, 2026, 12:00 AM","June 15, 2026, 12:00 AM",1200771,BUS-12,,0,"1,170"
orbit-Slc,Eastgate Office,Rohan Mikhailov Travel,"June 1, 2026, 12:00 AM","June 15, 2026, 12:00 AM",1200772,BUS-12,,0,"1,170"
orbit-Slc,Eastgate Office,Rohan Mikhailov Travel,"June 1, 2026, 12:00 AM","June 15, 2026, 12:00 AM",1200773,BUS-12,,0,"1,170"
orbit-Slc,Eastgate Office,Rohan Mikhailov Travel,"June 1, 2026, 12:00 AM","June 15, 2026, 12:00 AM",1200774,BUS-12,,0,"1,170"
pinnacle-Slc,Clearwater Campus,Rohan Mikhailov Travel,"June 1, 2026, 12:00 AM","June 30, 2026, 12:00 AM",3000621,4S-DSL,Medium,12.5,"1,000"
pinnacle-Slc,Clearwater Campus,Rohan Mikhailov Travel,"June 1, 2026, 12:00 AM","June 30, 2026, 12:00 AM",3000621,4S-DSL,Medium,12.5,"1,000"
pinnacle-Slc,Oakmont Office,Pooja Mikhailov Travel,"June 1, 2026, 12:00 AM","June 30, 2026, 12:00 AM",3000622,4S-DSL,Medium,12.5,"1,020"
pinnacle-Slc,Clearwater Campus,Rohan Mikhailov Travel,"June 1, 2026, 12:00 AM","June 30, 2026, 12:00 AM",3000623,4S-DSL,Medium,12.5,"1,040"
pinnacle-Slc,Oakmont Office,Pooja Mikhailov Travel,"June 1, 2026, 12:00 AM","June 30, 2026, 12:00 AM",3000624,4S-DSL,Medium,12.5,"1,060"
pinnacle-Slc,Clearwater Campus,Rohan Mikhailov Travel,"June 1, 2026, 12:00 AM","June 30, 2026, 12:00 AM",3000625,4S-DSL,Medium,12.5,"1,080"
pinnacle-Slc,Oakmont Office,Pooja Mikhailov Travel,"June 1, 2026, 12:00 AM","June 30, 2026, 12:00 AM",3000626,4S-DSL,Medium,12.5,"1,000"
pinnacle-Slc,Clearwater Campus,Rohan Mikhailov Travel,"June 1, 2026, 12:00 AM","June 30, 2026, 12:00 AM",3000627,4S-DSL,Medium,12.5,"1,020"
pinnacle-Slc,Oakmont Office,Pooja Mikhailov Travel,"June 1, 2026, 12:00 AM","June 30, 2026, 12:00 AM",3000628,4S-DSL,Medium,12.5,"1,040"
pinnacle-Slc,Clearwater Campus,Rohan Mikhailov Travel,"June 1, 2026, 12:00 AM","June 30, 2026, 12:00 AM",3000629,4S-DSL,Medium,12.5,"1,060"
pinnacle-Slc,Oakmont Office,Pooja Mikhailov Travel,"June 1, 2026, 12:00 AM","June 30, 2026, 12:00 AM",3000630,4S-DSL,Medium,12.5,"1,080"
pinnacle-Slc,Clearwater Campus,Rohan Mikhailov Travel,"June 1, 2026, 12:00 AM","June 30, 2026, 12:00 AM",3000631,4S-DSL,Medium,12.5,"1,000"
pinnacle-Slc,Oakmont Office,Pooja Mikhailov Travel,"June 1, 2026, 12:00 AM","June 30, 2026, 12:00 AM",3000632,4S-DSL,Medium,12.5,"1,020"
pinnacle-Slc,Clearwater Campus,Rohan Mikhailov Travel,"June 1, 2026, 12:00 AM","June 30, 2026, 12:00 AM",3000633,4S-DSL,Medium,12.5,"1,040"
pinnacle-Slc,Oakmont Office,Pooja Mikhailov Travel,"June 1, 2026, 12:00 AM","June 30, 2026, 12:00 AM",3000634,4S-DSL,Medium,12.5,"1,060"
pinnacle-Slc,Clearwater Campus,Rohan Mikhailov Travel,"June 1, 2026, 12:00 AM","June 30, 2026, 12:00 AM",3000635,4S-DSL,Medium,12.5,"1,080"
pinnacle-Slc,Oakmont Office,Pooja Mikhailov Travel,"June 1, 2026, 12:00 AM","June 30, 2026, 12:00 AM",3000636,4S-DSL,Medium,12.5,"1,000"
pinnacle-Slc,Clearwater Campus,Rohan Mikhailov Travel,"June 1, 2026, 12:00 AM","June 30, 2026, 12:00 AM",3000637,4S-DSL,Medium,12.5,"1,020"
pinnacle-Slc,Oakmont Office,Pooja Mikhailov Travel,"June 1, 2026, 12:00 AM","June 30, 2026, 12:00 AM",3000638,4S-DSL,Medium,12.5,"1,040"
pinnacle-Slc,Clearwater Campus,Rohan Mikhailov Travel,"June 1, 2026, 12:00 AM","June 30, 2026, 12:00 AM",3000639,4S-DSL,Medium,12.5,"1,060"
pinnacle-Slc,Oakmont Office,Pooja Mikhailov Travel,"June 1, 2026, 12:00 AM","June 30, 2026, 12:00 AM",3000640,4S-DSL,Medium,12.5,"1,080"
orbit-Slc,Eastgate Office,Rohan Mikhailov Travel,"June 1, 2026, 12:00 AM","June 15, 2026, 12:00 AM",1200795,BUS-12,,0,"1,170"
orbit-Slc,Eastgate Office,Rohan Mikhailov Travel,"June 1, 2026, 12:00 AM","June 15, 2026, 12:00 AM",1200796,BUS-12,,0,"1,170"
orbit-Slc,Eastgate Office,Rohan Mikhailov Travel,"June 1, 2026, 12:00 AM","June 15, 2026, 12:00 AM",1200797,BUS-12,,0,"1,170"
orbit-Slc,Eastgate Office,Rohan Mikhailov Travel,"June 1, 2026, 12:00 AM","June 15, 2026, 12:00 AM",1200798,BUS-12,,0,"1,170"
orbit-Slc,Eastgate Office,Rohan Mikhailov Travel,"June 1, 2026, 12:00 AM","June 15, 2026, 12:00 AM",1200799,BUS-12,,0,"1,170"
pinnacle-Slc,Clearwater Campus,Rohan Mikhailov Travel,"June 1, 2026, 12:00 AM","June 30, 2026, 12:00 AM",3000641,4S-DSL,Medium,12.5,"1,000"
pinnacle-Slc,Clearwater Campus,Rohan Mikhailov Travel,"June 1, 2026, 12:00 AM","June 30, 2026, 12:00 AM",3000641,4S-DSL,Medium,12.5,"1,000"
pinnacle-Slc,Oakmont Office,Pooja Mikhailov Travel,"June 1, 2026, 12:00 AM","June 30, 2026, 12:00 AM",3000642,4S-DSL,Medium,12.5,"1,020"
pinnacle-Slc,Clearwater Campus,Rohan Mikhailov Travel,"June 1, 2026, 12:00 AM","June 30, 2026, 12:00 AM",3000643,4S-DSL,Medium,12.5,"1,040"
pinnacle-Slc,Oakmont Office,Pooja Mikhailov Travel,"June 1, 2026, 12:00 AM","June 30, 2026, 12:00 AM",3000644,4S-DSL,Medium,12.5,"1,060"
pinnacle-Slc,Clearwater Campus,Rohan Mikhailov Travel,"June 1, 2026, 12:00 AM","June 30, 2026, 12:00 AM",3000645,4S-DSL,Medium,12.5,"1,080"
pinnacle-Slc,Oakmont Office,Pooja Mikhailov Travel,"June 1, 2026, 12:00 AM","June 30, 2026, 12:00 AM",3000646,4S-DSL,Medium,12.5,"1,000"
pinnacle-Slc,Clearwater Campus,Rohan Mikhailov Travel,"June 1, 2026, 12:00 AM","June 30, 2026, 12:00 AM",3000647,4S-DSL,Medium,12.5,"1,020"
pinnacle-Slc,Oakmont Office,Pooja Mikhailov Travel,"June 1, 2026, 12:00 AM","June 30, 2026, 12:00 AM",3000648,4S-DSL,Medium,12.5,"1,040"
pinnacle-Slc,Clearwater Campus,Rohan Mikhailov Travel,"June 1, 2026, 12:00 AM","June 30, 2026, 12:00 AM",3000649,4S-DSL,Medium,12.5,"1,060"
pinnacle-Slc,Oakmont Office,Pooja Mikhailov Travel,"June 1, 2026, 12:00 AM","June 30, 2026, 12:00 AM",3000650,4S-DSL,Medium,12.5,"1,080"
pinnacle-Slc,Clearwater Campus,Rohan Mikhailov Travel,"June 1, 2026, 12:00 AM","June 30, 2026, 12:00 AM",3000651,4S-DSL,Medium,12.5,"1,000"
pinnacle-Slc,Oakmont Office,Pooja Mikhailov Travel,"June 1, 2026, 12:00 AM","June 30, 2026, 12:00 AM",3000652,4S-DSL,Medium,12.5,"1,020"
pinnacle-Slc,Clearwater Campus,Rohan Mikhailov Travel,"June 1, 2026, 12:00 AM","June 30, 2026, 12:00 AM",3000653,4S-DSL,Medium,12.5,"1,040"
pinnacle-Slc,Oakmont Office,Pooja Mikhailov Travel,"June 1, 2026, 12:00 AM","June 30, 2026, 12:00 AM",3000654,4S-DSL,Medium,12.5,"1,060"
pinnacle-Slc,Clearwater Campus,Rohan Mikhailov Travel,"June 1, 2026, 12:00 AM","June 30, 2026, 12:00 AM",3000655,4S-DSL,Medium,12.5,"1,080"
pinnacle-Slc,Oakmont Office,Pooja Mikhailov Travel,"June 1, 2026, 12:00 AM","June 30, 2026, 12:00 AM",3000656,4S-DSL,Medium,12.5,"1,000"
pinnacle-Slc,Clearwater Campus,Rohan Mikhailov Travel,"June 1, 2026, 12:00 AM","June 30, 2026, 12:00 AM",3000657,4S-DSL,Medium,12.5,"1,020"
pinnacle-Slc,Oakmont Office,Pooja Mikhailov Travel,"June 1, 2026, 12:00 AM","June 30, 2026, 12:00 AM",3000658,4S-DSL,Medium,12.5,"1,040"
pinnacle-Slc,Clearwater Campus,Rohan Mikhailov Travel,"June 1, 2026, 12:00 AM","June 30, 2026, 12:00 AM",3000659,4S-DSL,Medium,12.5,"1,060"
pinnacle-Slc,Oakmont Office,Pooja Mikhailov Travel,"June 1, 2026, 12:00 AM","June 30, 2026, 12:00 AM",3000660,4S-DSL,Medium,12.5,"1,080"
orbit-Slc,Eastgate Office,Rohan Mikhailov Travel,"June 1, 2026, 12:00 AM","June 15, 2026, 12:00 AM",1200820,BUS-12,,0,"1,170"
orbit-Slc,Eastgate Office,Rohan Mikhailov Travel,"June 1, 2026, 12:00 AM","June 15, 2026, 12:00 AM",1200821,BUS-12,,0,"1,170"
orbit-Slc,Eastgate Office,Rohan Mikhailov Travel,"June 1, 2026, 12:00 AM","June 15, 2026, 12:00 AM",1200822,BUS-12,,0,"1,170"
orbit-Slc,Eastgate Office,Rohan Mikhailov Travel,"June 1, 2026, 12:00 AM","June 15, 2026, 12:00 AM",1200823,BUS-12,,0,"1,170"
orbit-Slc,Eastgate Office,Rohan Mikhailov Travel,"June 1, 2026, 12:00 AM","June 15, 2026, 12:00 AM",1200824,BUS-12,,0,"1,170"
pinnacle-Slc,Clearwater Campus,Rohan Mikhailov Travel,"June 1, 2026, 12:00 AM","June 30, 2026, 12:00 AM",3000661,4S-DSL,Medium,12.5,"1,000"
pinnacle-Slc,Clearwater Campus,Rohan Mikhailov Travel,"June 1, 2026, 12:00 AM","June 30, 2026, 12:00 AM",3000661,4S-DSL,Medium,12.5,"1,000"
pinnacle-Slc,Oakmont Office,Pooja Mikhailov Travel,"June 1, 2026, 12:00 AM","June 30, 2026, 12:00 AM",3000662,4S-DSL,Medium,12.5,"1,020"
pinnacle-Slc,Clearwater Campus,Rohan Mikhailov Travel,"June 1, 2026, 12:00 AM","June 30, 2026, 12:00 AM",3000663,4S-DSL,Medium,12.5,"1,040"
pinnacle-Slc,Oakmont Office,Pooja Mikhailov Travel,"June 1, 2026, 12:00 AM","June 30, 2026, 12:00 AM",3000664,4S-DSL,Medium,12.5,"1,060"
pinnacle-Slc,Clearwater Campus,Rohan Mikhailov Travel,"June 1, 2026, 12:00 AM","June 30, 2026, 12:00 AM",3000665,4S-DSL,Medium,12.5,"1,080"
pinnacle-Slc,Oakmont Office,Pooja Mikhailov Travel,"June 1, 2026, 12:00 AM","June 30, 2026, 12:00 AM",3000666,4S-DSL,Medium,12.5,"1,000"
pinnacle-Slc,Clearwater Campus,Rohan Mikhailov Travel,"June 1, 2026, 12:00 AM","June 30, 2026, 12:00 AM",3000667,4S-DSL,Medium,12.5,"1,020"
pinnacle-Slc,Oakmont Office,Pooja Mikhailov Travel,"June 1, 2026, 12:00 AM","June 30, 2026, 12:00 AM",3000668,4S-DSL,Medium,12.5,"1,040"
pinnacle-Slc,Clearwater Campus,Rohan Mikhailov Travel,"June 1, 2026, 12:00 AM","June 30, 2026, 12:00 AM",3000669,4S-DSL,Medium,12.5,"1,060"
pinnacle-Slc,Oakmont Office,Pooja Mikhailov Travel,"June 1, 2026, 12:00 AM","June 30, 2026, 12:00 AM",3000670,4S-DSL,Medium,12.5,"1,080"
pinnacle-Slc,Clearwater Campus,Rohan Mikhailov Travel,"June 1, 2026, 12:00 AM","June 30, 2026, 12:00 AM",3000671,4S-DSL,Medium,12.5,"1,000"
pinnacle-Slc,Oakmont Office,Pooja Mikhailov Travel,"June 1, 2026, 12:00 AM","June 30, 2026, 12:00 AM",3000672,4S-DSL,Medium,12.5,"1,020"
pinnacle-Slc,Clearwater Campus,Rohan Mikhailov Travel,"June 1, 2026, 12:00 AM","June 30, 2026, 12:00 AM",3000673,4S-DSL,Medium,12.5,"1,040"
pinnacle-Slc,Oakmont Office,Pooja Mikhailov Travel,"June 1, 2026, 12:00 AM","June 30, 2026, 12:00 AM",3000674,4S-DSL,Medium,12.5,"1,060"
pinnacle-Slc,Clearwater Campus,Rohan Mikhailov Travel,"June 1, 2026, 12:00 AM","June 30, 2026, 12:00 AM",3000675,4S-DSL,Medium,12.5,"1,080"
pinnacle-Slc,Oakmont Office,Pooja Mikhailov Travel,"June 1, 2026, 12:00 AM","June 30, 2026, 12:00 AM",3000676,4S-DSL,Medium,12.5,"1,000"
pinnacle-Slc,Clearwater Campus,Rohan Mikhailov Travel,"June 1, 2026, 12:00 AM","June 30, 2026, 12:00 AM",3000677,4S-DSL,Medium,12.5,"1,020"
pinnacle-Slc,Oakmont Office,Pooja Mikhailov Travel,"June 1, 2026, 12:00 AM","June 30, 2026, 12:00 AM",3000678,4S-DSL,Medium,12.5,"1,040"
pinnacle-Slc,Clearwater Campus,Rohan Mikhailov Travel,"June 1, 2026, 12:00 AM","June 30, 2026, 12:00 AM",3000679,4S-DSL,Medium,12.5,"1,060"
pinnacle-Slc,Oakmont Office,Pooja Mikhailov Travel,"June 1, 2026, 12:00 AM","June 30, 2026, 12:00 AM",3000680,4S-DSL,Medium,12.5,"1,080"
orbit-Slc,Eastgate Office,Rohan Mikhailov Travel,"June 1, 2026, 12:00 AM","June 15, 2026, 12:00 AM",1200845,BUS-12,,0,"1,170"
orbit-Slc,Eastgate Office,Rohan Mikhailov Travel,"June 1, 2026, 12:00 AM","June 15, 2026, 12:00 AM",1200846,BUS-12,,0,"1,170"
orbit-Slc,Eastgate Office,Rohan Mikhailov Travel,"June 1, 2026, 12:00 AM","June 15, 2026, 12:00 AM",1200847,BUS-12,,0,"1,170"
orbit-Slc,Eastgate Office,Rohan Mikhailov Travel,"June 1, 2026, 12:00 AM","June 15, 2026, 12:00 AM",1200848,BUS-12,,0,"1,170"
orbit-Slc,Eastgate Office,Rohan Mikhailov Travel,"June 1, 2026, 12:00 AM","June 15, 2026, 12:00 AM",1200849,BUS-12,,0,"1,170"
pinnacle-Slc,Clearwater Campus,Rohan Mikhailov Travel,"June 1, 2026, 12:00 AM","June 30, 2026, 12:00 AM",3000681,4S-DSL,Medium,12.5,"1,000"
pinnacle-Slc,Clearwater Campus,Rohan Mikhailov Travel,"June 1, 2026, 12:00 AM","June 30, 2026, 12:00 AM",3000681,4S-DSL,Medium,12.5,"1,000"
pinnacle-Slc,Oakmont Office,Pooja Mikhailov Travel,"June 1, 2026, 12:00 AM","June 30, 2026, 12:00 AM",3000682,4S-DSL,Medium,12.5,"1,020"
pinnacle-Slc,Clearwater Campus,Rohan Mikhailov Travel,"June 1, 2026, 12:00 AM","June 30, 2026, 12:00 AM",3000683,4S-DSL,Medium,12.5,"1,040"
pinnacle-Slc,Oakmont Office,Pooja Mikhailov Travel,"June 1, 2026, 12:00 AM","June 30, 2026, 12:00 AM",3000684,4S-DSL,Medium,12.5,"1,060"
pinnacle-Slc,Clearwater Campus,Rohan Mikhailov Travel,"June 1, 2026, 12:00 AM","June 30, 2026, 12:00 AM",3000685,4S-DSL,Medium,12.5,"1,080"
pinnacle-Slc,Oakmont Office,Pooja Mikhailov Travel,"June 1, 2026, 12:00 AM","June 30, 2026, 12:00 AM",3000686,4S-DSL,Medium,12.5,"1,000"
pinnacle-Slc,Clearwater Campus,Rohan Mikhailov Travel,"June 1, 2026, 12:00 AM","June 30, 2026, 12:00 AM",3000687,4S-DSL,Medium,12.5,"1,020"
pinnacle-Slc,Oakmont Office,Pooja Mikhailov Travel,"June 1, 2026, 12:00 AM","June 30, 2026, 12:00 AM",3000688,4S-DSL,Medium,12.5,"1,040"
pinnacle-Slc,Clearwater Campus,Rohan Mikhailov Travel,"June 1, 2026, 12:00 AM","June 30, 2026, 12:00 AM",3000689,4S-DSL,Medium,12.5,"1,060"
pinnacle-Slc,Oakmont Office,Pooja Mikhailov Travel,"June 1, 2026, 12:00 AM","June 30, 2026, 12:00 AM",3000690,4S-DSL,Medium,12.5,"1,080"
pinnacle-Slc,Clearwater Campus,Rohan Mikhailov Travel,"June 1, 2026, 12:00 AM","June 30, 2026, 12:00 AM",3000691,4S-DSL,Medium,12.5,"1,000"
pinnacle-Slc,Oakmont Office,Pooja Mikhailov Travel,"June 1, 2026, 12:00 AM","June 30, 2026, 12:00 AM",3000692,4S-DSL,Medium,12.5,"1,020"
pinnacle-Slc,Clearwater Campus,Rohan Mikhailov Travel,"June 1, 2026, 12:00 AM","June 30, 2026, 12:00 AM",3000693,4S-DSL,Medium,12.5,"1,040"
pinnacle-Slc,Oakmont Office,Pooja Mikhailov Travel,"June 1, 2026, 12:00 AM","June 30, 2026, 12:00 AM",3000694,4S-DSL,Medium,12.5,"1,060"
pinnacle-Slc,Clearwater Campus,Rohan Mikhailov Travel,"June 1, 2026, 12:00 AM","June 30, 2026, 12:00 AM",3000695,4S-DSL,Medium,12.5,"1,080"
pinnacle-Slc,Oakmont Office,Pooja Mikhailov Travel,"June 1, 2026, 12:00 AM","June 30, 2026, 12:00 AM",3000696,4S-DSL,Medium,12.5,"1,000"
pinnacle-Slc,Clearwater Campus,Rohan Mikhailov Travel,"June 1, 2026, 12:00 AM","June 30, 2026, 12:00 AM",3000697,4S-DSL,Medium,12.5,"1,020"
pinnacle-Slc,Oakmont Office,Pooja Mikhailov Travel,"June 1, 2026, 12:00 AM","June 30, 2026, 12:00 AM",3000698,4S-DSL,Medium,12.5,"1,040"
pinnacle-Slc,Clearwater Campus,Rohan Mikhailov Travel,"June 1, 2026, 12:00 AM","June 30, 2026, 12:00 AM",3000699,4S-DSL,Medium,12.5,"1,060"
pinnacle-Slc,Oakmont Office,Pooja Mikhailov Travel,"June 1, 2026, 12:00 AM","June 30, 2026, 12:00 AM",3000700,4S-DSL,Medium,12.5,"1,080"
orbit-Slc,Eastgate Office,Rohan Mikhailov Travel,"June 1, 2026, 12:00 AM","June 15, 2026, 12:00 AM",1200870,BUS-12,,0,"1,170"
orbit-Slc,Eastgate Office,Rohan Mikhailov Travel,"June 1, 2026, 12:00 AM","June 15, 2026, 12:00 AM",1200871,BUS-12,,0,"1,170"
orbit-Slc,Eastgate Office,Rohan Mikhailov Travel,"June 1, 2026, 12:00 AM","June 15, 2026, 12:00 AM",1200872,BUS-12,,0,"1,170"
orbit-Slc,Eastgate Office,Rohan Mikhailov Travel,"June 1, 2026, 12:00 AM","June 15, 2026, 12:00 AM",1200873,BUS-12,,0,"1,170"
orbit-Slc,Eastgate Office,Rohan Mikhailov Travel,"June 1, 2026, 12:00 AM","June 15, 2026, 12:00 AM",1200874,BUS-12,,0,"1,170"
pinnacle-Slc,Clearwater Campus,Pooja Mikhailov Travel,"May 1, 2026, 12:00 AM","May 31, 2026, 12:00 AM",3000005,4S-DSL,,0,"-3,480"
pinnacle-Slc,Clearwater Campus,Pooja Mikhailov Travel,"May 1, 2026, 12:00 AM","May 31, 2026, 12:00 AM",,4S-DSL,,5,900
