business_unit,office,product_type,trip_date,shift_type,trip_id,planned_pickup_epoch,planned_drop_epoch,actual_pickup_epoch,actual_drop_epoch,planned_km,traveled_km,stwid,signintype,gender,emp_role,boarding_status,not_boarding_reason,is_no_show
pinnacle-Slc,Clearwater Campus,CAB,2026-05-04,09:00,3000001,1777865400.0,1777869000.0,1777865520.0,1777869120.0,6.2,6.4,100001,Planned,MALE,employee,Boarded,,False
pinnacle-Slc,Clearwater Campus,CAB,2026-05-04,09:00,3000001,1777865700.0,1777869000.0,1777865820.0,1777869120.0,6.2,6.4,100002,Planned,FEMALE,employee,Boarded,,False
pinnacle-Slc,Oakmont Office,CAB,2026-05-04,09:00,3000002,1777865400.0,1777869000.0,1777865520.0,1777869120.0,6.2,6.4,100003,Planned,MALE,employee,Boarded,,False
pinnacle-Slc,Oakmont Office,CAB,2026-05-04,09:00,3000002,1777865700.0,1777869000.0,1777865820.0,1777869120.0,6.2,6.4,100004,Planned,FEMALE,employee,Boarded,,False
pinnacle-Slc,Clearwater Campus,CAB,2026-05-04,15:30,3000003,1777888800.0,1777892400.0,1777888920.0,1777892520.0,6.2,6.4,100005,Planned,MALE,employee,Boarded,,False
pinnacle-Slc,Clearwater Campus,CAB,2026-05-04,15:30,3000003,1777889100.0,1777892400.0,1777889220.0,1777892520.0,6.2,6.4,100006,Planned,FEMALE,employee,Boarded,,False
pinnacle-Slc,Oakmont Office,CAB,2026-05-04,15:30,3000004,1777888800.0,1777892400.0,1777888920.0,1777892520.0,6.2,6.4,100007,Planned,MALE,employee,Boarded,,False
pinnacle-Slc,Oakmont Office,CAB,2026-05-04,15:30,3000004,1777889100.0,1777892400.0,1777889220.0,1777892520.0,6.2,6.4,100008,Planned,FEMALE,employee,Boarded,,False
pinnacle-Slc,Clearwater Campus,CAB,2026-05-04,09:00,3000005,1777865400.0,1777869000.0,1777865520.0,1777869120.0,6.2,6.4,100009,Planned,MALE,employee,Boarded,,False
pinnacle-Slc,Clearwater Campus,CAB,2026-05-04,09:00,3000005,1777865700.0,1777869000.0,1777865820.0,1777869120.0,6.2,6.4,100010,Planned,FEMALE,employee,Boarded,,False
pinnacle-Slc,Oakmont Office,CAB,2026-05-04,09:00,3000006,1777865400.0,1777869000.0,1777865520.0,1777869120.0,6.2,6.4,100011,Planned,MALE,employee,Boarded,,False
pinnacle-Slc,Oakmont Office,CAB,2026-05-04,09:00,3000006,1777865700.0,1777869000.0,1777865820.0,1777869120.0,6.2,6.4,100012,Planned,FEMALE,employee,Boarded,,False
pinnacle-Slc,Clearwater Campus,CAB,2026-05-04,15:30,3000007,1777888800.0,1777892400.0,1777889700.0,1777893300.0,6.2,6.4,100013,Planned,MALE,employee,Boarded,,False
pinnacle-Slc,Clearwater Campus,CAB,2026-05-04,15:30,3000007,1777889100.0,1777892400.0,1777890000.0,1777893300.0,6.2,6.4,100014,Planned,FEMALE,employee,Boarded,,False
pinnacle-Slc,Oakmont Office,CAB,2026-05-04,15:30,3000008,1777888800.0,1777892400.0,1777888920.0,1777892520.0,6.2,6.4,100015,Planned,MALE,employee,Boarded,,False
pinnacle-Slc,Oakmont Office,CAB,2026-05-04,15:30,3000008,1777889100.0,1777892400.0,,,6.2,6.4,100016,,FEMALE,employee,Not Boarded,NO_SHOW,True
pinnacle-Slc,Clearwater Campus,CAB,2026-05-04,09:00,3000009,1777865400.0,1777869000.0,1777865520.0,1777869120.0,6.2,6.4,100017,Planned,MALE,employee,Boarded,,False
pinnacle-Slc,Clearwater Campus,CAB,2026-05-04,09:00,3000009,1777865700.0,1777869000.0,1777865820.0,1777869120.0,6.2,6.4,100018,Planned,FEMALE,employee,Boarded,,False
pinnacle-Slc,Oakmont Office,CAB,2026-05-04,09:00,3000010,1777865400.0,1777869000.0,1777865520.0,1777869120.0,6.2,6.4,100019,Planned,MALE,employee,Boarded,,False
pinnacle-Slc,Oakmont Office,CAB,2026-05-04,09:00,3000010,1777865700.0,1777869000.0,1777865820.0,1777869120.0,6.2,6.4,100020,Planned,FEMALE,employee,Boarded,,False
pinnacle-Slc,Clearwater Campus,CAB,2026-05-04,15:30,3000011,1777888800.0,1777892400.0,1777888920.0,1777892520.0,6.2,6.4,100021,Planned,MALE,employee,Boarded,,False
pinnacle-Slc,Clearwater Campus,CAB,2026-05-04,15:30,3000011,1777889100.0,1777892400.0,1777889220.0,1777892520.0,6.2,6.4,100022,Planned,FEMALE,employee,Boarded,,False
pinnacle-Slc,Oakmont Office,CAB,2026-05-04,15:30,3000012,1777888800.0,1777892400.0,1777888920.0,1777892520.0,6.2,6.4,100023,Planned,MALE,employee,Boarded,,False
pinnacle-Slc,Oakmont Office,CAB,2026-05-04,15:30,3000012,1777889100.0,1777892400.0,1777890000.0,1777893300.0,6.2,6.4,100024,Planned,FEMALE,employee,Boarded,,False
pinnacle-Slc,Clearwater Campus,CAB,2026-05-04,09:00,3000013,1777865400.0,1777869000.0,1777865520.0,1777869120.0,6.2,6.4,100025,Planned,MALE,employee,Boarded,,False
pinnacle-Slc,Clearwater Campus,CAB,2026-05-04,09:00,3000013,1777865700.0,1777869000.0,1777865820.0,1777869120.0,6.2,6.4,100026,Planned,FEMALE,employee,Boarded,,False
pinnacle-Slc,Oakmont Office,CAB,2026-05-04,09:00,3000014,1777865400.0,1777869000.0,1777865520.0,1777869120.0,6.2,6.4,100027,Planned,MALE,employee,Boarded,,False
pinnacle-Slc,Oakmont Office,CAB,2026-05-04,09:00,3000014,1777865700.0,1777869000.0,1777865820.0,1777869120.0,6.2,6.4,100028,Planned,FEMALE,employee,Boarded,,False
pinnacle-Slc,Clearwater Campus,CAB,2026-05-04,15:30,3000015,1777888800.0,1777892400.0,1777888920.0,1777892520.0,6.2,6.4,100029,Planned,MALE,employee,Boarded,,False
pinnacle-Slc,Clearwater Campus,CAB,2026-05-04,15:30,3000015,1777889100.0,1777892400.0,1777889220.0,1777892520.0,6.2,6.4,100030,Planned,FEMALE,employee,Boarded,,False
pinnacle-Slc,Oakmont Office,CAB,2026-05-04,15:30,3000016,1777888800.0,1777892400.0,1777888920.0,1777892520.0,6.2,6.4,100031,Planned,MALE,employee,Boarded,,False
pinnacle-Slc,Oakmont Office,CAB,2026-05-04,15:30,3000016,1777889100.0,1777892400.0,1777890000.0,1777893300.0,6.2,6.4,100032,Planned,FEMALE,employee,Boarded,,False
pinnacle-Slc,Clearwater Campus,CAB,2026-05-04,09:00,3000017,1777865400.0,1777869000.0,1777865520.0,1777869120.0,6.2,6.4,100033,Planned,MALE,employee,Boarded,,False
pinnacle-Slc,Clearwater Campus,CAB,2026-05-04,09:00,3000017,1777865700.0,1777869000.0,1777865820.0,1777869120.0,6.2,6.4,100034,Planned,FEMALE,employee,Boarded,,False
pinnacle-Slc,Oakmont Office,CAB,2026-05-04,09:00,3000018,1777865400.0,1777869000.0,1777865520.0,1777869120.0,6.2,6.4,100035,Planned,MALE,employee,Boarded,,False
pinnacle-Slc,Oakmont Office,CAB,2026-05-04,09:00,3000018,1777865700.0,1777869000.0,1777865820.0,1777869120.0,6.2,6.4,100036,Planned,FEMALE,employee,Boarded,,False
pinnacle-Slc,Clearwater Campus,CAB,2026-05-04,15:30,3000019,1777888800.0,1777892400.0,1777888920.0,1777892520.0,6.2,6.4,100037,Planned,MALE,employee,Boarded,,False
pinnacle-Slc,Clearwater Campus,CAB,2026-05-04,15:30,3000019,1777889100.0,1777892400.0,1777889220.0,1777892520.0,6.2,6.4,100038,Planned,FEMALE,employee,Boarded,,False
pinnacle-Slc,Oakmont Office,CAB,2026-05-04,15:30,3000020,1777888800.0,1777892400.0,1777888920.0,1777892520.0,6.2,6.4,100039,Planned,MALE,employee,Boarded,,False
pinnacle-Slc,Oakmont Office,CAB,2026-05-04,15:30,3000020,1777889100.0,1777892400.0,1777889220.0,1777892520.0,6.2,6.4,100040,Planned,FEMALE,employee,Boarded,,False
pinnacle-Slc,Clearwater Campus,CAB,2026-05-05,09:00,3000021,1777951800.0,1777955400.0,1777952700.0,1777956300.0,6.2,6.4,100041,Planned,MALE,employee,Boarded,,False
pinnacle-Slc,Clearwater Campus,CAB,2026-05-05,09:00,3000021,1777952100.0,1777955400.0,1777952220.0,1777955520.0,6.2,6.4,100042,Planned,FEMALE,employee,Boarded,,False
pinnacle-Slc,Oakmont Office,CAB,2026-05-05,09:00,3000022,1777951800.0,1777955400.0,1777951920.0,1777955520.0,6.2,6.4,100043,Planned,MALE,employee,Boarded,,False
pinnacle-Slc,Oakmont Office,CAB,2026-05-05,09:00,3000022,1777952100.0,1777955400.0,1777952220.0,1777955520.0,6.2,6.4,100044,Planned,FEMALE,employee,Boarded,,False
pinnacle-Slc,Clearwater Campus,CAB,2026-05-05,15:30,3000023,1777975200.0,1777978800.0,1777975320.0,1777978920.0,6.2,6.4,100045,Planned,MALE,employee,Boarded,,False
pinnacle-Slc,Clearwater Campus,CAB,2026-05-05,15:30,3000023,1777975500.0,1777978800.0,1777975620.0,1777978920.0,6.2,6.4,100046,Planned,FEMALE,employee,Boarded,,False
pinnacle-Slc,Oakmont Office,CAB,2026-05-05,15:30,3000024,1777975200.0,1777978800.0,1777975320.0,1777978920.0,6.2,6.4,100047,Planned,MALE,employee,Boarded,,False
pinnacle-Slc,Oakmont Office,CAB,2026-05-05,15:30,3000024,1777975500.0,1777978800.0,1777975620.0,1777978920.0,6.2,6.4,100048,Planned,FEMALE,employee,Boarded,,False
pinnacle-Slc,Clearwater Campus,CAB,2026-05-05,09:00,3000025,1777951800.0,1777955400.0,1777952700.0,1777956300.0,6.2,6.4,100049,Planned,MALE,employee,Boarded,,False
pinnacle-Slc,Clearwater Campus,CAB,2026-05-05,09:00,3000025,1777952100.0,1777955400.0,1777953000.0,1777956300.0,6.2,6.4,100050,Planned,FEMALE,employee,Boarded,,False
pinnacle-Slc,Oakmont Office,CAB,2026-05-05,09:00,3000026,1777951800.0,1777955400.0,1777951920.0,1777955520.0,6.2,6.4,100051,Planned,MALE,employee,Boarded,,False
pinnacle-Slc,Oakmont Office,CAB,2026-05-05,09:00,3000026,1777952100.0,1777955400.0,1777952220.0,1777955520.0,6.2,6.4,100052,Planned,FEMALE,employee,Boarded,,False
pinnacle-Slc,Clearwater Campus,CAB,2026-05-05,15:30,3000027,1777975200.0,1777978800.0,1777975320.0,1777978920.0,6.2,6.4,100053,Planned,MALE,employee,Boarded,,False
pinnacle-Slc,Clearwater Campus,CAB,2026-05-05,15:30,3000027,1777975500.0,1777978800.0,1777975620.0,1777978920.0,6.2,6.4,100054,Planned,FEMALE,employee,Boarded,,False
pinnacle-Slc,Oakmont Office,CAB,2026-05-05,15:30,3000028,1777975200.0,1777978800.0,1777975320.0,1777978920.0,6.2,6.4,100055,Planned,MALE,employee,Boarded,,False
pinnacle-Slc,Oakmont Office,CAB,2026-05-05,15:30,3000028,1777975500.0,1777978800.0,,,6.2,6.4,100056,,FEMALE,employee,Not Boarded,NO_SHOW,True
pinnacle-Slc,Clearwater Campus,CAB,2026-05-05,09:00,3000029,1777951800.0,1777955400.0,1777951920.0,1777955520.0,6.2,6.4,100057,Planned,MALE,employee,Boarded,,False
pinnacle-Slc,Clearwater Campus,CAB,2026-05-05,09:00,3000029,1777952100.0,1777955400.0,1777952220.0,1777955520.0,6.2,6.4,100058,Planned,FEMALE,employee,Boarded,,False
pinnacle-Slc,Oakmont Office,CAB,2026-05-05,09:00,3000030,1777951800.0,1777955400.0,1777951920.0,1777955520.0,6.2,6.4,100059,Planned,MALE,employee,Boarded,,False
pinnacle-Slc,Oakmont Office,CAB,2026-05-05,09:00,3000030,1777952100.0,1777955400.0,1777952220.0,1777955520.0,6.2,6.4,100060,Planned,FEMALE,employee,Boarded,,False
pinnacle-Slc,Clearwater Campus,CAB,2026-05-05,15:30,3000031,1777975200.0,1777978800.0,1777975320.0,1777978920.0,6.2,6.4,100061,Planned,MALE,employee,Boarded,,False
pinnacle-Slc,Clearwater Campus,CAB,2026-05-05,15:30,3000031,1777975500.0,1777978800.0,1777975620.0,1777978920.0,6.2,6.4,100062,Planned,FEMALE,employee,Boarded,,False
pinnacle-Slc,Oakmont Office,CAB,2026-05-05,15:30,3000032,1777975200.0,1777978800.0,1777976100.0,1777979700.0,6.2,6.4,100063,Planned,MALE,employee,Boarded,,False
pinnacle-Slc,Oakmont Office,CAB,2026-05-05,15:30,3000032,1777975500.0,1777978800.0,1777975620.0,1777978920.0,6.2,6.4,100064,Planned,FEMALE,employee,Boarded,,False
pinnacle-Slc,Clearwater Campus,CAB,2026-05-05,09:00,3000033,1777951800.0,1777955400.0,1777951920.0,1777955520.0,6.2,6.4,100065,Planned,MALE,employee,Boarded,,False
pinnacle-Slc,Clearwater Campus,CAB,2026-05-05,09:00,3000033,1777952100.0,1777955400.0,1777952220.0,1777955520.0,6.2,6.4,100066,Planned,FEMALE,employee,Boarded,,False
pinnacle-Slc,Oakmont Office,CAB,2026-05-05,09:00,3000034,1777951800.0,1777955400.0,1777951920.0,1777955520.0,6.2,6.4,100067,Planned,MALE,employee,Boarded,,False
pinnacle-Slc,Oakmont Office,CAB,2026-05-05,09:00,3000034,1777952100.0,1777955400.0,1777952220.0,1777955520.0,6.2,6.4,100068,Planned,FEMALE,employee,Boarded,,False
pinnacle-Slc,Clearwater Campus,CAB,2026-05-05,15:30,3000035,1777975200.0,1777978800.0,1777975320.0,1777978920.0,6.2,6.4,100069,Planned,MALE,employee,Boarded,,False
pinnacle-Slc,Clearwater Campus,CAB,2026-05-05,15:30,3000035,1777975500.0,1777978800.0,1777976400.0,1777979700.0,6.2,6.4,100070,Planned,FEMALE,employee,Boarded,,False
pinnacle-Slc,Oakmont Office,CAB,2026-05-05,15:30,3000036,1777975200.0,1777978800.0,1777975320.0,1777978920.0,6.2,6.4,100071,Planned,MALE,employee,Boarded,,False
pinnacle-Slc,Oakmont Office,CAB,2026-05-05,15:30,3000036,1777975500.0,1777978800.0,1777975620.0,1777978920.0,6.2,6.4,100072,Planned,FEMALE,employee,Boarded,,False
pinnacle-Slc,Clearwater Campus,CAB,2026-05-05,09:00,3000037,1777951800.0,1777955400.0,1777951920.0,1777955520.0,6.2,6.4,100073,Planned,MALE,employee,Boarded,,False
pinnacle-Slc,Clearwater Campus,CAB,2026-05-05,09:00,3000037,1777952100.0,1777955400.0,1777952220.0,1777955520.0,6.2,6.4,100074,Planned,FEMALE,employee,Boarded,,False
pinnacle-Slc,Oakmont Office,CAB,2026-05-05,09:00,3000038,1777951800.0,1777955400.0,1777951920.0,1777955520.0,6.2,6.4,100075,Planned,MALE,employee,Boarded,,False
pinnacle-Slc,Oakmont Office,CAB,2026-05-05,09:00,3000038,1777952100.0,1777955400.0,1777952220.0,1777955520.0,6.2,6.4,100076,Planned,FEMALE,employee,Boarded,,False
pinnacle-Slc,Clearwater Campus,CAB,2026-05-05,15:30,3000039,1777975200.0,1777978800.0,1777975320.0,1777978920.0,6.2,6.4,100077,Planned,MALE,employee,Boarded,,False
pinnacle-Slc,Clearwater Campus,CAB,2026-05-05,15:30,3000039,1777975500.0,1777978800.0,1777975620.0,1777978920.0,6.2,6.4,100078,Planned,FEMALE,employee,Boarded,,False
pinnacle-Slc,Oakmont Office,CAB,2026-05-05,15:30,3000040,1777975200.0,1777978800.0,1777975320.0,1777978920.0,6.2,6.4,100079,Planned,MALE,employee,Boarded,,False
pinnacle-Slc,Oakmont Office,CAB,2026-05-05,15:30,3000040,1777975500.0,1777978800.0,1777975620.0,1777978920.0,6.2,6.4,100080,Planned,FEMALE,employee,Boarded,,False
pinnacle-Slc,Clearwater Campus,CAB,2026-05-06,09:00,3000041,1778038200.0,1778041800.0,1778038320.0,1778041920.0,6.2,6.4,100081,Planned,MALE,employee,Boarded,,False
pinnacle-Slc,Clearwater Campus,CAB,2026-05-06,09:00,3000041,1778038500.0,1778041800.0,1778038620.0,1778041920.0,6.2,6.4,100082,Planned,FEMALE,employee,Boarded,,False
pinnacle-Slc,Oakmont Office,CAB,2026-05-06,09:00,3000042,1778038200.0,1778041800.0,1778038320.0,1778041920.0,6.2,6.4,100083,Planned,MALE,employee,Boarded,,False
pinnacle-Slc,Oakmont Office,CAB,2026-05-06,09:00,3000042,1778038500.0,1778041800.0,1778038620.0,1778041920.0,6.2,6.4,100084,Planned,FEMALE,employee,Boarded,,False
pinnacle-Slc,Clearwater Campus,CAB,2026-05-06,15:30,3000043,1778061600.0,1778065200.0,1778061720.0,1778065320.0,6.2,6.4,100085,Planned,MALE,employee,Boarded,,False
pinnacle-Slc,Clearwater Campus,CAB,2026-05-06,15:30,3000043,1778061900.0,1778065200.0,1778062800.0,1778066100.0,6.2,6.4,100086,Planned,FEMALE,employee,Boarded,,False
pinnacle-Slc,Oakmont Office,CAB,2026-05-06,15:30,3000044,1778061600.0,1778065200.0,1778061720.0,1778065320.0,6.2,6.4,100087,Planned,MALE,employee,Boarded,,False
pinnacle-Slc,Oakmont Office,CAB,2026-05-06,15:30,3000044,1778061900.0,1778065200.0,1778062020.0,1778065320.0,6.2,6.4,100088,Planned,FEMALE,employee,Boarded,,False
pinnacle-Slc,Clearwater Campus,CAB,2026-05-06,09:00,3000045,1778038200.0,1778041800.0,1778038320.0,1778041920.0,6.2,6.4,100089,Planned,MALE,employee,Boarded,,False
pinnacle-Slc,Clearwater Campus,CAB,2026-05-06,09:00,3000045,1778038500.0,1778041800.0,1778038620.0,1778041920.0,6.2,6.4,100090,Planned,FEMALE,employee,Boarded,,False
pinnacle-Slc,Oakmont Office,CAB,2026-05-06,09:00,3000046,1778038200.0,1778041800.0,1778038320.0,1778041920.0,6.2,6.4,100091,Planned,MALE,employee,Boarded,,False
pinnacle-Slc,Oakmont Office,CAB,2026-05-06,09:00,3000046,1778038500.0,1778041800.0,1778038620.0,1778041920.0,6.2,6.4,100092,Planned,FEMALE,employee,Boarded,,False
pinnacle-Slc,Clearwater Campus,CAB,2026-05-06,15:30,3000047,1778061600.0,1778065200.0,1778061720.0,1778065320.0,6.2,6.4,100093,Planned,MALE,employee,Boarded,,False
pinnacle-Slc,Clearwater Campus,CAB,2026-05-06,15:30,3000047,1778061900.0,1778065200.0,1778062020.0,1778065320.0,6.2,6.4,100094,Planned,FEMALE,employee,Boarded,,False
pinnacle-Slc,Oakmont Office,CAB,2026-05-06,15:30,3000048,1778061600.0,1778065200.0,1778061720.0,1778065320.0,6.2,6.4,100095,Planned,MALE,employee,Boarded,,False
pinnacle-Slc,Oakmont Office,CAB,2026-05-06,15:30,3000048,1778061900.0,1778065200.0,,,6.2,6.4,100096,,FEMALE,employee,Not Boarded,NO_SHOW,True
pinnacle-Slc,Clearwater Campus,CAB,2026-05-06,09:00,3000049,1778038200.0,1778041800.0,1778038320.0,1778041920.0,6.2,6.4,100097,Planned,MALE,employee,Boarded,,False
pinnacle-Slc,Clearwater Campus,CAB,2026-05-06,09:00,3000049,1778038500.0,1778041800.0,1778038620.0,1778041920.0,6.2,6.4,100098,Planned,FEMALE,employee,Boarded,,False
pinnacle-Slc,Oakmont Office,CAB,2026-05-06,09:00,3000050,1778038200.0,1778041800.0,1778038320.0,1778041920.0,6.2,6.4,100099,Planned,MALE,employee,Boarded,,False
pinnacle-Slc,Oakmont Office,CAB,2026-05-06,09:00,3000050,1778038500.0,1778041800.0,1778038620.0,1778041920.0,6.2,6.4,100100,Planned,FEMALE,employee,Boarded,,False
pinnacle-Slc,Clearwater Campus,CAB,2026-05-06,15:30,3000051,1778061600.0,1778065200.0,1778061720.0,1778065320.0,6.2,6.4,100101,Planned,MALE,employee,Boarded,,False
pinnacle-Slc,Clearwater Campus,CAB,2026-05-06,15:30,3000051,1778061900.0,1778065200.0,1778062020.0,1778065320.0,6.2,6.4,100102,Planned,FEMALE,employee,Boarded,,False
pinnacle-Slc,Oakmont Office,CAB,2026-05-06,15:30,3000052,1778061600.0,1778065200.0,1778061720.0,1778065320.0,6.2,6.4,100103,Planned,MALE,employee,Boarded,,False
pinnacle-Slc,Oakmont Office,CAB,2026-05-06,15:30,3000052,1778061900.0,1778065200.0,1778062020.0,1778065320.0,6.2,6.4,100104,Planned,FEMALE,employee,Boarded,,False
pinnacle-Slc,Clearwater Campus,CAB,2026-05-06,09:00,3000053,1778038200.0,1778041800.0,1778038320.0,1778041920.0,6.2,6.4,100105,Planned,MALE,employee,Boarded,,False
pinnacle-Slc,Clearwater Campus,CAB,2026-05-06,09:00,3000053,1778038500.0,1778041800.0,1778038620.0,1778041920.0,6.2,6.4,100106,Planned,FEMALE,employee,Boarded,,False
pinnacle-Slc,Oakmont Office,CAB,2026-05-06,09:00,3000054,1778038200.0,1778041800.0,1778038320.0,1778041920.0,6.2,6.4,100107,Planned,MALE,employee,Boarded,,False
pinnacle-Slc,Oakmont Office,CAB,2026-05-06,09:00,3000054,1778038500.0,1778041800.0,1778038620.0,1778041920.0,6.2,6.4,100108,Planned,FEMALE,employee,Boarded,,False
pinnacle-Slc,Clearwater Campus,CAB,2026-05-06,15:30,3000055,1778061600.0,1778065200.0,1778061720.0,1778065320.0,6.2,6.4,100109,Planned,MALE,employee,Boarded,,False
pinnacle-Slc,Clearwater Campus,CAB,2026-05-06,15:30,3000055,1778061900.0,1778065200.0,1778062020.0,1778065320.0,6.2,6.4,100110,Planned,FEMALE,employee,Boarded,,False
pinnacle-Slc,Oakmont Office,CAB,2026-05-06,15:30,3000056,1778061600.0,1778065200.0,1778061720.0,1778065320.0,6.2,6.4,100111,Planned,MALE,employee,Boarded,,False
pinnacle-Slc,Oakmont Office,CAB,2026-05-06,15:30,3000056,1778061900.0,1778065200.0,1778062800.0,1778066100.0,6.2,6.4,100112,Planned,FEMALE,employee,Boarded,,False
pinnacle-Slc,Clearwater Campus,CAB,2026-05-06,09:00,3000057,1778038200.0,1778041800.0,1778038320.0,1778041920.0,6.2,6.4,100113,Planned,MALE,employee,Boarded,,False
pinnacle-Slc,Clearwater Campus,CAB,2026-05-06,09:00,3000057,1778038500.0,1778041800.0,1778039400.0,1778042700.0,6.2,6.4,100114,Planned,FEMALE,employee,Boarded,,False
pinnacle-Slc,Oakmont Office,CAB,2026-05-06,09:00,3000058,1778038200.0,1778041800.0,1778038320.0,1778041920.0,6.2,6.4,100115,Planned,MALE,employee,Boarded,,False
pinnacle-Slc,Oakmont Office,CAB,2026-05-06,09:00,3000058,1778038500.0,1778041800.0,1778038620.0,1778041920.0,6.2,6.4,100116,Planned,FEMALE,employee,Boarded,,False
pinnacle-Slc,Clearwater Campus,CAB,2026-05-06,15:30,3000059,1778061600.0,1778065200.0,1778062500.0,1778066100.0,6.2,6.4,100117,Planned,MALE,employee,Boarded,,False
pinnacle-Slc,Clearwater Campus,CAB,2026-05-06,15:30,3000059,1778061900.0,1778065200.0,1778062020.0,1778065320.0,6.2,6.4,100118,Planned,FEMALE,employee,Boarded,,False
pinnacle-Slc,Oakmont Office,CAB,2026-05-06,15:30,3000060,1778061600.0,1778065200.0,1778061720.0,1778065320.0,6.2,6.4,100119,Planned,MALE,employee,Boarded,,False
pinnacle-Slc,Oakmont Office,CAB,2026-05-06,15:30,3000060,1778061900.0,1778065200.0,1778062020.0,1778065320.0,6.2,6.4,100120,Planned,FEMALE,employee,Boarded,,False
pinnacle-Slc,Clearwater Campus,CAB,2026-05-07,09:00,3000061,1778124600.0,1778128200.0,1778124720.0,1778128320.0,6.2,6.4,100121,Planned,MALE,employee,Boarded,,False
pinnacle-Slc,Clearwater Campus,CAB,2026-05-07,09:00,3000061,1778124900.0,1778128200.0,1778125020.0,1778128320.0,6.2,6.4,100122,Planned,FEMALE,employee,Boarded,,False
pinnacle-Slc,Oakmont Office,CAB,2026-05-07,09:00,3000062,1778124600.0,1778128200.0,1778125500.0,1778129100.0,6.2,6.4,100123,Planned,MALE,employee,Boarded,,False
pinnacle-Slc,Oakmont Office,CAB,2026-05-07,09:00,3000062,1778124900.0,1778128200.0,1778125020.0,1778128320.0,6.2,6.4,100124,Planned,FEMALE,employee,Boarded,,False
pinnacle-Slc,Clearwater Campus,CAB,2026-05-07,15:30,3000063,1778148000.0,1778151600.0,1778148120.0,1778151720.0,6.2,6.4,100125,Planned,MALE,employee,Boarded,,False
pinnacle-Slc,Clearwater Campus,CAB,2026-05-07,15:30,3000063,1778148300.0,1778151600.0,1778149200.0,1778152500.0,6.2,6.4,100126,Planned,FEMALE,employee,Boarded,,False
pinnacle-Slc,Oakmont Office,CAB,2026-05-07,15:30,3000064,1778148000.0,1778151600.0,1778148120.0,1778151720.0,6.2,6.4,100127,Planned,MALE,employee,Boarded,,False
pinnacle-Slc,Oakmont Office,CAB,2026-05-07,15:30,3000064,1778148300.0,1778151600.0,1778148420.0,1778151720.0,6.2,6.4,100128,Planned,FEMALE,employee,Boarded,,False
pinnacle-Slc,Clearwater Campus,CAB,2026-05-07,09:00,3000065,1778124600.0,1778128200.0,1778124720.0,1778128320.0,6.2,6.4,100129,Planned,MALE,employee,Boarded,,False
pinnacle-Slc,Clearwater Campus,CAB,2026-05-07,09:00,3000065,1778124900.0,1778128200.0,1778125020.0,1778128320.0,6.2,6.4,100130,Planned,FEMALE,employee,Boarded,,False
pinnacle-Slc,Oakmont Office,CAB,2026-05-07,09:00,3000066,1778124600.0,1778128200.0,1778124720.0,1778128320.0,6.2,6.4,100131,Planned,MALE,employee,Boarded,,False
pinnacle-Slc,Oakmont Office,CAB,2026-05-07,09:00,3000066,1778124900.0,1778128200.0,1778125020.0,1778128320.0,6.2,6.4,100132,Planned,FEMALE,employee,Boarded,,False
pinnacle-Slc,Clearwater Campus,CAB,2026-05-07,15:30,3000067,1778148000.0,1778151600.0,1778148120.0,1778151720.0,6.2,6.4,100133,Planned,MALE,employee,Boarded,,False
pinnacle-Slc,Clearwater Campus,CAB,2026-05-07,15:30,3000067,1778148300.0,1778151600.0,1778148420.0,1778151720.0,6.2,6.4,100134,Planned,FEMALE,employee,Boarded,,False
pinnacle-Slc,Oakmont Office,CAB,2026-05-07,15:30,3000068,1778148000.0,1778151600.0,1778148120.0,1778151720.0,6.2,6.4,100135,Planned,MALE,employee,Boarded,,False
pinnacle-Slc,Oakmont Office,CAB,2026-05-07,15:30,3000068,1778148300.0,1778151600.0,,,6.2,6.4,100136,,FEMALE,employee,Not Boarded,NO_SHOW,True
pinnacle-Slc,Clearwater Campus,CAB,2026-05-07,09:00,3000069,1778124600.0,1778128200.0,1778124720.0,1778128320.0,6.2,6.4,100137,Planned,MALE,employee,Boarded,,False
pinnacle-Slc,Clearwater Campus,CAB,2026-05-07,09:00,3000069,1778124900.0,1778128200.0,1778125020.0,1778128320.0,6.2,6.4,100138,Planned,FEMALE,employee,Boarded,,False
pinnacle-Slc,Oakmont Office,CAB,2026-05-07,09:00,3000070,1778124600.0,1778128200.0,1778124720.0,1778128320.0,6.2,6.4,100139,Planned,MALE,employee,Boarded,,False
pinnacle-Slc,Oakmont Office,CAB,2026-05-07,09:00,3000070,1778124900.0,1778128200.0,1778125020.0,1778128320.0,6.2,6.4,100140,Planned,FEMALE,employee,Boarded,,False
pinnacle-Slc,Clearwater Campus,CAB,2026-05-07,15:30,3000071,1778148000.0,1778151600.0,1778148120.0,1778151720.0,6.2,6.4,100141,Planned,MALE,employee,Boarded,,False
pinnacle-Slc,Clearwater Campus,CAB,2026-05-07,15:30,3000071,1778148300.0,1778151600.0,1778148420.0,1778151720.0,6.2,6.4,100142,Planned,FEMALE,employee,Boarded,,False
pinnacle-Slc,Oakmont Office,CAB,2026-05-07,15:30,3000072,1778148000.0,1778151600.0,1778148120.0,1778151720.0,6.2,6.4,100143,Planned,MALE,employee,Boarded,,False
pinnacle-Slc,Oakmont Office,CAB,2026-05-07,15:30,3000072,1778148300.0,1778151600.0,1778148420.0,1778151720.0,6.2,6.4,100144,Planned,FEMALE,employee,Boarded,,False
pinnacle-Slc,Clearwater Campus,CAB,2026-05-07,09:00,3000073,1778124600.0,1778128200.0,1778124720.0,1778128320.0,6.2,6.4,100145,Planned,MALE,employee,Boarded,,False
pinnacle-Slc,Clearwater Campus,CAB,2026-05-07,09:00,3000073,1778124900.0,1778128200.0,1778125020.0,1778128320.0,6.2,6.4,100146,Planned,FEMALE,employee,Boarded,,False
pinnacle-Slc,Oakmont Office,CAB,2026-05-07,09:00,3000074,1778124600.0,1778128200.0,1778124720.0,1778128320.0,6.2,6.4,100147,Planned,MALE,employee,Boarded,,False
pinnacle-Slc,Oakmont Office,CAB,2026-05-07,09:00,3000074,1778124900.0,1778128200.0,1778125800.0,1778129100.0,6.2,6.4,100148,Planned,FEMALE,employee,Boarded,,False
pinnacle-Slc,Clearwater Campus,CAB,2026-05-07,15:30,3000075,1778148000.0,1778151600.0,1778148120.0,1778151720.0,6.2,6.4,100149,Planned,MALE,employee,Boarded,,False
pinnacle-Slc,Clearwater Campus,CAB,2026-05-07,15:30,3000075,1778148300.0,1778151600.0,1778148420.0,1778151720.0,6.2,6.4,100150,Planned,FEMALE,employee,Boarded,,False
pinnacle-Slc,Oakmont Office,CAB,2026-05-07,15:30,3000076,1778148000.0,1778151600.0,1778148120.0,1778151720.0,6.2,6.4,100151,Planned,MALE,employee,Boarded,,False
pinnacle-Slc,Oakmont Office,CAB,2026-05-07,15:30,3000076,1778148300.0,1778151600.0,1778148420.0,1778151720.0,6.2,6.4,100152,Planned,FEMALE,employee,Boarded,,False
pinnacle-Slc,Clearwater Campus,CAB,2026-05-07,09:00,3000077,1778124600.0,1778128200.0,1778124720.0,1778128320.0,6.2,6.4,100153,Planned,MALE,employee,Boarded,,False
pinnacle-Slc,Clearwater Campus,CAB,2026-05-07,09:00,3000077,1778124900.0,1778128200.0,1778125020.0,1778128320.0,6.2,6.4,100154,Planned,FEMALE,employee,Boarded,,False
pinnacle-Slc,Oakmont Office,CAB,2026-05-07,09:00,3000078,1778124600.0,1778128200.0,1778124720.0,1778128320.0,6.2,6.4,100155,Planned,MALE,employee,Boarded,,False
pinnacle-Slc,Oakmont Office,CAB,2026-05-07,09:00,3000078,1778124900.0,1778128200.0,1778125020.0,1778128320.0,6.2,6.4,100156,Planned,FEMALE,employee,Boarded,,False
pinnacle-Slc,Clearwater Campus,CAB,2026-05-07,15:30,3000079,1778148000.0,1778151600.0,1778148900.0,1778152500.0,6.2,6.4,100157,Planned,MALE,employee,Boarded,,False
pinnacle-Slc,Clearwater Campus,CAB,2026-05-07,15:30,3000079,1778148300.0,1778151600.0,1778148420.0,1778151720.0,6.2,6.4,100158,Planned,FEMALE,employee,Boarded,,False
pinnacle-Slc,Oakmont Office,CAB,2026-05-07,15:30,3000080,1778148000.0,1778151600.0,1778148900.0,1778152500.0,6.2,6.4,100159,Planned,MALE,employee,Boarded,,False
pinnacle-Slc,Oakmont Office,CAB,2026-05-07,15:30,3000080,1778148300.0,1778151600.0,1778148420.0,1778151720.0,6.2,6.4,100160,Planned,FEMALE,employee,Boarded,,False
pinnacle-Slc,Clearwater Campus,CAB,2026-05-08,09:00,3000081,1778211000.0,1778214600.0,1778211120.0,1778214720.0,6.2,6.4,100161,Planned,MALE,employee,Boarded,,False
pinnacle-Slc,Clearwater Campus,CAB,2026-05-08,09:00,3000081,1778211300.0,1778214600.0,1778211420.0,1778214720.0,6.2,6.4,100162,Planned,FEMALE,employee,Boarded,,False
pinnacle-Slc,Oakmont Office,CAB,2026-05-08,09:00,3000082,1778211000.0,1778214600.0,1778211120.0,1778214720.0,6.2,6.4,100163,Planned,MALE,employee,Boarded,,False
pinnacle-Slc,Oakmont Office,CAB,2026-05-08,09:00,3000082,1778211300.0,1778214600.0,1778212200.0,1778215500.0,6.2,6.4,100164,Planned,FEMALE,employee,Boarded,,False
pinnacle-Slc,Clearwater Campus,CAB,2026-05-08,15:30,3000083,1778234400.0,1778238000.0,1778234520.0,1778238120.0,6.2,6.4,100165,Planned,MALE,employee,Boarded,,False
pinnacle-Slc,Clearwater Campus,CAB,2026-05-08,15:30,3000083,1778234700.0,1778238000.0,1778234820.0,1778238120.0,6.2,6.4,100166,Planned,FEMALE,employee,Boarded,,False
pinnacle-Slc,Oakmont Office,CAB,2026-05-08,15:30,3000084,1778234400.0,1778238000.0,1778234520.0,1778238120.0,6.2,6.4,100167,Planned,MALE,employee,Boarded,,False
pinnacle-Slc,Oakmont Office,CAB,2026-05-08,15:30,3000084,1778234700.0,1778238000.0,1778235600.0,1778238900.0,6.2,6.4,100168,Planned,FEMALE,employee,Boarded,,False
pinnacle-Slc,Clearwater Campus,CAB,2026-05-08,09:00,3000085,1778211000.0,1778214600.0,1778211120.0,1778214720.0,6.2,6.4,100169,Planned,MALE,employee,Boarded,,False
pinnacle-Slc,Clearwater Campus,CAB,2026-05-08,09:00,3000085,1778211300.0,1778214600.0,1778211420.0,1778214720.0,6.2,6.4,100170,Planned,FEMALE,employee,Boarded,,False
pinnacle-Slc,Oakmont Office,CAB,2026-05-08,09:00,3000086,1778211000.0,1778214600.0,1778211120.0,1778214720.0,6.2,6.4,100171,Planned,MALE,employee,Boarded,,False
pinnacle-Slc,Oakmont Office,CAB,2026-05-08,09:00,3000086,1778211300.0,1778214600.0,1778211420.0,1778214720.0,6.2,6.4,100172,Planned,FEMALE,employee,Boarded,,False
pinnacle-Slc,Clearwater Campus,CAB,2026-05-08,15:30,3000087,1778234400.0,1778238000.0,1778234520.0,1778238120.0,6.2,6.4,100173,Planned,MALE,employee,Boarded,,False
pinnacle-Slc,Clearwater Campus,CAB,2026-05-08,15:30,3000087,1778234700.0,1778238000.0,1778234820.0,1778238120.0,6.2,6.4,100174,Planned,FEMALE,employee,Boarded,,False
pinnacle-Slc,Oakmont Office,CAB,2026-05-08,15:30,3000088,1778234400.0,1778238000.0,1778234520.0,1778238120.0,6.2,6.4,100175,Planned,MALE,employee,Boarded,,False
pinnacle-Slc,Oakmont Office,CAB,2026-05-08,15:30,3000088,1778234700.0,1778238000.0,,,6.2,6.4,100176,,FEMALE,employee,Not Boarded,NO_SHOW,True
pinnacle-Slc,Clearwater Campus,CAB,2026-05-08,09:00,3000089,1778211000.0,1778214600.0,1778211120.0,1778214720.0,6.2,6.4,100177,Planned,MALE,employee,Boarded,,False
pinnacle-Slc,Clearwater Campus,CAB,2026-05-08,09:00,3000089,1778211300.0,1778214600.0,1778211420.0,1778214720.0,6.2,6.4,100178,Planned,FEMALE,employee,Boarded,,False
pinnacle-Slc,Oakmont Office,CAB,2026-05-08,09:00,3000090,1778211000.0,1778214600.0,1778211120.0,1778214720.0,6.2,6.4,100179,Planned,MALE,employee,Boarded,,False
pinnacle-Slc,Oakmont Office,CAB,2026-05-08,09:00,3000090,1778211300.0,1778214600.0,1778211420.0,1778214720.0,6.2,6.4,100180,Planned,FEMALE,employee,Boarded,,False
pinnacle-Slc,Clearwater Campus,CAB,2026-05-08,15:30,3000091,1778234400.0,1778238000.0,1778234520.0,1778238120.0,6.2,6.4,100181,Planned,MALE,employee,Boarded,,False
pinnacle-Slc,Clearwater Campus,CAB,2026-05-08,15:30,3000091,1778234700.0,1778238000.0,1778234820.0,1778238120.0,6.2,6.4,100182,Planned,FEMALE,employee,Boarded,,False
pinnacle-Slc,Oakmont Office,CAB,2026-05-08,15:30,3000092,1778234400.0,1778238000.0,1778234520.0,1778238120.0,6.2,6.4,100183,Planned,MALE,employee,Boarded,,False
pinnacle-Slc,Oakmont Office,CAB,2026-05-08,15:30,3000092,1778234700.0,1778238000.0,1778234820.0,1778238120.0,6.2,6.4,100184,Planned,FEMALE,employee,Boarded,,False
pinnacle-Slc,Clearwater Campus,CAB,2026-05-08,09:00,3000093,1778211000.0,1778214600.0,1778211120.0,1778214720.0,6.2,6.4,100185,Planned,MALE,employee,Boarded,,False
pinnacle-Slc,Clearwater Campus,CAB,2026-05-08,09:00,3000093,1778211300.0,1778214600.0,1778211420.0,1778214720.0,6.2,6.4,100186,Planned,FEMALE,employee,Boarded,,False
pinnacle-Slc,Oakmont Office,CAB,2026-05-08,09:00,3000094,1778211000.0,1778214600.0,1778211120.0,1778214720.0,6.2,6.4,100187,Planned,MALE,employee,Boarded,,False
pinnacle-Slc,Oakmont Office,CAB,2026-05-08,09:00,3000094,1778211300.0,1778214600.0,1778211420.0,1778214720.0,6.2,6.4,100188,Planned,FEMALE,employee,Boarded,,False
pinnacle-Slc,Clearwater Campus,CAB,2026-05-08,15:30,3000095,1778234400.0,1778238000.0,1778234520.0,1778238120.0,6.2,6.4,100189,Planned,MALE,employee,Boarded,,False
pinnacle-Slc,Clearwater Campus,CAB,2026-05-08,15:30,3000095,1778234700.0,1778238000.0,1778235600.0,1778238900.0,6.2,6.4,100190,Planned,FEMALE,employee,Boarded,,False
pinnacle-Slc,Oakmont Office,CAB,2026-05-08,15:30,3000096,1778234400.0,1778238000.0,1778234520.0,1778238120.0,6.2,6.4,100191,Planned,MALE,employee,Boarded,,False
pinnacle-Slc,Oakmont Office,CAB,2026-05-08,15:30,3000096,1778234700.0,1778238000.0,1778235600.0,1778238900.0,6.2,6.4,100192,Planned,FEMALE,employee,Boarded,,False
pinnacle-Slc,Clearwater Campus,CAB,2026-05-08,09:00,3000097,1778211000.0,1778214600.0,1778211120.0,1778214720.0,6.2,6.4,100193,Planned,MALE,employee,Boarded,,False
pinnacle-Slc,Clearwater Campus,CAB,2026-05-08,09:00,3000097,1778211300.0,1778214600.0,1778211420.0,1778214720.0,6.2,6.4,100194,Planned,FEMALE,employee,Boarded,,False
pinnacle-Slc,Oakmont Office,CAB,2026-05-08,09:00,3000098,1778211000.0,1778214600.0,1778211120.0,1778214720.0,6.2,6.4,100195,Planned,MALE,employee,Boarded,,False
pinnacle-Slc,Oakmont Office,CAB,2026-05-08,09:00,3000098,1778211300.0,1778214600.0,1778211420.0,1778214720.0,6.2,6.4,100196,Planned,FEMALE,employee,Boarded,,False
pinnacle-Slc,Clearwater Campus,CAB,2026-05-08,15:30,3000099,1778234400.0,1778238000.0,1778234520.0,1778238120.0,6.2,6.4,100197,Planned,MALE,employee,Boarded,,False
pinnacle-Slc,Clearwater Campus,CAB,2026-05-08,15:30,3000099,1778234700.0,1778238000.0,1778234820.0,1778238120.0,6.2,6.4,100198,Planned,FEMALE,employee,Boarded,,False
pinnacle-Slc,Oakmont Office,CAB,2026-05-08,15:30,3000100,1778234400.0,1778238000.0,1778234520.0,1778238120.0,6.2,6.4,100199,Planned,MALE,employee,Boarded,,False
pinnacle-Slc,Oakmont Office,CAB,2026-05-08,15:30,3000100,1778234700.0,1778238000.0,1778234820.0,1778238120.0,6.2,6.4,100200,Planned,FEMALE,employee,Boarded,,False
pinnacle-Slc,Clearwater Campus,CAB,2026-05-09,09:00,3000101,1778297400.0,1778301000.0,1778297520.0,1778301120.0,6.2,6.4,100201,Planned,MALE,employee,Boarded,,False
pinnacle-Slc,Clearwater Campus,CAB,2026-05-09,09:00,3000101,1778297700.0,1778301000.0,1778297820.0,1778301120.0,6.2,6.4,100202,Planned,FEMALE,employee,Boarded,,False
pinnacle-Slc,Oakmont Office,CAB,2026-05-09,09:00,3000102,1778297400.0,1778301000.0,1778297520.0,1778301120.0,6.2,6.4,100203,Planned,MALE,employee,Boarded,,False
pinnacle-Slc,Oakmont Office,CAB,2026-05-09,09:00,3000102,1778297700.0,1778301000.0,1778297820.0,1778301120.0,6.2,6.4,100204,Planned,FEMALE,employee,Boarded,,False
pinnacle-Slc,Clearwater Campus,CAB,2026-05-09,15:30,3000103,1778320800.0,1778324400.0,1778320920.0,1778324520.0,6.2,6.4,100205,Planned,MALE,employee,Boarded,,False
pinnacle-Slc,Clearwater Campus,CAB,2026-05-09,15:30,3000103,1778321100.0,1778324400.0,1778321220.0,1778324520.0,6.2,6.4,100206,Planned,FEMALE,employee,Boarded,,False
pinnacle-Slc,Oakmont Office,CAB,2026-05-09,15:30,3000104,1778320800.0,1778324400.0,1778320920.0,1778324520.0,6.2,6.4,100207,Planned,MALE,employee,Boarded,,False
pinnacle-Slc,Oakmont Office,CAB,2026-05-09,15:30,3000104,1778321100.0,1778324400.0,1778321220.0,1778324520.0,6.2,6.4,100208,Planned,FEMALE,employee,Boarded,,False
pinnacle-Slc,Clearwater Campus,CAB,2026-05-09,09:00,3000105,1778297400.0,1778301000.0,1778297520.0,1778301120.0,6.2,6.4,100209,Planned,MALE,employee,Boarded,,False
pinnacle-Slc,Clearwater Campus,CAB,2026-05-09,09:00,3000105,1778297700.0,1778301000.0,1778297820.0,1778301120.0,6.2,6.4,100210,Planned,FEMALE,employee,Boarded,,False
pinnacle-Slc,Oakmont Office,CAB,2026-05-09,09:00,3000106,1778297400.0,1778301000.0,1778297520.0,1778301120.0,6.2,6.4,100211,Planned,MALE,employee,Boarded,,False
pinnacle-Slc,Oakmont Office,CAB,2026-05-09,09:00,3000106,1778297700.0,1778301000.0,1778297820.0,1778301120.0,6.2,6.4,100212,Planned,FEMALE,employee,Boarded,,False
pinnacle-Slc,Clearwater Campus,CAB,2026-05-09,15:30,3000107,1778320800.0,1778324400.0,1778320920.0,1778324520.0,6.2,6.4,100213,Planned,MALE,employee,Boarded,,False
pinnacle-Slc,Clearwater Campus,CAB,2026-05-09,15:30,3000107,1778321100.0,1778324400.0,1778321220.0,1778324520.0,6.2,6.4,100214,Planned,FEMALE,employee,Boarded,,False
pinnacle-Slc,Oakmont Office,CAB,2026-05-09,15:30,3000108,1778320800.0,1778324400.0,1778320920.0,1778324520.0,6.2,6.4,100215,Planned,MALE,employee,Boarded,,False
pinnacle-Slc,Oakmont Office,CAB,2026-05-09,15:30,3000108,1778321100.0,1778324400.0,,,6.2,6.4,100216,,FEMALE,employee,Not Boarded,NO_SHOW,True
pinnacle-Slc,Clearwater Campus,CAB,2026-05-09,09:00,3000109,1778297400.0,1778301000.0,1778297520.0,1778301120.0,6.2,6.4,100217,Planned,MALE,employee,Boarded,,False
pinnacle-Slc,Clearwater Campus,CAB,2026-05-09,09:00,3000109,1778297700.0,1778301000.0,1778297820.0,1778301120.0,6.2,6.4,100218,Planned,FEMALE,employee,Boarded,,False
pinnacle-Slc,Oakmont Office,CAB,2026-05-09,09:00,3000110,1778297400.0,1778301000.0,1778297520.0,1778301120.0,6.2,6.4,100219,Planned,MALE,employee,Boarded,,False
pinnacle-Slc,Oakmont Office,CAB,2026-05-09,09:00,3000110,1778297700.0,1778301000.0,1778297820.0,1778301120.0,6.2,6.4,100220,Planned,FEMALE,employee,Boarded,,False
pinnacle-Slc,Clearwater Campus,CAB,2026-05-09,15:30,3000111,1778320800.0,1778324400.0,1778320920.0,1778324520.0,6.2,6.4,100221,Planned,MALE,employee,Boarded,,False
pinnacle-Slc,Clearwater Campus,CAB,2026-05-09,15:30,3000111,1778321100.0,1778324400.0,1778322000.0,1778325300.0,6.2,6.4,100222,Planned,FEMALE,employee,Boarded,,False
pinnacle-Slc,Oakmont Office,CAB,2026-05-09,15:30,3000112,1778320800.0,1778324400.0,1778320920.0,1778324520.0,6.2,6.4,100223,Planned,MALE,employee,Boarded,,False
pinnacle-Slc,Oakmont Office,CAB,2026-05-09,15:30,3000112,1778321100.0,1778324400.0,1778321220.0,1778324520.0,6.2,6.4,100224,Planned,FEMALE,employee,Boarded,,False
pinnacle-Slc,Clearwater Campus,CAB,2026-05-09,09:00,3000113,1778297400.0,1778301000.0,1778297520.0,1778301120.0,6.2,6.4,100225,Planned,MALE,employee,Boarded,,False
pinnacle-Slc,Clearwater Campus,CAB,2026-05-09,09:00,3000113,1778297700.0,1778301000.0,1778297820.0,1778301120.0,6.2,6.4,100226,Planned,FEMALE,employee,Boarded,,False
pinnacle-Slc,Oakmont Office,CAB,2026-05-09,09:00,3000114,1778297400.0,1778301000.0,1778297520.0,1778301120.0,6.2,6.4,100227,Planned,MALE,employee,Boarded,,False
pinnacle-Slc,Oakmont Office,CAB,2026-05-09,09:00,3000114,1778297700.0,1778301000.0,1778297820.0,1778301120.0,6.2,6.4,100228,Planned,FEMALE,employee,Boarded,,False
pinnacle-Slc,Clearwater Campus,CAB,2026-05-09,15:30,3000115,1778320800.0,1778324400.0,1778320920.0,1778324520.0,6.2,6.4,100229,Planned,MALE,employee,Boarded,,False
pinnacle-Slc,Clearwater Campus,CAB,2026-05-09,15:30,3000115,1778321100.0,1778324400.0,1778322000.0,1778325300.0,6.2,6.4,100230,Planned,FEMALE,employee,Boarded,,False
pinnacle-Slc,Oakmont Office,CAB,2026-05-09,15:30,3000116,1778320800.0,1778324400.0,1778320920.0,1778324520.0,6.2,6.4,100231,Planned,MALE,employee,Boarded,,False
pinnacle-Slc,Oakmont Office,CAB,2026-05-09,15:30,3000116,1778321100.0,1778324400.0,1778321220.0,1778324520.0,6.2,6.4,100232,Planned,FEMALE,employee,Boarded,,False
pinnacle-Slc,Clearwater Campus,CAB,2026-05-09,09:00,3000117,1778297400.0,1778301000.0,1778297520.0,1778301120.0,6.2,6.4,100233,Planned,MALE,employee,Boarded,,False
pinnacle-Slc,Clearwater Campus,CAB,2026-05-09,09:00,3000117,1778297700.0,1778301000.0,1778297820.0,1778301120.0,6.2,6.4,100234,Planned,FEMALE,employee,Boarded,,False
pinnacle-Slc,Oakmont Office,CAB,2026-05-09,09:00,3000118,1778297400.0,1778301000.0,1778297520.0,1778301120.0,6.2,6.4,100235,Planned,MALE,employee,Boarded,,False
pinnacle-Slc,Oakmont Office,CAB,2026-05-09,09:00,3000118,1778297700.0,1778301000.0,1778297820.0,1778301120.0,6.2,6.4,100236,Planned,FEMALE,employee,Boarded,,False
pinnacle-Slc,Clearwater Campus,CAB,2026-05-09,15:30,3000119,1778320800.0,1778324400.0,1778320920.0,1778324520.0,6.2,6.4,100237,Planned,MALE,employee,Boarded,,False
pinnacle-Slc,Clearwater Campus,CAB,2026-05-09,15:30,3000119,1778321100.0,1778324400.0,1778321220.0,1778324520.0,6.2,6.4,100238,Planned,FEMALE,employee,Boarded,,False
pinnacle-Slc,Oakmont Office,CAB,2026-05-09,15:30,3000120,1778320800.0,1778324400.0,1778320920.0,1778324520.0,6.2,6.4,100239,Planned,MALE,employee,Boarded,,False
pinnacle-Slc,Oakmont Office,CAB,2026-05-09,15:30,3000120,1778321100.0,1778324400.0,1778321220.0,1778324520.0,6.2,6.4,100240,Planned,FEMALE,employee,Boarded,,False
pinnacle-Slc,Clearwater Campus,CAB,2026-05-10,09:00,3000121,1778383800.0,1778387400.0,1778383920.0,1778387520.0,6.2,6.4,100241,Planned,MALE,employee,Boarded,,False
pinnacle-Slc,Clearwater Campus,CAB,2026-05-10,09:00,3000121,1778384100.0,1778387400.0,1778384220.0,1778387520.0,6.2,6.4,100242,Planned,FEMALE,employee,Boarded,,False
pinnacle-Slc,Oakmont Office,CAB,2026-05-10,09:00,3000122,1778383800.0,1778387400.0,1778383920.0,1778387520.0,6.2,6.4,100243,Planned,MALE,employee,Boarded,,False
pinnacle-Slc,Oakmont Office,CAB,2026-05-10,09:00,3000122,1778384100.0,1778387400.0,1778384220.0,1778387520.0,6.2,6.4,100244,Planned,FEMALE,employee,Boarded,,False
pinnacle-Slc,Clearwater Campus,CAB,2026-05-10,15:30,3000123,1778407200.0,1778410800.0,1778407320.0,1778410920.0,6.2,6.4,100245,Planned,MALE,employee,Boarded,,False
pinnacle-Slc,Clearwater Campus,CAB,2026-05-10,15:30,3000123,1778407500.0,1778410800.0,1778407620.0,1778410920.0,6.2,6.4,100246,Planned,FEMALE,employee,Boarded,,False
pinnacle-Slc,Oakmont Office,CAB,2026-05-10,15:30,3000124,1778407200.0,1778410800.0,1778407320.0,1778410920.0,6.2,6.4,100247,Planned,MALE,employee,Boarded,,False
pinnacle-Slc,Oakmont Office,CAB,2026-05-10,15:30,3000124,1778407500.0,1778410800.0,1778407620.0,1778410920.0,6.2,6.4,100248,Planned,FEMALE,employee,Boarded,,False
pinnacle-Slc,Clearwater Campus,CAB,2026-05-10,09:00,3000125,1778383800.0,1778387400.0,1778383920.0,1778387520.0,6.2,6.4,100249,Planned,MALE,employee,Boarded,,False
pinnacle-Slc,Clearwater Campus,CAB,2026-05-10,09:00,3000125,1778384100.0,1778387400.0,1778384220.0,1778387520.0,6.2,6.4,100250,Planned,FEMALE,employee,Boarded,,False
pinnacle-Slc,Oakmont Office,CAB,2026-05-10,09:00,3000126,1778383800.0,1778387400.0,1778384700.0,1778388300.0,6.2,6.4,100251,Planned,MALE,employee,Boarded,,False
pinnacle-Slc,Oakmont Office,CAB,2026-05-10,09:00,3000126,1778384100.0,1778387400.0,1778384220.0,1778387520.0,6.2,6.4,100252,Planned,FEMALE,employee,Boarded,,False
pinnacle-Slc,Clearwater Campus,CAB,2026-05-10,15:30,3000127,1778407200.0,1778410800.0,1778407320.0,1778410920.0,6.2,6.4,100253,Planned,MALE,employee,Boarded,,False
pinnacle-Slc,Clearwater Campus,CAB,2026-05-10,15:30,3000127,1778407500.0,1778410800.0,1778407620.0,1778410920.0,6.2,6.4,100254,Planned,FEMALE,employee,Boarded,,False
pinnacle-Slc,Oakmont Office,CAB,2026-05-10,15:30,3000128,1778407200.0,1778410800.0,1778407320.0,1778410920.0,6.2,6.4,100255,Planned,MALE,employee,Boarded,,False
pinnacle-Slc,Oakmont Office,CAB,2026-05-10,15:30,3000128,1778407500.0,1778410800.0,,,6.2,6.4,100256,,FEMALE,employee,Not Boarded,NO_SHOW,True
pinnacle-Slc,Clearwater Campus,CAB,2026-05-10,09:00,3000129,1778383800.0,1778387400.0,1778383920.0,1778387520.0,6.2,6.4,100257,Planned,MALE,employee,Boarded,,False
pinnacle-Slc,Clearwater Campus,CAB,2026-05-10,09:00,3000129,1778384100.0,1778387400.0,1778384220.0,1778387520.0,6.2,6.4,100258,Planned,FEMALE,employee,Boarded,,False
pinnacle-Slc,Oakmont Office,CAB,2026-05-10,09:00,3000130,1778383800.0,1778387400.0,1778384700.0,1778388300.0,6.2,6.4,100259,Planned,MALE,employee,Boarded,,False
pinnacle-Slc,Oakmont Office,CAB,2026-05-10,09:00,3000130,1778384100.0,1778387400.0,1778384220.0,1778387520.0,6.2,6.4,100260,Planned,FEMALE,employee,Boarded,,False
pinnacle-Slc,Clearwater Campus,CAB,2026-05-10,15:30,3000131,1778407200.0,1778410800.0,1778407320.0,1778410920.0,6.2,6.4,100261,Planned,MALE,employee,Boarded,,False
pinnacle-Slc,Clearwater Campus,CAB,2026-05-10,15:30,3000131,1778407500.0,1778410800.0,1778407620.0,1778410920.0,6.2,6.4,100262,Planned,FEMALE,employee,Boarded,,False
pinnacle-Slc,Oakmont Office,CAB,2026-05-10,15:30,3000132,1778407200.0,1778410800.0,1778407320.0,1778410920.0,6.2,6.4,100263,Planned,MALE,employee,Boarded,,False
pinnacle-Slc,Oakmont Office,CAB,2026-05-10,15:30,3000132,1778407500.0,1778410800.0,1778407620.0,1778410920.0,6.2,6.4,100264,Planned,FEMALE,employee,Boarded,,False
pinnacle-Slc,Clearwater Campus,CAB,2026-05-10,09:00,3000133,1778383800.0,1778387400.0,1778383920.0,1778387520.0,6.2,6.4,100265,Planned,MALE,employee,Boarded,,False
pinnacle-Slc,Clearwater Campus,CAB,2026-05-10,09:00,3000133,1778384100.0,1778387400.0,1778384220.0,1778387520.0,6.2,6.4,100266,Planned,FEMALE,employee,Boarded,,False
pinnacle-Slc,Oakmont Office,CAB,2026-05-10,09:00,3000134,1778383800.0,1778387400.0,1778383920.0,1778387520.0,6.2,6.4,100267,Planned,MALE,employee,Boarded,,False
pinnacle-Slc,Oakmont Office,CAB,2026-05-10,09:00,3000134,1778384100.0,1778387400.0,1778384220.0,1778387520.0,6.2,6.4,100268,Planned,FEMALE,employee,Boarded,,False
pinnacle-Slc,Clearwater Campus,CAB,2026-05-10,15:30,3000135,1778407200.0,1778410800.0,1778407320.0,1778410920.0,6.2,6.4,100269,Planned,MALE,employee,Boarded,,False
pinnacle-Slc,Clearwater Campus,CAB,2026-05-10,15:30,3000135,1778407500.0,1778410800.0,1778407620.0,1778410920.0,6.2,6.4,100270,Planned,FEMALE,employee,Boarded,,False
pinnacle-Slc,Oakmont Office,CAB,2026-05-10,15:30,3000136,1778407200.0,1778410800.0,1778407320.0,1778410920.0,6.2,6.4,100271,Planned,MALE,employee,Boarded,,False
pinnacle-Slc,Oakmont Office,CAB,2026-05-10,15:30,3000136,1778407500.0,1778410800.0,1778408400.0,1778411700.0,6.2,6.4,100272,Planned,FEMALE,employee,Boarded,,False
pinnacle-Slc,Clearwater Campus,CAB,2026-05-10,09:00,3000137,1778383800.0,1778387400.0,1778383920.0,1778387520.0,6.2,6.4,100273,Planned,MALE,employee,Boarded,,False
pinnacle-Slc,Clearwater Campus,CAB,2026-05-10,09:00,3000137,1778384100.0,1778387400.0,1778385000.0,1778388300.0,6.2,6.4,100274,Planned,FEMALE,employee,Boarded,,False
pinnacle-Slc,Oakmont Office,CAB,2026-05-10,09:00,3000138,1778383800.0,1778387400.0,1778383920.0,1778387520.0,6.2,6.4,100275,Planned,MALE,employee,Boarded,,False
pinnacle-Slc,Oakmont Office,CAB,2026-05-10,09:00,3000138,1778384100.0,1778387400.0,1778384220.0,1778387520.0,6.2,6.4,100276,Planned,FEMALE,employee,Boarded,,False
pinnacle-Slc,Clearwater Campus,CAB,2026-05-10,15:30,3000139,1778407200.0,1778410800.0,1778407320.0,1778410920.0,6.2,6.4,100277,Planned,MALE,employee,Boarded,,False
pinnacle-Slc,Clearwater Campus,CAB,2026-05-10,15:30,3000139,1778407500.0,1778410800.0,1778407620.0,1778410920.0,6.2,6.4,100278,Planned,FEMALE,employee,Boarded,,False
pinnacle-Slc,Oakmont Office,CAB,2026-05-10,15:30,3000140,1778407200.0,1778410800.0,1778407320.0,1778410920.0,6.2,6.4,100279,Planned,MALE,employee,Boarded,,False
pinnacle-Slc,Oakmont Office,CAB,2026-05-10,15:30,3000140,1778407500.0,1778410800.0,1778407620.0,1778410920.0,6.2,6.4,100280,Planned,FEMALE,employee,Boarded,,False
pinnacle-Slc,Clearwater Campus,CAB,2026-05-11,09:00,3000141,1778470200.0,1778473800.0,1778470320.0,1778473920.0,6.2,6.4,100281,Planned,MALE,employee,Boarded,,False
pinnacle-Slc,Clearwater Campus,CAB,2026-05-11,09:00,3000141,1778470500.0,1778473800.0,1778470620.0,1778473920.0,6.2,6.4,100282,Planned,FEMALE,employee,Boarded,,False
pinnacle-Slc,Oakmont Office,CAB,2026-05-11,09:00,3000142,1778470200.0,1778473800.0,1778471100.0,1778474700.0,6.2,6.4,100283,Planned,MALE,employee,Boarded,,False
pinnacle-Slc,Oakmont Office,CAB,2026-05-11,09:00,3000142,1778470500.0,1778473800.0,1778470620.0,1778473920.0,6.2,6.4,100284,Planned,FEMALE,employee,Boarded,,False
pinnacle-Slc,Clearwater Campus,CAB,2026-05-11,15:30,3000143,1778493600.0,1778497200.0,1778493720.0,1778497320.0,6.2,6.4,100285,Planned,MALE,employee,Boarded,,False
pinnacle-Slc,Clearwater Campus,CAB,2026-05-11,15:30,3000143,1778493900.0,1778497200.0,1778494020.0,1778497320.0,6.2,6.4,100286,Planned,FEMALE,employee,Boarded,,False
pinnacle-Slc,Oakmont Office,CAB,2026-05-11,15:30,3000144,1778493600.0,1778497200.0,1778493720.0,1778497320.0,6.2,6.4,100287,Planned,MALE,employee,Boarded,,False
pinnacle-Slc,Oakmont Office,CAB,2026-05-11,15:30,3000144,1778493900.0,1778497200.0,1778494020.0,1778497320.0,6.2,6.4,100288,Planned,FEMALE,employee,Boarded,,False
pinnacle-Slc,Clearwater Campus,CAB,2026-05-11,09:00,3000145,1778470200.0,1778473800.0,1778470320.0,1778473920.0,6.2,6.4,100289,Planned,MALE,employee,Boarded,,False
pinnacle-Slc,Clearwater Campus,CAB,2026-05-11,09:00,3000145,1778470500.0,1778473800.0,1778470620.0,1778473920.0,6.2,6.4,100290,Planned,FEMALE,employee,Boarded,,False
pinnacle-Slc,Oakmont Office,CAB,2026-05-11,09:00,3000146,1778470200.0,1778473800.0,1778471100.0,1778474700.0,6.2,6.4,100291,Planned,MALE,employee,Boarded,,False
pinnacle-Slc,Oakmont Office,CAB,2026-05-11,09:00,3000146,1778470500.0,1778473800.0,1778471400.0,1778474700.0,6.2,6.4,100292,Planned,FEMALE,employee,Boarded,,False
pinnacle-Slc,Clearwater Campus,CAB,2026-05-11,15:30,3000147,1778493600.0,1778497200.0,1778493720.0,1778497320.0,6.2,6.4,100293,Planned,MALE,employee,Boarded,,False
pinnacle-Slc,Clearwater Campus,CAB,2026-05-11,15:30,3000147,1778493900.0,1778497200.0,1778494800.0,1778498100.0,6.2,6.4,100294,Planned,FEMALE,employee,Boarded,,False
pinnacle-Slc,Oakmont Office,CAB,2026-05-11,15:30,3000148,1778493600.0,1778497200.0,1778493720.0,1778497320.0,6.2,6.4,100295,Planned,MALE,employee,Boarded,,False
pinnacle-Slc,Oakmont Office,CAB,2026-05-11,15:30,3000148,1778493900.0,1778497200.0,,,6.2,6.4,100296,,FEMALE,employee,Not Boarded,NO_SHOW,True
pinnacle-Slc,Clearwater Campus,CAB,2026-05-11,09:00,3000149,1778470200.0,1778473800.0,1778470320.0,1778473920.0,6.2,6.4,100297,Planned,MALE,employee,Boarded,,False
pinnacle-Slc,Clearwater Campus,CAB,2026-05-11,09:00,3000149,1778470500.0,1778473800.0,1778470620.0,1778473920.0,6.2,6.4,100298,Planned,FEMALE,employee,Boarded,,False
pinnacle-Slc,Oakmont Office,CAB,2026-05-11,09:00,3000150,1778470200.0,1778473800.0,1778470320.0,1778473920.0,6.2,6.4,100299,Planned,MALE,employee,Boarded,,False
pinnacle-Slc,Oakmont Office,CAB,2026-05-11,09:00,3000150,1778470500.0,1778473800.0,1778470620.0,1778473920.0,6.2,6.4,100300,Planned,FEMALE,employee,Boarded,,False
pinnacle-Slc,Clearwater Campus,CAB,2026-05-11,15:30,3000151,1778493600.0,1778497200.0,1778493720.0,1778497320.0,6.2,6.4,100301,Planned,MALE,employee,Boarded,,False
pinnacle-Slc,Clearwater Campus,CAB,2026-05-11,15:30,3000151,1778493900.0,1778497200.0,1778494800.0,1778498100.0,6.2,6.4,100302,Planned,FEMALE,employee,Boarded,,False
pinnacle-Slc,Oakmont Office,CAB,2026-05-11,15:30,3000152,1778493600.0,1778497200.0,1778493720.0,1778497320.0,6.2,6.4,100303,Planned,MALE,employee,Boarded,,False
pinnacle-Slc,Oakmont Office,CAB,2026-05-11,15:30,3000152,1778493900.0,1778497200.0,1778494020.0,1778497320.0,6.2,6.4,100304,Planned,FEMALE,employee,Boarded,,False
pinnacle-Slc,Clearwater Campus,CAB,2026-05-11,09:00,3000153,1778470200.0,1778473800.0,1778470320.0,1778473920.0,6.2,6.4,100305,Planned,MALE,employee,Boarded,,False
pinnacle-Slc,Clearwater Campus,CAB,2026-05-11,09:00,3000153,1778470500.0,1778473800.0,1778470620.0,1778473920.0,6.2,6.4,100306,Planned,FEMALE,employee,Boarded,,False
pinnacle-Slc,Oakmont Office,CAB,2026-05-11,09:00,3000154,1778470200.0,1778473800.0,1778470320.0,1778473920.0,6.2,6.4,100307,Planned,MALE,employee,Boarded,,False
pinnacle-Slc,Oakmont Office,CAB,2026-05-11,09:00,3000154,1778470500.0,1778473800.0,1778470620.0,1778473920.0,6.2,6.4,100308,Planned,FEMALE,employee,Boarded,,False
pinnacle-Slc,Clearwater Campus,CAB,2026-05-11,15:30,3000155,1778493600.0,1778497200.0,1778493720.0,1778497320.0,6.2,6.4,100309,Planned,MALE,employee,Boarded,,False
pinnacle-Slc,Clearwater Campus,CAB,2026-05-11,15:30,3000155,1778493900.0,1778497200.0,1778494020.0,1778497320.0,6.2,6.4,100310,Planned,FEMALE,employee,Boarded,,False
pinnacle-Slc,Oakmont Office,CAB,2026-05-11,15:30,3000156,1778493600.0,1778497200.0,1778493720.0,1778497320.0,6.2,6.4,100311,Planned,MALE,employee,Boarded,,False
pinnacle-Slc,Oakmont Office,CAB,2026-05-11,15:30,3000156,1778493900.0,1778497200.0,1778494020.0,1778497320.0,6.2,6.4,100312,Planned,FEMALE,employee,Boarded,,False
pinnacle-Slc,Clearwater Campus,CAB,2026-05-11,09:00,3000157,1778470200.0,1778473800.0,1778470320.0,1778473920.0,6.2,6.4,100313,Planned,MALE,employee,Boarded,,False
pinnacle-Slc,Clearwater Campus,CAB,2026-05-11,09:00,3000157,1778470500.0,1778473800.0,1778470620.0,1778473920.0,6.2,6.4,100314,Planned,FEMALE,employee,Boarded,,False
pinnacle-Slc,Oakmont Office,CAB,2026-05-11,09:00,3000158,1778470200.0,1778473800.0,1778470320.0,1778473920.0,6.2,6.4,100315,Planned,MALE,employee,Boarded,,False
pinnacle-Slc,Oakmont Office,CAB,2026-05-11,09:00,3000158,1778470500.0,1778473800.0,1778470620.0,1778473920.0,6.2,6.4,100316,Planned,FEMALE,employee,Boarded,,False
pinnacle-Slc,Clearwater Campus,CAB,2026-05-11,15:30,3000159,1778493600.0,1778497200.0,1778493720.0,1778497320.0,6.2,6.4,100317,Planned,MALE,employee,Boarded,,False
pinnacle-Slc,Clearwater Campus,CAB,2026-05-11,15:30,3000159,1778493900.0,1778497200.0,1778494800.0,1778498100.0,6.2,6.4,100318,Planned,FEMALE,employee,Boarded,,False
pinnacle-Slc,Oakmont Office,CAB,2026-05-11,15:30,3000160,1778493600.0,1778497200.0,1778493720.0,1778497320.0,6.2,6.4,100319,Planned,MALE,employee,Boarded,,False
pinnacle-Slc,Oakmont Office,CAB,2026-05-11,15:30,3000160,1778493900.0,1778497200.0,1778494020.0,1778497320.0,6.2,6.4,100320,Planned,FEMALE,employee,Boarded,,False
pinnacle-Slc,Clearwater Campus,CAB,2026-05-12,09:00,3000161,1778556600.0,1778560200.0,1778556720.0,1778560320.0,6.2,6.4,100321,Planned,MALE,employee,Boarded,,False
pinnacle-Slc,Clearwater Campus,CAB,2026-05-12,09:00,3000161,1778556900.0,1778560200.0,1778557020.0,1778560320.0,6.2,6.4,100322,Planned,FEMALE,employee,Boarded,,False
pinnacle-Slc,Oakmont Office,CAB,2026-05-12,09:00,3000162,1778556600.0,1778560200.0,1778556720.0,1778560320.0,6.2,6.4,100323,Planned,MALE,employee,Boarded,,False
pinnacle-Slc,Oakmont Office,CAB,2026-05-12,09:00,3000162,1778556900.0,1778560200.0,1778557020.0,1778560320.0,6.2,6.4,100324,Planned,FEMALE,employee,Boarded,,False
pinnacle-Slc,Clearwater Campus,CAB,2026-05-12,15:30,3000163,1778580000.0,1778583600.0,1778580120.0,1778583720.0,6.2,6.4,100325,Planned,MALE,employee,Boarded,,False
pinnacle-Slc,Clearwater Campus,CAB,2026-05-12,15:30,3000163,1778580300.0,1778583600.0,1778580420.0,1778583720.0,6.2,6.4,100326,Planned,FEMALE,employee,Boarded,,False
pinnacle-Slc,Oakmont Office,CAB,2026-05-12,15:30,3000164,1778580000.0,1778583600.0,1778580120.0,1778583720.0,6.2,6.4,100327,Planned,MALE,employee,Boarded,,False
pinnacle-Slc,Oakmont Office,CAB,2026-05-12,15:30,3000164,1778580300.0,1778583600.0,1778580420.0,1778583720.0,6.2,6.4,100328,Planned,FEMALE,employee,Boarded,,False
pinnacle-Slc,Clearwater Campus,CAB,2026-05-12,09:00,3000165,1778556600.0,1778560200.0,1778556720.0,1778560320.0,6.2,6.4,100329,Planned,MALE,employee,Boarded,,False
pinnacle-Slc,Clearwater Campus,CAB,2026-05-12,09:00,3000165,1778556900.0,1778560200.0,1778557020.0,1778560320.0,6.2,6.4,100330,Planned,FEMALE,employee,Boarded,,False
pinnacle-Slc,Oakmont Office,CAB,2026-05-12,09:00,3000166,1778556600.0,1778560200.0,1778556720.0,1778560320.0,6.2,6.4,100331,Planned,MALE,employee,Boarded,,False
pinnacle-Slc,Oakmont Office,CAB,2026-05-12,09:00,3000166,1778556900.0,1778560200.0,1778557020.0,1778560320.0,6.2,6.4,100332,Planned,FEMALE,employee,Boarded,,False
pinnacle-Slc,Clearwater Campus,CAB,2026-05-12,15:30,3000167,1778580000.0,1778583600.0,1778580120.0,1778583720.0,6.2,6.4,100333,Planned,MALE,employee,Boarded,,False
pinnacle-Slc,Clearwater Campus,CAB,2026-05-12,15:30,3000167,1778580300.0,1778583600.0,1778580420.0,1778583720.0,6.2,6.4,100334,Planned,FEMALE,employee,Boarded,,False
pinnacle-Slc,Oakmont Office,CAB,2026-05-12,15:30,3000168,1778580000.0,1778583600.0,1778580120.0,1778583720.0,6.2,6.4,100335,Planned,MALE,employee,Boarded,,False
pinnacle-Slc,Oakmont Office,CAB,2026-05-12,15:30,3000168,1778580300.0,1778583600.0,,,6.2,6.4,100336,,FEMALE,employee,Not Boarded,NO_SHOW,True
pinnacle-Slc,Clearwater Campus,CAB,2026-05-12,09:00,3000169,1778556600.0,1778560200.0,1778556720.0,1778560320.0,6.2,6.4,100337,Planned,MALE,employee,Boarded,,False
pinnacle-Slc,Clearwater Campus,CAB,2026-05-12,09:00,3000169,1778556900.0,1778560200.0,1778557020.0,1778560320.0,6.2,6.4,100338,Planned,FEMALE,employee,Boarded,,False
pinnacle-Slc,Oakmont Office,CAB,2026-05-12,09:00,3000170,1778556600.0,1778560200.0,1778556720.0,1778560320.0,6.2,6.4,100339,Planned,MALE,employee,Boarded,,False
pinnacle-Slc,Oakmont Office,CAB,2026-05-12,09:00,3000170,1778556900.0,1778560200.0,1778557020.0,1778560320.0,6.2,6.4,100340,Planned,FEMALE,employee,Boarded,,False
pinnacle-Slc,Clearwater Campus,CAB,2026-05-12,15:30,3000171,1778580000.0,1778583600.0,1778580120.0,1778583720.0,6.2,6.4,100341,Planned,MALE,employee,Boarded,,False
pinnacle-Slc,Clearwater Campus,CAB,2026-05-12,15:30,3000171,1778580300.0,1778583600.0,1778580420.0,1778583720.0,6.2,6.4,100342,Planned,FEMALE,employee,Boarded,,False
pinnacle-Slc,Oakmont Office,CAB,2026-05-12,15:30,3000172,1778580000.0,1778583600.0,1778580120.0,1778583720.0,6.2,6.4,100343,Planned,MALE,employee,Boarded,,False
pinnacle-Slc,Oakmont Office,CAB,2026-05-12,15:30,3000172,1778580300.0,1778583600.0,1778580420.0,1778583720.0,6.2,6.4,100344,Planned,FEMALE,employee,Boarded,,False
pinnacle-Slc,Clearwater Campus,CAB,2026-05-12,09:00,3000173,1778556600.0,1778560200.0,1778557500.0,1778561100.0,6.2,6.4,100345,Planned,MALE,employee,Boarded,,False
pinnacle-Slc,Clearwater Campus,CAB,2026-05-12,09:00,3000173,1778556900.0,1778560200.0,1778557020.0,1778560320.0,6.2,6.4,100346,Planned,FEMALE,employee,Boarded,,False
pinnacle-Slc,Oakmont Office,CAB,2026-05-12,09:00,3000174,1778556600.0,1778560200.0,1778557500.0,1778561100.0,6.2,6.4,100347,Planned,MALE,employee,Boarded,,False
pinnacle-Slc,Oakmont Office,CAB,2026-05-12,09:00,3000174,1778556900.0,1778560200.0,1778557020.0,1778560320.0,6.2,6.4,100348,Planned,FEMALE,employee,Boarded,,False
pinnacle-Slc,Clearwater Campus,CAB,2026-05-12,15:30,3000175,1778580000.0,1778583600.0,1778580120.0,1778583720.0,6.2,6.4,100349,Planned,MALE,employee,Boarded,,False
pinnacle-Slc,Clearwater Campus,CAB,2026-05-12,15:30,3000175,1778580300.0,1778583600.0,1778580420.0,1778583720.0,6.2,6.4,100350,Planned,FEMALE,employee,Boarded,,False
pinnacle-Slc,Oakmont Office,CAB,2026-05-12,15:30,3000176,1778580000.0,1778583600.0,1778580120.0,1778583720.0,6.2,6.4,100351,Planned,MALE,employee,Boarded,,False
pinnacle-Slc,Oakmont Office,CAB,2026-05-12,15:30,3000176,1778580300.0,1778583600.0,1778580420.0,1778583720.0,6.2,6.4,100352,Planned,FEMALE,employee,Boarded,,False
pinnacle-Slc,Clearwater Campus,CAB,2026-05-12,09:00,3000177,1778556600.0,1778560200.0,1778556720.0,1778560320.0,6.2,6.4,100353,Planned,MALE,employee,Boarded,,False
pinnacle-Slc,Clearwater Campus,CAB,2026-05-12,09:00,3000177,1778556900.0,1778560200.0,1778557020.0,1778560320.0,6.2,6.4,100354,Planned,FEMALE,employee,Boarded,,False
pinnacle-Slc,Oakmont Office,CAB,2026-05-12,09:00,3000178,1778556600.0,1778560200.0,1778556720.0,1778560320.0,6.2,6.4,100355,Planned,MALE,employee,Boarded,,False
pinnacle-Slc,Oakmont Office,CAB,2026-05-12,09:00,3000178,1778556900.0,1778560200.0,1778557020.0,1778560320.0,6.2,6.4,100356,Planned,FEMALE,employee,Boarded,,False
pinnacle-Slc,Clearwater Campus,CAB,2026-05-12,15:30,3000179,1778580000.0,1778583600.0,1778580120.0,1778583720.0,6.2,6.4,100357,Planned,MALE,employee,Boarded,,False
pinnacle-Slc,Clearwater Campus,CAB,2026-05-12,15:30,3000179,1778580300.0,1778583600.0,1778581200.0,1778584500.0,6.2,6.4,100358,Planned,FEMALE,employee,Boarded,,False
pinnacle-Slc,Oakmont Office,CAB,2026-05-12,15:30,3000180,1778580000.0,1778583600.0,1778580900.0,1778584500.0,6.2,6.4,100359,Planned,MALE,employee,Boarded,,False
pinnacle-Slc,Oakmont Office,CAB,2026-05-12,15:30,3000180,1778580300.0,1778583600.0,1778580420.0,1778583720.0,6.2,6.4,100360,Planned,FEMALE,employee,Boarded,,False
pinnacle-Slc,Clearwater Campus,CAB,2026-05-13,09:00,3000181,1778643000.0,1778646600.0,1778643120.0,1778646720.0,6.2,6.4,100361,Planned,MALE,employee,Boarded,,False
pinnacle-Slc,Clearwater Campus,CAB,2026-05-13,09:00,3000181,1778643300.0,1778646600.0,1778644200.0,1778647500.0,6.2,6.4,100362,Planned,FEMALE,employee,Boarded,,False
pinnacle-Slc,Oakmont Office,CAB,2026-05-13,09:00,3000182,1778643000.0,1778646600.0,1778643120.0,1778646720.0,6.2,6.4,100363,Planned,MALE,employee,Boarded,,False
pinnacle-Slc,Oakmont Office,CAB,2026-05-13,09:00,3000182,1778643300.0,1778646600.0,1778643420.0,1778646720.0,6.2,6.4,100364,Planned,FEMALE,employee,Boarded,,False
pinnacle-Slc,Clearwater Campus,CAB,2026-05-13,15:30,3000183,1778666400.0,1778670000.0,1778666520.0,1778670120.0,6.2,6.4,100365,Planned,MALE,employee,Boarded,,False
pinnacle-Slc,Clearwater Campus,CAB,2026-05-13,15:30,3000183,1778666700.0,1778670000.0,1778666820.0,1778670120.0,6.2,6.4,100366,Planned,FEMALE,employee,Boarded,,False
pinnacle-Slc,Oakmont Office,CAB,2026-05-13,15:30,3000184,1778666400.0,1778670000.0,1778666520.0,1778670120.0,6.2,6.4,100367,Planned,MALE,employee,Boarded,,False
pinnacle-Slc,Oakmont Office,CAB,2026-05-13,15:30,3000184,1778666700.0,1778670000.0,1778666820.0,1778670120.0,6.2,6.4,100368,Planned,FEMALE,employee,Boarded,,False
pinnacle-Slc,Clearwater Campus,CAB,2026-05-13,09:00,3000185,1778643000.0,1778646600.0,1778643120.0,1778646720.0,6.2,6.4,100369,Planned,MALE,employee,Boarded,,False
pinnacle-Slc,Clearwater Campus,CAB,2026-05-13,09:00,3000185,1778643300.0,1778646600.0,1778643420.0,1778646720.0,6.2,6.4,100370,Planned,FEMALE,employee,Boarded,,False
pinnacle-Slc,Oakmont Office,CAB,2026-05-13,09:00,3000186,1778643000.0,1778646600.0,1778643120.0,1778646720.0,6.2,6.4,100371,Planned,MALE,employee,Boarded,,False
pinnacle-Slc,Oakmont Office,CAB,2026-05-13,09:00,3000186,1778643300.0,1778646600.0,1778643420.0,1778646720.0,6.2,6.4,100372,Planned,FEMALE,employee,Boarded,,False
pinnacle-Slc,Clearwater Campus,CAB,2026-05-13,15:30,3000187,1778666400.0,1778670000.0,1778666520.0,1778670120.0,6.2,6.4,100373,Planned,MALE,employee,Boarded,,False
pinnacle-Slc,Clearwater Campus,CAB,2026-05-13,15:30,3000187,1778666700.0,1778670000.0,1778666820.0,1778670120.0,6.2,6.4,100374,Planned,FEMALE,employee,Boarded,,False
pinnacle-Slc,Oakmont Office,CAB,2026-05-13,15:30,3000188,1778666400.0,1778670000.0,1778667300.0,1778670900.0,6.2,6.4,100375,Planned,MALE,employee,Boarded,,False
pinnacle-Slc,Oakmont Office,CAB,2026-05-13,15:30,3000188,1778666700.0,1778670000.0,,,6.2,6.4,100376,,FEMALE,employee,Not Boarded,NO_SHOW,True
pinnacle-Slc,Clearwater Campus,CAB,2026-05-13,09:00,3000189,1778643000.0,1778646600.0,1778643120.0,1778646720.0,6.2,6.4,100377,Planned,MALE,employee,Boarded,,False
pinnacle-Slc,Clearwater Campus,CAB,2026-05-13,09:00,3000189,1778643300.0,1778646600.0,1778643420.0,1778646720.0,6.2,6.4,100378,Planned,FEMALE,employee,Boarded,,False
pinnacle-Slc,Oakmont Office,CAB,2026-05-13,09:00,3000190,1778643000.0,1778646600.0,1778643120.0,1778646720.0,6.2,6.4,100379,Planned,MALE,employee,Boarded,,False
pinnacle-Slc,Oakmont Office,CAB,2026-05-13,09:00,3000190,1778643300.0,1778646600.0,1778643420.0,1778646720.0,6.2,6.4,100380,Planned,FEMALE,employee,Boarded,,False
pinnacle-Slc,Clearwater Campus,CAB,2026-05-13,15:30,3000191,1778666400.0,1778670000.0,1778666520.0,1778670120.0,6.2,6.4,100381,Planned,MALE,employee,Boarded,,False
pinnacle-Slc,Clearwater Campus,CAB,2026-05-13,15:30,3000191,1778666700.0,1778670000.0,1778666820.0,1778670120.0,6.2,6.4,100382,Planned,FEMALE,employee,Boarded,,False
pinnacle-Slc,Oakmont Office,CAB,2026-05-13,15:30,3000192,1778666400.0,1778670000.0,1778667300.0,1778670900.0,6.2,6.4,100383,Planned,MALE,employee,Boarded,,False
pinnacle-Slc,Oakmont Office,CAB,2026-05-13,15:30,3000192,1778666700.0,1778670000.0,1778666820.0,1778670120.0,6.2,6.4,100384,Planned,FEMALE,employee,Boarded,,False
pinnacle-Slc,Clearwater Campus,CAB,2026-05-13,09:00,3000193,1778643000.0,1778646600.0,1778643120.0,1778646720.0,6.2,6.4,100385,Planned,MALE,employee,Boarded,,False
pinnacle-Slc,Clearwater Campus,CAB,2026-05-13,09:00,3000193,1778643300.0,1778646600.0,1778643420.0,1778646720.0,6.2,6.4,100386,Planned,FEMALE,employee,Boarded,,False
pinnacle-Slc,Oakmont Office,CAB,2026-05-13,09:00,3000194,1778643000.0,1778646600.0,1778643120.0,1778646720.0,6.2,6.4,100387,Planned,MALE,employee,Boarded,,False
pinnacle-Slc,Oakmont Office,CAB,2026-05-13,09:00,3000194,1778643300.0,1778646600.0,1778643420.0,1778646720.0,6.2,6.4,100388,Planned,FEMALE,employee,Boarded,,False
pinnacle-Slc,Clearwater Campus,CAB,2026-05-13,15:30,3000195,1778666400.0,1778670000.0,1778666520.0,1778670120.0,6.2,6.4,100389,Planned,MALE,employee,Boarded,,False
pinnacle-Slc,Clearwater Campus,CAB,2026-05-13,15:30,3000195,1778666700.0,1778670000.0,1778666820.0,1778670120.0,6.2,6.4,100390,Planned,FEMALE,employee,Boarded,,False
pinnacle-Slc,Oakmont Office,CAB,2026-05-13,15:30,3000196,1778666400.0,1778670000.0,1778666520.0,1778670120.0,6.2,6.4,100391,Planned,MALE,employee,Boarded,,False
pinnacle-Slc,Oakmont Office,CAB,2026-05-13,15:30,3000196,1778666700.0,1778670000.0,1778666820.0,1778670120.0,6.2,6.4,100392,Planned,FEMALE,employee,Boarded,,False
pinnacle-Slc,Clearwater Campus,CAB,2026-05-13,09:00,3000197,1778643000.0,1778646600.0,1778643900.0,1778647500.0,6.2,6.4,100393,Planned,MALE,employee,Boarded,,False
pinnacle-Slc,Clearwater Campus,CAB,2026-05-13,09:00,3000197,1778643300.0,1778646600.0,1778643420.0,1778646720.0,6.2,6.4,100394,Planned,FEMALE,employee,Boarded,,False
pinnacle-Slc,Oakmont Office,CAB,2026-05-13,09:00,3000198,1778643000.0,1778646600.0,1778643120.0,1778646720.0,6.2,6.4,100395,Planned,MALE,employee,Boarded,,False
pinnacle-Slc,Oakmont Office,CAB,2026-05-13,09:00,3000198,1778643300.0,1778646600.0,1778644200.0,1778647500.0,6.2,6.4,100396,Planned,FEMALE,employee,Boarded,,False
pinnacle-Slc,Clearwater Campus,CAB,2026-05-13,15:30,3000199,1778666400.0,1778670000.0,1778666520.0,1778670120.0,6.2,6.4,100397,Planned,MALE,employee,Boarded,,False
pinnacle-Slc,Clearwater Campus,CAB,2026-05-13,15:30,3000199,1778666700.0,1778670000.0,1778666820.0,1778670120.0,6.2,6.4,100398,Planned,FEMALE,employee,Boarded,,False
pinnacle-Slc,Oakmont Office,CAB,2026-05-13,15:30,3000200,1778666400.0,1778670000.0,1778667300.0,1778670900.0,6.2,6.4,100399,Planned,MALE,employee,Boarded,,False
pinnacle-Slc,Oakmont Office,CAB,2026-05-13,15:30,3000200,1778666700.0,1778670000.0,1778666820.0,1778670120.0,6.2,6.4,100400,Planned,FEMALE,employee,Boarded,,False
pinnacle-Slc,Clearwater Campus,CAB,2026-05-14,09:00,3000201,1778729400.0,1778733000.0,1778729520.0,1778733120.0,6.2,6.4,100401,Planned,MALE,employee,Boarded,,False
pinnacle-Slc,Clearwater Campus,CAB,2026-05-14,09:00,3000201,1778729700.0,1778733000.0,1778729820.0,1778733120.0,6.2,6.4,100402,Planned,FEMALE,employee,Boarded,,False
pinnacle-Slc,Oakmont Office,CAB,2026-05-14,09:00,3000202,1778729400.0,1778733000.0,1778729520.0,1778733120.0,6.2,6.4,100403,Planned,MALE,employee,Boarded,,False
pinnacle-Slc,Oakmont Office,CAB,2026-05-14,09:00,3000202,1778729700.0,1778733000.0,1778729820.0,1778733120.0,6.2,6.4,100404,Planned,FEMALE,employee,Boarded,,False
pinnacle-Slc,Clearwater Campus,CAB,2026-05-14,15:30,3000203,1778752800.0,1778756400.0,1778752920.0,1778756520.0,6.2,6.4,100405,Planned,MALE,employee,Boarded,,False
pinnacle-Slc,Clearwater Campus,CAB,2026-05-14,15:30,3000203,1778753100.0,1778756400.0,1778753220.0,1778756520.0,6.2,6.4,100406,Planned,FEMALE,employee,Boarded,,False
pinnacle-Slc,Oakmont Office,CAB,2026-05-14,15:30,3000204,1778752800.0,1778756400.0,1778752920.0,1778756520.0,6.2,6.4,100407,Planned,MALE,employee,Boarded,,False
pinnacle-Slc,Oakmont Office,CAB,2026-05-14,15:30,3000204,1778753100.0,1778756400.0,1778753220.0,1778756520.0,6.2,6.4,100408,Planned,FEMALE,employee,Boarded,,False
pinnacle-Slc,Clearwater Campus,CAB,2026-05-14,09:00,3000205,1778729400.0,1778733000.0,1778729520.0,1778733120.0,6.2,6.4,100409,Planned,MALE,employee,Boarded,,False
pinnacle-Slc,Clearwater Campus,CAB,2026-05-14,09:00,3000205,1778729700.0,1778733000.0,1778729820.0,1778733120.0,6.2,6.4,100410,Planned,FEMALE,employee,Boarded,,False
pinnacle-Slc,Oakmont Office,CAB,2026-05-14,09:00,3000206,1778729400.0,1778733000.0,1778729520.0,1778733120.0,6.2,6.4,100411,Planned,MALE,employee,Boarded,,False
pinnacle-Slc,Oakmont Office,CAB,2026-05-14,09:00,3000206,1778729700.0,1778733000.0,1778729820.0,1778733120.0,6.2,6.4,100412,Planned,FEMALE,employee,Boarded,,False
pinnacle-Slc,Clearwater Campus,CAB,2026-05-14,15:30,3000207,1778752800.0,1778756400.0,1778752920.0,1778756520.0,6.2,6.4,100413,Planned,MALE,employee,Boarded,,False
pinnacle-Slc,Clearwater Campus,CAB,2026-05-14,15:30,3000207,1778753100.0,1778756400.0,1778753220.0,1778756520.0,6.2,6.4,100414,Planned,FEMALE,employee,Boarded,,False
pinnacle-Slc,Oakmont Office,CAB,2026-05-14,15:30,3000208,1778752800.0,1778756400.0,1778752920.0,1778756520.0,6.2,6.4,100415,Planned,MALE,employee,Boarded,,False
pinnacle-Slc,Oakmont Office,CAB,2026-05-14,15:30,3000208,1778753100.0,1778756400.0,,,6.2,6.4,100416,,FEMALE,employee,Not Boarded,NO_SHOW,True
pinnacle-Slc,Clearwater Campus,CAB,2026-05-14,09:00,3000209,1778729400.0,1778733000.0,1778729520.0,1778733120.0,6.2,6.4,100417,Planned,MALE,employee,Boarded,,False
pinnacle-Slc,Clearwater Campus,CAB,2026-05-14,09:00,3000209,1778729700.0,1778733000.0,1778729820.0,1778733120.0,6.2,6.4,100418,Planned,FEMALE,employee,Boarded,,False
pinnacle-Slc,Oakmont Office,CAB,2026-05-14,09:00,3000210,1778729400.0,1778733000.0,1778730300.0,1778733900.0,6.2,6.4,100419,Planned,MALE,employee,Boarded,,False
pinnacle-Slc,Oakmont Office,CAB,2026-05-14,09:00,3000210,1778729700.0,1778733000.0,1778729820.0,1778733120.0,6.2,6.4,100420,Planned,FEMALE,employee,Boarded,,False
pinnacle-Slc,Clearwater Campus,CAB,2026-05-14,15:30,3000211,1778752800.0,1778756400.0,1778752920.0,1778756520.0,6.2,6.4,100421,Planned,MALE,employee,Boarded,,False
pinnacle-Slc,Clearwater Campus,CAB,2026-05-14,15:30,3000211,1778753100.0,1778756400.0,1778753220.0,1778756520.0,6.2,6.4,100422,Planned,FEMALE,employee,Boarded,,False
pinnacle-Slc,Oakmont Office,CAB,2026-05-14,15:30,3000212,1778752800.0,1778756400.0,1778752920.0,1778756520.0,6.2,6.4,100423,Planned,MALE,employee,Boarded,,False
pinnacle-Slc,Oakmont Office,CAB,2026-05-14,15:30,3000212,1778753100.0,1778756400.0,1778753220.0,1778756520.0,6.2,6.4,100424,Planned,FEMALE,employee,Boarded,,False
pinnacle-Slc,Clearwater Campus,CAB,2026-05-14,09:00,3000213,1778729400.0,1778733000.0,1778729520.0,1778733120.0,6.2,6.4,100425,Planned,MALE,employee,Boarded,,False
pinnacle-Slc,Clearwater Campus,CAB,2026-05-14,09:00,3000213,1778729700.0,1778733000.0,1778729820.0,1778733120.0,6.2,6.4,100426,Planned,FEMALE,employee,Boarded,,False
pinnacle-Slc,Oakmont Office,CAB,2026-05-14,09:00,3000214,1778729400.0,1778733000.0,1778729520.0,1778733120.0,6.2,6.4,100427,Planned,MALE,employee,Boarded,,False
pinnacle-Slc,Oakmont Office,CAB,2026-05-14,09:00,3000214,1778729700.0,1778733000.0,1778729820.0,1778733120.0,6.2,6.4,100428,Planned,FEMALE,employee,Boarded,,False
pinnacle-Slc,Clearwater Campus,CAB,2026-05-14,15:30,3000215,1778752800.0,1778756400.0,1778752920.0,1778756520.0,6.2,6.4,100429,Planned,MALE,employee,Boarded,,False
pinnacle-Slc,Clearwater Campus,CAB,2026-05-14,15:30,3000215,1778753100.0,1778756400.0,1778753220.0,1778756520.0,6.2,6.4,100430,Planned,FEMALE,employee,Boarded,,False
pinnacle-Slc,Oakmont Office,CAB,2026-05-14,15:30,3000216,1778752800.0,1778756400.0,1778752920.0,1778756520.0,6.2,6.4,100431,Planned,MALE,employee,Boarded,,False
pinnacle-Slc,Oakmont Office,CAB,2026-05-14,15:30,3000216,1778753100.0,1778756400.0,1778753220.0,1778756520.0,6.2,6.4,100432,Planned,FEMALE,employee,Boarded,,False
pinnacle-Slc,Clearwater Campus,CAB,2026-05-14,09:00,3000217,1778729400.0,1778733000.0,1778729520.0,1778733120.0,6.2,6.4,100433,Planned,MALE,employee,Boarded,,False
pinnacle-Slc,Clearwater Campus,CAB,2026-05-14,09:00,3000217,1778729700.0,1778733000.0,1778729820.0,1778733120.0,6.2,6.4,100434,Planned,FEMALE,employee,Boarded,,False
pinnacle-Slc,Oakmont Office,CAB,2026-05-14,09:00,3000218,1778729400.0,1778733000.0,1778729520.0,1778733120.0,6.2,6.4,100435,Planned,MALE,employee,Boarded,,False
pinnacle-Slc,Oakmont Office,CAB,2026-05-14,09:00,3000218,1778729700.0,1778733000.0,1778729820.0,1778733120.0,6.2,6.4,100436,Planned,FEMALE,employee,Boarded,,False
pinnacle-Slc,Clearwater Campus,CAB,2026-05-14,15:30,3000219,1778752800.0,1778756400.0,1778753700.0,1778757300.0,6.2,6.4,100437,Planned,MALE,employee,Boarded,,False
pinnacle-Slc,Clearwater Campus,CAB,2026-05-14,15:30,3000219,1778753100.0,1778756400.0,1778753220.0,1778756520.0,6.2,6.4,100438,Planned,FEMALE,employee,Boarded,,False
pinnacle-Slc,Oakmont Office,CAB,2026-05-14,15:30,3000220,1778752800.0,1778756400.0,1778752920.0,1778756520.0,6.2,6.4,100439,Planned,MALE,employee,Boarded,,False
pinnacle-Slc,Oakmont Office,CAB,2026-05-14,15:30,3000220,1778753100.0,1778756400.0,1778753220.0,1778756520.0,6.2,6.4,100440,Planned,FEMALE,employee,Boarded,,False
pinnacle-Slc,Clearwater Campus,CAB,2026-05-15,09:00,3000221,1778815800.0,1778819400.0,1778815920.0,1778819520.0,6.2,6.4,100441,Planned,MALE,employee,Boarded,,False
pinnacle-Slc,Clearwater Campus,CAB,2026-05-15,09:00,3000221,1778816100.0,1778819400.0,1778816220.0,1778819520.0,6.2,6.4,100442,Planned,FEMALE,employee,Boarded,,False
pinnacle-Slc,Oakmont Office,CAB,2026-05-15,09:00,3000222,1778815800.0,1778819400.0,1778816700.0,1778820300.0,6.2,6.4,100443,Planned,MALE,employee,Boarded,,False
pinnacle-Slc,Oakmont Office,CAB,2026-05-15,09:00,3000222,1778816100.0,1778819400.0,1778816220.0,1778819520.0,6.2,6.4,100444,Planned,FEMALE,employee,Boarded,,False
pinnacle-Slc,Clearwater Campus,CAB,2026-05-15,15:30,3000223,1778839200.0,1778842800.0,1778839320.0,1778842920.0,6.2,6.4,100445,Planned,MALE,employee,Boarded,,False
pinnacle-Slc,Clearwater Campus,CAB,2026-05-15,15:30,3000223,1778839500.0,1778842800.0,1778839620.0,1778842920.0,6.2,6.4,100446,Planned,FEMALE,employee,Boarded,,False
pinnacle-Slc,Oakmont Office,CAB,2026-05-15,15:30,3000224,1778839200.0,1778842800.0,1778839320.0,1778842920.0,6.2,6.4,100447,Planned,MALE,employee,Boarded,,False
pinnacle-Slc,Oakmont Office,CAB,2026-05-15,15:30,3000224,1778839500.0,1778842800.0,1778839620.0,1778842920.0,6.2,6.4,100448,Planned,FEMALE,employee,Boarded,,False
pinnacle-Slc,Clearwater Campus,CAB,2026-05-15,09:00,3000225,1778815800.0,1778819400.0,1778815920.0,1778819520.0,6.2,6.4,100449,Planned,MALE,employee,Boarded,,False
pinnacle-Slc,Clearwater Campus,CAB,2026-05-15,09:00,3000225,1778816100.0,1778819400.0,1778816220.0,1778819520.0,6.2,6.4,100450,Planned,FEMALE,employee,Boarded,,False
pinnacle-Slc,Oakmont Office,CAB,2026-05-15,09:00,3000226,1778815800.0,1778819400.0,1778815920.0,1778819520.0,6.2,6.4,100451,Planned,MALE,employee,Boarded,,False
pinnacle-Slc,Oakmont Office,CAB,2026-05-15,09:00,3000226,1778816100.0,1778819400.0,1778816220.0,1778819520.0,6.2,6.4,100452,Planned,FEMALE,employee,Boarded,,False
pinnacle-Slc,Clearwater Campus,CAB,2026-05-15,15:30,3000227,1778839200.0,1778842800.0,1778839320.0,1778842920.0,6.2,6.4,100453,Planned,MALE,employee,Boarded,,False
pinnacle-Slc,Clearwater Campus,CAB,2026-05-15,15:30,3000227,1778839500.0,1778842800.0,1778839620.0,1778842920.0,6.2,6.4,100454,Planned,FEMALE,employee,Boarded,,False
pinnacle-Slc,Oakmont Office,CAB,2026-05-15,15:30,3000228,1778839200.0,1778842800.0,1778839320.0,1778842920.0,6.2,6.4,100455,Planned,MALE,employee,Boarded,,False
pinnacle-Slc,Oakmont Office,CAB,2026-05-15,15:30,3000228,1778839500.0,1778842800.0,,,6.2,6.4,100456,,FEMALE,employee,Not Boarded,NO_SHOW,True
pinnacle-Slc,Clearwater Campus,CAB,2026-05-15,09:00,3000229,1778815800.0,1778819400.0,1778815920.0,1778819520.0,6.2,6.4,100457,Planned,MALE,employee,Boarded,,False
pinnacle-Slc,Clearwater Campus,CAB,2026-05-15,09:00,3000229,1778816100.0,1778819400.0,1778816220.0,1778819520.0,6.2,6.4,100458,Planned,FEMALE,employee,Boarded,,False
pinnacle-Slc,Oakmont Office,CAB,2026-05-15,09:00,3000230,1778815800.0,1778819400.0,1778815920.0,1778819520.0,6.2,6.4,100459,Planned,MALE,employee,Boarded,,False
pinnacle-Slc,Oakmont Office,CAB,2026-05-15,09:00,3000230,1778816100.0,1778819400.0,1778816220.0,1778819520.0,6.2,6.4,100460,Planned,FEMALE,employee,Boarded,,False
pinnacle-Slc,Clearwater Campus,CAB,2026-05-15,15:30,3000231,1778839200.0,1778842800.0,1778839320.0,1778842920.0,6.2,6.4,100461,Planned,MALE,employee,Boarded,,False
pinnacle-Slc,Clearwater Campus,CAB,2026-05-15,15:30,3000231,1778839500.0,1778842800.0,1778839620.0,1778842920.0,6.2,6.4,100462,Planned,FEMALE,employee,Boarded,,False
pinnacle-Slc,Oakmont Office,CAB,2026-05-15,15:30,3000232,1778839200.0,1778842800.0,1778839320.0,1778842920.0,6.2,6.4,100463,Planned,MALE,employee,Boarded,,False
pinnacle-Slc,Oakmont Office,CAB,2026-05-15,15:30,3000232,1778839500.0,1778842800.0,1778840400.0,1778843700.0,6.2,6.4,100464,Planned,FEMALE,employee,Boarded,,False
pinnacle-Slc,Clearwater Campus,CAB,2026-05-15,09:00,3000233,1778815800.0,1778819400.0,1778816700.0,1778820300.0,6.2,6.4,100465,Planned,MALE,employee,Boarded,,False
pinnacle-Slc,Clearwater Campus,CAB,2026-05-15,09:00,3000233,1778816100.0,1778819400.0,1778816220.0,1778819520.0,6.2,6.4,100466,Planned,FEMALE,employee,Boarded,,False
pinnacle-Slc,Oakmont Office,CAB,2026-05-15,09:00,3000234,1778815800.0,1778819400.0,1778815920.0,1778819520.0,6.2,6.4,100467,Planned,MALE,employee,Boarded,,False
pinnacle-Slc,Oakmont Office,CAB,2026-05-15,09:00,3000234,1778816100.0,1778819400.0,1778816220.0,1778819520.0,6.2,6.4,100468,Planned,FEMALE,employee,Boarded,,False
pinnacle-Slc,Clearwater Campus,CAB,2026-05-15,15:30,3000235,1778839200.0,1778842800.0,1778839320.0,1778842920.0,6.2,6.4,100469,Planned,MALE,employee,Boarded,,False
pinnacle-Slc,Clearwater Campus,CAB,2026-05-15,15:30,3000235,1778839500.0,1778842800.0,1778840400.0,1778843700.0,6.2,6.4,100470,Planned,FEMALE,employee,Boarded,,False
pinnacle-Slc,Oakmont Office,CAB,2026-05-15,15:30,3000236,1778839200.0,1778842800.0,1778839320.0,1778842920.0,6.2,6.4,100471,Planned,MALE,employee,Boarded,,False
pinnacle-Slc,Oakmont Office,CAB,2026-05-15,15:30,3000236,1778839500.0,1778842800.0,1778839620.0,1778842920.0,6.2,6.4,100472,Planned,FEMALE,employee,Boarded,,False
pinnacle-Slc,Clearwater Campus,CAB,2026-05-15,09:00,3000237,1778815800.0,1778819400.0,1778816700.0,1778820300.0,6.2,6.4,100473,Planned,MALE,employee,Boarded,,False
pinnacle-Slc,Clearwater Campus,CAB,2026-05-15,09:00,3000237,1778816100.0,1778819400.0,1778816220.0,1778819520.0,6.2,6.4,100474,Planned,FEMALE,employee,Boarded,,False
pinnacle-Slc,Oakmont Office,CAB,2026-05-15,09:00,3000238,1778815800.0,1778819400.0,1778815920.0,1778819520.0,6.2,6.4,100475,Planned,MALE,employee,Boarded,,False
pinnacle-Slc,Oakmont Office,CAB,2026-05-15,09:00,3000238,1778816100.0,1778819400.0,1778816220.0,1778819520.0,6.2,6.4,100476,Planned,FEMALE,employee,Boarded,,False
pinnacle-Slc,Clearwater Campus,CAB,2026-05-15,15:30,3000239,1778839200.0,1778842800.0,1778839320.0,1778842920.0,6.2,6.4,100477,Planned,MALE,employee,Boarded,,False
pinnacle-Slc,Clearwater Campus,CAB,2026-05-15,15:30,3000239,1778839500.0,1778842800.0,1778839620.0,1778842920.0,6.2,6.4,100478,Planned,FEMALE,employee,Boarded,,False
pinnacle-Slc,Oakmont Office,CAB,2026-05-15,15:30,3000240,1778839200.0,1778842800.0,1778839320.0,1778842920.0,6.2,6.4,100479,Planned,MALE,employee,Boarded,,False
pinnacle-Slc,Oakmont Office,CAB,2026-05-15,15:30,3000240,1778839500.0,1778842800.0,1778840400.0,1778843700.0,6.2,6.4,100480,Planned,FEMALE,employee,Boarded,,False
pinnacle-Slc,Clearwater Campus,CAB,2026-05-16,09:00,3000241,1778902200.0,1778905800.0,1778902320.0,1778905920.0,6.2,6.4,100481,Planned,MALE,employee,Boarded,,False
pinnacle-Slc,Clearwater Campus,CAB,2026-05-16,09:00,3000241,1778902500.0,1778905800.0,1778902620.0,1778905920.0,6.2,6.4,100482,Planned,FEMALE,employee,Boarded,,False
pinnacle-Slc,Oakmont Office,CAB,2026-05-16,09:00,3000242,1778902200.0,1778905800.0,1778902320.0,1778905920.0,6.2,6.4,100483,Planned,MALE,employee,Boarded,,False
pinnacle-Slc,Oakmont Office,CAB,2026-05-16,09:00,3000242,1778902500.0,1778905800.0,1778902620.0,1778905920.0,6.2,6.4,100484,Planned,FEMALE,employee,Boarded,,False
pinnacle-Slc,Clearwater Campus,CAB,2026-05-16,15:30,3000243,1778925600.0,1778929200.0,1778925720.0,1778929320.0,6.2,6.4,100485,Planned,MALE,employee,Boarded,,False
pinnacle-Slc,Clearwater Campus,CAB,2026-05-16,15:30,3000243,1778925900.0,1778929200.0,1778926020.0,1778929320.0,6.2,6.4,100486,Planned,FEMALE,employee,Boarded,,False
pinnacle-Slc,Oakmont Office,CAB,2026-05-16,15:30,3000244,1778925600.0,1778929200.0,1778926500.0,1778930100.0,6.2,6.4,100487,Planned,MALE,employee,Boarded,,False
pinnacle-Slc,Oakmont Office,CAB,2026-05-16,15:30,3000244,1778925900.0,1778929200.0,1778926020.0,1778929320.0,6.2,6.4,100488,Planned,FEMALE,employee,Boarded,,False
pinnacle-Slc,Clearwater Campus,CAB,2026-05-16,09:00,3000245,1778902200.0,1778905800.0,1778902320.0,1778905920.0,6.2,6.4,100489,Planned,MALE,employee,Boarded,,False
pinnacle-Slc,Clearwater Campus,CAB,2026-05-16,09:00,3000245,1778902500.0,1778905800.0,1778902620.0,1778905920.0,6.2,6.4,100490,Planned,FEMALE,employee,Boarded,,False
pinnacle-Slc,Oakmont Office,CAB,2026-05-16,09:00,3000246,1778902200.0,1778905800.0,1778902320.0,1778905920.0,6.2,6.4,100491,Planned,MALE,employee,Boarded,,False
pinnacle-Slc,Oakmont Office,CAB,2026-05-16,09:00,3000246,1778902500.0,1778905800.0,1778903400.0,1778906700.0,6.2,6.4,100492,Planned,FEMALE,employee,Boarded,,False
pinnacle-Slc,Clearwater Campus,CAB,2026-05-16,15:30,3000247,1778925600.0,1778929200.0,1778925720.0,1778929320.0,6.2,6.4,100493,Planned,MALE,employee,Boarded,,False
pinnacle-Slc,Clearwater Campus,CAB,2026-05-16,15:30,3000247,1778925900.0,1778929200.0,1778926020.0,1778929320.0,6.2,6.4,100494,Planned,FEMALE,employee,Boarded,,False
pinnacle-Slc,Oakmont Office,CAB,2026-05-16,15:30,3000248,1778925600.0,1778929200.0,1778925720.0,1778929320.0,6.2,6.4,100495,Planned,MALE,employee,Boarded,,False
pinnacle-Slc,Oakmont Office,CAB,2026-05-16,15:30,3000248,1778925900.0,1778929200.0,,,6.2,6.4,100496,,FEMALE,employee,Not Boarded,NO_SHOW,True
pinnacle-Slc,Clearwater Campus,CAB,2026-05-16,09:00,3000249,1778902200.0,1778905800.0,1778903100.0,1778906700.0,6.2,6.4,100497,Planned,MALE,employee,Boarded,,False
pinnacle-Slc,Clearwater Campus,CAB,2026-05-16,09:00,3000249,1778902500.0,1778905800.0,1778902620.0,1778905920.0,6.2,6.4,100498,Planned,FEMALE,employee,Boarded,,False
pinnacle-Slc,Oakmont Office,CAB,2026-05-16,09:00,3000250,1778902200.0,1778905800.0,1778902320.0,1778905920.0,6.2,6.4,100499,Planned,MALE,employee,Boarded,,False
pinnacle-Slc,Oakmont Office,CAB,2026-05-16,09:00,3000250,1778902500.0,1778905800.0,1778902620.0,1778905920.0,6.2,6.4,100500,Planned,FEMALE,employee,Boarded,,False
pinnacle-Slc,Clearwater Campus,CAB,2026-05-16,15:30,3000251,1778925600.0,1778929200.0,1778925720.0,1778929320.0,6.2,6.4,100501,Planned,MALE,employee,Boarded,,False
pinnacle-Slc,Clearwater Campus,CAB,2026-05-16,15:30,3000251,1778925900.0,1778929200.0,1778926020.0,1778929320.0,6.2,6.4,100502,Planned,FEMALE,employee,Boarded,,False
pinnacle-Slc,Oakmont Office,CAB,2026-05-16,15:30,3000252,1778925600.0,1778929200.0,1778925720.0,1778929320.0,6.2,6.4,100503,Planned,MALE,employee,Boarded,,False
pinnacle-Slc,Oakmont Office,CAB,2026-05-16,15:30,3000252,1778925900.0,1778929200.0,1778926020.0,1778929320.0,6.2,6.4,100504,Planned,FEMALE,employee,Boarded,,False
pinnacle-Slc,Clearwater Campus,CAB,2026-05-16,09:00,3000253,1778902200.0,1778905800.0,1778903100.0,1778906700.0,6.2,6.4,100505,Planned,MALE,employee,Boarded,,False
pinnacle-Slc,Clearwater Campus,CAB,2026-05-16,09:00,3000253,1778902500.0,1778905800.0,1778902620.0,1778905920.0,6.2,6.4,100506,Planned,FEMALE,employee,Boarded,,False
pinnacle-Slc,Oakmont Office,CAB,2026-05-16,09:00,3000254,1778902200.0,1778905800.0,1778902320.0,1778905920.0,6.2,6.4,100507,Planned,MALE,employee,Boarded,,False
pinnacle-Slc,Oakmont Office,CAB,2026-05-16,09:00,3000254,1778902500.0,1778905800.0,1778902620.0,1778905920.0,6.2,6.4,100508,Planned,FEMALE,employee,Boarded,,False
pinnacle-Slc,Clearwater Campus,CAB,2026-05-16,15:30,3000255,1778925600.0,1778929200.0,1778925720.0,1778929320.0,6.2,6.4,100509,Planned,MALE,employee,Boarded,,False
pinnacle-Slc,Clearwater Campus,CAB,2026-05-16,15:30,3000255,1778925900.0,1778929200.0,1778926020.0,1778929320.0,6.2,6.4,100510,Planned,FEMALE,employee,Boarded,,False
pinnacle-Slc,Oakmont Office,CAB,2026-05-16,15:30,3000256,1778925600.0,1778929200.0,1778925720.0,1778929320.0,6.2,6.4,100511,Planned,MALE,employee,Boarded,,False
pinnacle-Slc,Oakmont Office,CAB,2026-05-16,15:30,3000256,1778925900.0,1778929200.0,1778926020.0,1778929320.0,6.2,6.4,100512,Planned,FEMALE,employee,Boarded,,False
pinnacle-Slc,Clearwater Campus,CAB,2026-05-16,09:00,3000257,1778902200.0,1778905800.0,1778902320.0,1778905920.0,6.2,6.4,100513,Planned,MALE,employee,Boarded,,False
pinnacle-Slc,Clearwater Campus,CAB,2026-05-16,09:00,3000257,1778902500.0,1778905800.0,1778902620.0,1778905920.0,6.2,6.4,100514,Planned,FEMALE,employee,Boarded,,False
pinnacle-Slc,Oakmont Office,CAB,2026-05-16,09:00,3000258,1778902200.0,1778905800.0,1778903100.0,1778906700.0,6.2,6.4,100515,Planned,MALE,employee,Boarded,,False
pinnacle-Slc,Oakmont Office,CAB,2026-05-16,09:00,3000258,1778902500.0,1778905800.0,1778902620.0,1778905920.0,6.2,6.4,100516,Planned,FEMALE,employee,Boarded,,False
pinnacle-Slc,Clearwater Campus,CAB,2026-05-16,15:30,3000259,1778925600.0,1778929200.0,1778925720.0,1778929320.0,6.2,6.4,100517,Planned,MALE,employee,Boarded,,False
pinnacle-Slc,Clearwater Campus,CAB,2026-05-16,15:30,3000259,1778925900.0,1778929200.0,1778926020.0,1778929320.0,6.2,6.4,100518,Planned,FEMALE,employee,Boarded,,False
pinnacle-Slc,Oakmont Office,CAB,2026-05-16,15:30,3000260,1778925600.0,1778929200.0,1778926500.0,1778930100.0,6.2,6.4,100519,Planned,MALE,employee,Boarded,,False
pinnacle-Slc,Oakmont Office,CAB,2026-05-16,15:30,3000260,1778925900.0,1778929200.0,1778926020.0,1778929320.0,6.2,6.4,100520,Planned,FEMALE,employee,Boarded,,False
pinnacle-Slc,Clearwater Campus,CAB,2026-05-17,09:00,3000261,1778988600.0,1778992200.0,1778988720.0,1778992320.0,6.2,6.4,100521,Planned,MALE,employee,Boarded,,False
pinnacle-Slc,Clearwater Campus,CAB,2026-05-17,09:00,3000261,1778988900.0,1778992200.0,1778989020.0,1778992320.0,6.2,6.4,100522,Planned,FEMALE,employee,Boarded,,False
pinnacle-Slc,Oakmont Office,CAB,2026-05-17,09:00,3000262,1778988600.0,1778992200.0,1778988720.0,1778992320.0,6.2,6.4,100523,Planned,MALE,employee,Boarded,,False
pinnacle-Slc,Oakmont Office,CAB,2026-05-17,09:00,3000262,1778988900.0,1778992200.0,1778989020.0,1778992320.0,6.2,6.4,100524,Planned,FEMALE,employee,Boarded,,False
pinnacle-Slc,Clearwater Campus,CAB,2026-05-17,15:30,3000263,1779012000.0,1779015600.0,1779012120.0,1779015720.0,6.2,6.4,100525,Planned,MALE,employee,Boarded,,False
pinnacle-Slc,Clearwater Campus,CAB,2026-05-17,15:30,3000263,1779012300.0,1779015600.0,1779012420.0,1779015720.0,6.2,6.4,100526,Planned,FEMALE,employee,Boarded,,False
pinnacle-Slc,Oakmont Office,CAB,2026-05-17,15:30,3000264,1779012000.0,1779015600.0,1779012120.0,1779015720.0,6.2,6.4,100527,Planned,MALE,employee,Boarded,,False
pinnacle-Slc,Oakmont Office,CAB,2026-05-17,15:30,3000264,1779012300.0,1779015600.0,1779012420.0,1779015720.0,6.2,6.4,100528,Planned,FEMALE,employee,Boarded,,False
pinnacle-Slc,Clearwater Campus,CAB,2026-05-17,09:00,3000265,1778988600.0,1778992200.0,1778988720.0,1778992320.0,6.2,6.4,100529,Planned,MALE,employee,Boarded,,False
pinnacle-Slc,Clearwater Campus,CAB,2026-05-17,09:00,3000265,1778988900.0,1778992200.0,1778989020.0,1778992320.0,6.2,6.4,100530,Planned,FEMALE,employee,Boarded,,False
pinnacle-Slc,Oakmont Office,CAB,2026-05-17,09:00,3000266,1778988600.0,1778992200.0,1778989500.0,1778993100.0,6.2,6.4,100531,Planned,MALE,employee,Boarded,,False
pinnacle-Slc,Oakmont Office,CAB,2026-05-17,09:00,3000266,1778988900.0,1778992200.0,1778989020.0,1778992320.0,6.2,6.4,100532,Planned,FEMALE,employee,Boarded,,False
pinnacle-Slc,Clearwater Campus,CAB,2026-05-17,15:30,3000267,1779012000.0,1779015600.0,1779012120.0,1779015720.0,6.2,6.4,100533,Planned,MALE,employee,Boarded,,False
pinnacle-Slc,Clearwater Campus,CAB,2026-05-17,15:30,3000267,1779012300.0,1779015600.0,1779012420.0,1779015720.0,6.2,6.4,100534,Planned,FEMALE,employee,Boarded,,False
pinnacle-Slc,Oakmont Office,CAB,2026-05-17,15:30,3000268,1779012000.0,1779015600.0,1779012120.0,1779015720.0,6.2,6.4,100535,Planned,MALE,employee,Boarded,,False
pinnacle-Slc,Oakmont Office,CAB,2026-05-17,15:30,3000268,1779012300.0,1779015600.0,,,6.2,6.4,100536,,FEMALE,employee,Not Boarded,NO_SHOW,True
pinnacle-Slc,Clearwater Campus,CAB,2026-05-17,09:00,3000269,1778988600.0,1778992200.0,1778988720.0,1778992320.0,6.2,6.4,100537,Planned,MALE,employee,Boarded,,False
pinnacle-Slc,Clearwater Campus,CAB,2026-05-17,09:00,3000269,1778988900.0,1778992200.0,1778989800.0,1778993100.0,6.2,6.4,100538,Planned,FEMALE,employee,Boarded,,False
pinnacle-Slc,Oakmont Office,CAB,2026-05-17,09:00,3000270,1778988600.0,1778992200.0,1778988720.0,1778992320.0,6.2,6.4,100539,Planned,MALE,employee,Boarded,,False
pinnacle-Slc,Oakmont Office,CAB,2026-05-17,09:00,3000270,1778988900.0,1778992200.0,1778989020.0,1778992320.0,6.2,6.4,100540,Planned,FEMALE,employee,Boarded,,False
pinnacle-Slc,Clearwater Campus,CAB,2026-05-17,15:30,3000271,1779012000.0,1779015600.0,1779012120.0,1779015720.0,6.2,6.4,100541,Planned,MALE,employee,Boarded,,False
pinnacle-Slc,Clearwater Campus,CAB,2026-05-17,15:30,3000271,1779012300.0,1779015600.0,1779012420.0,1779015720.0,6.2,6.4,100542,Planned,FEMALE,employee,Boarded,,False
pinnacle-Slc,Oakmont Office,CAB,2026-05-17,15:30,3000272,1779012000.0,1779015600.0,1779012900.0,1779016500.0,6.2,6.4,100543,Planned,MALE,employee,Boarded,,False
pinnacle-Slc,Oakmont Office,CAB,2026-05-17,15:30,3000272,1779012300.0,1779015600.0,1779012420.0,1779015720.0,6.2,6.4,100544,Planned,FEMALE,employee,Boarded,,False
pinnacle-Slc,Clearwater Campus,CAB,2026-05-17,09:00,3000273,1778988600.0,1778992200.0,1778988720.0,1778992320.0,6.2,6.4,100545,Planned,MALE,employee,Boarded,,False
pinnacle-Slc,Clearwater Campus,CAB,2026-05-17,09:00,3000273,1778988900.0,1778992200.0,1778989020.0,1778992320.0,6.2,6.4,100546,Planned,FEMALE,employee,Boarded,,False
pinnacle-Slc,Oakmont Office,CAB,2026-05-17,09:00,3000274,1778988600.0,1778992200.0,1778988720.0,1778992320.0,6.2,6.4,100547,Planned,MALE,employee,Boarded,,False
pinnacle-Slc,Oakmont Office,CAB,2026-05-17,09:00,3000274,1778988900.0,1778992200.0,1778989020.0,1778992320.0,6.2,6.4,100548,Planned,FEMALE,employee,Boarded,,False
pinnacle-Slc,Clearwater Campus,CAB,2026-05-17,15:30,3000275,1779012000.0,1779015600.0,1779012120.0,1779015720.0,6.2,6.4,100549,Planned,MALE,employee,Boarded,,False
pinnacle-Slc,Clearwater Campus,CAB,2026-05-17,15:30,3000275,1779012300.0,1779015600.0,1779012420.0,1779015720.0,6.2,6.4,100550,Planned,FEMALE,employee,Boarded,,False
pinnacle-Slc,Oakmont Office,CAB,2026-05-17,15:30,3000276,1779012000.0,1779015600.0,1779012120.0,1779015720.0,6.2,6.4,100551,Planned,MALE,employee,Boarded,,False
pinnacle-Slc,Oakmont Office,CAB,2026-05-17,15:30,3000276,1779012300.0,1779015600.0,1779012420.0,1779015720.0,6.2,6.4,100552,Planned,FEMALE,employee,Boarded,,False
pinnacle-Slc,Clearwater Campus,CAB,2026-05-17,09:00,3000277,1778988600.0,1778992200.0,1778988720.0,1778992320.0,6.2,6.4,100553,Planned,MALE,employee,Boarded,,False
pinnacle-Slc,Clearwater Campus,CAB,2026-05-17,09:00,3000277,1778988900.0,1778992200.0,1778989020.0,1778992320.0,6.2,6.4,100554,Planned,FEMALE,employee,Boarded,,False
pinnacle-Slc,Oakmont Office,CAB,2026-05-17,09:00,3000278,1778988600.0,1778992200.0,1778988720.0,1778992320.0,6.2,6.4,100555,Planned,MALE,employee,Boarded,,False
pinnacle-Slc,Oakmont Office,CAB,2026-05-17,09:00,3000278,1778988900.0,1778992200.0,1778989020.0,1778992320.0,6.2,6.4,100556,Planned,FEMALE,employee,Boarded,,False
pinnacle-Slc,Clearwater Campus,CAB,2026-05-17,15:30,3000279,1779012000.0,1779015600.0,1779012120.0,1779015720.0,6.2,6.4,100557,Planned,MALE,employee,Boarded,,False
pinnacle-Slc,Clearwater Campus,CAB,2026-05-17,15:30,3000279,1779012300.0,1779015600.0,1779012420.0,1779015720.0,6.2,6.4,100558,Planned,FEMALE,employee,Boarded,,False
pinnacle-Slc,Oakmont Office,CAB,2026-05-17,15:30,3000280,1779012000.0,1779015600.0,1779012120.0,1779015720.0,6.2,6.4,100559,Planned,MALE,employee,Boarded,,False
pinnacle-Slc,Oakmont Office,CAB,2026-05-17,15:30,3000280,1779012300.0,1779015600.0,1779013200.0,1779016500.0,6.2,6.4,100560,Planned,FEMALE,employee,Boarded,,False
pinnacle-Slc,Clearwater Campus,CAB,2026-05-18,09:00,3000281,1779075000.0,1779078600.0,1779075120.0,1779078720.0,6.2,6.4,100561,Planned,MALE,employee,Boarded,,False
pinnacle-Slc,Clearwater Campus,CAB,2026-05-18,09:00,3000281,1779075300.0,1779078600.0,1779075420.0,1779078720.0,6.2,6.4,100562,Planned,FEMALE,employee,Boarded,,False
pinnacle-Slc,Oakmont Office,CAB,2026-05-18,09:00,3000282,1779075000.0,1779078600.0,1779075120.0,1779078720.0,6.2,6.4,100563,Planned,MALE,employee,Boarded,,False
pinnacle-Slc,Oakmont Office,CAB,2026-05-18,09:00,3000282,1779075300.0,1779078600.0,1779075420.0,1779078720.0,6.2,6.4,100564,Planned,FEMALE,employee,Boarded,,False
pinnacle-Slc,Clearwater Campus,CAB,2026-05-18,15:30,3000283,1779098400.0,1779102000.0,1779098520.0,1779102120.0,6.2,6.4,100565,Planned,MALE,employee,Boarded,,False
pinnacle-Slc,Clearwater Campus,CAB,2026-05-18,15:30,3000283,1779098700.0,1779102000.0,1779098820.0,1779102120.0,6.2,6.4,100566,Planned,FEMALE,employee,Boarded,,False
pinnacle-Slc,Oakmont Office,CAB,2026-05-18,15:30,3000284,1779098400.0,1779102000.0,1779098520.0,1779102120.0,6.2,6.4,100567,Planned,MALE,employee,Boarded,,False
pinnacle-Slc,Oakmont Office,CAB,2026-05-18,15:30,3000284,1779098700.0,1779102000.0,1779098820.0,1779102120.0,6.2,6.4,100568,Planned,FEMALE,employee,Boarded,,False
pinnacle-Slc,Clearwater Campus,CAB,2026-05-18,09:00,3000285,1779075000.0,1779078600.0,1779075120.0,1779078720.0,6.2,6.4,100569,Planned,MALE,employee,Boarded,,False
pinnacle-Slc,Clearwater Campus,CAB,2026-05-18,09:00,3000285,1779075300.0,1779078600.0,1779075420.0,1779078720.0,6.2,6.4,100570,Planned,FEMALE,employee,Boarded,,False
pinnacle-Slc,Oakmont Office,CAB,2026-05-18,09:00,3000286,1779075000.0,1779078600.0,1779075120.0,1779078720.0,6.2,6.4,100571,Planned,MALE,employee,Boarded,,False
pinnacle-Slc,Oakmont Office,CAB,2026-05-18,09:00,3000286,1779075300.0,1779078600.0,1779075420.0,1779078720.0,6.2,6.4,100572,Planned,FEMALE,employee,Boarded,,False
pinnacle-Slc,Clearwater Campus,CAB,2026-05-18,15:30,3000287,1779098400.0,1779102000.0,1779098520.0,1779102120.0,6.2,6.4,100573,Planned,MALE,employee,Boarded,,False
pinnacle-Slc,Clearwater Campus,CAB,2026-05-18,15:30,3000287,1779098700.0,1779102000.0,1779098820.0,1779102120.0,6.2,6.4,100574,Planned,FEMALE,employee,Boarded,,False
pinnacle-Slc,Oakmont Office,CAB,2026-05-18,15:30,3000288,1779098400.0,1779102000.0,1779098520.0,1779102120.0,6.2,6.4,100575,Planned,MALE,employee,Boarded,,False
pinnacle-Slc,Oakmont Office,CAB,2026-05-18,15:30,3000288,1779098700.0,1779102000.0,,,6.2,6.4,100576,,FEMALE,employee,Not Boarded,NO_SHOW,True
pinnacle-Slc,Clearwater Campus,CAB,2026-05-18,09:00,3000289,1779075000.0,1779078600.0,1779075120.0,1779078720.0,6.2,6.4,100577,Planned,MALE,employee,Boarded,,False
pinnacle-Slc,Clearwater Campus,CAB,2026-05-18,09:00,3000289,1779075300.0,1779078600.0,1779076200.0,1779079500.0,6.2,6.4,100578,Planned,FEMALE,employee,Boarded,,False
pinnacle-Slc,Oakmont Office,CAB,2026-05-18,09:00,3000290,1779075000.0,1779078600.0,1779075120.0,1779078720.0,6.2,6.4,100579,Planned,MALE,employee,Boarded,,False
pinnacle-Slc,Oakmont Office,CAB,2026-05-18,09:00,3000290,1779075300.0,1779078600.0,1779075420.0,1779078720.0,6.2,6.4,100580,Planned,FEMALE,employee,Boarded,,False
pinnacle-Slc,Clearwater Campus,CAB,2026-05-18,15:30,3000291,1779098400.0,1779102000.0,1779098520.0,1779102120.0,6.2,6.4,100581,Planned,MALE,employee,Boarded,,False
pinnacle-Slc,Clearwater Campus,CAB,2026-05-18,15:30,3000291,1779098700.0,1779102000.0,1779098820.0,1779102120.0,6.2,6.4,100582,Planned,FEMALE,employee,Boarded,,False
pinnacle-Slc,Oakmont Office,CAB,2026-05-18,15:30,3000292,1779098400.0,1779102000.0,1779098520.0,1779102120.0,6.2,6.4,100583,Planned,MALE,employee,Boarded,,False
pinnacle-Slc,Oakmont Office,CAB,2026-05-18,15:30,3000292,1779098700.0,1779102000.0,1779098820.0,1779102120.0,6.2,6.4,100584,Planned,FEMALE,employee,Boarded,,False
pinnacle-Slc,Clearwater Campus,CAB,2026-05-18,09:00,3000293,1779075000.0,1779078600.0,1779075120.0,1779078720.0,6.2,6.4,100585,Planned,MALE,employee,Boarded,,False
pinnacle-Slc,Clearwater Campus,CAB,2026-05-18,09:00,3000293,1779075300.0,1779078600.0,1779075420.0,1779078720.0,6.2,6.4,100586,Planned,FEMALE,employee,Boarded,,False
pinnacle-Slc,Oakmont Office,CAB,2026-05-18,09:00,3000294,1779075000.0,1779078600.0,1779075120.0,1779078720.0,6.2,6.4,100587,Planned,MALE,employee,Boarded,,False
pinnacle-Slc,Oakmont Office,CAB,2026-05-18,09:00,3000294,1779075300.0,1779078600.0,1779075420.0,1779078720.0,6.2,6.4,100588,Planned,FEMALE,employee,Boarded,,False
pinnacle-Slc,Clearwater Campus,CAB,2026-05-18,15:30,3000295,1779098400.0,1779102000.0,1779098520.0,1779102120.0,6.2,6.4,100589,Planned,MALE,employee,Boarded,,False
pinnacle-Slc,Clearwater Campus,CAB,2026-05-18,15:30,3000295,1779098700.0,1779102000.0,1779098820.0,1779102120.0,6.2,6.4,100590,Planned,FEMALE,employee,Boarded,,False
pinnacle-Slc,Oakmont Office,CAB,2026-05-18,15:30,3000296,1779098400.0,1779102000.0,1779098520.0,1779102120.0,6.2,6.4,100591,Planned,MALE,employee,Boarded,,False
pinnacle-Slc,Oakmont Office,CAB,2026-05-18,15:30,3000296,1779098700.0,1779102000.0,1779098820.0,1779102120.0,6.2,6.4,100592,Planned,FEMALE,employee,Boarded,,False
pinnacle-Slc,Clearwater Campus,CAB,2026-05-18,09:00,3000297,1779075000.0,1779078600.0,1779075120.0,1779078720.0,6.2,6.4,100593,Planned,MALE,employee,Boarded,,False
pinnacle-Slc,Clearwater Campus,CAB,2026-05-18,09:00,3000297,1779075300.0,1779078600.0,1779075420.0,1779078720.0,6.2,6.4,100594,Planned,FEMALE,employee,Boarded,,False
pinnacle-Slc,Oakmont Office,CAB,2026-05-18,09:00,3000298,1779075000.0,1779078600.0,1779075120.0,1779078720.0,6.2,6.4,100595,Planned,MALE,employee,Boarded,,False
pinnacle-Slc,Oakmont Office,CAB,2026-05-18,09:00,3000298,1779075300.0,1779078600.0,1779075420.0,1779078720.0,6.2,6.4,100596,Planned,FEMALE,employee,Boarded,,False
pinnacle-Slc,Clearwater Campus,CAB,2026-05-18,15:30,3000299,1779098400.0,1779102000.0,1779098520.0,1779102120.0,6.2,6.4,100597,Planned,MALE,employee,Boarded,,False
pinnacle-Slc,Clearwater Campus,CAB,2026-05-18,15:30,3000299,1779098700.0,1779102000.0,1779098820.0,1779102120.0,6.2,6.4,100598,Planned,FEMALE,employee,Boarded,,False
pinnacle-Slc,Oakmont Office,CAB,2026-05-18,15:30,3000300,1779098400.0,1779102000.0,1779099300.0,1779102900.0,6.2,6.4,100599,Planned,MALE,employee,Boarded,,False
pinnacle-Slc,Oakmont Office,CAB,2026-05-18,15:30,3000300,1779098700.0,1779102000.0,1779098820.0,1779102120.0,6.2,6.4,100600,Planned,FEMALE,employee,Boarded,,False
pinnacle-Slc,Clearwater Campus,CAB,2026-05-19,09:00,3000301,1779161400.0,1779165000.0,1779161520.0,1779165120.0,6.2,6.4,100601,Planned,MALE,employee,Boarded,,False
pinnacle-Slc,Clearwater Campus,CAB,2026-05-19,09:00,3000301,1779161700.0,1779165000.0,1779162600.0,1779165900.0,6.2,6.4,100602,Planned,FEMALE,employee,Boarded,,False
pinnacle-Slc,Oakmont Office,CAB,2026-05-19,09:00,3000302,1779161400.0,1779165000.0,1779161520.0,1779165120.0,6.2,6.4,100603,Planned,MALE,employee,Boarded,,False
pinnacle-Slc,Oakmont Office,CAB,2026-05-19,09:00,3000302,1779161700.0,1779165000.0,1779161820.0,1779165120.0,6.2,6.4,100604,Planned,FEMALE,employee,Boarded,,False
pinnacle-Slc,Clearwater Campus,CAB,2026-05-19,15:30,3000303,1779184800.0,1779188400.0,1779184920.0,1779188520.0,6.2,6.4,100605,Planned,MALE,employee,Boarded,,False
pinnacle-Slc,Clearwater Campus,CAB,2026-05-19,15:30,3000303,1779185100.0,1779188400.0,1779185220.0,1779188520.0,6.2,6.4,100606,Planned,FEMALE,employee,Boarded,,False
pinnacle-Slc,Oakmont Office,CAB,2026-05-19,15:30,3000304,1779184800.0,1779188400.0,1779184920.0,1779188520.0,6.2,6.4,100607,Planned,MALE,employee,Boarded,,False
pinnacle-Slc,Oakmont Office,CAB,2026-05-19,15:30,3000304,1779185100.0,1779188400.0,1779185220.0,1779188520.0,6.2,6.4,100608,Planned,FEMALE,employee,Boarded,,False
pinnacle-Slc,Clearwater Campus,CAB,2026-05-19,09:00,3000305,1779161400.0,1779165000.0,1779161520.0,1779165120.0,6.2,6.4,100609,Planned,MALE,employee,Boarded,,False
pinnacle-Slc,Clearwater Campus,CAB,2026-05-19,09:00,3000305,1779161700.0,1779165000.0,1779161820.0,1779165120.0,6.2,6.4,100610,Planned,FEMALE,employee,Boarded,,False
pinnacle-Slc,Oakmont Office,CAB,2026-05-19,09:00,3000306,1779161400.0,1779165000.0,1779161520.0,1779165120.0,6.2,6.4,100611,Planned,MALE,employee,Boarded,,False
pinnacle-Slc,Oakmont Office,CAB,2026-05-19,09:00,3000306,1779161700.0,1779165000.0,1779161820.0,1779165120.0,6.2,6.4,100612,Planned,FEMALE,employee,Boarded,,False
pinnacle-Slc,Clearwater Campus,CAB,2026-05-19,15:30,3000307,1779184800.0,1779188400.0,1779184920.0,1779188520.0,6.2,6.4,100613,Planned,MALE,employee,Boarded,,False
pinnacle-Slc,Clearwater Campus,CAB,2026-05-19,15:30,3000307,1779185100.0,1779188400.0,1779185220.0,1779188520.0,6.2,6.4,100614,Planned,FEMALE,employee,Boarded,,False
pinnacle-Slc,Oakmont Office,CAB,2026-05-19,15:30,3000308,1779184800.0,1779188400.0,1779184920.0,1779188520.0,6.2,6.4,100615,Planned,MALE,employee,Boarded,,False
pinnacle-Slc,Oakmont Office,CAB,2026-05-19,15:30,3000308,1779185100.0,1779188400.0,,,6.2,6.4,100616,,FEMALE,employee,Not Boarded,NO_SHOW,True
pinnacle-Slc,Clearwater Campus,CAB,2026-05-19,09:00,3000309,1779161400.0,1779165000.0,1779162300.0,1779165900.0,6.2,6.4,100617,Planned,MALE,employee,Boarded,,False
pinnacle-Slc,Clearwater Campus,CAB,2026-05-19,09:00,3000309,1779161700.0,1779165000.0,1779161820.0,1779165120.0,6.2,6.4,100618,Planned,FEMALE,employee,Boarded,,False
pinnacle-Slc,Oakmont Office,CAB,2026-05-19,09:00,3000310,1779161400.0,1779165000.0,1779161520.0,1779165120.0,6.2,6.4,100619,Planned,MALE,employee,Boarded,,False
pinnacle-Slc,Oakmont Office,CAB,2026-05-19,09:00,3000310,1779161700.0,1779165000.0,1779161820.0,1779165120.0,6.2,6.4,100620,Planned,FEMALE,employee,Boarded,,False
pinnacle-Slc,Clearwater Campus,CAB,2026-05-19,15:30,3000311,1779184800.0,1779188400.0,1779184920.0,1779188520.0,6.2,6.4,100621,Planned,MALE,employee,Boarded,,False
pinnacle-Slc,Clearwater Campus,CAB,2026-05-19,15:30,3000311,1779185100.0,1779188400.0,1779185220.0,1779188520.0,6.2,6.4,100622,Planned,FEMALE,employee,Boarded,,False
pinnacle-Slc,Oakmont Office,CAB,2026-05-19,15:30,3000312,1779184800.0,1779188400.0,1779184920.0,1779188520.0,6.2,6.4,100623,Planned,MALE,employee,Boarded,,False
pinnacle-Slc,Oakmont Office,CAB,2026-05-19,15:30,3000312,1779185100.0,1779188400.0,1779185220.0,1779188520.0,6.2,6.4,100624,Planned,FEMALE,employee,Boarded,,False
pinnacle-Slc,Clearwater Campus,CAB,2026-05-19,09:00,3000313,1779161400.0,1779165000.0,1779161520.0,1779165120.0,6.2,6.4,100625,Planned,MALE,employee,Boarded,,False
pinnacle-Slc,Clearwater Campus,CAB,2026-05-19,09:00,3000313,1779161700.0,1779165000.0,1779161820.0,1779165120.0,6.2,6.4,100626,Planned,FEMALE,employee,Boarded,,False
pinnacle-Slc,Oakmont Office,CAB,2026-05-19,09:00,3000314,1779161400.0,1779165000.0,1779161520.0,1779165120.0,6.2,6.4,100627,Planned,MALE,employee,Boarded,,False
pinnacle-Slc,Oakmont Office,CAB,2026-05-19,09:00,3000314,1779161700.0,1779165000.0,1779161820.0,1779165120.0,6.2,6.4,100628,Planned,FEMALE,employee,Boarded,,False
pinnacle-Slc,Clearwater Campus,CAB,2026-05-19,15:30,3000315,1779184800.0,1779188400.0,1779184920.0,1779188520.0,6.2,6.4,100629,Planned,MALE,employee,Boarded,,False
pinnacle-Slc,Clearwater Campus,CAB,2026-05-19,15:30,3000315,1779185100.0,1779188400.0,1779185220.0,1779188520.0,6.2,6.4,100630,Planned,FEMALE,employee,Boarded,,False
pinnacle-Slc,Oakmont Office,CAB,2026-05-19,15:30,3000316,1779184800.0,1779188400.0,1779184920.0,1779188520.0,6.2,6.4,100631,Planned,MALE,employee,Boarded,,False
pinnacle-Slc,Oakmont Office,CAB,2026-05-19,15:30,3000316,1779185100.0,1779188400.0,1779185220.0,1779188520.0,6.2,6.4,100632,Planned,FEMALE,employee,Boarded,,False
pinnacle-Slc,Clearwater Campus,CAB,2026-05-19,09:00,3000317,1779161400.0,1779165000.0,1779161520.0,1779165120.0,6.2,6.4,100633,Planned,MALE,employee,Boarded,,False
pinnacle-Slc,Clearwater Campus,CAB,2026-05-19,09:00,3000317,1779161700.0,1779165000.0,1779161820.0,1779165120.0,6.2,6.4,100634,Planned,FEMALE,employee,Boarded,,False
pinnacle-Slc,Oakmont Office,CAB,2026-05-19,09:00,3000318,1779161400.0,1779165000.0,1779161520.0,1779165120.0,6.2,6.4,100635,Planned,MALE,employee,Boarded,,False
pinnacle-Slc,Oakmont Office,CAB,2026-05-19,09:00,3000318,1779161700.0,1779165000.0,1779161820.0,1779165120.0,6.2,6.4,100636,Planned,FEMALE,employee,Boarded,,False
pinnacle-Slc,Clearwater Campus,CAB,2026-05-19,15:30,3000319,1779184800.0,1779188400.0,1779184920.0,1779188520.0,6.2,6.4,100637,Planned,MALE,employee,Boarded,,False
pinnacle-Slc,Clearwater Campus,CAB,2026-05-19,15:30,3000319,1779185100.0,1779188400.0,1779185220.0,1779188520.0,6.2,6.4,100638,Planned,FEMALE,employee,Boarded,,False
pinnacle-Slc,Oakmont Office,CAB,2026-05-19,15:30,3000320,1779184800.0,1779188400.0,1779184920.0,1779188520.0,6.2,6.4,100639,Planned,MALE,employee,Boarded,,False
pinnacle-Slc,Oakmont Office,CAB,2026-05-19,15:30,3000320,1779185100.0,1779188400.0,1779185220.0,1779188520.0,6.2,6.4,100640,Planned,FEMALE,employee,Boarded,,False
pinnacle-Slc,Clearwater Campus,CAB,2026-05-20,09:00,3000321,1779247800.0,1779251400.0,1779247920.0,1779251520.0,6.2,6.4,100641,Planned,MALE,employee,Boarded,,False
pinnacle-Slc,Clearwater Campus,CAB,2026-05-20,09:00,3000321,1779248100.0,1779251400.0,1779248220.0,1779251520.0,6.2,6.4,100642,Planned,FEMALE,employee,Boarded,,False
pinnacle-Slc,Oakmont Office,CAB,2026-05-20,09:00,3000322,1779247800.0,1779251400.0,1779247920.0,1779251520.0,6.2,6.4,100643,Planned,MALE,employee,Boarded,,False
pinnacle-Slc,Oakmont Office,CAB,2026-05-20,09:00,3000322,1779248100.0,1779251400.0,1779248220.0,1779251520.0,6.2,6.4,100644,Planned,FEMALE,employee,Boarded,,False
pinnacle-Slc,Clearwater Campus,CAB,2026-05-20,15:30,3000323,1779271200.0,1779274800.0,1779271320.0,1779274920.0,6.2,6.4,100645,Planned,MALE,employee,Boarded,,False
pinnacle-Slc,Clearwater Campus,CAB,2026-05-20,15:30,3000323,1779271500.0,1779274800.0,1779271620.0,1779274920.0,6.2,6.4,100646,Planned,FEMALE,employee,Boarded,,False
pinnacle-Slc,Oakmont Office,CAB,2026-05-20,15:30,3000324,1779271200.0,1779274800.0,1779272100.0,1779275700.0,6.2,6.4,100647,Planned,MALE,employee,Boarded,,False
pinnacle-Slc,Oakmont Office,CAB,2026-05-20,15:30,3000324,1779271500.0,1779274800.0,1779272400.0,1779275700.0,6.2,6.4,100648,Planned,FEMALE,employee,Boarded,,False
pinnacle-Slc,Clearwater Campus,CAB,2026-05-20,09:00,3000325,1779247800.0,1779251400.0,1779247920.0,1779251520.0,6.2,6.4,100649,Planned,MALE,employee,Boarded,,False
pinnacle-Slc,Clearwater Campus,CAB,2026-05-20,09:00,3000325,1779248100.0,1779251400.0,1779248220.0,1779251520.0,6.2,6.4,100650,Planned,FEMALE,employee,Boarded,,False
pinnacle-Slc,Oakmont Office,CAB,2026-05-20,09:00,3000326,1779247800.0,1779251400.0,1779247920.0,1779251520.0,6.2,6.4,100651,Planned,MALE,employee,Boarded,,False
pinnacle-Slc,Oakmont Office,CAB,2026-05-20,09:00,3000326,1779248100.0,1779251400.0,1779248220.0,1779251520.0,6.2,6.4,100652,Planned,FEMALE,employee,Boarded,,False
pinnacle-Slc,Clearwater Campus,CAB,2026-05-20,15:30,3000327,1779271200.0,1779274800.0,1779271320.0,1779274920.0,6.2,6.4,100653,Planned,MALE,employee,Boarded,,False
pinnacle-Slc,Clearwater Campus,CAB,2026-05-20,15:30,3000327,1779271500.0,1779274800.0,1779271620.0,1779274920.0,6.2,6.4,100654,Planned,FEMALE,employee,Boarded,,False
pinnacle-Slc,Oakmont Office,CAB,2026-05-20,15:30,3000328,1779271200.0,1779274800.0,1779271320.0,1779274920.0,6.2,6.4,100655,Planned,MALE,employee,Boarded,,False
pinnacle-Slc,Oakmont Office,CAB,2026-05-20,15:30,3000328,1779271500.0,1779274800.0,,,6.2,6.4,100656,,FEMALE,employee,Not Boarded,NO_SHOW,True
pinnacle-Slc,Clearwater Campus,CAB,2026-05-20,09:00,3000329,1779247800.0,1779251400.0,1779247920.0,1779251520.0,6.2,6.4,100657,Planned,MALE,employee,Boarded,,False
pinnacle-Slc,Clearwater Campus,CAB,2026-05-20,09:00,3000329,1779248100.0,1779251400.0,1779248220.0,1779251520.0,6.2,6.4,100658,Planned,FEMALE,employee,Boarded,,False
pinnacle-Slc,Oakmont Office,CAB,2026-05-20,09:00,3000330,1779247800.0,1779251400.0,1779247920.0,1779251520.0,6.2,6.4,100659,Planned,MALE,employee,Boarded,,False
pinnacle-Slc,Oakmont Office,CAB,2026-05-20,09:00,3000330,1779248100.0,1779251400.0,1779248220.0,1779251520.0,6.2,6.4,100660,Planned,FEMALE,employee,Boarded,,False
pinnacle-Slc,Clearwater Campus,CAB,2026-05-20,15:30,3000331,1779271200.0,1779274800.0,1779271320.0,1779274920.0,6.2,6.4,100661,Planned,MALE,employee,Boarded,,False
pinnacle-Slc,Clearwater Campus,CAB,2026-05-20,15:30,3000331,1779271500.0,1779274800.0,1779271620.0,1779274920.0,6.2,6.4,100662,Planned,FEMALE,employee,Boarded,,False
pinnacle-Slc,Oakmont Office,CAB,2026-05-20,15:30,3000332,1779271200.0,1779274800.0,1779271320.0,1779274920.0,6.2,6.4,100663,Planned,MALE,employee,Boarded,,False
pinnacle-Slc,Oakmont Office,CAB,2026-05-20,15:30,3000332,1779271500.0,1779274800.0,1779271620.0,1779274920.0,6.2,6.4,100664,Planned,FEMALE,employee,Boarded,,False
pinnacle-Slc,Clearwater Campus,CAB,2026-05-20,09:00,3000333,1779247800.0,1779251400.0,1779247920.0,1779251520.0,6.2,6.4,100665,Planned,MALE,employee,Boarded,,False
pinnacle-Slc,Clearwater Campus,CAB,2026-05-20,09:00,3000333,1779248100.0,1779251400.0,1779248220.0,1779251520.0,6.2,6.4,100666,Planned,FEMALE,employee,Boarded,,False
pinnacle-Slc,Oakmont Office,CAB,2026-05-20,09:00,3000334,1779247800.0,1779251400.0,1779247920.0,1779251520.0,6.2,6.4,100667,Planned,MALE,employee,Boarded,,False
pinnacle-Slc,Oakmont Office,CAB,2026-05-20,09:00,3000334,1779248100.0,1779251400.0,1779248220.0,1779251520.0,6.2,6.4,100668,Planned,FEMALE,employee,Boarded,,False
pinnacle-Slc,Clearwater Campus,CAB,2026-05-20,15:30,3000335,1779271200.0,1779274800.0,1779271320.0,1779274920.0,6.2,6.4,100669,Planned,MALE,employee,Boarded,,False
pinnacle-Slc,Clearwater Campus,CAB,2026-05-20,15:30,3000335,1779271500.0,1779274800.0,1779271620.0,1779274920.0,6.2,6.4,100670,Planned,FEMALE,employee,Boarded,,False
pinnacle-Slc,Oakmont Office,CAB,2026-05-20,15:30,3000336,1779271200.0,1779274800.0,1779271320.0,1779274920.0,6.2,6.4,100671,Planned,MALE,employee,Boarded,,False
pinnacle-Slc,Oakmont Office,CAB,2026-05-20,15:30,3000336,1779271500.0,1779274800.0,1779271620.0,1779274920.0,6.2,6.4,100672,Planned,FEMALE,employee,Boarded,,False
pinnacle-Slc,Clearwater Campus,CAB,2026-05-20,09:00,3000337,1779247800.0,1779251400.0,1779247920.0,1779251520.0,6.2,6.4,100673,Planned,MALE,employee,Boarded,,False
pinnacle-Slc,Clearwater Campus,CAB,2026-05-20,09:00,3000337,1779248100.0,1779251400.0,1779248220.0,1779251520.0,6.2,6.4,100674,Planned,FEMALE,employee,Boarded,,False
pinnacle-Slc,Oakmont Office,CAB,2026-05-20,09:00,3000338,1779247800.0,1779251400.0,1779247920.0,1779251520.0,6.2,6.4,100675,Planned,MALE,employee,Boarded,,False
pinnacle-Slc,Oakmont Office,CAB,2026-05-20,09:00,3000338,1779248100.0,1779251400.0,1779249000.0,1779252300.0,6.2,6.4,100676,Planned,FEMALE,employee,Boarded,,False
pinnacle-Slc,Clearwater Campus,CAB,2026-05-20,15:30,3000339,1779271200.0,1779274800.0,1779272100.0,1779275700.0,6.2,6.4,100677,Planned,MALE,employee,Boarded,,False
pinnacle-Slc,Clearwater Campus,CAB,2026-05-20,15:30,3000339,1779271500.0,1779274800.0,1779271620.0,1779274920.0,6.2,6.4,100678,Planned,FEMALE,employee,Boarded,,False
pinnacle-Slc,Oakmont Office,CAB,2026-05-20,15:30,3000340,1779271200.0,1779274800.0,1779271320.0,1779274920.0,6.2,6.4,100679,Planned,MALE,employee,Boarded,,False
pinnacle-Slc,Oakmont Office,CAB,2026-05-20,15:30,3000340,1779271500.0,1779274800.0,1779271620.0,1779274920.0,6.2,6.4,100680,Planned,FEMALE,employee,Boarded,,False
pinnacle-Slc,Clearwater Campus,CAB,2026-05-21,09:00,3000341,1779334200.0,1779337800.0,1779334320.0,1779337920.0,6.2,6.4,100681,Planned,MALE,employee,Boarded,,False
pinnacle-Slc,Clearwater Campus,CAB,2026-05-21,09:00,3000341,1779334500.0,1779337800.0,1779334620.0,1779337920.0,6.2,6.4,100682,Planned,FEMALE,employee,Boarded,,False
pinnacle-Slc,Oakmont Office,CAB,2026-05-21,09:00,3000342,1779334200.0,1779337800.0,1779334320.0,1779337920.0,6.2,6.4,100683,Planned,MALE,employee,Boarded,,False
pinnacle-Slc,Oakmont Office,CAB,2026-05-21,09:00,3000342,1779334500.0,1779337800.0,1779334620.0,1779337920.0,6.2,6.4,100684,Planned,FEMALE,employee,Boarded,,False
pinnacle-Slc,Clearwater Campus,CAB,2026-05-21,15:30,3000343,1779357600.0,1779361200.0,1779357720.0,1779361320.0,6.2,6.4,100685,Planned,MALE,employee,Boarded,,False
pinnacle-Slc,Clearwater Campus,CAB,2026-05-21,15:30,3000343,1779357900.0,1779361200.0,1779358020.0,1779361320.0,6.2,6.4,100686,Planned,FEMALE,employee,Boarded,,False
pinnacle-Slc,Oakmont Office,CAB,2026-05-21,15:30,3000344,1779357600.0,1779361200.0,1779357720.0,1779361320.0,6.2,6.4,100687,Planned,MALE,employee,Boarded,,False
pinnacle-Slc,Oakmont Office,CAB,2026-05-21,15:30,3000344,1779357900.0,1779361200.0,1779358020.0,1779361320.0,6.2,6.4,100688,Planned,FEMALE,employee,Boarded,,False
pinnacle-Slc,Clearwater Campus,CAB,2026-05-21,09:00,3000345,1779334200.0,1779337800.0,1779334320.0,1779337920.0,6.2,6.4,100689,Planned,MALE,employee,Boarded,,False
pinnacle-Slc,Clearwater Campus,CAB,2026-05-21,09:00,3000345,1779334500.0,1779337800.0,1779334620.0,1779337920.0,6.2,6.4,100690,Planned,FEMALE,employee,Boarded,,False
pinnacle-Slc,Oakmont Office,CAB,2026-05-21,09:00,3000346,1779334200.0,1779337800.0,1779334320.0,1779337920.0,6.2,6.4,100691,Planned,MALE,employee,Boarded,,False
pinnacle-Slc,Oakmont Office,CAB,2026-05-21,09:00,3000346,1779334500.0,1779337800.0,1779334620.0,1779337920.0,6.2,6.4,100692,Planned,FEMALE,employee,Boarded,,False
pinnacle-Slc,Clearwater Campus,CAB,2026-05-21,15:30,3000347,1779357600.0,1779361200.0,1779357720.0,1779361320.0,6.2,6.4,100693,Planned,MALE,employee,Boarded,,False
pinnacle-Slc,Clearwater Campus,CAB,2026-05-21,15:30,3000347,1779357900.0,1779361200.0,1779358020.0,1779361320.0,6.2,6.4,100694,Planned,FEMALE,employee,Boarded,,False
pinnacle-Slc,Oakmont Office,CAB,2026-05-21,15:30,3000348,1779357600.0,1779361200.0,1779357720.0,1779361320.0,6.2,6.4,100695,Planned,MALE,employee,Boarded,,False
pinnacle-Slc,Oakmont Office,CAB,2026-05-21,15:30,3000348,1779357900.0,1779361200.0,,,6.2,6.4,100696,,FEMALE,employee,Not Boarded,NO_SHOW,True
pinnacle-Slc,Clearwater Campus,CAB,2026-05-21,09:00,3000349,1779334200.0,1779337800.0,1779334320.0,1779337920.0,6.2,6.4,100697,Planned,MALE,employee,Boarded,,False
pinnacle-Slc,Clearwater Campus,CAB,2026-05-21,09:00,3000349,1779334500.0,1779337800.0,1779334620.0,1779337920.0,6.2,6.4,100698,Planned,FEMALE,employee,Boarded,,False
pinnacle-Slc,Oakmont Office,CAB,2026-05-21,09:00,3000350,1779334200.0,1779337800.0,1779334320.0,1779337920.0,6.2,6.4,100699,Planned,MALE,employee,Boarded,,False
pinnacle-Slc,Oakmont Office,CAB,2026-05-21,09:00,3000350,1779334500.0,1779337800.0,1779334620.0,1779337920.0,6.2,6.4,100700,Planned,FEMALE,employee,Boarded,,False
pinnacle-Slc,Clearwater Campus,CAB,2026-05-21,15:30,3000351,1779357600.0,1779361200.0,1779357720.0,1779361320.0,6.2,6.4,100701,Planned,MALE,employee,Boarded,,False
pinnacle-Slc,Clearwater Campus,CAB,2026-05-21,15:30,3000351,1779357900.0,1779361200.0,1779358020.0,1779361320.0,6.2,6.4,100702,Planned,FEMALE,employee,Boarded,,False
pinnacle-Slc,Oakmont Office,CAB,2026-05-21,15:30,3000352,1779357600.0,1779361200.0,1779357720.0,1779361320.0,6.2,6.4,100703,Planned,MALE,employee,Boarded,,False
pinnacle-Slc,Oakmont Office,CAB,2026-05-21,15:30,3000352,1779357900.0,1779361200.0,1779358020.0,1779361320.0,6.2,6.4,100704,Planned,FEMALE,employee,Boarded,,False
pinnacle-Slc,Clearwater Campus,CAB,2026-05-21,09:00,3000353,1779334200.0,1779337800.0,1779335100.0,1779338700.0,6.2,6.4,100705,Planned,MALE,employee,Boarded,,False
pinnacle-Slc,Clearwater Campus,CAB,2026-05-21,09:00,3000353,1779334500.0,1779337800.0,1779334620.0,1779337920.0,6.2,6.4,100706,Planned,FEMALE,employee,Boarded,,False
pinnacle-Slc,Oakmont Office,CAB,2026-05-21,09:00,3000354,1779334200.0,1779337800.0,1779334320.0,1779337920.0,6.2,6.4,100707,Planned,MALE,employee,Boarded,,False
pinnacle-Slc,Oakmont Office,CAB,2026-05-21,09:00,3000354,1779334500.0,1779337800.0,1779334620.0,1779337920.0,6.2,6.4,100708,Planned,FEMALE,employee,Boarded,,False
pinnacle-Slc,Clearwater Campus,CAB,2026-05-21,15:30,3000355,1779357600.0,1779361200.0,1779357720.0,1779361320.0,6.2,6.4,100709,Planned,MALE,employee,Boarded,,False
pinnacle-Slc,Clearwater Campus,CAB,2026-05-21,15:30,3000355,1779357900.0,1779361200.0,1779358020.0,1779361320.0,6.2,6.4,100710,Planned,FEMALE,employee,Boarded,,False
pinnacle-Slc,Oakmont Office,CAB,2026-05-21,15:30,3000356,1779357600.0,1779361200.0,1779357720.0,1779361320.0,6.2,6.4,100711,Planned,MALE,employee,Boarded,,False
pinnacle-Slc,Oakmont Office,CAB,2026-05-21,15:30,3000356,1779357900.0,1779361200.0,1779358020.0,1779361320.0,6.2,6.4,100712,Planned,FEMALE,employee,Boarded,,False
pinnacle-Slc,Clearwater Campus,CAB,2026-05-21,09:00,3000357,1779334200.0,1779337800.0,1779334320.0,1779337920.0,6.2,6.4,100713,Planned,MALE,employee,Boarded,,False
pinnacle-Slc,Clearwater Campus,CAB,2026-05-21,09:00,3000357,1779334500.0,1779337800.0,1779334620.0,1779337920.0,6.2,6.4,100714,Planned,FEMALE,employee,Boarded,,False
pinnacle-Slc,Oakmont Office,CAB,2026-05-21,09:00,3000358,1779334200.0,1779337800.0,1779334320.0,1779337920.0,6.2,6.4,100715,Planned,MALE,employee,Boarded,,False
pinnacle-Slc,Oakmont Office,CAB,2026-05-21,09:00,3000358,1779334500.0,1779337800.0,1779334620.0,1779337920.0,6.2,6.4,100716,Planned,FEMALE,employee,Boarded,,False
pinnacle-Slc,Clearwater Campus,CAB,2026-05-21,15:30,3000359,1779357600.0,1779361200.0,1779357720.0,1779361320.0,6.2,6.4,100717,Planned,MALE,employee,Boarded,,False
pinnacle-Slc,Clearwater Campus,CAB,2026-05-21,15:30,3000359,1779357900.0,1779361200.0,1779358020.0,1779361320.0,6.2,6.4,100718,Planned,FEMALE,employee,Boarded,,False
pinnacle-Slc,Oakmont Office,CAB,2026-05-21,15:30,3000360,1779357600.0,1779361200.0,1779357720.0,1779361320.0,6.2,6.4,100719,Planned,MALE,employee,Boarded,,False
pinnacle-Slc,Oakmont Office,CAB,2026-05-21,15:30,3000360,1779357900.0,1779361200.0,1779358020.0,1779361320.0,6.2,6.4,100720,Planned,FEMALE,employee,Boarded,,False
pinnacle-Slc,Clearwater Campus,CAB,2026-05-22,09:00,3000361,1779420600.0,1779424200.0,1779420720.0,1779424320.0,6.2,6.4,100721,Planned,MALE,employee,Boarded,,False
pinnacle-Slc,Clearwater Campus,CAB,2026-05-22,09:00,3000361,1779420900.0,1779424200.0,1779421020.0,1779424320.0,6.2,6.4,100722,Planned,FEMALE,employee,Boarded,,False
pinnacle-Slc,Oakmont Office,CAB,2026-05-22,09:00,3000362,1779420600.0,1779424200.0,1779420720.0,1779424320.0,6.2,6.4,100723,Planned,MALE,employee,Boarded,,False
pinnacle-Slc,Oakmont Office,CAB,2026-05-22,09:00,3000362,1779420900.0,1779424200.0,1779421800.0,1779425100.0,6.2,6.4,100724,Planned,FEMALE,employee,Boarded,,False
pinnacle-Slc,Clearwater Campus,CAB,2026-05-22,15:30,3000363,1779444000.0,1779447600.0,1779444120.0,1779447720.0,6.2,6.4,100725,Planned,MALE,employee,Boarded,,False
pinnacle-Slc,Clearwater Campus,CAB,2026-05-22,15:30,3000363,1779444300.0,1779447600.0,1779444420.0,1779447720.0,6.2,6.4,100726,Planned,FEMALE,employee,Boarded,,False
pinnacle-Slc,Oakmont Office,CAB,2026-05-22,15:30,3000364,1779444000.0,1779447600.0,1779444120.0,1779447720.0,6.2,6.4,100727,Planned,MALE,employee,Boarded,,False
pinnacle-Slc,Oakmont Office,CAB,2026-05-22,15:30,3000364,1779444300.0,1779447600.0,1779444420.0,1779447720.0,6.2,6.4,100728,Planned,FEMALE,employee,Boarded,,False
pinnacle-Slc,Clearwater Campus,CAB,2026-05-22,09:00,3000365,1779420600.0,1779424200.0,1779420720.0,1779424320.0,6.2,6.4,100729,Planned,MALE,employee,Boarded,,False
pinnacle-Slc,Clearwater Campus,CAB,2026-05-22,09:00,3000365,1779420900.0,1779424200.0,1779421020.0,1779424320.0,6.2,6.4,100730,Planned,FEMALE,employee,Boarded,,False
pinnacle-Slc,Oakmont Office,CAB,2026-05-22,09:00,3000366,1779420600.0,1779424200.0,1779420720.0,1779424320.0,6.2,6.4,100731,Planned,MALE,employee,Boarded,,False
pinnacle-Slc,Oakmont Office,CAB,2026-05-22,09:00,3000366,1779420900.0,1779424200.0,1779421020.0,1779424320.0,6.2,6.4,100732,Planned,FEMALE,employee,Boarded,,False
pinnacle-Slc,Clearwater Campus,CAB,2026-05-22,15:30,3000367,1779444000.0,1779447600.0,1779444120.0,1779447720.0,6.2,6.4,100733,Planned,MALE,employee,Boarded,,False
pinnacle-Slc,Clearwater Campus,CAB,2026-05-22,15:30,3000367,1779444300.0,1779447600.0,1779444420.0,1779447720.0,6.2,6.4,100734,Planned,FEMALE,employee,Boarded,,False
pinnacle-Slc,Oakmont Office,CAB,2026-05-22,15:30,3000368,1779444000.0,1779447600.0,1779444120.0,1779447720.0,6.2,6.4,100735,Planned,MALE,employee,Boarded,,False
pinnacle-Slc,Oakmont Office,CAB,2026-05-22,15:30,3000368,1779444300.0,1779447600.0,,,6.2,6.4,100736,,FEMALE,employee,Not Boarded,NO_SHOW,True
pinnacle-Slc,Clearwater Campus,CAB,2026-05-22,09:00,3000369,1779420600.0,1779424200.0,1779420720.0,1779424320.0,6.2,6.4,100737,Planned,MALE,employee,Boarded,,False
pinnacle-Slc,Clearwater Campus,CAB,2026-05-22,09:00,3000369,1779420900.0,1779424200.0,1779421020.0,1779424320.0,6.2,6.4,100738,Planned,FEMALE,employee,Boarded,,False
pinnacle-Slc,Oakmont Office,CAB,2026-05-22,09:00,3000370,1779420600.0,1779424200.0,1779420720.0,1779424320.0,6.2,6.4,100739,Planned,MALE,employee,Boarded,,False
pinnacle-Slc,Oakmont Office,CAB,2026-05-22,09:00,3000370,1779420900.0,1779424200.0,1779421020.0,1779424320.0,6.2,6.4,100740,Planned,FEMALE,employee,Boarded,,False
pinnacle-Slc,Clearwater Campus,CAB,2026-05-22,15:30,3000371,1779444000.0,1779447600.0,1779444120.0,1779447720.0,6.2,6.4,100741,Planned,MALE,employee,Boarded,,False
pinnacle-Slc,Clearwater Campus,CAB,2026-05-22,15:30,3000371,1779444300.0,1779447600.0,1779444420.0,1779447720.0,6.2,6.4,100742,Planned,FEMALE,employee,Boarded,,False
pinnacle-Slc,Oakmont Office,CAB,2026-05-22,15:30,3000372,1779444000.0,1779447600.0,1779444120.0,1779447720.0,6.2,6.4,100743,Planned,MALE,employee,Boarded,,False
pinnacle-Slc,Oakmont Office,CAB,2026-05-22,15:30,3000372,1779444300.0,1779447600.0,1779444420.0,1779447720.0,6.2,6.4,100744,Planned,FEMALE,employee,Boarded,,False
pinnacle-Slc,Clearwater Campus,CAB,2026-05-22,09:00,3000373,1779420600.0,1779424200.0,1779420720.0,1779424320.0,6.2,6.4,100745,Planned,MALE,employee,Boarded,,False
pinnacle-Slc,Clearwater Campus,CAB,2026-05-22,09:00,3000373,1779420900.0,1779424200.0,1779421020.0,1779424320.0,6.2,6.4,100746,Planned,FEMALE,employee,Boarded,,False
pinnacle-Slc,Oakmont Office,CAB,2026-05-22,09:00,3000374,1779420600.0,1779424200.0,1779420720.0,1779424320.0,6.2,6.4,100747,Planned,MALE,employee,Boarded,,False
pinnacle-Slc,Oakmont Office,CAB,2026-05-22,09:00,3000374,1779420900.0,1779424200.0,1779421020.0,1779424320.0,6.2,6.4,100748,Planned,FEMALE,employee,Boarded,,False
pinnacle-Slc,Clearwater Campus,CAB,2026-05-22,15:30,3000375,1779444000.0,1779447600.0,1779444120.0,1779447720.0,6.2,6.4,100749,Planned,MALE,employee,Boarded,,False
pinnacle-Slc,Clearwater Campus,CAB,2026-05-22,15:30,3000375,1779444300.0,1779447600.0,1779444420.0,1779447720.0,6.2,6.4,100750,Planned,FEMALE,employee,Boarded,,False
pinnacle-Slc,Oakmont Office,CAB,2026-05-22,15:30,3000376,1779444000.0,1779447600.0,1779444120.0,1779447720.0,6.2,6.4,100751,Planned,MALE,employee,Boarded,,False
pinnacle-Slc,Oakmont Office,CAB,2026-05-22,15:30,3000376,1779444300.0,1779447600.0,1779444420.0,1779447720.0,6.2,6.4,100752,Planned,FEMALE,employee,Boarded,,False
pinnacle-Slc,Clearwater Campus,CAB,2026-05-22,09:00,3000377,1779420600.0,1779424200.0,1779420720.0,1779424320.0,6.2,6.4,100753,Planned,MALE,employee,Boarded,,False
pinnacle-Slc,Clearwater Campus,CAB,2026-05-22,09:00,3000377,1779420900.0,1779424200.0,1779421020.0,1779424320.0,6.2,6.4,100754,Planned,FEMALE,employee,Boarded,,False
pinnacle-Slc,Oakmont Office,CAB,2026-05-22,09:00,3000378,1779420600.0,1779424200.0,1779420720.0,1779424320.0,6.2,6.4,100755,Planned,MALE,employee,Boarded,,False
pinnacle-Slc,Oakmont Office,CAB,2026-05-22,09:00,3000378,1779420900.0,1779424200.0,1779421020.0,1779424320.0,6.2,6.4,100756,Planned,FEMALE,employee,Boarded,,False
pinnacle-Slc,Clearwater Campus,CAB,2026-05-22,15:30,3000379,1779444000.0,1779447600.0,1779444120.0,1779447720.0,6.2,6.4,100757,Planned,MALE,employee,Boarded,,False
pinnacle-Slc,Clearwater Campus,CAB,2026-05-22,15:30,3000379,1779444300.0,1779447600.0,1779444420.0,1779447720.0,6.2,6.4,100758,Planned,FEMALE,employee,Boarded,,False
pinnacle-Slc,Oakmont Office,CAB,2026-05-22,15:30,3000380,1779444000.0,1779447600.0,1779444120.0,1779447720.0,6.2,6.4,100759,Planned,MALE,employee,Boarded,,False
pinnacle-Slc,Oakmont Office,CAB,2026-05-22,15:30,3000380,1779444300.0,1779447600.0,1779444420.0,1779447720.0,6.2,6.4,100760,Planned,FEMALE,employee,Boarded,,False
pinnacle-Slc,Clearwater Campus,CAB,2026-05-23,09:00,3000381,1779507000.0,1779510600.0,1779507900.0,1779511500.0,6.2,6.4,100761,Planned,MALE,employee,Boarded,,False
pinnacle-Slc,Clearwater Campus,CAB,2026-05-23,09:00,3000381,1779507300.0,1779510600.0,1779507420.0,1779510720.0,6.2,6.4,100762,Planned,FEMALE,employee,Boarded,,False
pinnacle-Slc,Oakmont Office,CAB,2026-05-23,09:00,3000382,1779507000.0,1779510600.0,1779507120.0,1779510720.0,6.2,6.4,100763,Planned,MALE,employee,Boarded,,False
pinnacle-Slc,Oakmont Office,CAB,2026-05-23,09:00,3000382,1779507300.0,1779510600.0,1779507420.0,1779510720.0,6.2,6.4,100764,Planned,FEMALE,employee,Boarded,,False
pinnacle-Slc,Clearwater Campus,CAB,2026-05-23,15:30,3000383,1779530400.0,1779534000.0,1779530520.0,1779534120.0,6.2,6.4,100765,Planned,MALE,employee,Boarded,,False
pinnacle-Slc,Clearwater Campus,CAB,2026-05-23,15:30,3000383,1779530700.0,1779534000.0,1779530820.0,1779534120.0,6.2,6.4,100766,Planned,FEMALE,employee,Boarded,,False
pinnacle-Slc,Oakmont Office,CAB,2026-05-23,15:30,3000384,1779530400.0,1779534000.0,1779530520.0,1779534120.0,6.2,6.4,100767,Planned,MALE,employee,Boarded,,False
pinnacle-Slc,Oakmont Office,CAB,2026-05-23,15:30,3000384,1779530700.0,1779534000.0,1779530820.0,1779534120.0,6.2,6.4,100768,Planned,FEMALE,employee,Boarded,,False
pinnacle-Slc,Clearwater Campus,CAB,2026-05-23,09:00,3000385,1779507000.0,1779510600.0,1779507120.0,1779510720.0,6.2,6.4,100769,Planned,MALE,employee,Boarded,,False
pinnacle-Slc,Clearwater Campus,CAB,2026-05-23,09:00,3000385,1779507300.0,1779510600.0,1779507420.0,1779510720.0,6.2,6.4,100770,Planned,FEMALE,employee,Boarded,,False
pinnacle-Slc,Oakmont Office,CAB,2026-05-23,09:00,3000386,1779507000.0,1779510600.0,1779507120.0,1779510720.0,6.2,6.4,100771,Planned,MALE,employee,Boarded,,False
pinnacle-Slc,Oakmont Office,CAB,2026-05-23,09:00,3000386,1779507300.0,1779510600.0,1779507420.0,1779510720.0,6.2,6.4,100772,Planned,FEMALE,employee,Boarded,,False
pinnacle-Slc,Clearwater Campus,CAB,2026-05-23,15:30,3000387,1779530400.0,1779534000.0,1779531300.0,1779534900.0,6.2,6.4,100773,Planned,MALE,employee,Boarded,,False
pinnacle-Slc,Clearwater Campus,CAB,2026-05-23,15:30,3000387,1779530700.0,1779534000.0,1779530820.0,1779534120.0,6.2,6.4,100774,Planned,FEMALE,employee,Boarded,,False
pinnacle-Slc,Oakmont Office,CAB,2026-05-23,15:30,3000388,1779530400.0,1779534000.0,1779530520.0,1779534120.0,6.2,6.4,100775,Planned,MALE,employee,Boarded,,False
pinnacle-Slc,Oakmont Office,CAB,2026-05-23,15:30,3000388,1779530700.0,1779534000.0,,,6.2,6.4,100776,,FEMALE,employee,Not Boarded,NO_SHOW,True
pinnacle-Slc,Clearwater Campus,CAB,2026-05-23,09:00,3000389,1779507000.0,1779510600.0,1779507120.0,1779510720.0,6.2,6.4,100777,Planned,MALE,employee,Boarded,,False
pinnacle-Slc,Clearwater Campus,CAB,2026-05-23,09:00,3000389,1779507300.0,1779510600.0,1779508200.0,1779511500.0,6.2,6.4,100778,Planned,FEMALE,employee,Boarded,,False
pinnacle-Slc,Oakmont Office,CAB,2026-05-23,09:00,3000390,1779507000.0,1779510600.0,1779507120.0,1779510720.0,6.2,6.4,100779,Planned,MALE,employee,Boarded,,False
pinnacle-Slc,Oakmont Office,CAB,2026-05-23,09:00,3000390,1779507300.0,1779510600.0,1779507420.0,1779510720.0,6.2,6.4,100780,Planned,FEMALE,employee,Boarded,,False
pinnacle-Slc,Clearwater Campus,CAB,2026-05-23,15:30,3000391,1779530400.0,1779534000.0,1779530520.0,1779534120.0,6.2,6.4,100781,Planned,MALE,employee,Boarded,,False
pinnacle-Slc,Clearwater Campus,CAB,2026-05-23,15:30,3000391,1779530700.0,1779534000.0,1779530820.0,1779534120.0,6.2,6.4,100782,Planned,FEMALE,employee,Boarded,,False
pinnacle-Slc,Oakmont Office,CAB,2026-05-23,15:30,3000392,1779530400.0,1779534000.0,1779531300.0,1779534900.0,6.2,6.4,100783,Planned,MALE,employee,Boarded,,False
pinnacle-Slc,Oakmont Office,CAB,2026-05-23,15:30,3000392,1779530700.0,1779534000.0,1779530820.0,1779534120.0,6.2,6.4,100784,Planned,FEMALE,employee,Boarded,,False
pinnacle-Slc,Clearwater Campus,CAB,2026-05-23,09:00,3000393,1779507000.0,1779510600.0,1779507120.0,1779510720.0,6.2,6.4,100785,Planned,MALE,employee,Boarded,,False
pinnacle-Slc,Clearwater Campus,CAB,2026-05-23,09:00,3000393,1779507300.0,1779510600.0,1779507420.0,1779510720.0,6.2,6.4,100786,Planned,FEMALE,employee,Boarded,,False
pinnacle-Slc,Oakmont Office,CAB,2026-05-23,09:00,3000394,1779507000.0,1779510600.0,1779507120.0,1779510720.0,6.2,6.4,100787,Planned,MALE,employee,Boarded,,False
pinnacle-Slc,Oakmont Office,CAB,2026-05-23,09:00,3000394,1779507300.0,1779510600.0,1779507420.0,1779510720.0,6.2,6.4,100788,Planned,FEMALE,employee,Boarded,,False
pinnacle-Slc,Clearwater Campus,CAB,2026-05-23,15:30,3000395,1779530400.0,1779534000.0,1779530520.0,1779534120.0,6.2,6.4,100789,Planned,MALE,employee,Boarded,,False
pinnacle-Slc,Clearwater Campus,CAB,2026-05-23,15:30,3000395,1779530700.0,1779534000.0,1779530820.0,1779534120.0,6.2,6.4,100790,Planned,FEMALE,employee,Boarded,,False
pinnacle-Slc,Oakmont Office,CAB,2026-05-23,15:30,3000396,1779530400.0,1779534000.0,1779531300.0,1779534900.0,6.2,6.4,100791,Planned,MALE,employee,Boarded,,False
pinnacle-Slc,Oakmont Office,CAB,2026-05-23,15:30,3000396,1779530700.0,1779534000.0,1779530820.0,1779534120.0,6.2,6.4,100792,Planned,FEMALE,employee,Boarded,,False
pinnacle-Slc,Clearwater Campus,CAB,2026-05-23,09:00,3000397,1779507000.0,1779510600.0,1779507120.0,1779510720.0,6.2,6.4,100793,Planned,MALE,employee,Boarded,,False
pinnacle-Slc,Clearwater Campus,CAB,2026-05-23,09:00,3000397,1779507300.0,1779510600.0,1779507420.0,1779510720.0,6.2,6.4,100794,Planned,FEMALE,employee,Boarded,,False
pinnacle-Slc,Oakmont Office,CAB,2026-05-23,09:00,3000398,1779507000.0,1779510600.0,1779507120.0,1779510720.0,6.2,6.4,100795,Planned,MALE,employee,Boarded,,False
pinnacle-Slc,Oakmont Office,CAB,2026-05-23,09:00,3000398,1779507300.0,1779510600.0,1779507420.0,1779510720.0,6.2,6.4,100796,Planned,FEMALE,employee,Boarded,,False
pinnacle-Slc,Clearwater Campus,CAB,2026-05-23,15:30,3000399,1779530400.0,1779534000.0,1779530520.0,1779534120.0,6.2,6.4,100797,Planned,MALE,employee,Boarded,,False
pinnacle-Slc,Clearwater Campus,CAB,2026-05-23,15:30,3000399,1779530700.0,1779534000.0,1779530820.0,1779534120.0,6.2,6.4,100798,Planned,FEMALE,employee,Boarded,,False
pinnacle-Slc,Oakmont Office,CAB,2026-05-23,15:30,3000400,1779530400.0,1779534000.0,1779530520.0,1779534120.0,6.2,6.4,100799,Planned,MALE,employee,Boarded,,False
pinnacle-Slc,Oakmont Office,CAB,2026-05-23,15:30,3000400,1779530700.0,1779534000.0,1779530820.0,1779534120.0,6.2,6.4,100800,Planned,FEMALE,employee,Boarded,,False
pinnacle-Slc,Clearwater Campus,CAB,2026-05-24,09:00,3000401,1779593400.0,1779597000.0,1779593520.0,1779597120.0,6.2,6.4,100801,Planned,MALE,employee,Boarded,,False
pinnacle-Slc,Clearwater Campus,CAB,2026-05-24,09:00,3000401,1779593700.0,1779597000.0,1779593820.0,1779597120.0,6.2,6.4,100802,Planned,FEMALE,employee,Boarded,,False
pinnacle-Slc,Oakmont Office,CAB,2026-05-24,09:00,3000402,1779593400.0,1779597000.0,1779593520.0,1779597120.0,6.2,6.4,100803,Planned,MALE,employee,Boarded,,False
pinnacle-Slc,Oakmont Office,CAB,2026-05-24,09:00,3000402,1779593700.0,1779597000.0,1779593820.0,1779597120.0,6.2,6.4,100804,Planned,FEMALE,employee,Boarded,,False
pinnacle-Slc,Clearwater Campus,CAB,2026-05-24,15:30,3000403,1779616800.0,1779620400.0,1779616920.0,1779620520.0,6.2,6.4,100805,Planned,MALE,employee,Boarded,,False
pinnacle-Slc,Clearwater Campus,CAB,2026-05-24,15:30,3000403,1779617100.0,1779620400.0,1779618000.0,1779621300.0,6.2,6.4,100806,Planned,FEMALE,employee,Boarded,,False
pinnacle-Slc,Oakmont Office,CAB,2026-05-24,15:30,3000404,1779616800.0,1779620400.0,1779617700.0,1779621300.0,6.2,6.4,100807,Planned,MALE,employee,Boarded,,False
pinnacle-Slc,Oakmont Office,CAB,2026-05-24,15:30,3000404,1779617100.0,1779620400.0,1779617220.0,1779620520.0,6.2,6.4,100808,Planned,FEMALE,employee,Boarded,,False
pinnacle-Slc,Clearwater Campus,CAB,2026-05-24,09:00,3000405,1779593400.0,1779597000.0,1779593520.0,1779597120.0,6.2,6.4,100809,Planned,MALE,employee,Boarded,,False
pinnacle-Slc,Clearwater Campus,CAB,2026-05-24,09:00,3000405,1779593700.0,1779597000.0,1779594600.0,1779597900.0,6.2,6.4,100810,Planned,FEMALE,employee,Boarded,,False
pinnacle-Slc,Oakmont Office,CAB,2026-05-24,09:00,3000406,1779593400.0,1779597000.0,1779594300.0,1779597900.0,6.2,6.4,100811,Planned,MALE,employee,Boarded,,False
pinnacle-Slc,Oakmont Office,CAB,2026-05-24,09:00,3000406,1779593700.0,1779597000.0,1779593820.0,1779597120.0,6.2,6.4,100812,Planned,FEMALE,employee,Boarded,,False
pinnacle-Slc,Clearwater Campus,CAB,2026-05-24,15:30,3000407,1779616800.0,1779620400.0,1779616920.0,1779620520.0,6.2,6.4,100813,Planned,MALE,employee,Boarded,,False
pinnacle-Slc,Clearwater Campus,CAB,2026-05-24,15:30,3000407,1779617100.0,1779620400.0,1779617220.0,1779620520.0,6.2,6.4,100814,Planned,FEMALE,employee,Boarded,,False
pinnacle-Slc,Oakmont Office,CAB,2026-05-24,15:30,3000408,1779616800.0,1779620400.0,1779616920.0,1779620520.0,6.2,6.4,100815,Planned,MALE,employee,Boarded,,False
pinnacle-Slc,Oakmont Office,CAB,2026-05-24,15:30,3000408,1779617100.0,1779620400.0,,,6.2,6.4,100816,,FEMALE,employee,Not Boarded,NO_SHOW,True
pinnacle-Slc,Clearwater Campus,CAB,2026-05-24,09:00,3000409,1779593400.0,1779597000.0,1779593520.0,1779597120.0,6.2,6.4,100817,Planned,MALE,employee,Boarded,,False
pinnacle-Slc,Clearwater Campus,CAB,2026-05-24,09:00,3000409,1779593700.0,1779597000.0,1779593820.0,1779597120.0,6.2,6.4,100818,Planned,FEMALE,employee,Boarded,,False
pinnacle-Slc,Oakmont Office,CAB,2026-05-24,09:00,3000410,1779593400.0,1779597000.0,1779593520.0,1779597120.0,6.2,6.4,100819,Planned,MALE,employee,Boarded,,False
pinnacle-Slc,Oakmont Office,CAB,2026-05-24,09:00,3000410,1779593700.0,1779597000.0,1779593820.0,1779597120.0,6.2,6.4,100820,Planned,FEMALE,employee,Boarded,,False
pinnacle-Slc,Clearwater Campus,CAB,2026-05-24,15:30,3000411,1779616800.0,1779620400.0,1779616920.0,1779620520.0,6.2,6.4,100821,Planned,MALE,employee,Boarded,,False
pinnacle-Slc,Clearwater Campus,CAB,2026-05-24,15:30,3000411,1779617100.0,1779620400.0,1779617220.0,1779620520.0,6.2,6.4,100822,Planned,FEMALE,employee,Boarded,,False
pinnacle-Slc,Oakmont Office,CAB,2026-05-24,15:30,3000412,1779616800.0,1779620400.0,1779616920.0,1779620520.0,6.2,6.4,100823,Planned,MALE,employee,Boarded,,False
pinnacle-Slc,Oakmont Office,CAB,2026-05-24,15:30,3000412,1779617100.0,1779620400.0,1779617220.0,1779620520.0,6.2,6.4,100824,Planned,FEMALE,employee,Boarded,,False
pinnacle-Slc,Clearwater Campus,CAB,2026-05-24,09:00,3000413,1779593400.0,1779597000.0,1779593520.0,1779597120.0,6.2,6.4,100825,Planned,MALE,employee,Boarded,,False
pinnacle-Slc,Clearwater Campus,CAB,2026-05-24,09:00,3000413,1779593700.0,1779597000.0,1779593820.0,1779597120.0,6.2,6.4,100826,Planned,FEMALE,employee,Boarded,,False
pinnacle-Slc,Oakmont Office,CAB,2026-05-24,09:00,3000414,1779593400.0,1779597000.0,1779593520.0,1779597120.0,6.2,6.4,100827,Planned,MALE,employee,Boarded,,False
pinnacle-Slc,Oakmont Office,CAB,2026-05-24,09:00,3000414,1779593700.0,1779597000.0,1779593820.0,1779597120.0,6.2,6.4,100828,Planned,FEMALE,employee,Boarded,,False
pinnacle-Slc,Clearwater Campus,CAB,2026-05-24,15:30,3000415,1779616800.0,1779620400.0,1779616920.0,1779620520.0,6.2,6.4,100829,Planned,MALE,employee,Boarded,,False
pinnacle-Slc,Clearwater Campus,CAB,2026-05-24,15:30,3000415,1779617100.0,1779620400.0,1779617220.0,1779620520.0,6.2,6.4,100830,Planned,FEMALE,employee,Boarded,,False
pinnacle-Slc,Oakmont Office,CAB,2026-05-24,15:30,3000416,1779616800.0,1779620400.0,1779616920.0,1779620520.0,6.2,6.4,100831,Planned,MALE,employee,Boarded,,False
pinnacle-Slc,Oakmont Office,CAB,2026-05-24,15:30,3000416,1779617100.0,1779620400.0,1779617220.0,1779620520.0,6.2,6.4,100832,Planned,FEMALE,employee,Boarded,,False
pinnacle-Slc,Clearwater Campus,CAB,2026-05-24,09:00,3000417,1779593400.0,1779597000.0,1779593520.0,1779597120.0,6.2,6.4,100833,Planned,MALE,employee,Boarded,,False
pinnacle-Slc,Clearwater Campus,CAB,2026-05-24,09:00,3000417,1779593700.0,1779597000.0,1779593820.0,1779597120.0,6.2,6.4,100834,Planned,FEMALE,employee,Boarded,,False
pinnacle-Slc,Oakmont Office,CAB,2026-05-24,09:00,3000418,1779593400.0,1779597000.0,1779593520.0,1779597120.0,6.2,6.4,100835,Planned,MALE,employee,Boarded,,False
pinnacle-Slc,Oakmont Office,CAB,2026-05-24,09:00,3000418,1779593700.0,1779597000.0,1779593820.0,1779597120.0,6.2,6.4,100836,Planned,FEMALE,employee,Boarded,,False
pinnacle-Slc,Clearwater Campus,CAB,2026-05-24,15:30,3000419,1779616800.0,1779620400.0,1779616920.0,1779620520.0,6.2,6.4,100837,Planned,MALE,employee,Boarded,,False
pinnacle-Slc,Clearwater Campus,CAB,2026-05-24,15:30,3000419,1779617100.0,1779620400.0,1779618000.0,1779621300.0,6.2,6.4,100838,Planned,FEMALE,employee,Boarded,,False
pinnacle-Slc,Oakmont Office,CAB,2026-05-24,15:30,3000420,1779616800.0,1779620400.0,1779616920.0,1779620520.0,6.2,6.4,100839,Planned,MALE,employee,Boarded,,False
pinnacle-Slc,Oakmont Office,CAB,2026-05-24,15:30,3000420,1779617100.0,1779620400.0,1779618000.0,1779621300.0,6.2,6.4,100840,Planned,FEMALE,employee,Boarded,,False
pinnacle-Slc,Clearwater Campus,CAB,2026-05-25,09:00,3000421,1779679800.0,1779683400.0,1779679920.0,1779683520.0,6.2,6.4,100841,Planned,MALE,employee,Boarded,,False
pinnacle-Slc,Clearwater Campus,CAB,2026-05-25,09:00,3000421,1779680100.0,1779683400.0,1779680220.0,1779683520.0,6.2,6.4,100842,Planned,FEMALE,employee,Boarded,,False
pinnacle-Slc,Oakmont Office,CAB,2026-05-25,09:00,3000422,1779679800.0,1779683400.0,1779679920.0,1779683520.0,6.2,6.4,100843,Planned,MALE,employee,Boarded,,False
pinnacle-Slc,Oakmont Office,CAB,2026-05-25,09:00,3000422,1779680100.0,1779683400.0,1779680220.0,1779683520.0,6.2,6.4,100844,Planned,FEMALE,employee,Boarded,,False
pinnacle-Slc,Clearwater Campus,CAB,2026-05-25,15:30,3000423,1779703200.0,1779706800.0,1779703320.0,1779706920.0,6.2,6.4,100845,Planned,MALE,employee,Boarded,,False
pinnacle-Slc,Clearwater Campus,CAB,2026-05-25,15:30,3000423,1779703500.0,1779706800.0,1779703620.0,1779706920.0,6.2,6.4,100846,Planned,FEMALE,employee,Boarded,,False
pinnacle-Slc,Oakmont Office,CAB,2026-05-25,15:30,3000424,1779703200.0,1779706800.0,1779703320.0,1779706920.0,6.2,6.4,100847,Planned,MALE,employee,Boarded,,False
pinnacle-Slc,Oakmont Office,CAB,2026-05-25,15:30,3000424,1779703500.0,1779706800.0,1779703620.0,1779706920.0,6.2,6.4,100848,Planned,FEMALE,employee,Boarded,,False
pinnacle-Slc,Clearwater Campus,CAB,2026-05-25,09:00,3000425,1779679800.0,1779683400.0,1779679920.0,1779683520.0,6.2,6.4,100849,Planned,MALE,employee,Boarded,,False
pinnacle-Slc,Clearwater Campus,CAB,2026-05-25,09:00,3000425,1779680100.0,1779683400.0,1779680220.0,1779683520.0,6.2,6.4,100850,Planned,FEMALE,employee,Boarded,,False
pinnacle-Slc,Oakmont Office,CAB,2026-05-25,09:00,3000426,1779679800.0,1779683400.0,1779679920.0,1779683520.0,6.2,6.4,100851,Planned,MALE,employee,Boarded,,False
pinnacle-Slc,Oakmont Office,CAB,2026-05-25,09:00,3000426,1779680100.0,1779683400.0,1779681000.0,1779684300.0,6.2,6.4,100852,Planned,FEMALE,employee,Boarded,,False
pinnacle-Slc,Clearwater Campus,CAB,2026-05-25,15:30,3000427,1779703200.0,1779706800.0,1779703320.0,1779706920.0,6.2,6.4,100853,Planned,MALE,employee,Boarded,,False
pinnacle-Slc,Clearwater Campus,CAB,2026-05-25,15:30,3000427,1779703500.0,1779706800.0,1779703620.0,1779706920.0,6.2,6.4,100854,Planned,FEMALE,employee,Boarded,,False
pinnacle-Slc,Oakmont Office,CAB,2026-05-25,15:30,3000428,1779703200.0,1779706800.0,1779703320.0,1779706920.0,6.2,6.4,100855,Planned,MALE,employee,Boarded,,False
pinnacle-Slc,Oakmont Office,CAB,2026-05-25,15:30,3000428,1779703500.0,1779706800.0,,,6.2,6.4,100856,,FEMALE,employee,Not Boarded,NO_SHOW,True
pinnacle-Slc,Clearwater Campus,CAB,2026-05-25,09:00,3000429,1779679800.0,1779683400.0,1779679920.0,1779683520.0,6.2,6.4,100857,Planned,MALE,employee,Boarded,,False
pinnacle-Slc,Clearwater Campus,CAB,2026-05-25,09:00,3000429,1779680100.0,1779683400.0,1779680220.0,1779683520.0,6.2,6.4,100858,Planned,FEMALE,employee,Boarded,,False
pinnacle-Slc,Oakmont Office,CAB,2026-05-25,09:00,3000430,1779679800.0,1779683400.0,1779679920.0,1779683520.0,6.2,6.4,100859,Planned,MALE,employee,Boarded,,False
pinnacle-Slc,Oakmont Office,CAB,2026-05-25,09:00,3000430,1779680100.0,1779683400.0,1779680220.0,1779683520.0,6.2,6.4,100860,Planned,FEMALE,employee,Boarded,,False
pinnacle-Slc,Clearwater Campus,CAB,2026-05-25,15:30,3000431,1779703200.0,1779706800.0,1779703320.0,1779706920.0,6.2,6.4,100861,Planned,MALE,employee,Boarded,,False
pinnacle-Slc,Clearwater Campus,CAB,2026-05-25,15:30,3000431,1779703500.0,1779706800.0,1779703620.0,1779706920.0,6.2,6.4,100862,Planned,FEMALE,employee,Boarded,,False
pinnacle-Slc,Oakmont Office,CAB,2026-05-25,15:30,3000432,1779703200.0,1779706800.0,1779703320.0,1779706920.0,6.2,6.4,100863,Planned,MALE,employee,Boarded,,False
pinnacle-Slc,Oakmont Office,CAB,2026-05-25,15:30,3000432,1779703500.0,1779706800.0,1779703620.0,1779706920.0,6.2,6.4,100864,Planned,FEMALE,employee,Boarded,,False
pinnacle-Slc,Clearwater Campus,CAB,2026-05-25,09:00,3000433,1779679800.0,1779683400.0,1779679920.0,1779683520.0,6.2,6.4,100865,Planned,MALE,employee,Boarded,,False
pinnacle-Slc,Clearwater Campus,CAB,2026-05-25,09:00,3000433,1779680100.0,1779683400.0,1779680220.0,1779683520.0,6.2,6.4,100866,Planned,FEMALE,employee,Boarded,,False
pinnacle-Slc,Oakmont Office,CAB,2026-05-25,09:00,3000434,1779679800.0,1779683400.0,1779680700.0,1779684300.0,6.2,6.4,100867,Planned,MALE,employee,Boarded,,False
pinnacle-Slc,Oakmont Office,CAB,2026-05-25,09:00,3000434,1779680100.0,1779683400.0,1779680220.0,1779683520.0,6.2,6.4,100868,Planned,FEMALE,employee,Boarded,,False
pinnacle-Slc,Clearwater Campus,CAB,2026-05-25,15:30,3000435,1779703200.0,1779706800.0,1779703320.0,1779706920.0,6.2,6.4,100869,Planned,MALE,employee,Boarded,,False
pinnacle-Slc,Clearwater Campus,CAB,2026-05-25,15:30,3000435,1779703500.0,1779706800.0,1779703620.0,1779706920.0,6.2,6.4,100870,Planned,FEMALE,employee,Boarded,,False
pinnacle-Slc,Oakmont Office,CAB,2026-05-25,15:30,3000436,1779703200.0,1779706800.0,1779703320.0,1779706920.0,6.2,6.4,100871,Planned,MALE,employee,Boarded,,False
pinnacle-Slc,Oakmont Office,CAB,2026-05-25,15:30,3000436,1779703500.0,1779706800.0,1779703620.0,1779706920.0,6.2,6.4,100872,Planned,FEMALE,employee,Boarded,,False
pinnacle-Slc,Clearwater Campus,CAB,2026-05-25,09:00,3000437,1779679800.0,1779683400.0,1779679920.0,1779683520.0,6.2,6.4,100873,Planned,MALE,employee,Boarded,,False
pinnacle-Slc,Clearwater Campus,CAB,2026-05-25,09:00,3000437,1779680100.0,1779683400.0,1779680220.0,1779683520.0,6.2,6.4,100874,Planned,FEMALE,employee,Boarded,,False
pinnacle-Slc,Oakmont Office,CAB,2026-05-25,09:00,3000438,1779679800.0,1779683400.0,1779679920.0,1779683520.0,6.2,6.4,100875,Planned,MALE,employee,Boarded,,False
pinnacle-Slc,Oakmont Office,CAB,2026-05-25,09:00,3000438,1779680100.0,1779683400.0,1779680220.0,1779683520.0,6.2,6.4,100876,Planned,FEMALE,employee,Boarded,,False
pinnacle-Slc,Clearwater Campus,CAB,2026-05-25,15:30,3000439,1779703200.0,1779706800.0,1779703320.0,1779706920.0,6.2,6.4,100877,Planned,MALE,employee,Boarded,,False
pinnacle-Slc,Clearwater Campus,CAB,2026-05-25,15:30,3000439,1779703500.0,1779706800.0,1779703620.0,1779706920.0,6.2,6.4,100878,Planned,FEMALE,employee,Boarded,,False
pinnacle-Slc,Oakmont Office,CAB,2026-05-25,15:30,3000440,1779703200.0,1779706800.0,1779703320.0,1779706920.0,6.2,6.4,100879,Planned,MALE,employee,Boarded,,False
pinnacle-Slc,Oakmont Office,CAB,2026-05-25,15:30,3000440,1779703500.0,1779706800.0,1779703620.0,1779706920.0,6.2,6.4,100880,Planned,FEMALE,employee,Boarded,,False
pinnacle-Slc,Clearwater Campus,CAB,2026-05-26,09:00,3000441,1779766200.0,1779769800.0,1779767100.0,1779770700.0,6.2,6.4,100881,Planned,MALE,employee,Boarded,,False
pinnacle-Slc,Clearwater Campus,CAB,2026-05-26,09:00,3000441,1779766500.0,1779769800.0,1779766620.0,1779769920.0,6.2,6.4,100882,Planned,FEMALE,employee,Boarded,,False
pinnacle-Slc,Oakmont Office,CAB,2026-05-26,09:00,3000442,1779766200.0,1779769800.0,1779766320.0,1779769920.0,6.2,6.4,100883,Planned,MALE,employee,Boarded,,False
pinnacle-Slc,Oakmont Office,CAB,2026-05-26,09:00,3000442,1779766500.0,1779769800.0,1779766620.0,1779769920.0,6.2,6.4,100884,Planned,FEMALE,employee,Boarded,,False
pinnacle-Slc,Clearwater Campus,CAB,2026-05-26,15:30,3000443,1779789600.0,1779793200.0,1779789720.0,1779793320.0,6.2,6.4,100885,Planned,MALE,employee,Boarded,,False
pinnacle-Slc,Clearwater Campus,CAB,2026-05-26,15:30,3000443,1779789900.0,1779793200.0,1779790020.0,1779793320.0,6.2,6.4,100886,Planned,FEMALE,employee,Boarded,,False
pinnacle-Slc,Oakmont Office,CAB,2026-05-26,15:30,3000444,1779789600.0,1779793200.0,1779789720.0,1779793320.0,6.2,6.4,100887,Planned,MALE,employee,Boarded,,False
pinnacle-Slc,Oakmont Office,CAB,2026-05-26,15:30,3000444,1779789900.0,1779793200.0,1779790020.0,1779793320.0,6.2,6.4,100888,Planned,FEMALE,employee,Boarded,,False
pinnacle-Slc,Clearwater Campus,CAB,2026-05-26,09:00,3000445,1779766200.0,1779769800.0,1779766320.0,1779769920.0,6.2,6.4,100889,Planned,MALE,employee,Boarded,,False
pinnacle-Slc,Clearwater Campus,CAB,2026-05-26,09:00,3000445,1779766500.0,1779769800.0,1779766620.0,1779769920.0,6.2,6.4,100890,Planned,FEMALE,employee,Boarded,,False
pinnacle-Slc,Oakmont Office,CAB,2026-05-26,09:00,3000446,1779766200.0,1779769800.0,1779766320.0,1779769920.0,6.2,6.4,100891,Planned,MALE,employee,Boarded,,False
pinnacle-Slc,Oakmont Office,CAB,2026-05-26,09:00,3000446,1779766500.0,1779769800.0,1779766620.0,1779769920.0,6.2,6.4,100892,Planned,FEMALE,employee,Boarded,,False
pinnacle-Slc,Clearwater Campus,CAB,2026-05-26,15:30,3000447,1779789600.0,1779793200.0,1779789720.0,1779793320.0,6.2,6.4,100893,Planned,MALE,employee,Boarded,,False
pinnacle-Slc,Clearwater Campus,CAB,2026-05-26,15:30,3000447,1779789900.0,1779793200.0,1779790020.0,1779793320.0,6.2,6.4,100894,Planned,FEMALE,employee,Boarded,,False
pinnacle-Slc,Oakmont Office,CAB,2026-05-26,15:30,3000448,1779789600.0,1779793200.0,1779789720.0,1779793320.0,6.2,6.4,100895,Planned,MALE,employee,Boarded,,False
pinnacle-Slc,Oakmont Office,CAB,2026-05-26,15:30,3000448,1779789900.0,1779793200.0,,,6.2,6.4,100896,,FEMALE,employee,Not Boarded,NO_SHOW,True
pinnacle-Slc,Clearwater Campus,CAB,2026-05-26,09:00,3000449,1779766200.0,1779769800.0,1779766320.0,1779769920.0,6.2,6.4,100897,Planned,MALE,employee,Boarded,,False
pinnacle-Slc,Clearwater Campus,CAB,2026-05-26,09:00,3000449,1779766500.0,1779769800.0,1779766620.0,1779769920.0,6.2,6.4,100898,Planned,FEMALE,employee,Boarded,,False
pinnacle-Slc,Oakmont Office,CAB,2026-05-26,09:00,3000450,1779766200.0,1779769800.0,1779766320.0,1779769920.0,6.2,6.4,100899,Planned,MALE,employee,Boarded,,False
pinnacle-Slc,Oakmont Office,CAB,2026-05-26,09:00,3000450,1779766500.0,1779769800.0,1779766620.0,1779769920.0,6.2,6.4,100900,Planned,FEMALE,employee,Boarded,,False
pinnacle-Slc,Clearwater Campus,CAB,2026-05-26,15:30,3000451,1779789600.0,1779793200.0,1779789720.0,1779793320.0,6.2,6.4,100901,Planned,MALE,employee,Boarded,,False
pinnacle-Slc,Clearwater Campus,CAB,2026-05-26,15:30,3000451,1779789900.0,1779793200.0,1779790020.0,1779793320.0,6.2,6.4,100902,Planned,FEMALE,employee,Boarded,,False
pinnacle-Slc,Oakmont Office,CAB,2026-05-26,15:30,3000452,1779789600.0,1779793200.0,1779789720.0,1779793320.0,6.2,6.4,100903,Planned,MALE,employee,Boarded,,False
pinnacle-Slc,Oakmont Office,CAB,2026-05-26,15:30,3000452,1779789900.0,1779793200.0,1779790020.0,1779793320.0,6.2,6.4,100904,Planned,FEMALE,employee,Boarded,,False
pinnacle-Slc,Clearwater Campus,CAB,2026-05-26,09:00,3000453,1779766200.0,1779769800.0,1779766320.0,1779769920.0,6.2,6.4,100905,Planned,MALE,employee,Boarded,,False
pinnacle-Slc,Clearwater Campus,CAB,2026-05-26,09:00,3000453,1779766500.0,1779769800.0,1779766620.0,1779769920.0,6.2,6.4,100906,Planned,FEMALE,employee,Boarded,,False
pinnacle-Slc,Oakmont Office,CAB,2026-05-26,09:00,3000454,1779766200.0,1779769800.0,1779766320.0,1779769920.0,6.2,6.4,100907,Planned,MALE,employee,Boarded,,False
pinnacle-Slc,Oakmont Office,CAB,2026-05-26,09:00,3000454,1779766500.0,1779769800.0,1779766620.0,1779769920.0,6.2,6.4,100908,Planned,FEMALE,employee,Boarded,,False
pinnacle-Slc,Clearwater Campus,CAB,2026-05-26,15:30,3000455,1779789600.0,1779793200.0,1779789720.0,1779793320.0,6.2,6.4,100909,Planned,MALE,employee,Boarded,,False
pinnacle-Slc,Clearwater Campus,CAB,2026-05-26,15:30,3000455,1779789900.0,1779793200.0,1779790020.0,1779793320.0,6.2,6.4,100910,Planned,FEMALE,employee,Boarded,,False
pinnacle-Slc,Oakmont Office,CAB,2026-05-26,15:30,3000456,1779789600.0,1779793200.0,1779789720.0,1779793320.0,6.2,6.4,100911,Planned,MALE,employee,Boarded,,False
pinnacle-Slc,Oakmont Office,CAB,2026-05-26,15:30,3000456,1779789900.0,1779793200.0,1779790020.0,1779793320.0,6.2,6.4,100912,Planned,FEMALE,employee,Boarded,,False
pinnacle-Slc,Clearwater Campus,CAB,2026-05-26,09:00,3000457,1779766200.0,1779769800.0,1779766320.0,1779769920.0,6.2,6.4,100913,Planned,MALE,employee,Boarded,,False
pinnacle-Slc,Clearwater Campus,CAB,2026-05-26,09:00,3000457,1779766500.0,1779769800.0,1779766620.0,1779769920.0,6.2,6.4,100914,Planned,FEMALE,employee,Boarded,,False
pinnacle-Slc,Oakmont Office,CAB,2026-05-26,09:00,3000458,1779766200.0,1779769800.0,1779767100.0,1779770700.0,6.2,6.4,100915,Planned,MALE,employee,Boarded,,False
pinnacle-Slc,Oakmont Office,CAB,2026-05-26,09:00,3000458,1779766500.0,1779769800.0,1779766620.0,1779769920.0,6.2,6.4,100916,Planned,FEMALE,employee,Boarded,,False
pinnacle-Slc,Clearwater Campus,CAB,2026-05-26,15:30,3000459,1779789600.0,1779793200.0,1779789720.0,1779793320.0,6.2,6.4,100917,Planned,MALE,employee,Boarded,,False
pinnacle-Slc,Clearwater Campus,CAB,2026-05-26,15:30,3000459,1779789900.0,1779793200.0,1779790800.0,1779794100.0,6.2,6.4,100918,Planned,FEMALE,employee,Boarded,,False
pinnacle-Slc,Oakmont Office,CAB,2026-05-26,15:30,3000460,1779789600.0,1779793200.0,1779789720.0,1779793320.0,6.2,6.4,100919,Planned,MALE,employee,Boarded,,False
pinnacle-Slc,Oakmont Office,CAB,2026-05-26,15:30,3000460,1779789900.0,1779793200.0,1779790020.0,1779793320.0,6.2,6.4,100920,Planned,FEMALE,employee,Boarded,,False
pinnacle-Slc,Clearwater Campus,CAB,2026-05-27,09:00,3000461,1779852600.0,1779856200.0,1779852720.0,1779856320.0,6.2,6.4,100921,Planned,MALE,employee,Boarded,,False
pinnacle-Slc,Clearwater Campus,CAB,2026-05-27,09:00,3000461,1779852900.0,1779856200.0,1779853020.0,1779856320.0,6.2,6.4,100922,Planned,FEMALE,employee,Boarded,,False
pinnacle-Slc,Oakmont Office,CAB,2026-05-27,09:00,3000462,1779852600.0,1779856200.0,1779852720.0,1779856320.0,6.2,6.4,100923,Planned,MALE,employee,Boarded,,False
pinnacle-Slc,Oakmont Office,CAB,2026-05-27,09:00,3000462,1779852900.0,1779856200.0,1779853020.0,1779856320.0,6.2,6.4,100924,Planned,FEMALE,employee,Boarded,,False
pinnacle-Slc,Clearwater Campus,CAB,2026-05-27,15:30,3000463,1779876000.0,1779879600.0,1779876120.0,1779879720.0,6.2,6.4,100925,Planned,MALE,employee,Boarded,,False
pinnacle-Slc,Clearwater Campus,CAB,2026-05-27,15:30,3000463,1779876300.0,1779879600.0,1779876420.0,1779879720.0,6.2,6.4,100926,Planned,FEMALE,employee,Boarded,,False
pinnacle-Slc,Oakmont Office,CAB,2026-05-27,15:30,3000464,1779876000.0,1779879600.0,1779876120.0,1779879720.0,6.2,6.4,100927,Planned,MALE,employee,Boarded,,False
pinnacle-Slc,Oakmont Office,CAB,2026-05-27,15:30,3000464,1779876300.0,1779879600.0,1779876420.0,1779879720.0,6.2,6.4,100928,Planned,FEMALE,employee,Boarded,,False
pinnacle-Slc,Clearwater Campus,CAB,2026-05-27,09:00,3000465,1779852600.0,1779856200.0,1779852720.0,1779856320.0,6.2,6.4,100929,Planned,MALE,employee,Boarded,,False
pinnacle-Slc,Clearwater Campus,CAB,2026-05-27,09:00,3000465,1779852900.0,1779856200.0,1779853020.0,1779856320.0,6.2,6.4,100930,Planned,FEMALE,employee,Boarded,,False
pinnacle-Slc,Oakmont Office,CAB,2026-05-27,09:00,3000466,1779852600.0,1779856200.0,1779852720.0,1779856320.0,6.2,6.4,100931,Planned,MALE,employee,Boarded,,False
pinnacle-Slc,Oakmont Office,CAB,2026-05-27,09:00,3000466,1779852900.0,1779856200.0,1779853020.0,1779856320.0,6.2,6.4,100932,Planned,FEMALE,employee,Boarded,,False
pinnacle-Slc,Clearwater Campus,CAB,2026-05-27,15:30,3000467,1779876000.0,1779879600.0,1779876120.0,1779879720.0,6.2,6.4,100933,Planned,MALE,employee,Boarded,,False
pinnacle-Slc,Clearwater Campus,CAB,2026-05-27,15:30,3000467,1779876300.0,1779879600.0,1779876420.0,1779879720.0,6.2,6.4,100934,Planned,FEMALE,employee,Boarded,,False
pinnacle-Slc,Oakmont Office,CAB,2026-05-27,15:30,3000468,1779876000.0,1779879600.0,1779876120.0,1779879720.0,6.2,6.4,100935,Planned,MALE,employee,Boarded,,False
pinnacle-Slc,Oakmont Office,CAB,2026-05-27,15:30,3000468,1779876300.0,1779879600.0,,,6.2,6.4,100936,,FEMALE,employee,Not Boarded,NO_SHOW,True
pinnacle-Slc,Clearwater Campus,CAB,2026-05-27,09:00,3000469,1779852600.0,1779856200.0,1779852720.0,1779856320.0,6.2,6.4,100937,Planned,MALE,employee,Boarded,,False
pinnacle-Slc,Clearwater Campus,CAB,2026-05-27,09:00,3000469,1779852900.0,1779856200.0,1779853020.0,1779856320.0,6.2,6.4,100938,Planned,FEMALE,employee,Boarded,,False
pinnacle-Slc,Oakmont Office,CAB,2026-05-27,09:00,3000470,1779852600.0,1779856200.0,1779852720.0,1779856320.0,6.2,6.4,100939,Planned,MALE,employee,Boarded,,False
pinnacle-Slc,Oakmont Office,CAB,2026-05-27,09:00,3000470,1779852900.0,1779856200.0,1779853020.0,1779856320.0,6.2,6.4,100940,Planned,FEMALE,employee,Boarded,,False
pinnacle-Slc,Clearwater Campus,CAB,2026-05-27,15:30,3000471,1779876000.0,1779879600.0,1779876120.0,1779879720.0,6.2,6.4,100941,Planned,MALE,employee,Boarded,,False
pinnacle-Slc,Clearwater Campus,CAB,2026-05-27,15:30,3000471,1779876300.0,1779879600.0,1779876420.0,1779879720.0,6.2,6.4,100942,Planned,FEMALE,employee,Boarded,,False
pinnacle-Slc,Oakmont Office,CAB,2026-05-27,15:30,3000472,1779876000.0,1779879600.0,1779876120.0,1779879720.0,6.2,6.4,100943,Planned,MALE,employee,Boarded,,False
pinnacle-Slc,Oakmont Office,CAB,2026-05-27,15:30,3000472,1779876300.0,1779879600.0,1779876420.0,1779879720.0,6.2,6.4,100944,Planned,FEMALE,employee,Boarded,,False
pinnacle-Slc,Clearwater Campus,CAB,2026-05-27,09:00,3000473,1779852600.0,1779856200.0,1779852720.0,1779856320.0,6.2,6.4,100945,Planned,MALE,employee,Boarded,,False
pinnacle-Slc,Clearwater Campus,CAB,2026-05-27,09:00,3000473,1779852900.0,1779856200.0,1779853020.0,1779856320.0,6.2,6.4,100946,Planned,FEMALE,employee,Boarded,,False
pinnacle-Slc,Oakmont Office,CAB,2026-05-27,09:00,3000474,1779852600.0,1779856200.0,1779853500.0,1779857100.0,6.2,6.4,100947,Planned,MALE,employee,Boarded,,False
pinnacle-Slc,Oakmont Office,CAB,2026-05-27,09:00,3000474,1779852900.0,1779856200.0,1779853020.0,1779856320.0,6.2,6.4,100948,Planned,FEMALE,employee,Boarded,,False
pinnacle-Slc,Clearwater Campus,CAB,2026-05-27,15:30,3000475,1779876000.0,1779879600.0,1779876120.0,1779879720.0,6.2,6.4,100949,Planned,MALE,employee,Boarded,,False
pinnacle-Slc,Clearwater Campus,CAB,2026-05-27,15:30,3000475,1779876300.0,1779879600.0,1779876420.0,1779879720.0,6.2,6.4,100950,Planned,FEMALE,employee,Boarded,,False
pinnacle-Slc,Oakmont Office,CAB,2026-05-27,15:30,3000476,1779876000.0,1779879600.0,1779876120.0,1779879720.0,6.2,6.4,100951,Planned,MALE,employee,Boarded,,False
pinnacle-Slc,Oakmont Office,CAB,2026-05-27,15:30,3000476,1779876300.0,1779879600.0,1779876420.0,1779879720.0,6.2,6.4,100952,Planned,FEMALE,employee,Boarded,,False
pinnacle-Slc,Clearwater Campus,CAB,2026-05-27,09:00,3000477,1779852600.0,1779856200.0,1779852720.0,1779856320.0,6.2,6.4,100953,Planned,MALE,employee,Boarded,,False
pinnacle-Slc,Clearwater Campus,CAB,2026-05-27,09:00,3000477,1779852900.0,1779856200.0,1779853800.0,1779857100.0,6.2,6.4,100954,Planned,FEMALE,employee,Boarded,,False
pinnacle-Slc,Oakmont Office,CAB,2026-05-27,09:00,3000478,1779852600.0,1779856200.0,1779852720.0,1779856320.0,6.2,6.4,100955,Planned,MALE,employee,Boarded,,False
pinnacle-Slc,Oakmont Office,CAB,2026-05-27,09:00,3000478,1779852900.0,1779856200.0,1779853020.0,1779856320.0,6.2,6.4,100956,Planned,FEMALE,employee,Boarded,,False
pinnacle-Slc,Clearwater Campus,CAB,2026-05-27,15:30,3000479,1779876000.0,1779879600.0,1779876120.0,1779879720.0,6.2,6.4,100957,Planned,MALE,employee,Boarded,,False
pinnacle-Slc,Clearwater Campus,CAB,2026-05-27,15:30,3000479,1779876300.0,1779879600.0,1779876420.0,1779879720.0,6.2,6.4,100958,Planned,FEMALE,employee,Boarded,,False
pinnacle-Slc,Oakmont Office,CAB,2026-05-27,15:30,3000480,1779876000.0,1779879600.0,1779876120.0,1779879720.0,6.2,6.4,100959,Planned,MALE,employee,Boarded,,False
pinnacle-Slc,Oakmont Office,CAB,2026-05-27,15:30,3000480,1779876300.0,1779879600.0,1779876420.0,1779879720.0,6.2,6.4,100960,Planned,FEMALE,employee,Boarded,,False
pinnacle-Slc,Clearwater Campus,CAB,2026-05-28,09:00,3000481,1779939000.0,1779942600.0,1779939120.0,1779942720.0,6.2,6.4,100961,Planned,MALE,employee,Boarded,,False
pinnacle-Slc,Clearwater Campus,CAB,2026-05-28,09:00,3000481,1779939300.0,1779942600.0,1779939420.0,1779942720.0,6.2,6.4,100962,Planned,FEMALE,employee,Boarded,,False
pinnacle-Slc,Oakmont Office,CAB,2026-05-28,09:00,3000482,1779939000.0,1779942600.0,1779939120.0,1779942720.0,6.2,6.4,100963,Planned,MALE,employee,Boarded,,False
pinnacle-Slc,Oakmont Office,CAB,2026-05-28,09:00,3000482,1779939300.0,1779942600.0,1779939420.0,1779942720.0,6.2,6.4,100964,Planned,FEMALE,employee,Boarded,,False
pinnacle-Slc,Clearwater Campus,CAB,2026-05-28,15:30,3000483,1779962400.0,1779966000.0,1779962520.0,1779966120.0,6.2,6.4,100965,Planned,MALE,employee,Boarded,,False
pinnacle-Slc,Clearwater Campus,CAB,2026-05-28,15:30,3000483,1779962700.0,1779966000.0,1779962820.0,1779966120.0,6.2,6.4,100966,Planned,FEMALE,employee,Boarded,,False
pinnacle-Slc,Oakmont Office,CAB,2026-05-28,15:30,3000484,1779962400.0,1779966000.0,1779962520.0,1779966120.0,6.2,6.4,100967,Planned,MALE,employee,Boarded,,False
pinnacle-Slc,Oakmont Office,CAB,2026-05-28,15:30,3000484,1779962700.0,1779966000.0,1779963600.0,1779966900.0,6.2,6.4,100968,Planned,FEMALE,employee,Boarded,,False
pinnacle-Slc,Clearwater Campus,CAB,2026-05-28,09:00,3000485,1779939000.0,1779942600.0,1779939120.0,1779942720.0,6.2,6.4,100969,Planned,MALE,employee,Boarded,,False
pinnacle-Slc,Clearwater Campus,CAB,2026-05-28,09:00,3000485,1779939300.0,1779942600.0,1779939420.0,1779942720.0,6.2,6.4,100970,Planned,FEMALE,employee,Boarded,,False
pinnacle-Slc,Oakmont Office,CAB,2026-05-28,09:00,3000486,1779939000.0,1779942600.0,1779939120.0,1779942720.0,6.2,6.4,100971,Planned,MALE,employee,Boarded,,False
pinnacle-Slc,Oakmont Office,CAB,2026-05-28,09:00,3000486,1779939300.0,1779942600.0,1779939420.0,1779942720.0,6.2,6.4,100972,Planned,FEMALE,employee,Boarded,,False
pinnacle-Slc,Clearwater Campus,CAB,2026-05-28,15:30,3000487,1779962400.0,1779966000.0,1779962520.0,1779966120.0,6.2,6.4,100973,Planned,MALE,employee,Boarded,,False
pinnacle-Slc,Clearwater Campus,CAB,2026-05-28,15:30,3000487,1779962700.0,1779966000.0,1779962820.0,1779966120.0,6.2,6.4,100974,Planned,FEMALE,employee,Boarded,,False
pinnacle-Slc,Oakmont Office,CAB,2026-05-28,15:30,3000488,1779962400.0,1779966000.0,1779962520.0,1779966120.0,6.2,6.4,100975,Planned,MALE,employee,Boarded,,False
pinnacle-Slc,Oakmont Office,CAB,2026-05-28,15:30,3000488,1779962700.0,1779966000.0,,,6.2,6.4,100976,,FEMALE,employee,Not Boarded,NO_SHOW,True
pinnacle-Slc,Clearwater Campus,CAB,2026-05-28,09:00,3000489,1779939000.0,1779942600.0,1779939120.0,1779942720.0,6.2,6.4,100977,Planned,MALE,employee,Boarded,,False
pinnacle-Slc,Clearwater Campus,CAB,2026-05-28,09:00,3000489,1779939300.0,1779942600.0,1779939420.0,1779942720.0,6.2,6.4,100978,Planned,FEMALE,employee,Boarded,,False
pinnacle-Slc,Oakmont Office,CAB,2026-05-28,09:00,3000490,1779939000.0,1779942600.0,1779939120.0,1779942720.0,6.2,6.4,100979,Planned,MALE,employee,Boarded,,False
pinnacle-Slc,Oakmont Office,CAB,2026-05-28,09:00,3000490,1779939300.0,1779942600.0,1779939420.0,1779942720.0,6.2,6.4,100980,Planned,FEMALE,employee,Boarded,,False
pinnacle-Slc,Clearwater Campus,CAB,2026-05-28,15:30,3000491,1779962400.0,1779966000.0,1779963300.0,1779966900.0,6.2,6.4,100981,Planned,MALE,employee,Boarded,,False
pinnacle-Slc,Clearwater Campus,CAB,2026-05-28,15:30,3000491,1779962700.0,1779966000.0,1779962820.0,1779966120.0,6.2,6.4,100982,Planned,FEMALE,employee,Boarded,,False
pinnacle-Slc,Oakmont Office,CAB,2026-05-28,15:30,3000492,1779962400.0,1779966000.0,1779962520.0,1779966120.0,6.2,6.4,100983,Planned,MALE,employee,Boarded,,False
pinnacle-Slc,Oakmont Office,CAB,2026-05-28,15:30,3000492,1779962700.0,1779966000.0,1779962820.0,1779966120.0,6.2,6.4,100984,Planned,FEMALE,employee,Boarded,,False
pinnacle-Slc,Clearwater Campus,CAB,2026-05-28,09:00,3000493,1779939000.0,1779942600.0,1779939120.0,1779942720.0,6.2,6.4,100985,Planned,MALE,employee,Boarded,,False
pinnacle-Slc,Clearwater Campus,CAB,2026-05-28,09:00,3000493,1779939300.0,1779942600.0,1779939420.0,1779942720.0,6.2,6.4,100986,Planned,FEMALE,employee,Boarded,,False
pinnacle-Slc,Oakmont Office,CAB,2026-05-28,09:00,3000494,1779939000.0,1779942600.0,1779939120.0,1779942720.0,6.2,6.4,100987,Planned,MALE,employee,Boarded,,False
pinnacle-Slc,Oakmont Office,CAB,2026-05-28,09:00,3000494,1779939300.0,1779942600.0,1779939420.0,1779942720.0,6.2,6.4,100988,Planned,FEMALE,employee,Boarded,,False
pinnacle-Slc,Clearwater Campus,CAB,2026-05-28,15:30,3000495,1779962400.0,1779966000.0,1779962520.0,1779966120.0,6.2,6.4,100989,Planned,MALE,employee,Boarded,,False
pinnacle-Slc,Clearwater Campus,CAB,2026-05-28,15:30,3000495,1779962700.0,1779966000.0,1779962820.0,1779966120.0,6.2,6.4,100990,Planned,FEMALE,employee,Boarded,,False
pinnacle-Slc,Oakmont Office,CAB,2026-05-28,15:30,3000496,1779962400.0,1779966000.0,1779962520.0,1779966120.0,6.2,6.4,100991,Planned,MALE,employee,Boarded,,False
pinnacle-Slc,Oakmont Office,CAB,2026-05-28,15:30,3000496,1779962700.0,1779966000.0,1779962820.0,1779966120.0,6.2,6.4,100992,Planned,FEMALE,employee,Boarded,,False
pinnacle-Slc,Clearwater Campus,CAB,2026-05-28,09:00,3000497,1779939000.0,1779942600.0,1779939120.0,1779942720.0,6.2,6.4,100993,Planned,MALE,employee,Boarded,,False
pinnacle-Slc,Clearwater Campus,CAB,2026-05-28,09:00,3000497,1779939300.0,1779942600.0,1779939420.0,1779942720.0,6.2,6.4,100994,Planned,FEMALE,employee,Boarded,,False
pinnacle-Slc,Oakmont Office,CAB,2026-05-28,09:00,3000498,1779939000.0,1779942600.0,1779939120.0,1779942720.0,6.2,6.4,100995,Planned,MALE,employee,Boarded,,False
pinnacle-Slc,Oakmont Office,CAB,2026-05-28,09:00,3000498,1779939300.0,1779942600.0,1779940200.0,1779943500.0,6.2,6.4,100996,Planned,FEMALE,employee,Boarded,,False
pinnacle-Slc,Clearwater Campus,CAB,2026-05-28,15:30,3000499,1779962400.0,1779966000.0,1779963300.0,1779966900.0,6.2,6.4,100997,Planned,MALE,employee,Boarded,,False
pinnacle-Slc,Clearwater Campus,CAB,2026-05-28,15:30,3000499,1779962700.0,1779966000.0,1779962820.0,1779966120.0,6.2,6.4,100998,Planned,FEMALE,employee,Boarded,,False
pinnacle-Slc,Oakmont Office,CAB,2026-05-28,15:30,3000500,1779962400.0,1779966000.0,1779962520.0,1779966120.0,6.2,6.4,100999,Planned,MALE,employee,Boarded,,False
pinnacle-Slc,Oakmont Office,CAB,2026-05-28,15:30,3000500,1779962700.0,1779966000.0,1779962820.0,1779966120.0,6.2,6.4,101000,Planned,FEMALE,employee,Boarded,,False
pinnacle-Slc,Clearwater Campus,CAB,2026-05-29,09:00,3000501,1780025400.0,1780029000.0,1780025520.0,1780029120.0,6.2,6.4,101001,Planned,MALE,employee,Boarded,,False
pinnacle-Slc,Clearwater Campus,CAB,2026-05-29,09:00,3000501,1780025700.0,1780029000.0,1780025820.0,1780029120.0,6.2,6.4,101002,Planned,FEMALE,employee,Boarded,,False
pinnacle-Slc,Oakmont Office,CAB,2026-05-29,09:00,3000502,1780025400.0,1780029000.0,1780025520.0,1780029120.0,6.2,6.4,101003,Planned,MALE,employee,Boarded,,False
pinnacle-Slc,Oakmont Office,CAB,2026-05-29,09:00,3000502,1780025700.0,1780029000.0,1780025820.0,1780029120.0,6.2,6.4,101004,Planned,FEMALE,employee,Boarded,,False
pinnacle-Slc,Clearwater Campus,CAB,2026-05-29,15:30,3000503,1780048800.0,1780052400.0,1780048920.0,1780052520.0,6.2,6.4,101005,Planned,MALE,employee,Boarded,,False
pinnacle-Slc,Clearwater Campus,CAB,2026-05-29,15:30,3000503,1780049100.0,1780052400.0,1780049220.0,1780052520.0,6.2,6.4,101006,Planned,FEMALE,employee,Boarded,,False
pinnacle-Slc,Oakmont Office,CAB,2026-05-29,15:30,3000504,1780048800.0,1780052400.0,1780048920.0,1780052520.0,6.2,6.4,101007,Planned,MALE,employee,Boarded,,False
pinnacle-Slc,Oakmont Office,CAB,2026-05-29,15:30,3000504,1780049100.0,1780052400.0,1780049220.0,1780052520.0,6.2,6.4,101008,Planned,FEMALE,employee,Boarded,,False
pinnacle-Slc,Clearwater Campus,CAB,2026-05-29,09:00,3000505,1780025400.0,1780029000.0,1780025520.0,1780029120.0,6.2,6.4,101009,Planned,MALE,employee,Boarded,,False
pinnacle-Slc,Clearwater Campus,CAB,2026-05-29,09:00,3000505,1780025700.0,1780029000.0,1780025820.0,1780029120.0,6.2,6.4,101010,Planned,FEMALE,employee,Boarded,,False
pinnacle-Slc,Oakmont Office,CAB,2026-05-29,09:00,3000506,1780025400.0,1780029000.0,1780026300.0,1780029900.0,6.2,6.4,101011,Planned,MALE,employee,Boarded,,False
pinnacle-Slc,Oakmont Office,CAB,2026-05-29,09:00,3000506,1780025700.0,1780029000.0,1780026600.0,1780029900.0,6.2,6.4,101012,Planned,FEMALE,employee,Boarded,,False
pinnacle-Slc,Clearwater Campus,CAB,2026-05-29,15:30,3000507,1780048800.0,1780052400.0,1780048920.0,1780052520.0,6.2,6.4,101013,Planned,MALE,employee,Boarded,,False
pinnacle-Slc,Clearwater Campus,CAB,2026-05-29,15:30,3000507,1780049100.0,1780052400.0,1780049220.0,1780052520.0,6.2,6.4,101014,Planned,FEMALE,employee,Boarded,,False
pinnacle-Slc,Oakmont Office,CAB,2026-05-29,15:30,3000508,1780048800.0,1780052400.0,1780048920.0,1780052520.0,6.2,6.4,101015,Planned,MALE,employee,Boarded,,False
pinnacle-Slc,Oakmont Office,CAB,2026-05-29,15:30,3000508,1780049100.0,1780052400.0,,,6.2,6.4,101016,,FEMALE,employee,Not Boarded,NO_SHOW,True
pinnacle-Slc,Clearwater Campus,CAB,2026-05-29,09:00,3000509,1780025400.0,1780029000.0,1780025520.0,1780029120.0,6.2,6.4,101017,Planned,MALE,employee,Boarded,,False
pinnacle-Slc,Clearwater Campus,CAB,2026-05-29,09:00,3000509,1780025700.0,1780029000.0,1780025820.0,1780029120.0,6.2,6.4,101018,Planned,FEMALE,employee,Boarded,,False
pinnacle-Slc,Oakmont Office,CAB,2026-05-29,09:00,3000510,1780025400.0,1780029000.0,1780025520.0,1780029120.0,6.2,6.4,101019,Planned,MALE,employee,Boarded,,False
pinnacle-Slc,Oakmont Office,CAB,2026-05-29,09:00,3000510,1780025700.0,1780029000.0,1780025820.0,1780029120.0,6.2,6.4,101020,Planned,FEMALE,employee,Boarded,,False
pinnacle-Slc,Clearwater Campus,CAB,2026-05-29,15:30,3000511,1780048800.0,1780052400.0,1780048920.0,1780052520.0,6.2,6.4,101021,Planned,MALE,employee,Boarded,,False
pinnacle-Slc,Clearwater Campus,CAB,2026-05-29,15:30,3000511,1780049100.0,1780052400.0,1780049220.0,1780052520.0,6.2,6.4,101022,Planned,FEMALE,employee,Boarded,,False
pinnacle-Slc,Oakmont Office,CAB,2026-05-29,15:30,3000512,1780048800.0,1780052400.0,1780048920.0,1780052520.0,6.2,6.4,101023,Planned,MALE,employee,Boarded,,False
pinnacle-Slc,Oakmont Office,CAB,2026-05-29,15:30,3000512,1780049100.0,1780052400.0,1780049220.0,1780052520.0,6.2,6.4,101024,Planned,FEMALE,employee,Boarded,,False
pinnacle-Slc,Clearwater Campus,CAB,2026-05-29,09:00,3000513,1780025400.0,1780029000.0,1780025520.0,1780029120.0,6.2,6.4,101025,Planned,MALE,employee,Boarded,,False
pinnacle-Slc,Clearwater Campus,CAB,2026-05-29,09:00,3000513,1780025700.0,1780029000.0,1780025820.0,1780029120.0,6.2,6.4,101026,Planned,FEMALE,employee,Boarded,,False
pinnacle-Slc,Oakmont Office,CAB,2026-05-29,09:00,3000514,1780025400.0,1780029000.0,1780025520.0,1780029120.0,6.2,6.4,101027,Planned,MALE,employee,Boarded,,False
pinnacle-Slc,Oakmont Office,CAB,2026-05-29,09:00,3000514,1780025700.0,1780029000.0,1780025820.0,1780029120.0,6.2,6.4,101028,Planned,FEMALE,employee,Boarded,,False
pinnacle-Slc,Clearwater Campus,CAB,2026-05-29,15:30,3000515,1780048800.0,1780052400.0,1780048920.0,1780052520.0,6.2,6.4,101029,Planned,MALE,employee,Boarded,,False
pinnacle-Slc,Clearwater Campus,CAB,2026-05-29,15:30,3000515,1780049100.0,1780052400.0,1780049220.0,1780052520.0,6.2,6.4,101030,Planned,FEMALE,employee,Boarded,,False
pinnacle-Slc,Oakmont Office,CAB,2026-05-29,15:30,3000516,1780048800.0,1780052400.0,1780048920.0,1780052520.0,6.2,6.4,101031,Planned,MALE,employee,Boarded,,False
pinnacle-Slc,Oakmont Office,CAB,2026-05-29,15:30,3000516,1780049100.0,1780052400.0,1780049220.0,1780052520.0,6.2,6.4,101032,Planned,FEMALE,employee,Boarded,,False
pinnacle-Slc,Clearwater Campus,CAB,2026-05-29,09:00,3000517,1780025400.0,1780029000.0,1780025520.0,1780029120.0,6.2,6.4,101033,Planned,MALE,employee,Boarded,,False
pinnacle-Slc,Clearwater Campus,CAB,2026-05-29,09:00,3000517,1780025700.0,1780029000.0,1780025820.0,1780029120.0,6.2,6.4,101034,Planned,FEMALE,employee,Boarded,,False
pinnacle-Slc,Oakmont Office,CAB,2026-05-29,09:00,3000518,1780025400.0,1780029000.0,1780025520.0,1780029120.0,6.2,6.4,101035,Planned,MALE,employee,Boarded,,False
pinnacle-Slc,Oakmont Office,CAB,2026-05-29,09:00,3000518,1780025700.0,1780029000.0,1780025820.0,1780029120.0,6.2,6.4,101036,Planned,FEMALE,employee,Boarded,,False
pinnacle-Slc,Clearwater Campus,CAB,2026-05-29,15:30,3000519,1780048800.0,1780052400.0,1780048920.0,1780052520.0,6.2,6.4,101037,Planned,MALE,employee,Boarded,,False
pinnacle-Slc,Clearwater Campus,CAB,2026-05-29,15:30,3000519,1780049100.0,1780052400.0,1780049220.0,1780052520.0,6.2,6.4,101038,Planned,FEMALE,employee,Boarded,,False
pinnacle-Slc,Oakmont Office,CAB,2026-05-29,15:30,3000520,1780048800.0,1780052400.0,1780048920.0,1780052520.0,6.2,6.4,101039,Planned,MALE,employee,Boarded,,False
pinnacle-Slc,Oakmont Office,CAB,2026-05-29,15:30,3000520,1780049100.0,1780052400.0,1780049220.0,1780052520.0,6.2,6.4,101040,Planned,FEMALE,employee,Boarded,,False
pinnacle-Slc,Clearwater Campus,CAB,2026-05-30,09:00,3000521,1780111800.0,1780115400.0,1780111920.0,1780115520.0,6.2,6.4,101041,Planned,MALE,employee,Boarded,,False
pinnacle-Slc,Clearwater Campus,CAB,2026-05-30,09:00,3000521,1780112100.0,1780115400.0,1780112220.0,1780115520.0,6.2,6.4,101042,Planned,FEMALE,employee,Boarded,,False
pinnacle-Slc,Oakmont Office,CAB,2026-05-30,09:00,3000522,1780111800.0,1780115400.0,1780111920.0,1780115520.0,6.2,6.4,101043,Planned,MALE,employee,Boarded,,False
pinnacle-Slc,Oakmont Office,CAB,2026-05-30,09:00,3000522,1780112100.0,1780115400.0,1780112220.0,1780115520.0,6.2,6.4,101044,Planned,FEMALE,employee,Boarded,,False
pinnacle-Slc,Clearwater Campus,CAB,2026-05-30,15:30,3000523,1780135200.0,1780138800.0,1780135320.0,1780138920.0,6.2,6.4,101045,Planned,MALE,employee,Boarded,,False
pinnacle-Slc,Clearwater Campus,CAB,2026-05-30,15:30,3000523,1780135500.0,1780138800.0,1780135620.0,1780138920.0,6.2,6.4,101046,Planned,FEMALE,employee,Boarded,,False
pinnacle-Slc,Oakmont Office,CAB,2026-05-30,15:30,3000524,1780135200.0,1780138800.0,1780135320.0,1780138920.0,6.2,6.4,101047,Planned,MALE,employee,Boarded,,False
pinnacle-Slc,Oakmont Office,CAB,2026-05-30,15:30,3000524,1780135500.0,1780138800.0,1780135620.0,1780138920.0,6.2,6.4,101048,Planned,FEMALE,employee,Boarded,,False
pinnacle-Slc,Clearwater Campus,CAB,2026-05-30,09:00,3000525,1780111800.0,1780115400.0,1780111920.0,1780115520.0,6.2,6.4,101049,Planned,MALE,employee,Boarded,,False
pinnacle-Slc,Clearwater Campus,CAB,2026-05-30,09:00,3000525,1780112100.0,1780115400.0,1780112220.0,1780115520.0,6.2,6.4,101050,Planned,FEMALE,employee,Boarded,,False
pinnacle-Slc,Oakmont Office,CAB,2026-05-30,09:00,3000526,1780111800.0,1780115400.0,1780111920.0,1780115520.0,6.2,6.4,101051,Planned,MALE,employee,Boarded,,False
pinnacle-Slc,Oakmont Office,CAB,2026-05-30,09:00,3000526,1780112100.0,1780115400.0,1780112220.0,1780115520.0,6.2,6.4,101052,Planned,FEMALE,employee,Boarded,,False
pinnacle-Slc,Clearwater Campus,CAB,2026-05-30,15:30,3000527,1780135200.0,1780138800.0,1780135320.0,1780138920.0,6.2,6.4,101053,Planned,MALE,employee,Boarded,,False
pinnacle-Slc,Clearwater Campus,CAB,2026-05-30,15:30,3000527,1780135500.0,1780138800.0,1780135620.0,1780138920.0,6.2,6.4,101054,Planned,FEMALE,employee,Boarded,,False
pinnacle-Slc,Oakmont Office,CAB,2026-05-30,15:30,3000528,1780135200.0,1780138800.0,1780135320.0,1780138920.0,6.2,6.4,101055,Planned,MALE,employee,Boarded,,False
pinnacle-Slc,Oakmont Office,CAB,2026-05-30,15:30,3000528,1780135500.0,1780138800.0,,,6.2,6.4,101056,,FEMALE,employee,Not Boarded,NO_SHOW,True
pinnacle-Slc,Clearwater Campus,CAB,2026-05-30,09:00,3000529,1780111800.0,1780115400.0,1780111920.0,1780115520.0,6.2,6.4,101057,Planned,MALE,employee,Boarded,,False
pinnacle-Slc,Clearwater Campus,CAB,2026-05-30,09:00,3000529,1780112100.0,1780115400.0,1780112220.0,1780115520.0,6.2,6.4,101058,Planned,FEMALE,employee,Boarded,,False
pinnacle-Slc,Oakmont Office,CAB,2026-05-30,09:00,3000530,1780111800.0,1780115400.0,1780111920.0,1780115520.0,6.2,6.4,101059,Planned,MALE,employee,Boarded,,False
pinnacle-Slc,Oakmont Office,CAB,2026-05-30,09:00,3000530,1780112100.0,1780115400.0,1780112220.0,1780115520.0,6.2,6.4,101060,Planned,FEMALE,employee,Boarded,,False
pinnacle-Slc,Clearwater Campus,CAB,2026-05-30,15:30,3000531,1780135200.0,1780138800.0,1780135320.0,1780138920.0,6.2,6.4,101061,Planned,MALE,employee,Boarded,,False
pinnacle-Slc,Clearwater Campus,CAB,2026-05-30,15:30,3000531,1780135500.0,1780138800.0,1780135620.0,1780138920.0,6.2,6.4,101062,Planned,FEMALE,employee,Boarded,,False
pinnacle-Slc,Oakmont Office,CAB,2026-05-30,15:30,3000532,1780135200.0,1780138800.0,1780135320.0,1780138920.0,6.2,6.4,101063,Planned,MALE,employee,Boarded,,False
pinnacle-Slc,Oakmont Office,CAB,2026-05-30,15:30,3000532,1780135500.0,1780138800.0,1780135620.0,1780138920.0,6.2,6.4,101064,Planned,FEMALE,employee,Boarded,,False
pinnacle-Slc,Clearwater Campus,CAB,2026-05-30,09:00,3000533,1780111800.0,1780115400.0,1780111920.0,1780115520.0,6.2,6.4,101065,Planned,MALE,employee,Boarded,,False
pinnacle-Slc,Clearwater Campus,CAB,2026-05-30,09:00,3000533,1780112100.0,1780115400.0,1780112220.0,1780115520.0,6.2,6.4,101066,Planned,FEMALE,employee,Boarded,,False
pinnacle-Slc,Oakmont Office,CAB,2026-05-30,09:00,3000534,1780111800.0,1780115400.0,1780111920.0,1780115520.0,6.2,6.4,101067,Planned,MALE,employee,Boarded,,False
pinnacle-Slc,Oakmont Office,CAB,2026-05-30,09:00,3000534,1780112100.0,1780115400.0,1780112220.0,1780115520.0,6.2,6.4,101068,Planned,FEMALE,employee,Boarded,,False
pinnacle-Slc,Clearwater Campus,CAB,2026-05-30,15:30,3000535,1780135200.0,1780138800.0,1780135320.0,1780138920.0,6.2,6.4,101069,Planned,MALE,employee,Boarded,,False
pinnacle-Slc,Clearwater Campus,CAB,2026-05-30,15:30,3000535,1780135500.0,1780138800.0,1780135620.0,1780138920.0,6.2,6.4,101070,Planned,FEMALE,employee,Boarded,,False
pinnacle-Slc,Oakmont Office,CAB,2026-05-30,15:30,3000536,1780135200.0,1780138800.0,1780135320.0,1780138920.0,6.2,6.4,101071,Planned,MALE,employee,Boarded,,False
pinnacle-Slc,Oakmont Office,CAB,2026-05-30,15:30,3000536,1780135500.0,1780138800.0,1780135620.0,1780138920.0,6.2,6.4,101072,Planned,FEMALE,employee,Boarded,,False
pinnacle-Slc,Clearwater Campus,CAB,2026-05-30,09:00,3000537,1780111800.0,1780115400.0,1780111920.0,1780115520.0,6.2,6.4,101073,Planned,MALE,employee,Boarded,,False
pinnacle-Slc,Clearwater Campus,CAB,2026-05-30,09:00,3000537,1780112100.0,1780115400.0,1780112220.0,1780115520.0,6.2,6.4,101074,Planned,FEMALE,employee,Boarded,,False
pinnacle-Slc,Oakmont Office,CAB,2026-05-30,09:00,3000538,1780111800.0,1780115400.0,1780111920.0,1780115520.0,6.2,6.4,101075,Planned,MALE,employee,Boarded,,False
pinnacle-Slc,Oakmont Office,CAB,2026-05-30,09:00,3000538,1780112100.0,1780115400.0,1780112220.0,1780115520.0,6.2,6.4,101076,Planned,FEMALE,employee,Boarded,,False
pinnacle-Slc,Clearwater Campus,CAB,2026-05-30,15:30,3000539,1780135200.0,1780138800.0,1780135320.0,1780138920.0,6.2,6.4,101077,Planned,MALE,employee,Boarded,,False
pinnacle-Slc,Clearwater Campus,CAB,2026-05-30,15:30,3000539,1780135500.0,1780138800.0,1780135620.0,1780138920.0,6.2,6.4,101078,Planned,FEMALE,employee,Boarded,,False
pinnacle-Slc,Oakmont Office,CAB,2026-05-30,15:30,3000540,1780135200.0,1780138800.0,1780135320.0,1780138920.0,6.2,6.4,101079,Planned,MALE,employee,Boarded,,False
pinnacle-Slc,Oakmont Office,CAB,2026-05-30,15:30,3000540,1780135500.0,1780138800.0,1780135620.0,1780138920.0,6.2,6.4,101080,Planned,FEMALE,employee,Boarded,,False
pinnacle-Slc,Clearwater Campus,CAB,2026-05-31,09:00,3000541,1780198200.0,1780201800.0,1780198320.0,1780201920.0,6.2,6.4,101081,Planned,MALE,employee,Boarded,,False
pinnacle-Slc,Clearwater Campus,CAB,2026-05-31,09:00,3000541,1780198500.0,1780201800.0,1780198620.0,1780201920.0,6.2,6.4,101082,Planned,FEMALE,employee,Boarded,,False
pinnacle-Slc,Oakmont Office,CAB,2026-05-31,09:00,3000542,1780198200.0,1780201800.0,1780198320.0,1780201920.0,6.2,6.4,101083,Planned,MALE,employee,Boarded,,False
pinnacle-Slc,Oakmont Office,CAB,2026-05-31,09:00,3000542,1780198500.0,1780201800.0,1780198620.0,1780201920.0,6.2,6.4,101084,Planned,FEMALE,employee,Boarded,,False
pinnacle-Slc,Clearwater Campus,CAB,2026-05-31,15:30,3000543,1780221600.0,1780225200.0,1780221720.0,1780225320.0,6.2,6.4,101085,Planned,MALE,employee,Boarded,,False
pinnacle-Slc,Clearwater Campus,CAB,2026-05-31,15:30,3000543,1780221900.0,1780225200.0,1780222020.0,1780225320.0,6.2,6.4,101086,Planned,FEMALE,employee,Boarded,,False
pinnacle-Slc,Oakmont Office,CAB,2026-05-31,15:30,3000544,1780221600.0,1780225200.0,1780221720.0,1780225320.0,6.2,6.4,101087,Planned,MALE,employee,Boarded,,False
pinnacle-Slc,Oakmont Office,CAB,2026-05-31,15:30,3000544,1780221900.0,1780225200.0,1780222020.0,1780225320.0,6.2,6.4,101088,Planned,FEMALE,employee,Boarded,,False
pinnacle-Slc,Clearwater Campus,CAB,2026-05-31,09:00,3000545,1780198200.0,1780201800.0,1780198320.0,1780201920.0,6.2,6.4,101089,Planned,MALE,employee,Boarded,,False
pinnacle-Slc,Clearwater Campus,CAB,2026-05-31,09:00,3000545,1780198500.0,1780201800.0,1780198620.0,1780201920.0,6.2,6.4,101090,Planned,FEMALE,employee,Boarded,,False
pinnacle-Slc,Oakmont Office,CAB,2026-05-31,09:00,3000546,1780198200.0,1780201800.0,1780198320.0,1780201920.0,6.2,6.4,101091,Planned,MALE,employee,Boarded,,False
pinnacle-Slc,Oakmont Office,CAB,2026-05-31,09:00,3000546,1780198500.0,1780201800.0,1780199400.0,1780202700.0,6.2,6.4,101092,Planned,FEMALE,employee,Boarded,,False
pinnacle-Slc,Clearwater Campus,CAB,2026-05-31,15:30,3000547,1780221600.0,1780225200.0,1780221720.0,1780225320.0,6.2,6.4,101093,Planned,MALE,employee,Boarded,,False
pinnacle-Slc,Clearwater Campus,CAB,2026-05-31,15:30,3000547,1780221900.0,1780225200.0,1780222020.0,1780225320.0,6.2,6.4,101094,Planned,FEMALE,employee,Boarded,,False
pinnacle-Slc,Oakmont Office,CAB,2026-05-31,15:30,3000548,1780221600.0,1780225200.0,1780221720.0,1780225320.0,6.2,6.4,101095,Planned,MALE,employee,Boarded,,False
pinnacle-Slc,Oakmont Office,CAB,2026-05-31,15:30,3000548,1780221900.0,1780225200.0,,,6.2,6.4,101096,,FEMALE,employee,Not Boarded,NO_SHOW,True
pinnacle-Slc,Clearwater Campus,CAB,2026-05-31,09:00,3000549,1780198200.0,1780201800.0,1780198320.0,1780201920.0,6.2,6.4,101097,Planned,MALE,employee,Boarded,,False
pinnacle-Slc,Clearwater Campus,CAB,2026-05-31,09:00,3000549,1780198500.0,1780201800.0,1780198620.0,1780201920.0,6.2,6.4,101098,Planned,FEMALE,employee,Boarded,,False
pinnacle-Slc,Oakmont Office,CAB,2026-05-31,09:00,3000550,1780198200.0,1780201800.0,1780198320.0,1780201920.0,6.2,6.4,101099,Planned,MALE,employee,Boarded,,False
pinnacle-Slc,Oakmont Office,CAB,2026-05-31,09:00,3000550,1780198500.0,1780201800.0,1780198620.0,1780201920.0,6.2,6.4,101100,Planned,FEMALE,employee,Boarded,,False
pinnacle-Slc,Clearwater Campus,CAB,2026-05-31,15:30,3000551,1780221600.0,1780225200.0,1780222500.0,1780226100.0,6.2,6.4,101101,Planned,MALE,employee,Boarded,,False
pinnacle-Slc,Clearwater Campus,CAB,2026-05-31,15:30,3000551,1780221900.0,1780225200.0,1780222020.0,1780225320.0,6.2,6.4,101102,Planned,FEMALE,employee,Boarded,,False
pinnacle-Slc,Oakmont Office,CAB,2026-05-31,15:30,3000552,1780221600.0,1780225200.0,1780221720.0,1780225320.0,6.2,6.4,101103,Planned,MALE,employee,Boarded,,False
pinnacle-Slc,Oakmont Office,CAB,2026-05-31,15:30,3000552,1780221900.0,1780225200.0,1780222020.0,1780225320.0,6.2,6.4,101104,Planned,FEMALE,employee,Boarded,,False
pinnacle-Slc,Clearwater Campus,CAB,2026-05-31,09:00,3000553,1780198200.0,1780201800.0,1780198320.0,1780201920.0,6.2,6.4,101105,Planned,MALE,employee,Boarded,,False
pinnacle-Slc,Clearwater Campus,CAB,2026-05-31,09:00,3000553,1780198500.0,1780201800.0,1780198620.0,1780201920.0,6.2,6.4,101106,Planned,FEMALE,employee,Boarded,,False
pinnacle-Slc,Oakmont Office,CAB,2026-05-31,09:00,3000554,1780198200.0,1780201800.0,1780198320.0,1780201920.0,6.2,6.4,101107,Planned,MALE,employee,Boarded,,False
pinnacle-Slc,Oakmont Office,CAB,2026-05-31,09:00,3000554,1780198500.0,1780201800.0,1780198620.0,1780201920.0,6.2,6.4,101108,Planned,FEMALE,employee,Boarded,,False
pinnacle-Slc,Clearwater Campus,CAB,2026-05-31,15:30,3000555,1780221600.0,1780225200.0,1780221720.0,1780225320.0,6.2,6.4,101109,Planned,MALE,employee,Boarded,,False
pinnacle-Slc,Clearwater Campus,CAB,2026-05-31,15:30,3000555,1780221900.0,1780225200.0,1780222020.0,1780225320.0,6.2,6.4,101110,Planned,FEMALE,employee,Boarded,,False
pinnacle-Slc,Oakmont Office,CAB,2026-05-31,15:30,3000556,1780221600.0,1780225200.0,1780221720.0,1780225320.0,6.2,6.4,101111,Planned,MALE,employee,Boarded,,False
pinnacle-Slc,Oakmont Office,CAB,2026-05-31,15:30,3000556,1780221900.0,1780225200.0,1780222020.0,1780225320.0,6.2,6.4,101112,Planned,FEMALE,employee,Boarded,,False
pinnacle-Slc,Clearwater Campus,CAB,2026-05-31,09:00,3000557,1780198200.0,1780201800.0,1780198320.0,1780201920.0,6.2,6.4,101113,Planned,MALE,employee,Boarded,,False
pinnacle-Slc,Clearwater Campus,CAB,2026-05-31,09:00,3000557,1780198500.0,1780201800.0,1780198620.0,1780201920.0,6.2,6.4,101114,Planned,FEMALE,employee,Boarded,,False
pinnacle-Slc,Oakmont Office,CAB,2026-05-31,09:00,3000558,1780198200.0,1780201800.0,1780198320.0,1780201920.0,6.2,6.4,101115,Planned,MALE,employee,Boarded,,False
pinnacle-Slc,Oakmont Office,CAB,2026-05-31,09:00,3000558,1780198500.0,1780201800.0,1780198620.0,1780201920.0,6.2,6.4,101116,Planned,FEMALE,employee,Boarded,,False
pinnacle-Slc,Clearwater Campus,CAB,2026-05-31,15:30,3000559,1780221600.0,1780225200.0,1780221720.0,1780225320.0,6.2,6.4,101117,Planned,MALE,employee,Boarded,,False
pinnacle-Slc,Clearwater Campus,CAB,2026-05-31,15:30,3000559,1780221900.0,1780225200.0,1780222020.0,1780225320.0,6.2,6.4,101118,Planned,FEMALE,employee,Boarded,,False
pinnacle-Slc,Oakmont Office,CAB,2026-05-31,15:30,3000560,1780221600.0,1780225200.0,1780221720.0,1780225320.0,6.2,6.4,101119,Planned,MALE,employee,Boarded,,False
pinnacle-Slc,Oakmont Office,CAB,2026-05-31,15:30,3000560,1780221900.0,1780225200.0,1780222020.0,1780225320.0,6.2,6.4,101120,Planned,FEMALE,employee,Boarded,,False
pinnacle-Slc,Clearwater Campus,CAB,2026-06-01,09:00,3000561,1780284600.0,1780288200.0,1780284720.0,1780288320.0,6.2,6.4,101121,Planned,MALE,employee,Boarded,,False
pinnacle-Slc,Clearwater Campus,CAB,2026-06-01,09:00,3000561,1780284900.0,1780288200.0,1780285020.0,1780288320.0,6.2,6.4,101122,Planned,FEMALE,employee,Boarded,,False
pinnacle-Slc,Clearwater Campus,CAB,2026-06-01,09:00,3000561,1780284600.0,1780288200.0,1780284720.0,1780288320.0,6.2,6.4,101121,Planned,MALE,employee,Boarded,,False
pinnacle-Slc,Oakmont Office,CAB,2026-06-01,09:00,3000562,1780284600.0,1780288200.0,1780284720.0,1780288320.0,6.2,6.4,101123,Planned,MALE,employee,Boarded,,False
pinnacle-Slc,Oakmont Office,CAB,2026-06-01,09:00,3000562,1780284900.0,1780288200.0,1780285020.0,1780288320.0,6.2,6.4,101124,Planned,FEMALE,employee,Boarded,,False
pinnacle-Slc,Clearwater Campus,CAB,2026-06-01,15:30,3000563,1780308000.0,1780311600.0,1780308120.0,1780311720.0,6.2,6.4,101125,Planned,MALE,employee,Boarded,,False
pinnacle-Slc,Clearwater Campus,CAB,2026-06-01,15:30,3000563,1780308300.0,1780311600.0,1780308420.0,1780311720.0,6.2,6.4,101126,Planned,FEMALE,employee,Boarded,,False
pinnacle-Slc,Oakmont Office,CAB,2026-06-01,15:30,3000564,1780308000.0,1780311600.0,1780308120.0,1780311720.0,6.2,6.4,101127,Planned,MALE,employee,Boarded,,False
pinnacle-Slc,Oakmont Office,CAB,2026-06-01,15:30,3000564,1780308300.0,1780311600.0,1780308420.0,1780311720.0,6.2,6.4,101128,Planned,FEMALE,employee,Boarded,,False
pinnacle-Slc,Clearwater Campus,CAB,2026-06-01,09:00,3000565,1780284600.0,1780288200.0,1780284720.0,1780288320.0,6.2,6.4,101129,Planned,MALE,employee,Boarded,,False
pinnacle-Slc,Clearwater Campus,CAB,2026-06-01,09:00,3000565,1780284900.0,1780288200.0,1780285020.0,1780288320.0,6.2,6.4,101130,Planned,FEMALE,employee,Boarded,,False
pinnacle-Slc,Oakmont Office,CAB,2026-06-01,09:00,3000566,1780284600.0,1780288200.0,1780284720.0,1780288320.0,6.2,6.4,101131,Planned,MALE,employee,Boarded,,False
pinnacle-Slc,Oakmont Office,CAB,2026-06-01,09:00,3000566,1780284900.0,1780288200.0,1780285800.0,1780289100.0,6.2,6.4,101132,Planned,FEMALE,employee,Boarded,,False
pinnacle-Slc,Clearwater Campus,CAB,2026-06-01,15:30,3000567,1780308000.0,1780311600.0,1780308120.0,1780311720.0,6.2,6.4,101133,Planned,MALE,employee,Boarded,,False
pinnacle-Slc,Clearwater Campus,CAB,2026-06-01,15:30,3000567,1780308300.0,1780311600.0,1780308420.0,1780311720.0,6.2,6.4,101134,Planned,FEMALE,employee,Boarded,,False
pinnacle-Slc,Oakmont Office,CAB,2026-06-01,15:30,3000568,1780308000.0,1780311600.0,1780308900.0,1780312500.0,6.2,6.4,101135,Planned,MALE,employee,Boarded,,False
pinnacle-Slc,Oakmont Office,CAB,2026-06-01,15:30,3000568,1780308300.0,1780311600.0,,,6.2,6.4,101136,,FEMALE,employee,Not Boarded,NO_SHOW,True
pinnacle-Slc,Clearwater Campus,CAB,2026-06-01,09:00,3000569,1780284600.0,1780288200.0,1780285500.0,1780289100.0,6.2,6.4,101137,Planned,MALE,employee,Boarded,,False
pinnacle-Slc,Clearwater Campus,CAB,2026-06-01,09:00,3000569,1780284900.0,1780288200.0,1780285020.0,1780288320.0,6.2,6.4,101138,Planned,FEMALE,employee,Boarded,,False
pinnacle-Slc,Oakmont Office,CAB,2026-06-01,09:00,3000570,1780284600.0,1780288200.0,1780285500.0,1780289100.0,6.2,-1.5,101139,Planned,MALE,employee,Boarded,,False
pinnacle-Slc,Oakmont Office,CAB,2026-06-01,09:00,3000570,1780284900.0,1780288200.0,1780285020.0,1780288320.0,6.2,6.4,101140,Planned,FEMALE,employee,Boarded,,False
pinnacle-Slc,Clearwater Campus,CAB,2026-06-01,15:30,3000571,1780308000.0,1780311600.0,1780308120.0,1780311720.0,6.2,6.4,101141,Planned,MALE,employee,Boarded,,False
pinnacle-Slc,Clearwater Campus,CAB,2026-06-01,15:30,3000571,1780308300.0,1780311600.0,1780308420.0,1780311720.0,6.2,6.4,101142,Planned,FEMALE,employee,Boarded,,False
pinnacle-Slc,Oakmont Office,CAB,2026-06-01,15:30,3000572,1780308000.0,1780311600.0,1780308120.0,1780311720.0,6.2,6.4,101143,Planned,MALE,employee,Boarded,,False
pinnacle-Slc,Oakmont Office,CAB,2026-06-01,15:30,3000572,1780308300.0,1780311600.0,1780308420.0,1780311720.0,6.2,6.4,101144,Planned,FEMALE,employee,Boarded,,False
pinnacle-Slc,Clearwater Campus,CAB,2026-06-01,09:00,3000573,1780284600.0,1780288200.0,1780285500.0,1780289100.0,6.2,6.4,101145,Planned,MALE,employee,Boarded,,False
pinnacle-Slc,Clearwater Campus,CAB,2026-06-01,09:00,3000573,1780284900.0,1780288200.0,1780285020.0,1780288320.0,6.2,6.4,101146,Planned,FEMALE,employee,Boarded,,False
pinnacle-Slc,Oakmont Office,CAB,2026-06-01,09:00,3000574,1780284600.0,1780288200.0,1780284720.0,1780288320.0,6.2,6.4,101147,Planned,MALE,employee,Boarded,,False
pinnacle-Slc,Oakmont Office,CAB,2026-06-01,09:00,3000574,1780284900.0,1780288200.0,1780285020.0,1780288320.0,6.2,6.4,101148,Planned,FEMALE,employee,Boarded,,False
pinnacle-Slc,Clearwater Campus,CAB,2026-06-01,15:30,3000575,1780308000.0,1780311600.0,1780308120.0,1780311720.0,6.2,6.4,101149,Planned,MALE,employee,Boarded,,False
pinnacle-Slc,Clearwater Campus,CAB,2026-06-01,15:30,3000575,1780308300.0,1780311600.0,1780308420.0,1780311720.0,6.2,6.4,101150,Planned,FEMALE,employee,Boarded,,False
pinnacle-Slc,Oakmont Office,CAB,2026-06-01,15:30,3000576,1780308000.0,1780311600.0,1780308120.0,1780311720.0,6.2,6.4,101151,Planned,MALE,employee,Boarded,,False
pinnacle-Slc,Oakmont Office,CAB,2026-06-01,15:30,3000576,1780308300.0,1780311600.0,1780309200.0,1780312500.0,6.2,6.4,101152,Planned,FEMALE,employee,Boarded,,False
pinnacle-Slc,Clearwater Campus,CAB,2026-06-01,09:00,3000577,1780284600.0,1780288200.0,1780285500.0,1780289100.0,6.2,6.4,101153,Planned,MALE,employee,Boarded,,False
pinnacle-Slc,Clearwater Campus,CAB,2026-06-01,09:00,3000577,1780284900.0,1780288200.0,1780285020.0,1780288320.0,6.2,6.4,101154,Planned,FEMALE,employee,Boarded,,False
pinnacle-Slc,Oakmont Office,CAB,2026-06-01,09:00,3000578,1780284600.0,1780288200.0,1780285500.0,1780289100.0,6.2,6.4,101155,Planned,MALE,employee,Boarded,,False
pinnacle-Slc,Oakmont Office,CAB,2026-06-01,09:00,3000578,1780284900.0,1780288200.0,1780285800.0,1780289100.0,6.2,6.4,101156,Planned,FEMALE,employee,Boarded,,False
pinnacle-Slc,Clearwater Campus,CAB,2026-06-01,15:30,3000579,1780308000.0,1780311600.0,1780308900.0,1780312500.0,6.2,6.4,101157,Planned,MALE,employee,Boarded,,False
pinnacle-Slc,Clearwater Campus,CAB,2026-06-01,15:30,3000579,1780308300.0,1780311600.0,1780308420.0,1780311720.0,6.2,6.4,101158,Planned,FEMALE,employee,Boarded,,False
pinnacle-Slc,Oakmont Office,CAB,2026-06-01,15:30,3000580,1780308000.0,1780311600.0,1780308120.0,1780311720.0,6.2,6.4,101159,Planned,MALE,employee,Boarded,,False
pinnacle-Slc,Oakmont Office,CAB,2026-06-01,15:30,3000580,1780308300.0,1780311600.0,1780309200.0,1780312500.0,6.2,6.4,101160,Planned,FEMALE,employee,Boarded,,False
pinnacle-Slc,Clearwater Campus,CAB,2026-06-02,09:00,3000581,1780371000.0,1780374600.0,1780371120.0,1780374720.0,6.2,6.4,101161,Planned,MALE,employee,Boarded,,False
pinnacle-Slc,Clearwater Campus,CAB,2026-06-02,09:00,3000581,1780371300.0,1780374600.0,1780371420.0,1780374720.0,6.2,6.4,101162,Planned,FEMALE,employee,Boarded,,False
pinnacle-Slc,Oakmont Office,CAB,2026-06-02,09:00,3000582,1780371000.0,1780374600.0,1780371120.0,1780374720.0,6.2,6.4,101163,Planned,MALE,employee,Boarded,,False
pinnacle-Slc,Oakmont Office,CAB,2026-06-02,09:00,3000582,1780371300.0,1780374600.0,1780372200.0,1780375500.0,6.2,6.4,101164,Planned,FEMALE,employee,Boarded,,False
pinnacle-Slc,Clearwater Campus,CAB,2026-06-02,15:30,3000583,1780394400.0,1780398000.0,1780394520.0,1780398120.0,6.2,6.4,101165,Planned,MALE,employee,Boarded,,False
pinnacle-Slc,Clearwater Campus,CAB,2026-06-02,15:30,3000583,1780394700.0,1780398000.0,1780395600.0,1780398900.0,6.2,6.4,101166,Planned,FEMALE,employee,Boarded,,False
pinnacle-Slc,Oakmont Office,CAB,2026-06-02,15:30,3000584,1780394400.0,1780398000.0,1780394520.0,1780398120.0,6.2,6.4,101167,Planned,MALE,employee,Boarded,,False
pinnacle-Slc,Oakmont Office,CAB,2026-06-02,15:30,3000584,1780394700.0,1780398000.0,1780395600.0,1780398900.0,6.2,6.4,101168,Planned,FEMALE,employee,Boarded,,False
pinnacle-Slc,Clearwater Campus,CAB,2026-06-02,09:00,3000585,1780371000.0,1780374600.0,1780371120.0,1780374720.0,6.2,6.4,101169,Planned,MALE,employee,Boarded,,False
pinnacle-Slc,Clearwater Campus,CAB,2026-06-02,09:00,3000585,1780371300.0,1780374600.0,1780371420.0,1780374720.0,6.2,6.4,101170,Planned,FEMALE,employee,Boarded,,False
pinnacle-Slc,Oakmont Office,CAB,2026-06-02,09:00,3000586,1780371000.0,1780374600.0,1780371120.0,1780374720.0,6.2,6.4,101171,Planned,MALE,employee,Boarded,,False
pinnacle-Slc,Oakmont Office,CAB,2026-06-02,09:00,3000586,1780371300.0,1780374600.0,1780371420.0,1780374720.0,6.2,6.4,101172,Planned,FEMALE,employee,Boarded,,False
pinnacle-Slc,Clearwater Campus,CAB,2026-06-02,15:30,3000587,1780394400.0,1780398000.0,1780394520.0,1780398120.0,6.2,6.4,101173,Planned,MALE,employee,Boarded,,False
pinnacle-Slc,Clearwater Campus,CAB,2026-06-02,15:30,3000587,1780394700.0,1780398000.0,1780394820.0,1780398120.0,6.2,6.4,101174,Planned,FEMALE,employee,Boarded,,False
pinnacle-Slc,Oakmont Office,CAB,2026-06-02,15:30,3000588,1780394400.0,1780398000.0,1780394520.0,1780398120.0,6.2,6.4,101175,Planned,MALE,employee,Boarded,,False
pinnacle-Slc,Oakmont Office,CAB,2026-06-02,15:30,3000588,1780394700.0,1780398000.0,,,6.2,6.4,101176,,FEMALE,employee,Not Boarded,NO_SHOW,True
pinnacle-Slc,Clearwater Campus,CAB,2026-06-02,09:00,3000589,1780371000.0,1780374600.0,1780371120.0,1780374720.0,6.2,6.4,101177,Planned,MALE,employee,Boarded,,False
pinnacle-Slc,Clearwater Campus,CAB,2026-06-02,09:00,3000589,1780371300.0,1780374600.0,1780371420.0,1780374720.0,6.2,6.4,101178,Planned,FEMALE,employee,Boarded,,False
pinnacle-Slc,Oakmont Office,CAB,2026-06-02,09:00,3000590,1780371000.0,1780374600.0,1780371120.0,1780374720.0,6.2,6.4,101179,Planned,MALE,employee,Boarded,,False
pinnacle-Slc,Oakmont Office,CAB,2026-06-02,09:00,3000590,1780371300.0,1780374600.0,1780372200.0,1780375500.0,6.2,6.4,101180,Planned,FEMALE,employee,Boarded,,False
pinnacle-Slc,Clearwater Campus,CAB,2026-06-02,15:30,3000591,1780394400.0,1780398000.0,1780394520.0,1780398120.0,6.2,6.4,101181,Planned,MALE,employee,Boarded,,False
pinnacle-Slc,Clearwater Campus,CAB,2026-06-02,15:30,3000591,1780394700.0,1780398000.0,1780394820.0,1780398120.0,6.2,6.4,101182,Planned,FEMALE,employee,Boarded,,False
pinnacle-Slc,Oakmont Office,CAB,2026-06-02,15:30,3000592,1780394400.0,1780398000.0,1780395300.0,1780398900.0,6.2,6.4,101183,Planned,MALE,employee,Boarded,,False
pinnacle-Slc,Oakmont Office,CAB,2026-06-02,15:30,3000592,1780394700.0,1780398000.0,1780394820.0,1780398120.0,6.2,6.4,101184,Planned,FEMALE,employee,Boarded,,False
pinnacle-Slc,Clearwater Campus,CAB,2026-06-02,09:00,3000593,1780371000.0,1780374600.0,1780371120.0,1780374720.0,6.2,6.4,101185,Planned,MALE,employee,Boarded,,False
pinnacle-Slc,Clearwater Campus,CAB,2026-06-02,09:00,3000593,1780371300.0,1780374600.0,1780372200.0,1780375500.0,6.2,6.4,101186,Planned,FEMALE,employee,Boarded,,False
pinnacle-Slc,Oakmont Office,CAB,2026-06-02,09:00,3000594,1780371000.0,1780374600.0,1780371900.0,1780375500.0,6.2,6.4,101187,Planned,MALE,employee,Boarded,,False
pinnacle-Slc,Oakmont Office,CAB,2026-06-02,09:00,3000594,1780371300.0,1780374600.0,1780372200.0,1780375500.0,6.2,6.4,101188,Planned,FEMALE,employee,Boarded,,False
pinnacle-Slc,Clearwater Campus,CAB,2026-06-02,15:30,3000595,1780394400.0,1780398000.0,1780395300.0,1780398900.0,6.2,6.4,101189,Planned,MALE,employee,Boarded,,False
pinnacle-Slc,Clearwater Campus,CAB,2026-06-02,15:30,3000595,1780394700.0,1780398000.0,1780395600.0,1780398900.0,6.2,6.4,101190,Planned,FEMALE,employee,Boarded,,False
pinnacle-Slc,Oakmont Office,CAB,2026-06-02,15:30,3000596,1780394400.0,1780398000.0,1780395300.0,1780398900.0,6.2,6.4,101191,Planned,MALE,employee,Boarded,,False
pinnacle-Slc,Oakmont Office,CAB,2026-06-02,15:30,3000596,1780394700.0,1780398000.0,1780394820.0,1780398120.0,6.2,6.4,101192,Planned,FEMALE,employee,Boarded,,False
pinnacle-Slc,Clearwater Campus,CAB,2026-06-02,09:00,3000597,1780371000.0,1780374600.0,1780371900.0,1780375500.0,6.2,6.4,101193,Planned,MALE,employee,Boarded,,False
pinnacle-Slc,Clearwater Campus,CAB,2026-06-02,09:00,3000597,1780371300.0,1780374600.0,1780372200.0,1780375500.0,6.2,6.4,101194,Planned,FEMALE,employee,Boarded,,False
pinnacle-Slc,Oakmont Office,CAB,2026-06-02,09:00,3000598,1780371000.0,1780374600.0,1780371120.0,1780374720.0,6.2,6.4,101195,Planned,MALE,employee,Boarded,,False
pinnacle-Slc,Oakmont Office,CAB,2026-06-02,09:00,3000598,1780371300.0,1780374600.0,1780372200.0,1780375500.0,6.2,6.4,101196,Planned,FEMALE,employee,Boarded,,False
pinnacle-Slc,Clearwater Campus,CAB,2026-06-02,15:30,3000599,1780394400.0,1780398000.0,1780394520.0,1780398120.0,6.2,6.4,101197,Planned,MALE,employee,Boarded,,False
pinnacle-Slc,Clearwater Campus,CAB,2026-06-02,15:30,3000599,1780394700.0,1780398000.0,1780394820.0,1780398120.0,6.2,6.4,101198,Planned,FEMALE,employee,Boarded,,False
pinnacle-Slc,Oakmont Office,CAB,2026-06-02,15:30,3000600,1780394400.0,1780398000.0,1780395300.0,1780398900.0,6.2,6.4,101199,Planned,MALE,employee,Boarded,,False
pinnacle-Slc,Oakmont Office,CAB,2026-06-02,15:30,3000600,1780394700.0,1780398000.0,1780395600.0,1780398900.0,6.2,6.4,101200,Planned,FEMALE,employee,Boarded,,False
pinnacle-Slc,Clearwater Campus,CAB,2026-06-03,09:00,3000601,1780457400.0,1780461000.0,1780457520.0,1780461120.0,6.2,6.4,101201,Planned,MALE,employee,Boarded,,False
pinnacle-Slc,Clearwater Campus,CAB,2026-06-03,09:00,3000601,1780457700.0,1780461000.0,1780457820.0,1780461120.0,6.2,6.4,101202,Planned,FEMALE,employee,Boarded,,False
pinnacle-Slc,Oakmont Office,CAB,2026-06-03,09:00,3000602,1780457400.0,1780461000.0,1780457520.0,1780461120.0,6.2,6.4,101203,Planned,MALE,employee,Boarded,,False
pinnacle-Slc,Oakmont Office,CAB,2026-06-03,09:00,3000602,1780457700.0,1780461000.0,1780457820.0,1780461120.0,6.2,6.4,101204,Planned,FEMALE,employee,Boarded,,False
pinnacle-Slc,Clearwater Campus,CAB,2026-06-03,15:30,3000603,1780480800.0,1780484400.0,1780480920.0,1780484520.0,6.2,6.4,101205,Planned,MALE,employee,Boarded,,False
pinnacle-Slc,Clearwater Campus,CAB,2026-06-03,15:30,3000603,1780481100.0,1780484400.0,1780482000.0,1780485300.0,6.2,6.4,101206,Planned,FEMALE,employee,Boarded,,False
pinnacle-Slc,Oakmont Office,CAB,2026-06-03,15:30,3000604,1780480800.0,1780484400.0,1780480920.0,1780484520.0,6.2,6.4,101207,Planned,MALE,employee,Boarded,,False
pinnacle-Slc,Oakmont Office,CAB,2026-06-03,15:30,3000604,1780481100.0,1780484400.0,1780481220.0,1780484520.0,6.2,6.4,101208,Planned,FEMALE,employee,Boarded,,False
pinnacle-Slc,Clearwater Campus,CAB,2026-06-03,09:00,3000605,1780457400.0,1780461000.0,1780457520.0,1780461120.0,6.2,6.4,101209,Planned,MALE,employee,Boarded,,False
pinnacle-Slc,Clearwater Campus,CAB,2026-06-03,09:00,3000605,1780457700.0,1780461000.0,1780457820.0,1780461120.0,6.2,6.4,101210,Planned,FEMALE,employee,Boarded,,False
pinnacle-Slc,Oakmont Office,CAB,2026-06-03,09:00,3000606,1780457400.0,1780461000.0,1780458300.0,1780461900.0,6.2,6.4,101211,Planned,MALE,employee,Boarded,,False
pinnacle-Slc,Oakmont Office,CAB,2026-06-03,09:00,3000606,1780457700.0,1780461000.0,1780457820.0,1780461120.0,6.2,6.4,101212,Planned,FEMALE,employee,Boarded,,False
pinnacle-Slc,Clearwater Campus,CAB,2026-06-03,15:30,3000607,1780480800.0,1780484400.0,1780480920.0,1780484520.0,6.2,6.4,101213,Planned,MALE,employee,Boarded,,False
pinnacle-Slc,Clearwater Campus,CAB,2026-06-03,15:30,3000607,1780481100.0,1780484400.0,1780482000.0,1780485300.0,6.2,6.4,101214,Planned,FEMALE,employee,Boarded,,False
pinnacle-Slc,Oakmont Office,CAB,2026-06-03,15:30,3000608,1780480800.0,1780484400.0,1780480920.0,1780484520.0,6.2,6.4,101215,Planned,MALE,employee,Boarded,,False
pinnacle-Slc,Oakmont Office,CAB,2026-06-03,15:30,3000608,1780481100.0,1780484400.0,,,6.2,6.4,101216,,FEMALE,employee,Not Boarded,NO_SHOW,True
pinnacle-Slc,Clearwater Campus,CAB,2026-06-03,09:00,3000609,1780457400.0,1780461000.0,1780458300.0,1780461900.0,6.2,6.4,101217,Planned,MALE,employee,Boarded,,False
pinnacle-Slc,Clearwater Campus,CAB,2026-06-03,09:00,3000609,1780457700.0,1780461000.0,1780458600.0,1780461900.0,6.2,6.4,101218,Planned,FEMALE,employee,Boarded,,False
pinnacle-Slc,Oakmont Office,CAB,2026-06-03,09:00,3000610,1780457400.0,1780461000.0,1780457520.0,1780461120.0,6.2,6.4,101219,Planned,MALE,employee,Boarded,,False
pinnacle-Slc,Oakmont Office,CAB,2026-06-03,09:00,3000610,1780457700.0,1780461000.0,1780457820.0,1780461120.0,6.2,6.4,101220,Planned,FEMALE,employee,Boarded,,False
pinnacle-Slc,Clearwater Campus,CAB,2026-06-03,15:30,3000611,1780480800.0,1780484400.0,1780480920.0,1780484520.0,6.2,6.4,101221,Planned,MALE,employee,Boarded,,False
pinnacle-Slc,Clearwater Campus,CAB,2026-06-03,15:30,3000611,1780481100.0,1780484400.0,1780481220.0,1780484520.0,6.2,6.4,101222,Planned,FEMALE,employee,Boarded,,False
pinnacle-Slc,Oakmont Office,CAB,2026-06-03,15:30,3000612,1780480800.0,1780484400.0,1780480920.0,1780484520.0,6.2,6.4,101223,Planned,MALE,employee,Boarded,,False
pinnacle-Slc,Oakmont Office,CAB,2026-06-03,15:30,3000612,1780481100.0,1780484400.0,1780481220.0,1780484520.0,6.2,6.4,101224,Planned,FEMALE,employee,Boarded,,False
pinnacle-Slc,Clearwater Campus,CAB,2026-06-03,09:00,3000613,1780457400.0,1780461000.0,1780457520.0,1780461120.0,6.2,6.4,101225,Planned,MALE,employee,Boarded,,False
pinnacle-Slc,Clearwater Campus,CAB,2026-06-03,09:00,3000613,1780457700.0,1780461000.0,1780457820.0,1780461120.0,6.2,6.4,101226,Planned,FEMALE,employee,Boarded,,False
pinnacle-Slc,Oakmont Office,CAB,2026-06-03,09:00,3000614,1780457400.0,1780461000.0,1780457520.0,1780461120.0,6.2,6.4,101227,Planned,MALE,employee,Boarded,,False
pinnacle-Slc,Oakmont Office,CAB,2026-06-03,09:00,3000614,1780457700.0,1780461000.0,1780458600.0,1780461900.0,6.2,6.4,101228,Planned,FEMALE,employee,Boarded,,False
pinnacle-Slc,Clearwater Campus,CAB,2026-06-03,15:30,3000615,1780480800.0,1780484400.0,1780480920.0,1780484520.0,6.2,6.4,101229,Planned,MALE,employee,Boarded,,False
pinnacle-Slc,Clearwater Campus,CAB,2026-06-03,15:30,3000615,1780481100.0,1780484400.0,1780481220.0,1780484520.0,6.2,6.4,101230,Planned,FEMALE,employee,Boarded,,False
pinnacle-Slc,Oakmont Office,CAB,2026-06-03,15:30,3000616,1780480800.0,1780484400.0,1780480920.0,1780484520.0,6.2,6.4,101231,Planned,MALE,employee,Boarded,,False
pinnacle-Slc,Oakmont Office,CAB,2026-06-03,15:30,3000616,1780481100.0,1780484400.0,1780481220.0,1780484520.0,6.2,6.4,101232,Planned,FEMALE,employee,Boarded,,False
pinnacle-Slc,Clearwater Campus,CAB,2026-06-03,09:00,3000617,1780457400.0,1780461000.0,1780457520.0,1780461120.0,6.2,6.4,101233,Planned,MALE,employee,Boarded,,False
pinnacle-Slc,Clearwater Campus,CAB,2026-06-03,09:00,3000617,1780457700.0,1780461000.0,1780457820.0,1780461120.0,6.2,6.4,101234,Planned,FEMALE,employee,Boarded,,False
pinnacle-Slc,Oakmont Office,CAB,2026-06-03,09:00,3000618,1780457400.0,1780461000.0,1780458300.0,1780461900.0,6.2,6.4,101235,Planned,MALE,employee,Boarded,,False
pinnacle-Slc,Oakmont Office,CAB,2026-06-03,09:00,3000618,1780457700.0,1780461000.0,1780457820.0,1780461120.0,6.2,6.4,101236,Planned,FEMALE,employee,Boarded,,False
pinnacle-Slc,Clearwater Campus,CAB,2026-06-03,15:30,3000619,1780480800.0,1780484400.0,1780480920.0,1780484520.0,6.2,6.4,101237,Planned,MALE,employee,Boarded,,False
pinnacle-Slc,Clearwater Campus,CAB,2026-06-03,15:30,3000619,1780481100.0,1780484400.0,1780482000.0,1780485300.0,6.2,6.4,101238,Planned,FEMALE,employee,Boarded,,False
pinnacle-Slc,Oakmont Office,CAB,2026-06-03,15:30,3000620,1780480800.0,1780484400.0,1780480920.0,1780484520.0,6.2,6.4,101239,Planned,MALE,employee,Boarded,,False
pinnacle-Slc,Oakmont Office,CAB,2026-06-03,15:30,3000620,1780481100.0,1780484400.0,1780481220.0,1780484520.0,6.2,6.4,101240,Planned,FEMALE,employee,Boarded,,False
pinnacle-Slc,Clearwater Campus,CAB,2026-06-04,09:00,3000621,1780543800.0,1780547400.0,1780544700.0,1780548300.0,6.2,6.4,101241,Planned,MALE,employee,Boarded,,False
pinnacle-Slc,Clearwater Campus,CAB,2026-06-04,09:00,3000621,1780544100.0,1780547400.0,1780545000.0,1780548300.0,6.2,6.4,101242,Planned,FEMALE,employee,Boarded,,False
pinnacle-Slc,Oakmont Office,CAB,2026-06-04,09:00,3000622,1780543800.0,1780547400.0,1780543920.0,1780547520.0,6.2,6.4,101243,Planned,MALE,employee,Boarded,,False
pinnacle-Slc,Oakmont Office,CAB,2026-06-04,09:00,3000622,1780544100.0,1780547400.0,1780545000.0,1780548300.0,6.2,6.4,101244,Planned,FEMALE,employee,Boarded,,False
pinnacle-Slc,Clearwater Campus,CAB,2026-06-04,15:30,3000623,1780567200.0,1780570800.0,1780567320.0,1780570920.0,6.2,6.4,101245,Planned,MALE,employee,Boarded,,False
pinnacle-Slc,Clearwater Campus,CAB,2026-06-04,15:30,3000623,1780567500.0,1780570800.0,1780567620.0,1780570920.0,6.2,6.4,101246,Planned,FEMALE,employee,Boarded,,False
pinnacle-Slc,Oakmont Office,CAB,2026-06-04,15:30,3000624,1780567200.0,1780570800.0,1780567320.0,1780570920.0,6.2,6.4,101247,Planned,MALE,employee,Boarded,,False
pinnacle-Slc,Oakmont Office,CAB,2026-06-04,15:30,3000624,1780567500.0,1780570800.0,1780568400.0,1780571700.0,6.2,6.4,101248,Planned,FEMALE,employee,Boarded,,False
pinnacle-Slc,Clearwater Campus,CAB,2026-06-04,09:00,3000625,1780543800.0,1780547400.0,1780544700.0,1780548300.0,6.2,6.4,101249,Planned,MALE,employee,Boarded,,False
pinnacle-Slc,Clearwater Campus,CAB,2026-06-04,09:00,3000625,1780544100.0,1780547400.0,1780544220.0,1780547520.0,6.2,6.4,101250,Planned,FEMALE,employee,Boarded,,False
pinnacle-Slc,Oakmont Office,CAB,2026-06-04,09:00,3000626,1780543800.0,1780547400.0,1780543920.0,1780547520.0,6.2,6.4,101251,Planned,MALE,employee,Boarded,,False
pinnacle-Slc,Oakmont Office,CAB,2026-06-04,09:00,3000626,1780544100.0,1780547400.0,1780544220.0,1780547520.0,6.2,6.4,101252,Planned,FEMALE,employee,Boarded,,False
pinnacle-Slc,Clearwater Campus,CAB,2026-06-04,15:30,3000627,1780567200.0,1780570800.0,1780568100.0,1780571700.0,6.2,6.4,101253,Planned,MALE,employee,Boarded,,False
pinnacle-Slc,Clearwater Campus,CAB,2026-06-04,15:30,3000627,1780567500.0,1780570800.0,1780568400.0,1780571700.0,6.2,6.4,101254,Planned,FEMALE,employee,Boarded,,False
pinnacle-Slc,Oakmont Office,CAB,2026-06-04,15:30,3000628,1780567200.0,1780570800.0,1780567320.0,1780570920.0,6.2,6.4,101255,Planned,MALE,employee,Boarded,,False
pinnacle-Slc,Oakmont Office,CAB,2026-06-04,15:30,3000628,1780567500.0,1780570800.0,,,6.2,6.4,101256,,FEMALE,employee,Not Boarded,NO_SHOW,True
pinnacle-Slc,Clearwater Campus,CAB,2026-06-04,09:00,3000629,1780543800.0,1780547400.0,1780543920.0,1780547520.0,6.2,6.4,101257,Planned,MALE,employee,Boarded,,False
pinnacle-Slc,Clearwater Campus,CAB,2026-06-04,09:00,3000629,1780544100.0,1780547400.0,1780544220.0,1780547520.0,6.2,6.4,101258,Planned,FEMALE,employee,Boarded,,False
pinnacle-Slc,Oakmont Office,CAB,2026-06-04,09:00,3000630,1780543800.0,1780547400.0,1780544700.0,1780548300.0,6.2,6.4,101259,Planned,MALE,employee,Boarded,,False
pinnacle-Slc,Oakmont Office,CAB,2026-06-04,09:00,3000630,1780544100.0,1780547400.0,1780544220.0,1780547520.0,6.2,6.4,101260,Planned,FEMALE,employee,Boarded,,False
pinnacle-Slc,Clearwater Campus,CAB,2026-06-04,15:30,3000631,1780567200.0,1780570800.0,1780568100.0,1780571700.0,6.2,6.4,101261,Planned,MALE,employee,Boarded,,False
pinnacle-Slc,Clearwater Campus,CAB,2026-06-04,15:30,3000631,1780567500.0,1780570800.0,1780567620.0,1780570920.0,6.2,6.4,101262,Planned,FEMALE,employee,Boarded,,False
pinnacle-Slc,Oakmont Office,CAB,2026-06-04,15:30,3000632,1780567200.0,1780570800.0,1780568100.0,1780571700.0,6.2,6.4,101263,Planned,MALE,employee,Boarded,,False
pinnacle-Slc,Oakmont Office,CAB,2026-06-04,15:30,3000632,1780567500.0,1780570800.0,1780567620.0,1780570920.0,6.2,6.4,101264,Planned,FEMALE,employee,Boarded,,False
pinnacle-Slc,Clearwater Campus,CAB,2026-06-04,09:00,3000633,1780543800.0,1780547400.0,1780543920.0,1780547520.0,6.2,6.4,101265,Planned,MALE,employee,Boarded,,False
pinnacle-Slc,Clearwater Campus,CAB,2026-06-04,09:00,3000633,1780544100.0,1780547400.0,1780544220.0,1780547520.0,6.2,6.4,101266,Planned,FEMALE,employee,Boarded,,False
pinnacle-Slc,Oakmont Office,CAB,2026-06-04,09:00,3000634,1780543800.0,1780547400.0,1780543920.0,1780547520.0,6.2,6.4,101267,Planned,MALE,employee,Boarded,,False
pinnacle-Slc,Oakmont Office,CAB,2026-06-04,09:00,3000634,1780544100.0,1780547400.0,1780544220.0,1780547520.0,6.2,6.4,101268,Planned,FEMALE,employee,Boarded,,False
pinnacle-Slc,Clearwater Campus,CAB,2026-06-04,15:30,3000635,1780567200.0,1780570800.0,1780567320.0,1780570920.0,6.2,6.4,101269,Planned,MALE,employee,Boarded,,False
pinnacle-Slc,Clearwater Campus,CAB,2026-06-04,15:30,3000635,1780567500.0,1780570800.0,1780568400.0,1780571700.0,6.2,6.4,101270,Planned,FEMALE,employee,Boarded,,False
pinnacle-Slc,Oakmont Office,CAB,2026-06-04,15:30,3000636,1780567200.0,1780570800.0,1780568100.0,1780571700.0,6.2,6.4,101271,Planned,MALE,employee,Boarded,,False
pinnacle-Slc,Oakmont Office,CAB,2026-06-04,15:30,3000636,1780567500.0,1780570800.0,1780568400.0,1780571700.0,6.2,6.4,101272,Planned,FEMALE,employee,Boarded,,False
pinnacle-Slc,Clearwater Campus,CAB,2026-06-04,09:00,3000637,1780543800.0,1780547400.0,1780543920.0,1780547520.0,6.2,6.4,101273,Planned,MALE,employee,Boarded,,False
pinnacle-Slc,Clearwater Campus,CAB,2026-06-04,09:00,3000637,1780544100.0,1780547400.0,1780545000.0,1780548300.0,6.2,6.4,101274,Planned,FEMALE,employee,Boarded,,False
pinnacle-Slc,Oakmont Office,CAB,2026-06-04,09:00,3000638,1780543800.0,1780547400.0,1780543920.0,1780547520.0,6.2,6.4,101275,Planned,MALE,employee,Boarded,,False
pinnacle-Slc,Oakmont Office,CAB,2026-06-04,09:00,3000638,1780544100.0,1780547400.0,1780544220.0,1780547520.0,6.2,6.4,101276,Planned,FEMALE,employee,Boarded,,False
pinnacle-Slc,Clearwater Campus,CAB,2026-06-04,15:30,3000639,1780567200.0,1780570800.0,1780567320.0,1780570920.0,6.2,6.4,101277,Planned,MALE,employee,Boarded,,False
pinnacle-Slc,Clearwater Campus,CAB,2026-06-04,15:30,3000639,1780567500.0,1780570800.0,1780568400.0,1780571700.0,6.2,6.4,101278,Planned,FEMALE,employee,Boarded,,False
pinnacle-Slc,Oakmont Office,CAB,2026-06-04,15:30,3000640,1780567200.0,1780570800.0,1780567320.0,1780570920.0,6.2,6.4,101279,Planned,MALE,employee,Boarded,,False
pinnacle-Slc,Oakmont Office,CAB,2026-06-04,15:30,3000640,1780567500.0,1780570800.0,1780567620.0,1780570920.0,6.2,6.4,101280,Planned,FEMALE,employee,Boarded,,False
pinnacle-Slc,Clearwater Campus,CAB,2026-06-05,09:00,3000641,1780630200.0,1780633800.0,1780630320.0,1780633920.0,6.2,6.4,101281,Planned,MALE,employee,Boarded,,False
pinnacle-Slc,Clearwater Campus,CAB,2026-06-05,09:00,3000641,1780630500.0,1780633800.0,1780631400.0,1780634700.0,6.2,6.4,101282,Planned,FEMALE,employee,Boarded,,False
pinnacle-Slc,Oakmont Office,CAB,2026-06-05,09:00,3000642,1780630200.0,1780633800.0,1780630320.0,1780633920.0,6.2,6.4,101283,Planned,MALE,employee,Boarded,,False
pinnacle-Slc,Oakmont Office,CAB,2026-06-05,09:00,3000642,1780630500.0,1780633800.0,1780630620.0,1780633920.0,6.2,6.4,101284,Planned,FEMALE,employee,Boarded,,False
pinnacle-Slc,Clearwater Campus,CAB,2026-06-05,15:30,3000643,1780653600.0,1780657200.0,1780653720.0,1780657320.0,6.2,6.4,101285,Planned,MALE,employee,Boarded,,False
pinnacle-Slc,Clearwater Campus,CAB,2026-06-05,15:30,3000643,1780653900.0,1780657200.0,1780654800.0,1780658100.0,6.2,6.4,101286,Planned,FEMALE,employee,Boarded,,False
pinnacle-Slc,Oakmont Office,CAB,2026-06-05,15:30,3000644,1780653600.0,1780657200.0,1780653720.0,1780657320.0,6.2,6.4,101287,Planned,MALE,employee,Boarded,,False
pinnacle-Slc,Oakmont Office,CAB,2026-06-05,15:30,3000644,1780653900.0,1780657200.0,1780654020.0,1780657320.0,6.2,6.4,101288,Planned,FEMALE,employee,Boarded,,False
pinnacle-Slc,Clearwater Campus,CAB,2026-06-05,09:00,3000645,1780630200.0,1780633800.0,1780631100.0,1780634700.0,6.2,6.4,101289,Planned,MALE,employee,Boarded,,False
pinnacle-Slc,Clearwater Campus,CAB,2026-06-05,09:00,3000645,1780630500.0,1780633800.0,1780630620.0,1780633920.0,6.2,6.4,101290,Planned,FEMALE,employee,Boarded,,False
pinnacle-Slc,Oakmont Office,CAB,2026-06-05,09:00,3000646,1780630200.0,1780633800.0,1780630320.0,1780633920.0,6.2,6.4,101291,Planned,MALE,employee,Boarded,,False
pinnacle-Slc,Oakmont Office,CAB,2026-06-05,09:00,3000646,1780630500.0,1780633800.0,1780630620.0,1780633920.0,6.2,6.4,101292,Planned,FEMALE,employee,Boarded,,False
pinnacle-Slc,Clearwater Campus,CAB,2026-06-05,15:30,3000647,1780653600.0,1780657200.0,1780653720.0,1780657320.0,6.2,6.4,101293,Planned,MALE,employee,Boarded,,False
pinnacle-Slc,Clearwater Campus,CAB,2026-06-05,15:30,3000647,1780653900.0,1780657200.0,1780654800.0,1780658100.0,6.2,6.4,101294,Planned,FEMALE,employee,Boarded,,False
pinnacle-Slc,Oakmont Office,CAB,2026-06-05,15:30,3000648,1780653600.0,1780657200.0,1780654500.0,1780658100.0,6.2,6.4,101295,Planned,MALE,employee,Boarded,,False
pinnacle-Slc,Oakmont Office,CAB,2026-06-05,15:30,3000648,1780653900.0,1780657200.0,,,6.2,6.4,101296,,FEMALE,employee,Not Boarded,NO_SHOW,True
pinnacle-Slc,Clearwater Campus,CAB,2026-06-05,09:00,3000649,1780630200.0,1780633800.0,1780630320.0,1780633920.0,6.2,6.4,101297,Planned,MALE,employee,Boarded,,False
pinnacle-Slc,Clearwater Campus,CAB,2026-06-05,09:00,3000649,1780630500.0,1780633800.0,1780630620.0,1780633920.0,6.2,6.4,101298,Planned,FEMALE,employee,Boarded,,False
pinnacle-Slc,Oakmont Office,CAB,2026-06-05,09:00,3000650,1780630200.0,1780633800.0,1780630320.0,1780633920.0,6.2,6.4,101299,Planned,MALE,employee,Boarded,,False
pinnacle-Slc,Oakmont Office,CAB,2026-06-05,09:00,3000650,1780630500.0,1780633800.0,1780631400.0,1780634700.0,6.2,6.4,101300,Planned,FEMALE,employee,Boarded,,False
pinnacle-Slc,Clearwater Campus,CAB,2026-06-05,15:30,3000651,1780653600.0,1780657200.0,1780654500.0,1780658100.0,6.2,6.4,101301,Planned,MALE,employee,Boarded,,False
pinnacle-Slc,Clearwater Campus,CAB,2026-06-05,15:30,3000651,1780653900.0,1780657200.0,1780654020.0,1780657320.0,6.2,6.4,101302,Planned,FEMALE,employee,Boarded,,False
pinnacle-Slc,Oakmont Office,CAB,2026-06-05,15:30,3000652,1780653600.0,1780657200.0,1780653720.0,1780657320.0,6.2,6.4,101303,Planned,MALE,employee,Boarded,,False
pinnacle-Slc,Oakmont Office,CAB,2026-06-05,15:30,3000652,1780653900.0,1780657200.0,1780654020.0,1780657320.0,6.2,6.4,101304,Planned,FEMALE,employee,Boarded,,False
pinnacle-Slc,Clearwater Campus,CAB,2026-06-05,09:00,3000653,1780630200.0,1780633800.0,1780631100.0,1780634700.0,6.2,6.4,101305,Planned,MALE,employee,Boarded,,False
pinnacle-Slc,Clearwater Campus,CAB,2026-06-05,09:00,3000653,1780630500.0,1780633800.0,1780630620.0,1780633920.0,6.2,6.4,101306,Planned,FEMALE,employee,Boarded,,False
pinnacle-Slc,Oakmont Office,CAB,2026-06-05,09:00,3000654,1780630200.0,1780633800.0,1780631100.0,1780634700.0,6.2,6.4,101307,Planned,MALE,employee,Boarded,,False
pinnacle-Slc,Oakmont Office,CAB,2026-06-05,09:00,3000654,1780630500.0,1780633800.0,1780631400.0,1780634700.0,6.2,6.4,101308,Planned,FEMALE,employee,Boarded,,False
pinnacle-Slc,Clearwater Campus,CAB,2026-06-05,15:30,3000655,1780653600.0,1780657200.0,1780653720.0,1780657320.0,6.2,6.4,101309,Planned,MALE,employee,Boarded,,False
pinnacle-Slc,Clearwater Campus,CAB,2026-06-05,15:30,3000655,1780653900.0,1780657200.0,1780654800.0,1780658100.0,6.2,6.4,101310,Planned,FEMALE,employee,Boarded,,False
pinnacle-Slc,Oakmont Office,CAB,2026-06-05,15:30,3000656,1780653600.0,1780657200.0,1780653720.0,1780657320.0,6.2,6.4,101311,Planned,MALE,employee,Boarded,,False
pinnacle-Slc,Oakmont Office,CAB,2026-06-05,15:30,3000656,1780653900.0,1780657200.0,1780654020.0,1780657320.0,6.2,6.4,101312,Planned,FEMALE,employee,Boarded,,False
pinnacle-Slc,Clearwater Campus,CAB,2026-06-05,09:00,3000657,1780630200.0,1780633800.0,1780630320.0,1780633920.0,6.2,6.4,101313,Planned,MALE,employee,Boarded,,False
pinnacle-Slc,Clearwater Campus,CAB,2026-06-05,09:00,3000657,1780630500.0,1780633800.0,1780630620.0,1780633920.0,6.2,6.4,101314,Planned,FEMALE,employee,Boarded,,False
pinnacle-Slc,Oakmont Office,CAB,2026-06-05,09:00,3000658,1780630200.0,1780633800.0,1780631100.0,1780634700.0,6.2,6.4,101315,Planned,MALE,employee,Boarded,,False
pinnacle-Slc,Oakmont Office,CAB,2026-06-05,09:00,3000658,1780630500.0,1780633800.0,1780630620.0,1780633920.0,6.2,6.4,101316,Planned,FEMALE,employee,Boarded,,False
pinnacle-Slc,Clearwater Campus,CAB,2026-06-05,15:30,3000659,1780653600.0,1780657200.0,1780654500.0,1780658100.0,6.2,6.4,101317,Planned,MALE,employee,Boarded,,False
pinnacle-Slc,Clearwater Campus,CAB,2026-06-05,15:30,3000659,1780653900.0,1780657200.0,1780654800.0,1780658100.0,6.2,6.4,101318,Planned,FEMALE,employee,Boarded,,False
pinnacle-Slc,Oakmont Office,CAB,2026-06-05,15:30,3000660,1780653600.0,1780657200.0,1780653720.0,1780657320.0,6.2,6.4,101319,Planned,MALE,employee,Boarded,,False
pinnacle-Slc,Oakmont Office,CAB,2026-06-05,15:30,3000660,1780653900.0,1780657200.0,1780654020.0,1780657320.0,6.2,6.4,101320,Planned,FEMALE,employee,Boarded,,False
pinnacle-Slc,Clearwater Campus,CAB,2026-06-06,09:00,3000661,1780716600.0,1780720200.0,1780717500.0,1780721100.0,6.2,6.4,101321,Planned,MALE,employee,Boarded,,False
pinnacle-Slc,Clearwater Campus,CAB,2026-06-06,09:00,3000661,1780716900.0,1780720200.0,1780717020.0,1780720320.0,6.2,6.4,101322,Planned,FEMALE,employee,Boarded,,False
pinnacle-Slc,Oakmont Office,CAB,2026-06-06,09:00,3000662,1780716600.0,1780720200.0,1780716720.0,1780720320.0,6.2,6.4,101323,Planned,MALE,employee,Boarded,,False
pinnacle-Slc,Oakmont Office,CAB,2026-06-06,09:00,3000662,1780716900.0,1780720200.0,1780717020.0,1780720320.0,6.2,6.4,101324,Planned,FEMALE,employee,Boarded,,False
pinnacle-Slc,Clearwater Campus,CAB,2026-06-06,15:30,3000663,1780740000.0,1780743600.0,1780740900.0,1780744500.0,6.2,6.4,101325,Planned,MALE,employee,Boarded,,False
pinnacle-Slc,Clearwater Campus,CAB,2026-06-06,15:30,3000663,1780740300.0,1780743600.0,1780740420.0,1780743720.0,6.2,6.4,101326,Planned,FEMALE,employee,Boarded,,False
pinnacle-Slc,Oakmont Office,CAB,2026-06-06,15:30,3000664,1780740000.0,1780743600.0,1780740900.0,1780744500.0,6.2,6.4,101327,Planned,MALE,employee,Boarded,,False
pinnacle-Slc,Oakmont Office,CAB,2026-06-06,15:30,3000664,1780740300.0,1780743600.0,1780740420.0,1780743720.0,6.2,6.4,101328,Planned,FEMALE,employee,Boarded,,False
pinnacle-Slc,Clearwater Campus,CAB,2026-06-06,09:00,3000665,1780716600.0,1780720200.0,1780717500.0,1780721100.0,6.2,6.4,101329,Planned,MALE,employee,Boarded,,False
pinnacle-Slc,Clearwater Campus,CAB,2026-06-06,09:00,3000665,1780716900.0,1780720200.0,1780717800.0,1780721100.0,6.2,6.4,101330,Planned,FEMALE,employee,Boarded,,False
pinnacle-Slc,Oakmont Office,CAB,2026-06-06,09:00,3000666,1780716600.0,1780720200.0,1780716720.0,1780720320.0,6.2,6.4,101331,Planned,MALE,employee,Boarded,,False
pinnacle-Slc,Oakmont Office,CAB,2026-06-06,09:00,3000666,1780716900.0,1780720200.0,1780717800.0,1780721100.0,6.2,6.4,101332,Planned,FEMALE,employee,Boarded,,False
pinnacle-Slc,Clearwater Campus,CAB,2026-06-06,15:30,3000667,1780740000.0,1780743600.0,1780740120.0,1780743720.0,6.2,6.4,101333,Planned,MALE,employee,Boarded,,False
pinnacle-Slc,Clearwater Campus,CAB,2026-06-06,15:30,3000667,1780740300.0,1780743600.0,1780740420.0,1780743720.0,6.2,6.4,101334,Planned,FEMALE,employee,Boarded,,False
pinnacle-Slc,Oakmont Office,CAB,2026-06-06,15:30,3000668,1780740000.0,1780743600.0,1780740120.0,1780743720.0,6.2,6.4,101335,Planned,MALE,employee,Boarded,,False
pinnacle-Slc,Oakmont Office,CAB,2026-06-06,15:30,3000668,1780740300.0,1780743600.0,,,6.2,6.4,101336,,FEMALE,employee,Not Boarded,NO_SHOW,True
pinnacle-Slc,Clearwater Campus,CAB,2026-06-06,09:00,3000669,1780716600.0,1780720200.0,1780717500.0,1780721100.0,6.2,6.4,101337,Planned,MALE,employee,Boarded,,False
pinnacle-Slc,Clearwater Campus,CAB,2026-06-06,09:00,3000669,1780716900.0,1780720200.0,1780717020.0,1780720320.0,6.2,6.4,101338,Planned,FEMALE,employee,Boarded,,False
pinnacle-Slc,Oakmont Office,CAB,2026-06-06,09:00,3000670,1780716600.0,1780720200.0,1780716720.0,1780720320.0,6.2,6.4,101339,Planned,MALE,employee,Boarded,,False
pinnacle-Slc,Oakmont Office,CAB,2026-06-06,09:00,3000670,1780716900.0,1780720200.0,1780717020.0,1780720320.0,6.2,6.4,101340,Planned,FEMALE,employee,Boarded,,False
pinnacle-Slc,Clearwater Campus,CAB,2026-06-06,15:30,3000671,1780740000.0,1780743600.0,1780740120.0,1780743720.0,6.2,6.4,101341,Planned,MALE,employee,Boarded,,False
pinnacle-Slc,Clearwater Campus,CAB,2026-06-06,15:30,3000671,1780740300.0,1780743600.0,1780740420.0,1780743720.0,6.2,6.4,101342,Planned,FEMALE,employee,Boarded,,False
pinnacle-Slc,Oakmont Office,CAB,2026-06-06,15:30,3000672,1780740000.0,1780743600.0,1780740120.0,1780743720.0,6.2,6.4,101343,Planned,MALE,employee,Boarded,,False
pinnacle-Slc,Oakmont Office,CAB,2026-06-06,15:30,3000672,1780740300.0,1780743600.0,1780741200.0,1780744500.0,6.2,6.4,101344,Planned,FEMALE,employee,Boarded,,False
pinnacle-Slc,Clearwater Campus,CAB,2026-06-06,09:00,3000673,1780716600.0,1780720200.0,1780716720.0,1780720320.0,6.2,6.4,101345,Planned,MALE,employee,Boarded,,False
pinnacle-Slc,Clearwater Campus,CAB,2026-06-06,09:00,3000673,1780716900.0,1780720200.0,1780717800.0,1780721100.0,6.2,6.4,101346,Planned,FEMALE,employee,Boarded,,False
pinnacle-Slc,Oakmont Office,CAB,2026-06-06,09:00,3000674,1780716600.0,1780720200.0,1780716720.0,1780720320.0,6.2,6.4,101347,Planned,MALE,employee,Boarded,,False
pinnacle-Slc,Oakmont Office,CAB,2026-06-06,09:00,3000674,1780716900.0,1780720200.0,1780717020.0,1780720320.0,6.2,6.4,101348,Planned,FEMALE,employee,Boarded,,False
pinnacle-Slc,Clearwater Campus,CAB,2026-06-06,15:30,3000675,1780740000.0,1780743600.0,1780740120.0,1780743720.0,6.2,6.4,101349,Planned,MALE,employee,Boarded,,False
pinnacle-Slc,Clearwater Campus,CAB,2026-06-06,15:30,3000675,1780740300.0,1780743600.0,1780740420.0,1780743720.0,6.2,6.4,101350,Planned,FEMALE,employee,Boarded,,False
pinnacle-Slc,Oakmont Office,CAB,2026-06-06,15:30,3000676,1780740000.0,1780743600.0,1780740120.0,1780743720.0,6.2,6.4,101351,Planned,MALE,employee,Boarded,,False
pinnacle-Slc,Oakmont Office,CAB,2026-06-06,15:30,3000676,1780740300.0,1780743600.0,1780740420.0,1780743720.0,6.2,6.4,101352,Planned,FEMALE,employee,Boarded,,False
pinnacle-Slc,Clearwater Campus,CAB,2026-06-06,09:00,3000677,1780716600.0,1780720200.0,1780717500.0,1780721100.0,6.2,6.4,101353,Planned,MALE,employee,Boarded,,False
pinnacle-Slc,Clearwater Campus,CAB,2026-06-06,09:00,3000677,1780716900.0,1780720200.0,1780717800.0,1780721100.0,6.2,6.4,101354,Planned,FEMALE,employee,Boarded,,False
pinnacle-Slc,Oakmont Office,CAB,2026-06-06,09:00,3000678,1780716600.0,1780720200.0,1780717500.0,1780721100.0,6.2,6.4,101355,Planned,MALE,employee,Boarded,,False
pinnacle-Slc,Oakmont Office,CAB,2026-06-06,09:00,3000678,1780716900.0,1780720200.0,1780717020.0,1780720320.0,6.2,6.4,101356,Planned,FEMALE,employee,Boarded,,False
pinnacle-Slc,Clearwater Campus,CAB,2026-06-06,15:30,3000679,1780740000.0,1780743600.0,1780740900.0,1780744500.0,6.2,6.4,101357,Planned,MALE,employee,Boarded,,False
pinnacle-Slc,Clearwater Campus,CAB,2026-06-06,15:30,3000679,1780740300.0,1780743600.0,1780740420.0,1780743720.0,6.2,6.4,101358,Planned,FEMALE,employee,Boarded,,False
pinnacle-Slc,Oakmont Office,CAB,2026-06-06,15:30,3000680,1780740000.0,1780743600.0,1780740120.0,1780743720.0,6.2,6.4,101359,Planned,MALE,employee,Boarded,,False
pinnacle-Slc,Oakmont Office,CAB,2026-06-06,15:30,3000680,1780740300.0,1780743600.0,1780741200.0,1780744500.0,6.2,6.4,101360,Planned,FEMALE,employee,Boarded,,False
pinnacle-Slc,Clearwater Campus,CAB,2026-06-07,09:00,3000681,1780803000.0,1780806600.0,1780803120.0,1780806720.0,6.2,6.4,101361,Planned,MALE,employee,Boarded,,False
pinnacle-Slc,Clearwater Campus,CAB,2026-06-07,09:00,3000681,1780803300.0,1780806600.0,1780803420.0,1780806720.0,6.2,6.4,101362,Planned,FEMALE,employee,Boarded,,False
pinnacle-Slc,Oakmont Office,CAB,2026-06-07,09:00,3000682,1780803000.0,1780806600.0,1780803900.0,1780807500.0,6.2,6.4,101363,Planned,MALE,employee,Boarded,,False
pinnacle-Slc,Oakmont Office,CAB,2026-06-07,09:00,3000682,1780803300.0,1780806600.0,1780803420.0,1780806720.0,6.2,6.4,101364,Planned,FEMALE,employee,Boarded,,False
pinnacle-Slc,Clearwater Campus,CAB,2026-06-07,15:30,3000683,1780826400.0,1780830000.0,1780826520.0,1780830120.0,6.2,6.4,101365,Planned,MALE,employee,Boarded,,False
pinnacle-Slc,Clearwater Campus,CAB,2026-06-07,15:30,3000683,1780826700.0,1780830000.0,1780826820.0,1780830120.0,6.2,6.4,101366,Planned,FEMALE,employee,Boarded,,False
pinnacle-Slc,Oakmont Office,CAB,2026-06-07,15:30,3000684,1780826400.0,1780830000.0,1780827300.0,1780830900.0,6.2,6.4,101367,Planned,MALE,employee,Boarded,,False
pinnacle-Slc,Oakmont Office,CAB,2026-06-07,15:30,3000684,1780826700.0,1780830000.0,1780827600.0,1780830900.0,6.2,6.4,101368,Planned,FEMALE,employee,Boarded,,False
pinnacle-Slc,Clearwater Campus,CAB,2026-06-07,09:00,3000685,1780803000.0,1780806600.0,1780803120.0,1780806720.0,6.2,6.4,101369,Planned,MALE,employee,Boarded,,False
pinnacle-Slc,Clearwater Campus,CAB,2026-06-07,09:00,3000685,1780803300.0,1780806600.0,1780804200.0,1780807500.0,6.2,6.4,101370,Planned,FEMALE,employee,Boarded,,False
pinnacle-Slc,Oakmont Office,CAB,2026-06-07,09:00,3000686,1780803000.0,1780806600.0,1780803120.0,1780806720.0,6.2,6.4,101371,Planned,MALE,employee,Boarded,,False
pinnacle-Slc,Oakmont Office,CAB,2026-06-07,09:00,3000686,1780803300.0,1780806600.0,1780803420.0,1780806720.0,6.2,6.4,101372,Planned,FEMALE,employee,Boarded,,False
pinnacle-Slc,Clearwater Campus,CAB,2026-06-07,15:30,3000687,1780826400.0,1780830000.0,1780826520.0,1780830120.0,6.2,6.4,101373,Planned,MALE,employee,Boarded,,False
pinnacle-Slc,Clearwater Campus,CAB,2026-06-07,15:30,3000687,1780826700.0,1780830000.0,1780827600.0,1780830900.0,6.2,6.4,101374,Planned,FEMALE,employee,Boarded,,False
pinnacle-Slc,Oakmont Office,CAB,2026-06-07,15:30,3000688,1780826400.0,1780830000.0,1780826520.0,1780830120.0,6.2,6.4,101375,Planned,MALE,employee,Boarded,,False
pinnacle-Slc,Oakmont Office,CAB,2026-06-07,15:30,3000688,1780826700.0,1780830000.0,,,6.2,6.4,101376,,FEMALE,employee,Not Boarded,NO_SHOW,True
pinnacle-Slc,Clearwater Campus,CAB,2026-06-07,09:00,3000689,1780803000.0,1780806600.0,1780803120.0,1780806720.0,6.2,6.4,101377,Planned,MALE,employee,Boarded,,False
pinnacle-Slc,Clearwater Campus,CAB,2026-06-07,09:00,3000689,1780803300.0,1780806600.0,1780803420.0,1780806720.0,6.2,6.4,101378,Planned,FEMALE,employee,Boarded,,False
pinnacle-Slc,Oakmont Office,CAB,2026-06-07,09:00,3000690,1780803000.0,1780806600.0,1780803120.0,1780806720.0,6.2,6.4,101379,Planned,MALE,employee,Boarded,,False
pinnacle-Slc,Oakmont Office,CAB,2026-06-07,09:00,3000690,1780803300.0,1780806600.0,1780803420.0,1780806720.0,6.2,6.4,101380,Planned,FEMALE,employee,Boarded,,False
pinnacle-Slc,Clearwater Campus,CAB,2026-06-07,15:30,3000691,1780826400.0,1780830000.0,1780826520.0,1780830120.0,6.2,6.4,101381,Planned,MALE,employee,Boarded,,False
pinnacle-Slc,Clearwater Campus,CAB,2026-06-07,15:30,3000691,1780826700.0,1780830000.0,1780827600.0,1780830900.0,6.2,6.4,101382,Planned,FEMALE,employee,Boarded,,False
pinnacle-Slc,Oakmont Office,CAB,2026-06-07,15:30,3000692,1780826400.0,1780830000.0,1780826520.0,1780830120.0,6.2,6.4,101383,Planned,MALE,employee,Boarded,,False
pinnacle-Slc,Oakmont Office,CAB,2026-06-07,15:30,3000692,1780826700.0,1780830000.0,1780826820.0,1780830120.0,6.2,6.4,101384,Planned,FEMALE,employee,Boarded,,False
pinnacle-Slc,Clearwater Campus,CAB,2026-06-07,09:00,3000693,1780803000.0,1780806600.0,1780803900.0,1780807500.0,6.2,6.4,101385,Planned,MALE,employee,Boarded,,False
pinnacle-Slc,Clearwater Campus,CAB,2026-06-07,09:00,3000693,1780803300.0,1780806600.0,1780804200.0,1780807500.0,6.2,6.4,101386,Planned,FEMALE,employee,Boarded,,False
pinnacle-Slc,Oakmont Office,CAB,2026-06-07,09:00,3000694,1780803000.0,1780806600.0,1780803120.0,1780806720.0,6.2,6.4,101387,Planned,MALE,employee,Boarded,,False
pinnacle-Slc,Oakmont Office,CAB,2026-06-07,09:00,3000694,1780803300.0,1780806600.0,1780803420.0,1780806720.0,6.2,6.4,101388,Planned,FEMALE,employee,Boarded,,False
pinnacle-Slc,Clearwater Campus,CAB,2026-06-07,15:30,3000695,1780826400.0,1780830000.0,1780826520.0,1780830120.0,6.2,6.4,101389,Planned,MALE,employee,Boarded,,False
pinnacle-Slc,Clearwater Campus,CAB,2026-06-07,15:30,3000695,1780826700.0,1780830000.0,1780827600.0,1780830900.0,6.2,6.4,101390,Planned,FEMALE,employee,Boarded,,False
pinnacle-Slc,Oakmont Office,CAB,2026-06-07,15:30,3000696,1780826400.0,1780830000.0,1780826520.0,1780830120.0,6.2,6.4,101391,Planned,MALE,employee,Boarded,,False
pinnacle-Slc,Oakmont Office,CAB,2026-06-07,15:30,3000696,1780826700.0,1780830000.0,1780827600.0,1780830900.0,6.2,6.4,101392,Planned,FEMALE,employee,Boarded,,False
pinnacle-Slc,Clearwater Campus,CAB,2026-06-07,09:00,3000697,1780803000.0,1780806600.0,1780803120.0,1780806720.0,6.2,6.4,101393,Planned,MALE,employee,Boarded,,False
pinnacle-Slc,Clearwater Campus,CAB,2026-06-07,09:00,3000697,1780803300.0,1780806600.0,1780803420.0,1780806720.0,6.2,6.4,101394,Planned,FEMALE,employee,Boarded,,False
pinnacle-Slc,Oakmont Office,CAB,2026-06-07,09:00,3000698,1780803000.0,1780806600.0,1780803120.0,1780806720.0,6.2,6.4,101395,Planned,MALE,employee,Boarded,,False
pinnacle-Slc,Oakmont Office,CAB,2026-06-07,09:00,3000698,1780803300.0,1780806600.0,1780803420.0,1780806720.0,6.2,6.4,101396,Planned,FEMALE,employee,Boarded,,False
pinnacle-Slc,Clearwater Campus,CAB,2026-06-07,15:30,3000699,1780826400.0,1780830000.0,1780826520.0,1780830120.0,6.2,6.4,101397,Planned,MALE,employee,Boarded,,False
pinnacle-Slc,Clearwater Campus,CAB,2026-06-07,15:30,3000699,1780826700.0,1780830000.0,1780826820.0,1780830120.0,6.2,6.4,101398,Planned,FEMALE,employee,Boarded,,False
pinnacle-Slc,Oakmont Office,CAB,2026-06-07,15:30,3000700,1780826400.0,1780830000.0,1780826520.0,1780830120.0,6.2,6.4,101399,Planned,MALE,employee,Boarded,,False
pinnacle-Slc,Oakmont Office,CAB,2026-06-07,15:30,3000700,1780826700.0,1780830000.0,1780826820.0,1780830120.0,6.2,6.4,101400,Planned,FEMALE,employee,Boarded,,False
