business_unit,office,product_type,trip_date,shift_type,trip_id,trip_direction,actual_escort,vendor_id,planned_cab_registration,actual_cab_registration,actual_cab_capacity,planned_km,traveled_km,planned_start_epoch,planned_end_epoch,actual_start_epoch,actual_end_epoch,delay_reason,delay_minutes,route_source,actual_cab_fuel_type,is_driver_nc,is_cab_nc,trip_nodal,plannedemployee_cnt,actualemployee_cnt,noshow_cnt
pinnacle-Slc,Clearwater Campus,CAB,"May 4, 2026",09:00,"3,000,001",LOGIN,false,Rohan Mikhailov Travel,KA 00 AB,KA 00 AB,4,12.5,13.1,"1,777,865,400","1,777,869,000","1,777,866,300","1,777,869,900",EMPLOYEE,15,AUTO,Electric,False,False,NA,2,2,0
pinnacle-Slc,Oakmont Office,CAB,"May 4, 2026",09:00,"3,000,002",LOGIN,false,Pooja Mikhailov Travel,KA 01 AB,KA 01 AB,4,12.5,13.1,"1,777,865,400","1,777,869,000","1,777,865,400","1,777,869,000",NODELAY,0,AUTO,Diesel,False,False,NA,2,2,0
pinnacle-Slc,Clearwater Campus,CAB,"May 4, 2026",15:30,"3,000,003",LOGOUT,false,Rohan Mikhailov Travel,KA 02 AB,KA 02 AB,4,12.5,13.1,"1,777,888,800","1,777,892,400","1,777,888,800","1,777,892,400",NODELAY,0,AUTO,Diesel,False,False,NA,2,2,0
pinnacle-Slc,Oakmont Office,CAB,"May 4, 2026",15:30,"3,000,004",LOGOUT,false,Pooja Mikhailov Travel,KA 03 AB,KA 03 AB,4,12.5,13.1,"1,777,888,800","1,777,892,400","1,777,888,800","1,777,892,400",NODELAY,0,AUTO,Diesel,False,False,NA,2,5,0
pinnacle-Slc,Clearwater Campus,CAB,"May 4, 2026",09:00,"3,000,005",LOGIN,false,Rohan Mikhailov Travel,KA 04 AB,KA 04 AB,4,12.5,13.1,"1,777,865,400","1,777,869,000","1,777,865,400","1,777,869,000",NODELAY,0,AUTO,Diesel,False,False,NA,2,2,0
pinnacle-Slc,Oakmont Office,CAB,"May 4, 2026",09:00,"3,000,006",LOGIN,false,Pooja Mikhailov Travel,KA 05 AB,KA 05 AB,4,12.5,13.1,"1,777,865,400","1,777,869,000","1,777,865,400","1,777,869,000",NODELAY,0,AUTO,Electric,False,False,NA,2,2,0
pinnacle-Slc,Clearwater Campus,CAB,"May 4, 2026",15:30,"3,000,007",LOGOUT,false,Rohan Mikhailov Travel,KA 06 AB,KA 06 AB,4,12.5,13.1,"1,777,888,800","1,777,892,400","1,777,888,800","1,777,892,400",NODELAY,0,AUTO,Diesel,False,False,NA,2,2,0
pinnacle-Slc,Oakmont Office,CAB,"May 4, 2026",15:30,"3,000,008",LOGOUT,false,Pooja Mikhailov Travel,KA 07 AB,KA 07 AB,4,12.5,13.1,"1,777,888,800","1,777,892,400","1,777,888,800","1,777,892,400",NODELAY,0,AUTO,Diesel,False,False,NA,2,2,0
pinnacle-Slc,Clearwater Campus,CAB,"May 4, 2026",09:00,"3,000,009",LOGIN,false,Rohan Mikhailov Travel,KA 08 AB,KA 08 AB,4,12.5,13.1,"1,777,865,400","1,777,869,000","1,777,865,400","1,777,869,000",NODELAY,0,AUTO,Diesel,False,False,NA,2,2,0
pinnacle-Slc,Oakmont Office,CAB,"May 4, 2026",09:00,"3,000,010",LOGIN,false,Pooja Mikhailov Travel,KA 09 AB,KA 09 AB,4,12.5,13.1,"1,777,865,400","1,777,869,000","1,777,865,400","1,777,869,000",NODELAY,0,AUTO,Diesel,False,False,NA,2,2,0
pinnacle-Slc,Clearwater Campus,CAB,"May 4, 2026",15:30,"3,000,011",LOGOUT,false,Rohan Mikhailov Travel,KA 10 AB,KA 10 AB,4,12.5,13.1,"1,777,888,800","1,777,892,400","1,777,888,800","1,777,892,400",NODELAY,0,AUTO,Electric,False,False,NA,2,2,0
pinnacle-Slc,Oakmont Office,CAB,"May 4, 2026",15:30,"3,000,012",LOGOUT,false,Pooja Mikhailov Travel,KA 11 AB,KA 11 AB,4,12.5,13.1,"1,777,888,800","1,777,892,400","1,777,891,920","1,777,895,520",DRIVER,52,AUTO,Diesel,False,False,NA,2,2,0
pinnacle-Slc,Clearwater Campus,CAB,"May 4, 2026",09:00,"3,000,013",LOGIN,false,Rohan Mikhailov Travel,KA 12 AB,KA 12 AB,4,12.5,13.1,"1,777,865,400","1,777,869,000","1,777,865,400","1,777,869,000",NODELAY,0,AUTO,Diesel,False,False,NA,2,2,0
pinnacle-Slc,Oakmont Office,CAB,"May 4, 2026",09:00,"3,000,014",LOGIN,false,Pooja Mikhailov Travel,KA 13 AB,KA 13 AB,4,12.5,13.1,"1,777,865,400","1,777,869,000","1,777,865,400","1,777,869,000",NODELAY,0,AUTO,Diesel,False,False,NA,2,2,0
pinnacle-Slc,Clearwater Campus,CAB,"May 4, 2026",15:30,"3,000,015",LOGOUT,false,Rohan Mikhailov Travel,KA 14 AB,KA 14 AB,4,12.5,13.1,"1,777,888,800","1,777,892,400","1,777,888,800","1,777,892,400",NODELAY,0,AUTO,Diesel,False,False,NA,2,2,0
pinnacle-Slc,Oakmont Office,CAB,"May 4, 2026",15:30,"3,000,016",LOGOUT,false,Pooja Mikhailov Travel,KA 15 AB,KA 15 AB,4,12.5,13.1,"1,777,888,800","1,777,892,400","1,777,888,800","1,777,892,400",NODELAY,0,AUTO,Electric,False,False,NA,2,2,0
pinnacle-Slc,Clearwater Campus,CAB,"May 4, 2026",09:00,"3,000,017",LOGIN,false,Rohan Mikhailov Travel,KA 16 AB,KA 16 AB,4,12.5,13.1,"1,777,865,400","1,777,869,000","1,777,865,400","1,777,869,000",NODELAY,0,AUTO,Diesel,False,False,NA,2,2,0
pinnacle-Slc,Oakmont Office,CAB,"May 4, 2026",09:00,"3,000,018",LOGIN,false,Pooja Mikhailov Travel,KA 17 AB,KA 17 AB,4,12.5,13.1,"1,777,865,400","1,777,869,000","1,777,865,400","1,777,869,000",NODELAY,0,AUTO,Diesel,False,False,NA,2,2,0
pinnacle-Slc,Clearwater Campus,CAB,"May 4, 2026",15:30,"3,000,019",LOGOUT,false,Rohan Mikhailov Travel,KA 18 AB,KA 18 AB,4,12.5,13.1,"1,777,888,800","1,777,892,400","1,777,888,800","1,777,892,400",NODELAY,0,AUTO,Diesel,False,False,NA,2,2,0
pinnacle-Slc,Oakmont Office,CAB,"May 4, 2026",15:30,"3,000,020",LOGOUT,false,Pooja Mikhailov Travel,KA 19 AB,KA 19 AB,4,12.5,13.1,"1,777,888,800","1,777,892,400","1,777,888,800","1,777,892,400",NODELAY,0,AUTO,Diesel,False,False,NA,2,2,0
orbit-Slc,Eastgate Office,BUS,"May 4, 2026",10:00,"3,000,001",LOGIN,true,Rohan Mikhailov Travel,OR 01 ZZ,OR 01 ZZ,12,20.0,21.0,"1,777,869,000","1,777,872,600","1,777,869,000","1,777,872,600",NODELAY,0,SHUTTLE_SERVICE,Electric,false,false,SHUTTLE,8,8,0
orbit-Slc,Eastgate Office,BUS,"May 4, 2026",10:00,"3,000,002",LOGIN,true,Rohan Mikhailov Travel,OR 01 ZZ,OR 01 ZZ,12,20.0,21.0,"1,777,869,000","1,777,872,600","1,777,869,000","1,777,872,600",NODELAY,0,SHUTTLE_SERVICE,Electric,false,false,SHUTTLE,8,8,0
orbit-Slc,Eastgate Office,BUS,"May 4, 2026",10:00,"3,000,003",LOGIN,true,Rohan Mikhailov Travel,OR 01 ZZ,OR 01 ZZ,12,20.0,21.0,"1,777,869,000","1,777,872,600","1,777,869,000","1,777,872,600",NODELAY,0,SHUTTLE_SERVICE,Electric,false,false,SHUTTLE,8,8,0
orbit-Slc,Eastgate Office,BUS,"May 4, 2026",10:00,"1,200,023",LOGIN,true,Rohan Mikhailov Travel,OR 01 ZZ,OR 01 ZZ,12,20.0,21.0,"1,777,869,000","1,777,872,600","1,777,869,000","1,777,872,600",NODELAY,0,SHUTTLE_SERVICE,Electric,false,false,SHUTTLE,8,8,0
orbit-Slc,Eastgate Office,BUS,"May 4, 2026",10:00,"1,200,024",LOGIN,true,Rohan Mikhailov Travel,OR 01 ZZ,OR 01 ZZ,12,20.0,21.0,"1,777,869,000","1,777,872,600","1,777,869,000","1,777,872,600",NODELAY,0,SHUTTLE_SERVICE,Electric,false,false,SHUTTLE,8,8,0
pinnacle-Slc,Clearwater Campus,CAB,"May 5, 2026",09:00,"3,000,021",LOGIN,false,Rohan Mikhailov Travel,KA 00 AB,KA 00 AB,4,12.5,13.1,"1,777,951,800","1,777,955,400","1,777,952,700","1,777,956,300",TRAFFIC,15,AUTO,Electric,False,False,NA,2,2,0
pinnacle-Slc,Oakmont Office,CAB,"May 5, 2026",09:00,"3,000,022",LOGIN,false,Pooja Mikhailov Travel,KA 01 AB,KA 01 AB,4,12.5,13.1,"1,777,951,800","1,777,955,400","1,777,951,800","1,777,955,400",NODELAY,0,AUTO,Diesel,False,False,NA,2,2,0
pinnacle-Slc,Clearwater Campus,CAB,"May 5, 2026",15:30,"3,000,023",LOGOUT,false,Rohan Mikhailov Travel,KA 02 AB,KA 02 AB,4,12.5,13.1,"1,777,975,200","1,777,978,800","1,777,975,200","1,777,978,800",NODELAY,0,AUTO,Diesel,False,False,NA,2,2,0
pinnacle-Slc,Oakmont Office,CAB,"May 5, 2026",15:30,"3,000,024",LOGOUT,false,Pooja Mikhailov Travel,KA 03 AB,KA 03 AB,4,12.5,13.1,"1,777,975,200","1,777,978,800","1,777,975,200","1,777,978,800",NODELAY,0,AUTO,Diesel,False,False,NA,2,5,0
pinnacle-Slc,Clearwater Campus,CAB,"May 5, 2026",09:00,"3,000,025",LOGIN,false,Rohan Mikhailov Travel,KA 04 AB,KA 04 AB,4,12.5,13.1,"1,777,951,800","1,777,955,400","1,777,951,800","1,777,955,400",NODELAY,0,AUTO,Diesel,False,False,NA,2,2,0
pinnacle-Slc,Oakmont Office,CAB,"May 5, 2026",09:00,"3,000,026",LOGIN,false,Pooja Mikhailov Travel,KA 05 AB,KA 05 AB,4,12.5,13.1,"1,777,951,800","1,777,955,400","1,777,951,800","1,777,955,400",NODELAY,0,AUTO,Electric,False,False,NA,2,2,0
pinnacle-Slc,Clearwater Campus,CAB,"May 5, 2026",15:30,"3,000,027",LOGOUT,false,Rohan Mikhailov Travel,KA 06 AB,KA 06 AB,4,12.5,13.1,"1,777,975,200","1,777,978,800","1,777,975,200","1,777,978,800",NODELAY,0,AUTO,Diesel,False,False,NA,2,2,0
pinnacle-Slc,Oakmont Office,CAB,"May 5, 2026",15:30,"3,000,028",LOGOUT,false,Pooja Mikhailov Travel,KA 07 AB,KA 07 AB,4,12.5,13.1,"1,777,975,200","1,777,978,800","1,777,975,200","1,777,978,800",NODELAY,0,AUTO,Diesel,False,False,NA,2,2,0
pinnacle-Slc,Clearwater Campus,CAB,"May 5, 2026",09:00,"3,000,029",LOGIN,false,Rohan Mikhailov Travel,KA 08 AB,KA 08 AB,4,12.5,13.1,"1,777,951,800","1,777,955,400","1,777,951,800","1,777,955,400",NODELAY,0,AUTO,Diesel,False,False,NA,2,2,0
pinnacle-Slc,Oakmont Office,CAB,"May 5, 2026",09:00,"3,000,030",LOGIN,false,Pooja Mikhailov Travel,KA 09 AB,KA 09 AB,4,12.5,13.1,"1,777,951,800","1,777,955,400","1,777,951,800","1,777,955,400",NODELAY,0,AUTO,Diesel,False,False,NA,2,2,0
pinnacle-Slc,Clearwater Campus,CAB,"May 5, 2026",15:30,"3,000,031",LOGOUT,false,Rohan Mikhailov Travel,KA 10 AB,KA 10 AB,4,12.5,13.1,"1,777,975,200","1,777,978,800","1,777,975,200","1,777,978,800",NODELAY,0,AUTO,Electric,False,False,NA,2,2,0
pinnacle-Slc,Oakmont Office,CAB,"May 5, 2026",15:30,"3,000,032",LOGOUT,false,Pooja Mikhailov Travel,KA 11 AB,KA 11 AB,4,12.5,13.1,"1,777,975,200","1,777,978,800","1,777,978,320","1,777,981,920",EMPLOYEE,52,AUTO,Diesel,False,False,NA,2,2,0
pinnacle-Slc,Clearwater Campus,CAB,"May 5, 2026",09:00,"3,000,033",LOGIN,false,Rohan Mikhailov Travel,KA 12 AB,KA 12 AB,4,12.5,13.1,"1,777,951,800","1,777,955,400","1,777,951,800","1,777,955,400",NODELAY,0,AUTO,Diesel,False,False,NA,2,2,0
pinnacle-Slc,Oakmont Office,CAB,"May 5, 2026",09:00,"3,000,034",LOGIN,false,Pooja Mikhailov Travel,KA 13 AB,KA 13 AB,4,12.5,13.1,"1,777,951,800","1,777,955,400","1,777,951,800","1,777,955,400",NODELAY,0,AUTO,Diesel,False,False,NA,2,2,0
pinnacle-Slc,Clearwater Campus,CAB,"May 5, 2026",15:30,"3,000,035",LOGOUT,false,Rohan Mikhailov Travel,KA 14 AB,KA 14 AB,4,12.5,13.1,"1,777,975,200","1,777,978,800","1,777,975,200","1,777,978,800",NODELAY,0,AUTO,Diesel,False,False,NA,2,2,0
pinnacle-Slc,Oakmont Office,CAB,"May 5, 2026",15:30,"3,000,036",LOGOUT,false,Pooja Mikhailov Travel,KA 15 AB,KA 15 AB,4,12.5,13.1,"1,777,975,200","1,777,978,800","1,777,975,200","1,777,978,800",NODELAY,0,AUTO,Electric,False,False,NA,2,2,0
pinnacle-Slc,Clearwater Campus,CAB,"May 5, 2026",09:00,"3,000,037",LOGIN,false,Rohan Mikhailov Travel,KA 16 AB,KA 16 AB,4,12.5,13.1,"1,777,951,800","1,777,955,400","1,777,951,800","1,777,955,400",NODELAY,0,AUTO,Diesel,False,False,NA,2,2,0
pinnacle-Slc,Oakmont Office,CAB,"May 5, 2026",09:00,"3,000,038",LOGIN,false,Pooja Mikhailov Travel,KA 17 AB,KA 17 AB,4,12.5,13.1,"1,777,951,800","1,777,955,400","1,777,951,800","1,777,955,400",NODELAY,0,AUTO,Diesel,False,False,NA,2,2,0
pinnacle-Slc,Clearwater Campus,CAB,"May 5, 2026",15:30,"3,000,039",LOGOUT,false,Rohan Mikhailov Travel,KA 18 AB,KA 18 AB,4,12.5,13.1,"1,777,975,200","1,777,978,800","1,777,975,200","1,777,978,800",NODELAY,0,AUTO,Diesel,False,False,NA,2,2,0
pinnacle-Slc,Oakmont Office,CAB,"May 5, 2026",15:30,"3,000,040",LOGOUT,false,Pooja Mikhailov Travel,KA 19 AB,KA 19 AB,4,12.5,13.1,"1,777,975,200","1,777,978,800","1,777,975,200","1,777,978,800",NODELAY,0,AUTO,Diesel,False,False,NA,2,2,0
orbit-Slc,Eastgate Office,BUS,"May 5, 2026",10:00,"1,200,045",LOGIN,true,Rohan Mikhailov Travel,OR 01 ZZ,OR 01 ZZ,12,20.0,21.0,"1,777,955,400","1,777,959,000","1,777,955,400","1,777,959,000",NODELAY,0,SHUTTLE_SERVICE,Electric,false,false,SHUTTLE,8,8,0
orbit-Slc,Eastgate Office,BUS,"May 5, 2026",10:00,"1,200,046",LOGIN,true,Rohan Mikhailov Travel,OR 01 ZZ,OR 01 ZZ,12,20.0,21.0,"1,777,955,400","1,777,959,000","1,777,955,400","1,777,959,000",NODELAY,0,SHUTTLE_SERVICE,Electric,false,false,SHUTTLE,8,8,0
orbit-Slc,Eastgate Office,BUS,"May 5, 2026",10:00,"1,200,047",LOGIN,true,Rohan Mikhailov Travel,OR 01 ZZ,OR 01 ZZ,12,20.0,21.0,"1,777,955,400","1,777,959,000","1,777,955,400","1,777,959,000",NODELAY,0,SHUTTLE_SERVICE,Electric,false,false,SHUTTLE,8,8,0
orbit-Slc,Eastgate Office,BUS,"May 5, 2026",10:00,"1,200,048",LOGIN,true,Rohan Mikhailov Travel,OR 01 ZZ,OR 01 ZZ,12,20.0,21.0,"1,777,955,400","1,777,959,000","1,777,955,400","1,777,959,000",NODELAY,0,SHUTTLE_SERVICE,Electric,false,false,SHUTTLE,8,8,0
orbit-Slc,Eastgate Office,BUS,"May 5, 2026",10:00,"1,200,049",LOGIN,true,Rohan Mikhailov Travel,OR 01 ZZ,OR 01 ZZ,12,20.0,21.0,"1,777,955,400","1,777,959,000","1,777,955,400","1,777,959,000",NODELAY,0,SHUTTLE_SERVICE,Electric,false,false,SHUTTLE,8,8,0
pinnacle-Slc,Clearwater Campus,CAB,"May 6, 2026",09:00,"3,000,041",LOGIN,false,Rohan Mikhailov Travel,KA 00 AB,KA 00 AB,4,12.5,13.1,"1,778,038,200","1,778,041,800","1,778,039,100","1,778,042,700",DRIVER,15,AUTO,Electric,False,False,NA,2,2,0
pinnacle-Slc,Oakmont Office,CAB,"May 6, 2026",09:00,"3,000,042",LOGIN,false,Pooja Mikhailov Travel,KA 01 AB,KA 01 AB,4,12.5,13.1,"1,778,038,200","1,778,041,800","1,778,038,200","1,778,041,800",NODELAY,0,AUTO,Diesel,False,False,NA,2,2,0
pinnacle-Slc,Clearwater Campus,CAB,"May 6, 2026",15:30,"3,000,043",LOGOUT,false,Rohan Mikhailov Travel,KA 02 AB,KA 02 AB,4,12.5,13.1,"1,778,061,600","1,778,065,200","1,778,061,600","1,778,065,200",NODELAY,0,AUTO,Diesel,False,False,NA,2,2,0
pinnacle-Slc,Oakmont Office,CAB,"May 6, 2026",15:30,"3,000,044",LOGOUT,false,Pooja Mikhailov Travel,KA 03 AB,KA 03 AB,4,12.5,13.1,"1,778,061,600","1,778,065,200","1,778,061,600","1,778,065,200",NODELAY,0,AUTO,Diesel,False,False,NA,2,5,0
pinnacle-Slc,Clearwater Campus,CAB,"May 6, 2026",09:00,"3,000,045",LOGIN,false,Rohan Mikhailov Travel,KA 04 AB,KA 04 AB,4,12.5,13.1,"1,778,038,200","1,778,041,800","1,778,038,200","1,778,041,800",NODELAY,0,AUTO,Diesel,False,False,NA,2,2,0
pinnacle-Slc,Oakmont Office,CAB,"May 6, 2026",09:00,"3,000,046",LOGIN,false,Pooja Mikhailov Travel,KA 05 AB,KA 05 AB,4,12.5,13.1,"1,778,038,200","1,778,041,800","1,778,038,200","1,778,041,800",NODELAY,0,AUTO,Electric,False,False,NA,2,2,0
pinnacle-Slc,Clearwater Campus,CAB,"May 6, 2026",15:30,"3,000,047",LOGOUT,false,Rohan Mikhailov Travel,KA 06 AB,KA 06 AB,4,12.5,13.1,"1,778,061,600","1,778,065,200","1,778,061,600","1,778,065,200",NODELAY,0,AUTO,Diesel,False,False,NA,2,2,0
pinnacle-Slc,Oakmont Office,CAB,"May 6, 2026",15:30,"3,000,048",LOGOUT,false,Pooja Mikhailov Travel,KA 07 AB,KA 07 AB,4,12.5,13.1,"1,778,061,600","1,778,065,200","1,778,061,600","1,778,065,200",NODELAY,0,AUTO,Diesel,False,False,NA,2,2,0
pinnacle-Slc,Clearwater Campus,CAB,"May 6, 2026",09:00,"3,000,049",LOGIN,false,Rohan Mikhailov Travel,KA 08 AB,KA 08 AB,4,12.5,13.1,"1,778,038,200","1,778,041,800","1,778,038,200","1,778,041,800",NODELAY,0,AUTO,Diesel,False,False,NA,2,2,0
pinnacle-Slc,Oakmont Office,CAB,"May 6, 2026",09:00,"3,000,050",LOGIN,false,Pooja Mikhailov Travel,KA 09 AB,KA 09 AB,4,12.5,13.1,"1,778,038,200","1,778,041,800","1,778,038,200","1,778,041,800",NODELAY,0,AUTO,Diesel,False,False,NA,2,2,0
pinnacle-Slc,Clearwater Campus,CAB,"May 6, 2026",15:30,"3,000,051",LOGOUT,false,Rohan Mikhailov Travel,KA 10 AB,KA 10 AB,4,12.5,13.1,"1,778,061,600","1,778,065,200","1,778,061,600","1,778,065,200",NODELAY,0,AUTO,Electric,False,False,NA,2,2,0
pinnacle-Slc,Oakmont Office,CAB,"May 6, 2026",15:30,"3,000,052",LOGOUT,false,Pooja Mikhailov Travel,KA 11 AB,KA 11 AB,4,12.5,13.1,"1,778,061,600","1,778,065,200","1,778,064,720","1,778,068,320",TRAFFIC,52,AUTO,Diesel,False,False,NA,2,2,0
pinnacle-Slc,Clearwater Campus,CAB,"May 6, 2026",09:00,"3,000,053",LOGIN,false,Rohan Mikhailov Travel,KA 12 AB,KA 12 AB,4,12.5,13.1,"1,778,038,200","1,778,041,800","1,778,038,200","1,778,041,800",NODELAY,0,AUTO,Diesel,False,False,NA,2,2,0
pinnacle-Slc,Oakmont Office,CAB,"May 6, 2026",09:00,"3,000,054",LOGIN,false,Pooja Mikhailov Travel,KA 13 AB,KA 13 AB,4,12.5,13.1,"1,778,038,200","1,778,041,800","1,778,038,200","1,778,041,800",NODELAY,0,AUTO,Diesel,False,False,NA,2,2,0
pinnacle-Slc,Clearwater Campus,CAB,"May 6, 2026",15:30,"3,000,055",LOGOUT,false,Rohan Mikhailov Travel,KA 14 AB,KA 14 AB,4,12.5,13.1,"1,778,061,600","1,778,065,200","1,778,061,600","1,778,065,200",NODELAY,0,AUTO,Diesel,False,False,NA,2,2,0
pinnacle-Slc,Oakmont Office,CAB,"May 6, 2026",15:30,"3,000,056",LOGOUT,false,Pooja Mikhailov Travel,KA 15 AB,KA 15 AB,4,12.5,13.1,"1,778,061,600","1,778,065,200","1,778,061,600","1,778,065,200",NODELAY,0,AUTO,Electric,False,False,NA,2,2,0
pinnacle-Slc,Clearwater Campus,CAB,"May 6, 2026",09:00,"3,000,057",LOGIN,false,Rohan Mikhailov Travel,KA 16 AB,KA 16 AB,4,12.5,13.1,"1,778,038,200","1,778,041,800","1,778,038,200","1,778,041,800",NODELAY,0,AUTO,Diesel,False,False,NA,2,2,0
pinnacle-Slc,Oakmont Office,CAB,"May 6, 2026",09:00,"3,000,058",LOGIN,false,Pooja Mikhailov Travel,KA 17 AB,KA 17 AB,4,12.5,13.1,"1,778,038,200","1,778,041,800","1,778,038,200","1,778,041,800",NODELAY,0,AUTO,Diesel,False,False,NA,2,2,0
pinnacle-Slc,Clearwater Campus,CAB,"May 6, 2026",15:30,"3,000,059",LOGOUT,false,Rohan Mikhailov Travel,KA 18 AB,KA 18 AB,4,12.5,13.1,"1,778,061,600","1,778,065,200","1,778,061,600","1,778,065,200",NODELAY,0,AUTO,Diesel,False,False,NA,2,2,0
pinnacle-Slc,Oakmont Office,CAB,"May 6, 2026",15:30,"3,000,060",LOGOUT,false,Pooja Mikhailov Travel,KA 19 AB,KA 19 AB,4,12.5,13.1,"1,778,061,600","1,778,065,200","1,778,061,600","1,778,065,200",NODELAY,0,AUTO,Diesel,False,False,NA,2,2,0
orbit-Slc,Eastgate Office,BUS,"May 6, 2026",10:00,"1,200,070",LOGIN,true,Rohan Mikhailov Travel,OR 01 ZZ,OR 01 ZZ,12,20.0,21.0,"1,778,041,800","1,778,045,400","1,778,041,800","1,778,045,400",NODELAY,0,SHUTTLE_SERVICE,Electric,false,false,SHUTTLE,8,8,0
orbit-Slc,Eastgate Office,BUS,"May 6, 2026",10:00,"1,200,071",LOGIN,true,Rohan Mikhailov Travel,OR 01 ZZ,OR 01 ZZ,12,20.0,21.0,"1,778,041,800","1,778,045,400","1,778,041,800","1,778,045,400",NODELAY,0,SHUTTLE_SERVICE,Electric,false,false,SHUTTLE,8,8,0
orbit-Slc,Eastgate Office,BUS,"May 6, 2026",10:00,"1,200,072",LOGIN,true,Rohan Mikhailov Travel,OR 01 ZZ,OR 01 ZZ,12,20.0,21.0,"1,778,041,800","1,778,045,400","1,778,041,800","1,778,045,400",NODELAY,0,SHUTTLE_SERVICE,Electric,false,false,SHUTTLE,8,8,0
orbit-Slc,Eastgate Office,BUS,"May 6, 2026",10:00,"1,200,073",LOGIN,true,Rohan Mikhailov Travel,OR 01 ZZ,OR 01 ZZ,12,20.0,21.0,"1,778,041,800","1,778,045,400","1,778,041,800","1,778,045,400",NODELAY,0,SHUTTLE_SERVICE,Electric,false,false,SHUTTLE,8,8,0
orbit-Slc,Eastgate Office,BUS,"May 6, 2026",10:00,"1,200,074",LOGIN,true,Rohan Mikhailov Travel,OR 01 ZZ,OR 01 ZZ,12,20.0,21.0,"1,778,041,800","1,778,045,400","1,778,041,800","1,778,045,400",NODELAY,0,SHUTTLE_SERVICE,Electric,false,false,SHUTTLE,8,8,0
pinnacle-Slc,Clearwater Campus,CAB,"May 7, 2026",09:00,"3,000,061",LOGIN,false,Rohan Mikhailov Travel,KA 00 AB,KA 00 AB,4,12.5,13.1,"1,778,124,600","1,778,128,200","1,778,125,500","1,778,129,100",EMPLOYEE,15,AUTO,Electric,False,False,NA,2,2,0
pinnacle-Slc,Oakmont Office,CAB,"May 7, 2026",09:00,"3,000,062",LOGIN,false,Pooja Mikhailov Travel,KA 01 AB,KA 01 AB,4,12.5,13.1,"1,778,124,600","1,778,128,200","1,778,124,600","1,778,128,200",NODELAY,0,AUTO,Diesel,False,False,NA,2,2,0
pinnacle-Slc,Clearwater Campus,CAB,"May 7, 2026",15:30,"3,000,063",LOGOUT,false,Rohan Mikhailov Travel,KA 02 AB,KA 02 AB,4,12.5,13.1,"1,778,148,000","1,778,151,600","1,778,148,000","1,778,151,600",NODELAY,0,AUTO,Diesel,False,False,NA,2,2,0
pinnacle-Slc,Oakmont Office,CAB,"May 7, 2026",15:30,"3,000,064",LOGOUT,false,Pooja Mikhailov Travel,KA 03 AB,KA 03 AB,4,12.5,13.1,"1,778,148,000","1,778,151,600","1,778,148,000","1,778,151,600",NODELAY,0,AUTO,Diesel,False,False,NA,2,5,0
pinnacle-Slc,Clearwater Campus,CAB,"May 7, 2026",09:00,"3,000,065",LOGIN,false,Rohan Mikhailov Travel,KA 04 AB,KA 04 AB,4,12.5,13.1,"1,778,124,600","1,778,128,200","1,778,124,600","1,778,128,200",NODELAY,0,AUTO,Diesel,False,False,NA,2,2,0
pinnacle-Slc,Oakmont Office,CAB,"May 7, 2026",09:00,"3,000,066",LOGIN,false,Pooja Mikhailov Travel,KA 05 AB,KA 05 AB,4,12.5,13.1,"1,778,124,600","1,778,128,200","1,778,124,600","1,778,128,200",NODELAY,0,AUTO,Electric,False,False,NA,2,2,0
pinnacle-Slc,Clearwater Campus,CAB,"May 7, 2026",15:30,"3,000,067",LOGOUT,false,Rohan Mikhailov Travel,KA 06 AB,KA 06 AB,4,12.5,13.1,"1,778,148,000","1,778,151,600","1,778,148,000","1,778,151,600",NODELAY,0,AUTO,Diesel,False,False,NA,2,2,0
pinnacle-Slc,Oakmont Office,CAB,"May 7, 2026",15:30,"3,000,068",LOGOUT,false,Pooja Mikhailov Travel,KA 07 AB,KA 07 AB,4,12.5,13.1,"1,778,148,000","1,778,151,600","1,778,148,000","1,778,151,600",NODELAY,0,AUTO,Diesel,False,False,NA,2,2,0
pinnacle-Slc,Clearwater Campus,CAB,"May 7, 2026",09:00,"3,000,069",LOGIN,false,Rohan Mikhailov Travel,KA 08 AB,KA 08 AB,4,12.5,13.1,"1,778,124,600","1,778,128,200","1,778,124,600","1,778,128,200",NODELAY,0,AUTO,Diesel,False,False,NA,2,2,0
pinnacle-Slc,Oakmont Office,CAB,"May 7, 2026",09:00,"3,000,070",LOGIN,false,Pooja Mikhailov Travel,KA 09 AB,KA 09 AB,4,12.5,13.1,"1,778,124,600","1,778,128,200","1,778,124,600","1,778,128,200",NODELAY,0,AUTO,Diesel,False,False,NA,2,2,0
pinnacle-Slc,Clearwater Campus,CAB,"May 7, 2026",15:30,"3,000,071",LOGOUT,false,Rohan Mikhailov Travel,KA 10 AB,KA 10 AB,4,12.5,13.1,"1,778,148,000","1,778,151,600","1,778,148,000","1,778,151,600",NODELAY,0,AUTO,Electric,False,False,NA,2,2,0
pinnacle-Slc,Oakmont Office,CAB,"May 7, 2026",15:30,"3,000,072",LOGOUT,false,Pooja Mikhailov Travel,KA 11 AB,KA 11 AB,4,12.5,13.1,"1,778,148,000","1,778,151,600","1,778,151,120","1,778,154,720",DRIVER,52,AUTO,Diesel,False,False,NA,2,2,0
pinnacle-Slc,Clearwater Campus,CAB,"May 7, 2026",09:00,"3,000,073",LOGIN,false,Rohan Mikhailov Travel,KA 12 AB,KA 12 AB,4,12.5,13.1,"1,778,124,600","1,778,128,200","1,778,124,600","1,778,128,200",NODELAY,0,AUTO,Diesel,False,False,NA,2,2,0
pinnacle-Slc,Oakmont Office,CAB,"May 7, 2026",09:00,"3,000,074",LOGIN,false,Pooja Mikhailov Travel,KA 13 AB,KA 13 AB,4,12.5,13.1,"1,778,124,600","1,778,128,200","1,778,124,600","1,778,128,200",NODELAY,0,AUTO,Diesel,False,False,NA,2,2,0
pinnacle-Slc,Clearwater Campus,CAB,"May 7, 2026",15:30,"3,000,075",LOGOUT,false,Rohan Mikhailov Travel,KA 14 AB,KA 14 AB,4,12.5,13.1,"1,778,148,000","1,778,151,600","1,778,148,000","1,778,151,600",NODELAY,0,AUTO,Diesel,False,False,NA,2,2,0
pinnacle-Slc,Oakmont Office,CAB,"May 7, 2026",15:30,"3,000,076",LOGOUT,false,Pooja Mikhailov Travel,KA 15 AB,KA 15 AB,4,12.5,13.1,"1,778,148,000","1,778,151,600","1,778,148,000","1,778,151,600",NODELAY,0,AUTO,Electric,False,False,NA,2,2,0
pinnacle-Slc,Clearwater Campus,CAB,"May 7, 2026",09:00,"3,000,077",LOGIN,false,Rohan Mikhailov Travel,KA 16 AB,KA 16 AB,4,12.5,13.1,"1,778,124,600","1,778,128,200","1,778,124,600","1,778,128,200",NODELAY,0,AUTO,Diesel,False,False,NA,2,2,0
pinnacle-Slc,Oakmont Office,CAB,"May 7, 2026",09:00,"3,000,078",LOGIN,false,Pooja Mikhailov Travel,KA 17 AB,KA 17 AB,4,12.5,13.1,"1,778,124,600","1,778,128,200","1,778,124,600","1,778,128,200",NODELAY,0,AUTO,Diesel,False,False,NA,2,2,0
pinnacle-Slc,Clearwater Campus,CAB,"May 7, 2026",15:30,"3,000,079",LOGOUT,false,Rohan Mikhailov Travel,KA 18 AB,KA 18 AB,4,12.5,13.1,"1,778,148,000","1,778,151,600","1,778,148,000","1,778,151,600",NODELAY,0,AUTO,Diesel,False,False,NA,2,2,0
pinnacle-Slc,Oakmont Office,CAB,"May 7, 2026",15:30,"3,000,080",LOGOUT,false,Pooja Mikhailov Travel,KA 19 AB,KA 19 AB,4,12.5,13.1,"1,778,148,000","1,778,151,600","1,778,148,000","1,778,151,600",NODELAY,0,AUTO,Diesel,False,False,NA,2,2,0
orbit-Slc,Eastgate Office,BUS,"May 7, 2026",10:00,"1,200,095",LOGIN,true,Rohan Mikhailov Travel,OR 01 ZZ,OR 01 ZZ,12,20.0,21.0,"1,778,128,200","1,778,131,800","1,778,128,200","1,778,131,800",NODELAY,0,SHUTTLE_SERVICE,Electric,false,false,SHUTTLE,8,8,0
orbit-Slc,Eastgate Office,BUS,"May 7, 2026",10:00,"1,200,096",LOGIN,true,Rohan Mikhailov Travel,OR 01 ZZ,OR 01 ZZ,12,20.0,21.0,"1,778,128,200","1,778,131,800","1,778,128,200","1,778,131,800",NODELAY,0,SHUTTLE_SERVICE,Electric,false,false,SHUTTLE,8,8,0
orbit-Slc,Eastgate Office,BUS,"May 7, 2026",10:00,"1,200,097",LOGIN,true,Rohan Mikhailov Travel,OR 01 ZZ,OR 01 ZZ,12,20.0,21.0,"1,778,128,200","1,778,131,800","1,778,128,200","1,778,131,800",NODELAY,0,SHUTTLE_SERVICE,Electric,false,false,SHUTTLE,8,8,0
orbit-Slc,Eastgate Office,BUS,"May 7, 2026",10:00,"1,200,098",LOGIN,true,Rohan Mikhailov Travel,OR 01 ZZ,OR 01 ZZ,12,20.0,21.0,"1,778,128,200","1,778,131,800","1,778,128,200","1,778,131,800",NODELAY,0,SHUTTLE_SERVICE,Electric,false,false,SHUTTLE,8,8,0
orbit-Slc,Eastgate Office,BUS,"May 7, 2026",10:00,"1,200,099",LOGIN,true,Rohan Mikhailov Travel,OR 01 ZZ,OR 01 ZZ,12,20.0,21.0,"1,778,128,200","1,778,131,800","1,778,128,200","1,778,131,800",NODELAY,0,SHUTTLE_SERVICE,Electric,false,false,SHUTTLE,8,8,0
pinnacle-Slc,Clearwater Campus,CAB,"May 8, 2026",09:00,"3,000,081",LOGIN,false,Rohan Mikhailov Travel,KA 00 AB,KA 00 AB,4,12.5,13.1,"1,778,211,000","1,778,214,600","1,778,211,900","1,778,215,500",TRAFFIC,15,AUTO,Electric,False,False,NA,2,2,0
pinnacle-Slc,Oakmont Office,CAB,"May 8, 2026",09:00,"3,000,082",LOGIN,false,Pooja Mikhailov Travel,KA 01 AB,KA 01 AB,4,12.5,13.1,"1,778,211,000","1,778,214,600","1,778,211,000","1,778,214,600",NODELAY,0,AUTO,Diesel,False,False,NA,2,2,0
pinnacle-Slc,Clearwater Campus,CAB,"May 8, 2026",15:30,"3,000,083",LOGOUT,false,Rohan Mikhailov Travel,KA 02 AB,KA 02 AB,4,12.5,13.1,"1,778,234,400","1,778,238,000","1,778,234,400","1,778,238,000",NODELAY,0,AUTO,Diesel,False,False,NA,2,2,0
pinnacle-Slc,Oakmont Office,CAB,"May 8, 2026",15:30,"3,000,084",LOGOUT,false,Pooja Mikhailov Travel,KA 03 AB,KA 03 AB,4,12.5,13.1,"1,778,234,400","1,778,238,000","1,778,234,400","1,778,238,000",NODELAY,0,AUTO,Diesel,False,False,NA,2,5,0
pinnacle-Slc,Clearwater Campus,CAB,"May 8, 2026",09:00,"3,000,085",LOGIN,false,Rohan Mikhailov Travel,KA 04 AB,KA 04 AB,4,12.5,13.1,"1,778,211,000","1,778,214,600","1,778,211,000","1,778,214,600",NODELAY,0,AUTO,Diesel,False,False,NA,2,2,0
pinnacle-Slc,Oakmont Office,CAB,"May 8, 2026",09:00,"3,000,086",LOGIN,false,Pooja Mikhailov Travel,KA 05 AB,KA 05 AB,4,12.5,13.1,"1,778,211,000","1,778,214,600","1,778,211,000","1,778,214,600",NODELAY,0,AUTO,Electric,False,False,NA,2,2,0
pinnacle-Slc,Clearwater Campus,CAB,"May 8, 2026",15:30,"3,000,087",LOGOUT,false,Rohan Mikhailov Travel,KA 06 AB,KA 06 AB,4,12.5,13.1,"1,778,234,400","1,778,238,000","1,778,234,400","1,778,238,000",NODELAY,0,AUTO,Diesel,False,False,NA,2,2,0
pinnacle-Slc,Oakmont Office,CAB,"May 8, 2026",15:30,"3,000,088",LOGOUT,false,Pooja Mikhailov Travel,KA 07 AB,KA 07 AB,4,12.5,13.1,"1,778,234,400","1,778,238,000","1,778,234,400","1,778,238,000",NODELAY,0,AUTO,Diesel,False,False,NA,2,2,0
pinnacle-Slc,Clearwater Campus,CAB,"May 8, 2026",09:00,"3,000,089",LOGIN,false,Rohan Mikhailov Travel,KA 08 AB,KA 08 AB,4,12.5,13.1,"1,778,211,000","1,778,214,600","1,778,211,000","1,778,214,600",NODELAY,0,AUTO,Diesel,False,False,NA,2,2,0
pinnacle-Slc,Oakmont Office,CAB,"May 8, 2026",09:00,"3,000,090",LOGIN,false,Pooja Mikhailov Travel,KA 09 AB,KA 09 AB,4,12.5,13.1,"1,778,211,000","1,778,214,600","1,778,211,000","1,778,214,600",NODELAY,0,AUTO,Diesel,False,False,NA,2,2,0
pinnacle-Slc,Clearwater Campus,CAB,"May 8, 2026",15:30,"3,000,091",LOGOUT,false,Rohan Mikhailov Travel,KA 10 AB,KA 10 AB,4,12.5,13.1,"1,778,234,400","1,778,238,000","1,778,234,400","1,778,238,000",NODELAY,0,AUTO,Electric,False,False,NA,2,2,0
pinnacle-Slc,Oakmont Office,CAB,"May 8, 2026",15:30,"3,000,092",LOGOUT,false,Pooja Mikhailov Travel,KA 11 AB,KA 11 AB,4,12.5,13.1,"1,778,234,400","1,778,238,000","1,778,237,520","1,778,241,120",EMPLOYEE,52,AUTO,Diesel,False,False,NA,2,2,0
pinnacle-Slc,Clearwater Campus,CAB,"May 8, 2026",09:00,"3,000,093",LOGIN,false,Rohan Mikhailov Travel,KA 12 AB,KA 12 AB,4,12.5,13.1,"1,778,211,000","1,778,214,600","1,778,211,000","1,778,214,600",NODELAY,0,AUTO,Diesel,False,False,NA,2,2,0
pinnacle-Slc,Oakmont Office,CAB,"May 8, 2026",09:00,"3,000,094",LOGIN,false,Pooja Mikhailov Travel,KA 13 AB,KA 13 AB,4,12.5,13.1,"1,778,211,000","1,778,214,600","1,778,211,000","1,778,214,600",NODELAY,0,AUTO,Diesel,False,False,NA,2,2,0
pinnacle-Slc,Clearwater Campus,CAB,"May 8, 2026",15:30,"3,000,095",LOGOUT,false,Rohan Mikhailov Travel,KA 14 AB,KA 14 AB,4,12.5,13.1,"1,778,234,400","1,778,238,000","1,778,234,400","1,778,238,000",NODELAY,0,AUTO,Diesel,False,False,NA,2,2,0
pinnacle-Slc,Oakmont Office,CAB,"May 8, 2026",15:30,"3,000,096",LOGOUT,false,Pooja Mikhailov Travel,KA 15 AB,KA 15 AB,4,12.5,13.1,"1,778,234,400","1,778,238,000","1,778,234,400","1,778,238,000",NODELAY,0,AUTO,Electric,False,False,NA,2,2,0
pinnacle-Slc,Clearwater Campus,CAB,"May 8, 2026",09:00,"3,000,097",LOGIN,false,Rohan Mikhailov Travel,KA 16 AB,KA 16 AB,4,12.5,13.1,"1,778,211,000","1,778,214,600","1,778,211,000","1,778,214,600",NODELAY,0,AUTO,Diesel,False,False,NA,2,2,0
pinnacle-Slc,Oakmont Office,CAB,"May 8, 2026",09:00,"3,000,098",LOGIN,false,Pooja Mikhailov Travel,KA 17 AB,KA 17 AB,4,12.5,13.1,"1,778,211,000","1,778,214,600","1,778,211,000","1,778,214,600",NODELAY,0,AUTO,Diesel,False,False,NA,2,2,0
pinnacle-Slc,Clearwater Campus,CAB,"May 8, 2026",15:30,"3,000,099",LOGOUT,false,Rohan Mikhailov Travel,KA 18 AB,KA 18 AB,4,12.5,13.1,"1,778,234,400","1,778,238,000","1,778,234,400","1,778,238,000",NODELAY,0,AUTO,Diesel,False,False,NA,2,2,0
pinnacle-Slc,Oakmont Office,CAB,"May 8, 2026",15:30,"3,000,100",LOGOUT,false,Pooja Mikhailov Travel,KA 19 AB,KA 19 AB,4,12.5,13.1,"1,778,234,400","1,778,238,000","1,778,234,400","1,778,238,000",NODELAY,0,AUTO,Diesel,False,False,NA,2,2,0
orbit-Slc,Eastgate Office,BUS,"May 8, 2026",10:00,"1,200,120",LOGIN,true,Rohan Mikhailov Travel,OR 01 ZZ,OR 01 ZZ,12,20.0,21.0,"1,778,214,600","1,778,218,200","1,778,214,600","1,778,218,200",NODELAY,0,SHUTTLE_SERVICE,Electric,false,false,SHUTTLE,8,8,0
orbit-Slc,Eastgate Office,BUS,"May 8, 2026",10:00,"1,200,121",LOGIN,true,Rohan Mikhailov Travel,OR 01 ZZ,OR 01 ZZ,12,20.0,21.0,"1,778,214,600","1,778,218,200","1,778,214,600","1,778,218,200",NODELAY,0,SHUTTLE_SERVICE,Electric,false,false,SHUTTLE,8,8,0
orbit-Slc,Eastgate Office,BUS,"May 8, 2026",10:00,"1,200,122",LOGIN,true,Rohan Mikhailov Travel,OR 01 ZZ,OR 01 ZZ,12,20.0,21.0,"1,778,214,600","1,778,218,200","1,778,214,600","1,778,218,200",NODELAY,0,SHUTTLE_SERVICE,Electric,false,false,SHUTTLE,8,8,0
orbit-Slc,Eastgate Office,BUS,"May 8, 2026",10:00,"1,200,123",LOGIN,true,Rohan Mikhailov Travel,OR 01 ZZ,OR 01 ZZ,12,20.0,21.0,"1,778,214,600","1,778,218,200","1,778,214,600","1,778,218,200",NODELAY,0,SHUTTLE_SERVICE,Electric,false,false,SHUTTLE,8,8,0
orbit-Slc,Eastgate Office,BUS,"May 8, 2026",10:00,"1,200,124",LOGIN,true,Rohan Mikhailov Travel,OR 01 ZZ,OR 01 ZZ,12,20.0,21.0,"1,778,214,600","1,778,218,200","1,778,214,600","1,778,218,200",NODELAY,0,SHUTTLE_SERVICE,Electric,false,false,SHUTTLE,8,8,0
pinnacle-Slc,Clearwater Campus,CAB,"May 9, 2026",09:00,"3,000,101",LOGIN,false,Rohan Mikhailov Travel,KA 00 AB,KA 00 AB,4,12.5,13.1,"1,778,297,400","1,778,301,000","1,778,298,300","1,778,301,900",DRIVER,15,AUTO,Electric,False,False,NA,2,2,0
pinnacle-Slc,Oakmont Office,CAB,"May 9, 2026",09:00,"3,000,102",LOGIN,false,Pooja Mikhailov Travel,KA 01 AB,KA 01 AB,4,12.5,13.1,"1,778,297,400","1,778,301,000","1,778,297,400","1,778,301,000",NODELAY,0,AUTO,Diesel,False,False,NA,2,2,0
pinnacle-Slc,Clearwater Campus,CAB,"May 9, 2026",15:30,"3,000,103",LOGOUT,false,Rohan Mikhailov Travel,KA 02 AB,KA 02 AB,4,12.5,13.1,"1,778,320,800","1,778,324,400","1,778,320,800","1,778,324,400",NODELAY,0,AUTO,Diesel,False,False,NA,2,2,0
pinnacle-Slc,Oakmont Office,CAB,"May 9, 2026",15:30,"3,000,104",LOGOUT,false,Pooja Mikhailov Travel,KA 03 AB,KA 03 AB,4,12.5,13.1,"1,778,320,800","1,778,324,400","1,778,320,800","1,778,324,400",NODELAY,0,AUTO,Diesel,False,False,NA,2,5,0
pinnacle-Slc,Clearwater Campus,CAB,"May 9, 2026",09:00,"3,000,105",LOGIN,false,Rohan Mikhailov Travel,KA 04 AB,KA 04 AB,4,12.5,13.1,"1,778,297,400","1,778,301,000","1,778,297,400","1,778,301,000",NODELAY,0,AUTO,Diesel,False,False,NA,2,2,0
pinnacle-Slc,Oakmont Office,CAB,"May 9, 2026",09:00,"3,000,106",LOGIN,false,Pooja Mikhailov Travel,KA 05 AB,KA 05 AB,4,12.5,13.1,"1,778,297,400","1,778,301,000","1,778,297,400","1,778,301,000",NODELAY,0,AUTO,Electric,False,False,NA,2,2,0
pinnacle-Slc,Clearwater Campus,CAB,"May 9, 2026",15:30,"3,000,107",LOGOUT,false,Rohan Mikhailov Travel,KA 06 AB,KA 06 AB,4,12.5,13.1,"1,778,320,800","1,778,324,400","1,778,320,800","1,778,324,400",NODELAY,0,AUTO,Diesel,False,False,NA,2,2,0
pinnacle-Slc,Oakmont Office,CAB,"May 9, 2026",15:30,"3,000,108",LOGOUT,false,Pooja Mikhailov Travel,KA 07 AB,KA 07 AB,4,12.5,13.1,"1,778,320,800","1,778,324,400","1,778,320,800","1,778,324,400",NODELAY,0,AUTO,Diesel,False,False,NA,2,2,0
pinnacle-Slc,Clearwater Campus,CAB,"May 9, 2026",09:00,"3,000,109",LOGIN,false,Rohan Mikhailov Travel,KA 08 AB,KA 08 AB,4,12.5,13.1,"1,778,297,400","1,778,301,000","1,778,297,400","1,778,301,000",NODELAY,0,AUTO,Diesel,False,False,NA,2,2,0
pinnacle-Slc,Oakmont Office,CAB,"May 9, 2026",09:00,"3,000,110",LOGIN,false,Pooja Mikhailov Travel,KA 09 AB,KA 09 AB,4,12.5,13.1,"1,778,297,400","1,778,301,000","1,778,297,400","1,778,301,000",NODELAY,0,AUTO,Diesel,False,False,NA,2,2,0
pinnacle-Slc,Clearwater Campus,CAB,"May 9, 2026",15:30,"3,000,111",LOGOUT,false,Rohan Mikhailov Travel,KA 10 AB,KA 10 AB,4,12.5,13.1,"1,778,320,800","1,778,324,400","1,778,320,800","1,778,324,400",NODELAY,0,AUTO,Electric,False,False,NA,2,2,0
pinnacle-Slc,Oakmont Office,CAB,"May 9, 2026",15:30,"3,000,112",LOGOUT,false,Pooja Mikhailov Travel,KA 11 AB,KA 11 AB,4,12.5,13.1,"1,778,320,800","1,778,324,400","1,778,323,920","1,778,327,520",TRAFFIC,52,AUTO,Diesel,False,False,NA,2,2,0
pinnacle-Slc,Clearwater Campus,CAB,"May 9, 2026",09:00,"3,000,113",LOGIN,false,Rohan Mikhailov Travel,KA 12 AB,KA 12 AB,4,12.5,13.1,"1,778,297,400","1,778,301,000","1,778,297,400","1,778,301,000",NODELAY,0,AUTO,Diesel,False,False,NA,2,2,0
pinnacle-Slc,Oakmont Office,CAB,"May 9, 2026",09:00,"3,000,114",LOGIN,false,Pooja Mikhailov Travel,KA 13 AB,KA 13 AB,4,12.5,13.1,"1,778,297,400","1,778,301,000","1,778,297,400","1,778,301,000",NODELAY,0,AUTO,Diesel,False,False,NA,2,2,0
pinnacle-Slc,Clearwater Campus,CAB,"May 9, 2026",15:30,"3,000,115",LOGOUT,false,Rohan Mikhailov Travel,KA 14 AB,KA 14 AB,4,12.5,13.1,"1,778,320,800","1,778,324,400","1,778,320,800","1,778,324,400",NODELAY,0,AUTO,Diesel,False,False,NA,2,2,0
pinnacle-Slc,Oakmont Office,CAB,"May 9, 2026",15:30,"3,000,116",LOGOUT,false,Pooja Mikhailov Travel,KA 15 AB,KA 15 AB,4,12.5,13.1,"1,778,320,800","1,778,324,400","1,778,320,800","1,778,324,400",NODELAY,0,AUTO,Electric,False,False,NA,2,2,0
pinnacle-Slc,Clearwater Campus,CAB,"May 9, 2026",09:00,"3,000,117",LOGIN,false,Rohan Mikhailov Travel,KA 16 AB,KA 16 AB,4,12.5,13.1,"1,778,297,400","1,778,301,000","1,778,297,400","1,778,301,000",NODELAY,0,AUTO,Diesel,False,False,NA,2,2,0
pinnacle-Slc,Oakmont Office,CAB,"May 9, 2026",09:00,"3,000,118",LOGIN,false,Pooja Mikhailov Travel,KA 17 AB,KA 17 AB,4,12.5,13.1,"1,778,297,400","1,778,301,000","1,778,297,400","1,778,301,000",NODELAY,0,AUTO,Diesel,False,False,NA,2,2,0
pinnacle-Slc,Clearwater Campus,CAB,"May 9, 2026",15:30,"3,000,119",LOGOUT,false,Rohan Mikhailov Travel,KA 18 AB,KA 18 AB,4,12.5,13.1,"1,778,320,800","1,778,324,400","1,778,320,800","1,778,324,400",NODELAY,0,AUTO,Diesel,False,False,NA,2,2,0
pinnacle-Slc,Oakmont Office,CAB,"May 9, 2026",15:30,"3,000,120",LOGOUT,false,Pooja Mikhailov Travel,KA 19 AB,KA 19 AB,4,12.5,13.1,"1,778,320,800","1,778,324,400","1,778,320,800","1,778,324,400",NODELAY,0,AUTO,Diesel,False,False,NA,2,2,0
orbit-Slc,Eastgate Office,BUS,"May 9, 2026",10:00,"1,200,145",LOGIN,true,Rohan Mikhailov Travel,OR 01 ZZ,OR 01 ZZ,12,20.0,21.0,"1,778,301,000","1,778,304,600","1,778,301,000","1,778,304,600",NODELAY,0,SHUTTLE_SERVICE,Electric,false,false,SHUTTLE,8,8,0
orbit-Slc,Eastgate Office,BUS,"May 9, 2026",10:00,"1,200,146",LOGIN,true,Rohan Mikhailov Travel,OR 01 ZZ,OR 01 ZZ,12,20.0,21.0,"1,778,301,000","1,778,304,600","1,778,301,000","1,778,304,600",NODELAY,0,SHUTTLE_SERVICE,Electric,false,false,SHUTTLE,8,8,0
orbit-Slc,Eastgate Office,BUS,"May 9, 2026",10:00,"1,200,147",LOGIN,true,Rohan Mikhailov Travel,OR 01 ZZ,OR 01 ZZ,12,20.0,21.0,"1,778,301,000","1,778,304,600","1,778,301,000","1,778,304,600",NODELAY,0,SHUTTLE_SERVICE,Electric,false,false,SHUTTLE,8,8,0
orbit-Slc,Eastgate Office,BUS,"May 9, 2026",10:00,"1,200,148",LOGIN,true,Rohan Mikhailov Travel,OR 01 ZZ,OR 01 ZZ,12,20.0,21.0,"1,778,301,000","1,778,304,600","1,778,301,000","1,778,304,600",NODELAY,0,SHUTTLE_SERVICE,Electric,false,false,SHUTTLE,8,8,0
orbit-Slc,Eastgate Office,BUS,"May 9, 2026",10:00,"1,200,149",LOGIN,true,Rohan Mikhailov Travel,OR 01 ZZ,OR 01 ZZ,12,20.0,21.0,"1,778,301,000","1,778,304,600","1,778,301,000","1,778,304,600",NODELAY,0,SHUTTLE_SERVICE,Electric,false,false,SHUTTLE,8,8,0
pinnacle-Slc,Clearwater Campus,CAB,"May 10, 2026",09:00,"3,000,121",LOGIN,false,Rohan Mikhailov Travel,KA 00 AB,KA 00 AB,4,12.5,13.1,"1,778,383,800","1,778,387,400","1,778,503,800","1,778,507,400",EMPLOYEE,"2,000",AUTO,Electric,False,False,NA,2,2,0
pinnacle-Slc,Oakmont Office,CAB,"May 10, 2026",09:00,"3,000,122",LOGIN,false,Pooja Mikhailov Travel,KA 01 AB,KA 01 AB,4,12.5,13.1,"1,778,383,800","1,778,387,400","1,778,383,800","1,778,387,400",NODELAY,0,AUTO,Diesel,False,False,NA,2,2,0
pinnacle-Slc,Clearwater Campus,CAB,"May 10, 2026",15:30,"3,000,123",LOGOUT,false,Rohan Mikhailov Travel,KA 02 AB,KA 02 AB,4,12.5,13.1,"1,778,407,200","1,778,410,800","1,778,407,200","1,778,410,800",NODELAY,0,AUTO,Diesel,False,False,NA,2,2,0
pinnacle-Slc,Oakmont Office,CAB,"May 10, 2026",15:30,"3,000,124",LOGOUT,false,Pooja Mikhailov Travel,KA 03 AB,KA 03 AB,4,12.5,13.1,"1,778,407,200","1,778,410,800","1,778,407,200","1,778,410,800",NODELAY,0,AUTO,Diesel,False,False,NA,2,5,0
pinnacle-Slc,Clearwater Campus,CAB,"May 10, 2026",09:00,"3,000,125",LOGIN,false,Rohan Mikhailov Travel,KA 04 AB,KA 04 AB,4,12.5,13.1,"1,778,383,800","1,778,387,400","1,778,383,800","1,778,387,400",NODELAY,0,AUTO,Diesel,False,False,NA,2,2,0
pinnacle-Slc,Oakmont Office,CAB,"May 10, 2026",09:00,"3,000,126",LOGIN,false,Pooja Mikhailov Travel,KA 05 AB,KA 05 AB,4,12.5,13.1,"1,778,383,800","1,778,387,400","1,778,383,800","1,778,387,400",NODELAY,0,AUTO,Electric,False,False,NA,2,2,0
pinnacle-Slc,Clearwater Campus,CAB,"May 10, 2026",15:30,"3,000,127",LOGOUT,false,Rohan Mikhailov Travel,KA 06 AB,KA 06 AB,4,12.5,13.1,"1,778,407,200","1,778,410,800","1,778,407,200","1,778,410,800",NODELAY,0,AUTO,Diesel,False,False,NA,2,2,0
pinnacle-Slc,Oakmont Office,CAB,"May 10, 2026",15:30,"3,000,128",LOGOUT,false,Pooja Mikhailov Travel,KA 07 AB,KA 07 AB,4,12.5,13.1,"1,778,407,200","1,778,410,800","1,778,407,200","1,778,410,800",NODELAY,0,AUTO,Diesel,False,False,NA,2,2,0
pinnacle-Slc,Clearwater Campus,CAB,"May 10, 2026",09:00,"3,000,129",LOGIN,false,Rohan Mikhailov Travel,KA 08 AB,KA 08 AB,4,12.5,13.1,"1,778,383,800","1,778,387,400","1,778,383,800","1,778,387,400",NODELAY,0,AUTO,Diesel,False,False,NA,2,2,0
pinnacle-Slc,Oakmont Office,CAB,"May 10, 2026",09:00,"3,000,130",LOGIN,false,Pooja Mikhailov Travel,KA 09 AB,KA 09 AB,4,12.5,13.1,"1,778,383,800","1,778,387,400","1,778,383,800","1,778,387,400",NODELAY,0,AUTO,Diesel,False,False,NA,2,2,0
pinnacle-Slc,Clearwater Campus,CAB,"May 10, 2026",15:30,"3,000,131",LOGOUT,false,Rohan Mikhailov Travel,KA 10 AB,KA 10 AB,4,12.5,13.1,"1,778,407,200","1,778,410,800","1,778,407,200","1,778,410,800",NODELAY,0,AUTO,Electric,False,False,NA,2,2,0
pinnacle-Slc,Oakmont Office,CAB,"May 10, 2026",15:30,"3,000,132",LOGOUT,false,Pooja Mikhailov Travel,KA 11 AB,KA 11 AB,4,12.5,13.1,"1,778,407,200","1,778,410,800","1,778,410,320","1,778,413,920",DRIVER,52,AUTO,Diesel,False,False,NA,2,2,0
pinnacle-Slc,Clearwater Campus,CAB,"May 10, 2026",09:00,"3,000,133",LOGIN,false,Rohan Mikhailov Travel,KA 12 AB,KA 12 AB,4,12.5,13.1,"1,778,383,800","1,778,387,400","1,778,383,800","1,778,387,400",NODELAY,0,AUTO,Diesel,False,False,NA,2,2,0
pinnacle-Slc,Oakmont Office,CAB,"May 10, 2026",09:00,"3,000,134",LOGIN,false,Pooja Mikhailov Travel,KA 13 AB,KA 13 AB,4,12.5,13.1,"1,778,383,800","1,778,387,400","1,778,383,800","1,778,387,400",NODELAY,0,AUTO,Diesel,False,False,NA,2,2,0
pinnacle-Slc,Clearwater Campus,CAB,"May 10, 2026",15:30,"3,000,135",LOGOUT,false,Rohan Mikhailov Travel,KA 14 AB,KA 14 AB,4,12.5,13.1,"1,778,407,200","1,778,410,800","1,778,407,200","1,778,410,800",NODELAY,0,AUTO,Diesel,False,False,NA,2,2,0
pinnacle-Slc,Oakmont Office,CAB,"May 10, 2026",15:30,"3,000,136",LOGOUT,false,Pooja Mikhailov Travel,KA 15 AB,KA 15 AB,4,12.5,13.1,"1,778,407,200","1,778,410,800","1,778,407,200","1,778,410,800",NODELAY,0,AUTO,Electric,False,False,NA,2,2,0
pinnacle-Slc,Clearwater Campus,CAB,"May 10, 2026",09:00,"3,000,137",LOGIN,false,Rohan Mikhailov Travel,KA 16 AB,KA 16 AB,4,12.5,13.1,"1,778,383,800","1,778,387,400","1,778,383,800","1,778,387,400",NODELAY,0,AUTO,Diesel,False,False,NA,2,2,0
pinnacle-Slc,Oakmont Office,CAB,"May 10, 2026",09:00,"3,000,138",LOGIN,false,Pooja Mikhailov Travel,KA 17 AB,KA 17 AB,4,12.5,13.1,"1,778,383,800","1,778,387,400","1,778,383,800","1,778,387,400",NODELAY,0,AUTO,Diesel,False,False,NA,2,2,0
pinnacle-Slc,Clearwater Campus,CAB,"May 10, 2026",15:30,"3,000,139",LOGOUT,false,Rohan Mikhailov Travel,KA 18 AB,KA 18 AB,4,12.5,13.1,"1,778,407,200","1,778,410,800","1,778,407,200","1,778,410,800",NODELAY,0,AUTO,Diesel,False,False,NA,2,2,0
pinnacle-Slc,Oakmont Office,CAB,"May 10, 2026",15:30,"3,000,140",LOGOUT,false,Pooja Mikhailov Travel,KA 19 AB,KA 19 AB,4,12.5,13.1,"1,778,407,200","1,778,410,800","1,778,407,200","1,778,410,800",NODELAY,0,AUTO,Diesel,False,False,NA,2,2,0
orbit-Slc,Eastgate Office,BUS,"May 10, 2026",10:00,"1,200,170",LOGIN,true,Rohan Mikhailov Travel,OR 01 ZZ,OR 01 ZZ,12,20.0,21.0,"1,778,387,400","1,778,391,000","1,778,387,400","1,778,391,000",NODELAY,0,SHUTTLE_SERVICE,Electric,false,false,SHUTTLE,8,8,0
orbit-Slc,Eastgate Office,BUS,"May 10, 2026",10:00,"1,200,171",LOGIN,true,Rohan Mikhailov Travel,OR 01 ZZ,OR 01 ZZ,12,20.0,21.0,"1,778,387,400","1,778,391,000","1,778,387,400","1,778,391,000",NODELAY,0,SHUTTLE_SERVICE,Electric,false,false,SHUTTLE,8,8,0
orbit-Slc,Eastgate Office,BUS,"May 10, 2026",10:00,"1,200,172",LOGIN,true,Rohan Mikhailov Travel,OR 01 ZZ,OR 01 ZZ,12,20.0,21.0,"1,778,387,400","1,778,391,000","1,778,387,400","1,778,391,000",NODELAY,0,SHUTTLE_SERVICE,Electric,false,false,SHUTTLE,8,8,0
orbit-Slc,Eastgate Office,BUS,"May 10, 2026",10:00,"1,200,173",LOGIN,true,Rohan Mikhailov Travel,OR 01 ZZ,OR 01 ZZ,12,20.0,21.0,"1,778,387,400","1,778,391,000","1,778,387,400","1,778,391,000",NODELAY,0,SHUTTLE_SERVICE,Electric,false,false,SHUTTLE,8,8,0
orbit-Slc,Eastgate Office,BUS,"May 10, 2026",10:00,"1,200,174",LOGIN,true,Rohan Mikhailov Travel,OR 01 ZZ,OR 01 ZZ,12,20.0,21.0,"1,778,387,400","1,778,391,000","1,778,387,400","1,778,391,000",NODELAY,0,SHUTTLE_SERVICE,Electric,false,false,SHUTTLE,8,8,0
pinnacle-Slc,Clearwater Campus,CAB,"May 11, 2026",09:00,"3,000,141",LOGIN,false,Rohan Mikhailov Travel,KA 00 AB,KA 00 AB,4,12.5,13.1,"1,778,470,200","1,778,473,800","1,778,471,100","1,778,474,700",TRAFFIC,15,AUTO,Electric,False,False,NA,2,2,0
pinnacle-Slc,Oakmont Office,CAB,"May 11, 2026",09:00,"3,000,142",LOGIN,false,Pooja Mikhailov Travel,KA 01 AB,KA 01 AB,4,12.5,13.1,"1,778,470,200","1,778,473,800","1,778,470,200","1,778,473,800",NODELAY,0,AUTO,Diesel,False,False,NA,2,2,0
pinnacle-Slc,Clearwater Campus,CAB,"May 11, 2026",15:30,"3,000,143",LOGOUT,false,Rohan Mikhailov Travel,KA 02 AB,KA 02 AB,4,12.5,13.1,"1,778,493,600","1,778,497,200","1,778,493,600","1,778,497,200",NODELAY,0,AUTO,Diesel,False,False,NA,2,2,0
pinnacle-Slc,Oakmont Office,CAB,"May 11, 2026",15:30,"3,000,144",LOGOUT,false,Pooja Mikhailov Travel,KA 03 AB,KA 03 AB,4,12.5,13.1,"1,778,493,600","1,778,497,200","1,778,493,600","1,778,497,200",NODELAY,0,AUTO,Diesel,False,False,NA,2,5,0
pinnacle-Slc,Clearwater Campus,CAB,"May 11, 2026",09:00,"3,000,145",LOGIN,false,Rohan Mikhailov Travel,KA 04 AB,KA 04 AB,4,12.5,13.1,"1,778,470,200","1,778,473,800","1,778,470,200","1,778,473,800",NODELAY,0,AUTO,Diesel,False,False,NA,2,2,0
pinnacle-Slc,Oakmont Office,CAB,"May 11, 2026",09:00,"3,000,146",LOGIN,false,Pooja Mikhailov Travel,KA 05 AB,KA 05 AB,4,12.5,13.1,"1,778,470,200","1,778,473,800","1,778,470,200","1,778,473,800",NODELAY,0,AUTO,Electric,False,False,NA,2,2,0
pinnacle-Slc,Clearwater Campus,CAB,"May 11, 2026",15:30,"3,000,147",LOGOUT,false,Rohan Mikhailov Travel,KA 06 AB,KA 06 AB,4,12.5,13.1,"1,778,493,600","1,778,497,200","1,778,493,600","1,778,497,200",NODELAY,0,AUTO,Diesel,False,False,NA,2,2,0
pinnacle-Slc,Oakmont Office,CAB,"May 11, 2026",15:30,"3,000,148",LOGOUT,false,Pooja Mikhailov Travel,KA 07 AB,KA 07 AB,4,12.5,13.1,"1,778,493,600","1,778,497,200","1,778,493,600","1,778,497,200",NODELAY,0,AUTO,Diesel,False,False,NA,2,2,0
pinnacle-Slc,Clearwater Campus,CAB,"May 11, 2026",09:00,"3,000,149",LOGIN,false,Rohan Mikhailov Travel,KA 08 AB,KA 08 AB,4,12.5,13.1,"1,778,470,200","1,778,473,800","1,778,470,200","1,778,473,800",NODELAY,0,AUTO,Diesel,False,False,NA,2,2,0
pinnacle-Slc,Oakmont Office,CAB,"May 11, 2026",09:00,"3,000,150",LOGIN,false,Pooja Mikhailov Travel,KA 09 AB,KA 09 AB,4,12.5,13.1,"1,778,470,200","1,778,473,800","1,778,470,200","1,778,473,800",NODELAY,0,AUTO,Diesel,False,False,NA,2,2,0
pinnacle-Slc,Clearwater Campus,CAB,"May 11, 2026",15:30,"3,000,151",LOGOUT,false,Rohan Mikhailov Travel,KA 10 AB,KA 10 AB,4,12.5,13.1,"1,778,493,600","1,778,497,200","1,778,493,600","1,778,497,200",NODELAY,0,AUTO,Electric,False,False,NA,2,2,0
pinnacle-Slc,Oakmont Office,CAB,"May 11, 2026",15:30,"3,000,152",LOGOUT,false,Pooja Mikhailov Travel,KA 11 AB,KA 11 AB,4,12.5,13.1,"1,778,493,600","1,778,497,200","1,778,496,720","1,778,500,320",EMPLOYEE,52,AUTO,Diesel,False,False,NA,2,2,0
pinnacle-Slc,Clearwater Campus,CAB,"May 11, 2026",09:00,"3,000,153",LOGIN,false,Rohan Mikhailov Travel,KA 12 AB,KA 12 AB,4,12.5,13.1,"1,778,470,200","1,778,473,800","1,778,470,200","1,778,473,800",NODELAY,0,AUTO,Diesel,False,False,NA,2,2,0
pinnacle-Slc,Oakmont Office,CAB,"May 11, 2026",09:00,"3,000,154",LOGIN,false,Pooja Mikhailov Travel,KA 13 AB,KA 13 AB,4,12.5,13.1,"1,778,470,200","1,778,473,800","1,778,470,200","1,778,473,800",NODELAY,0,AUTO,Diesel,False,False,NA,2,2,0
pinnacle-Slc,Clearwater Campus,CAB,"May 11, 2026",15:30,"3,000,155",LOGOUT,false,Rohan Mikhailov Travel,KA 14 AB,KA 14 AB,4,12.5,13.1,"1,778,493,600","1,778,497,200","1,778,493,600","1,778,497,200",NODELAY,0,AUTO,Diesel,False,False,NA,2,2,0
pinnacle-Slc,Oakmont Office,CAB,"May 11, 2026",15:30,"3,000,156",LOGOUT,false,Pooja Mikhailov Travel,KA 15 AB,KA 15 AB,4,12.5,13.1,"1,778,493,600","1,778,497,200","1,778,493,600","1,778,497,200",NODELAY,0,AUTO,Electric,False,False,NA,2,2,0
pinnacle-Slc,Clearwater Campus,CAB,"May 11, 2026",09:00,"3,000,157",LOGIN,false,Rohan Mikhailov Travel,KA 16 AB,KA 16 AB,4,12.5,13.1,"1,778,470,200","1,778,473,800","1,778,470,200","1,778,473,800",NODELAY,0,AUTO,Diesel,False,False,NA,2,2,0
pinnacle-Slc,Oakmont Office,CAB,"May 11, 2026",09:00,"3,000,158",LOGIN,false,Pooja Mikhailov Travel,KA 17 AB,KA 17 AB,4,12.5,13.1,"1,778,470,200","1,778,473,800","1,778,470,200","1,778,473,800",NODELAY,0,AUTO,Diesel,False,False,NA,2,2,0
pinnacle-Slc,Clearwater Campus,CAB,"May 11, 2026",15:30,"3,000,159",LOGOUT,false,Rohan Mikhailov Travel,KA 18 AB,KA 18 AB,4,12.5,13.1,"1,778,493,600","1,778,497,200","1,778,493,600","1,778,497,200",NODELAY,0,AUTO,Diesel,False,False,NA,2,2,0
pinnacle-Slc,Oakmont Office,CAB,"May 11, 2026",15:30,"3,000,160",LOGOUT,false,Pooja Mikhailov Travel,KA 19 AB,KA 19 AB,4,12.5,13.1,"1,778,493,600","1,778,497,200","1,778,493,600","1,778,497,200",NODELAY,0,AUTO,Diesel,False,False,NA,2,2,0
orbit-Slc,Eastgate Office,BUS,"May 11, 2026",10:00,"1,200,195",LOGIN,true,Rohan Mikhailov Travel,OR 01 ZZ,OR 01 ZZ,12,20.0,21.0,"1,778,473,800","1,778,477,400","1,778,473,800","1,778,477,400",NODELAY,0,SHUTTLE_SERVICE,Electric,false,false,SHUTTLE,8,8,0
orbit-Slc,Eastgate Office,BUS,"May 11, 2026",10:00,"1,200,196",LOGIN,true,Rohan Mikhailov Travel,OR 01 ZZ,OR 01 ZZ,12,20.0,21.0,"1,778,473,800","1,778,477,400","1,778,473,800","1,778,477,400",NODELAY,0,SHUTTLE_SERVICE,Electric,false,false,SHUTTLE,8,8,0
orbit-Slc,Eastgate Office,BUS,"May 11, 2026",10:00,"1,200,197",LOGIN,true,Rohan Mikhailov Travel,OR 01 ZZ,OR 01 ZZ,12,20.0,21.0,"1,778,473,800","1,778,477,400","1,778,473,800","1,778,477,400",NODELAY,0,SHUTTLE_SERVICE,Electric,false,false,SHUTTLE,8,8,0
orbit-Slc,Eastgate Office,BUS,"May 11, 2026",10:00,"1,200,198",LOGIN,true,Rohan Mikhailov Travel,OR 01 ZZ,OR 01 ZZ,12,20.0,21.0,"1,778,473,800","1,778,477,400","1,778,473,800","1,778,477,400",NODELAY,0,SHUTTLE_SERVICE,Electric,false,false,SHUTTLE,8,8,0
orbit-Slc,Eastgate Office,BUS,"May 11, 2026",10:00,"1,200,199",LOGIN,true,Rohan Mikhailov Travel,OR 01 ZZ,OR 01 ZZ,12,20.0,21.0,"1,778,473,800","1,778,477,400","1,778,473,800","1,778,477,400",NODELAY,0,SHUTTLE_SERVICE,Electric,false,false,SHUTTLE,8,8,0
pinnacle-Slc,Clearwater Campus,CAB,"May 12, 2026",09:00,"3,000,161",LOGIN,false,Rohan Mikhailov Travel,KA 00 AB,KA 00 AB,4,12.5,13.1,"1,778,556,600","1,778,560,200","1,778,557,500","1,778,561,100",DRIVER,15,AUTO,Electric,False,False,NA,2,2,0
pinnacle-Slc,Oakmont Office,CAB,"May 12, 2026",09:00,"3,000,162",LOGIN,false,Pooja Mikhailov Travel,KA 01 AB,KA 01 AB,4,12.5,13.1,"1,778,556,600","1,778,560,200","1,778,556,600","1,778,560,200",NODELAY,0,AUTO,Diesel,False,False,NA,2,2,0
pinnacle-Slc,Clearwater Campus,CAB,"May 12, 2026",15:30,"3,000,163",LOGOUT,false,Rohan Mikhailov Travel,KA 02 AB,KA 02 AB,4,12.5,13.1,"1,778,580,000","1,778,583,600","1,778,580,000","1,778,583,600",NODELAY,0,AUTO,Diesel,False,False,NA,2,2,0
pinnacle-Slc,Oakmont Office,CAB,"May 12, 2026",15:30,"3,000,164",LOGOUT,false,Pooja Mikhailov Travel,KA 03 AB,KA 03 AB,4,12.5,13.1,"1,778,580,000","1,778,583,600","1,778,580,000","1,778,583,600",NODELAY,0,AUTO,Diesel,False,False,NA,2,5,0
pinnacle-Slc,Clearwater Campus,CAB,"May 12, 2026",09:00,"3,000,165",LOGIN,false,Rohan Mikhailov Travel,KA 04 AB,KA 04 AB,4,12.5,13.1,"1,778,556,600","1,778,560,200","1,778,556,600","1,778,560,200",NODELAY,0,AUTO,Diesel,False,False,NA,2,2,0
pinnacle-Slc,Oakmont Office,CAB,"May 12, 2026",09:00,"3,000,166",LOGIN,false,Pooja Mikhailov Travel,KA 05 AB,KA 05 AB,4,12.5,13.1,"1,778,556,600","1,778,560,200","1,778,556,600","1,778,560,200",NODELAY,0,AUTO,Electric,False,False,NA,2,2,0
pinnacle-Slc,Clearwater Campus,CAB,"May 12, 2026",15:30,"3,000,167",LOGOUT,false,Rohan Mikhailov Travel,KA 06 AB,KA 06 AB,4,12.5,13.1,"1,778,580,000","1,778,583,600","1,778,580,000","1,778,583,600",NODELAY,0,AUTO,Diesel,False,False,NA,2,2,0
pinnacle-Slc,Oakmont Office,CAB,"May 12, 2026",15:30,"3,000,168",LOGOUT,false,Pooja Mikhailov Travel,KA 07 AB,KA 07 AB,4,12.5,13.1,"1,778,580,000","1,778,583,600","1,778,580,000","1,778,583,600",NODELAY,0,AUTO,Diesel,False,False,NA,2,2,0
pinnacle-Slc,Clearwater Campus,CAB,"May 12, 2026",09:00,"3,000,169",LOGIN,false,Rohan Mikhailov Travel,KA 08 AB,KA 08 AB,4,12.5,13.1,"1,778,556,600","1,778,560,200","1,778,556,600","1,778,560,200",NODELAY,0,AUTO,Diesel,False,False,NA,2,2,0
pinnacle-Slc,Oakmont Office,CAB,"May 12, 2026",09:00,"3,000,170",LOGIN,false,Pooja Mikhailov Travel,KA 09 AB,KA 09 AB,4,12.5,13.1,"1,778,556,600","1,778,560,200","1,778,556,600","1,778,560,200",NODELAY,0,AUTO,Diesel,False,False,NA,2,2,0
pinnacle-Slc,Clearwater Campus,CAB,"May 12, 2026",15:30,"3,000,171",LOGOUT,false,Rohan Mikhailov Travel,KA 10 AB,KA 10 AB,4,12.5,13.1,"1,778,580,000","1,778,583,600","1,778,580,000","1,778,583,600",NODELAY,0,AUTO,Electric,False,False,NA,2,2,0
pinnacle-Slc,Oakmont Office,CAB,"May 12, 2026",15:30,"3,000,172",LOGOUT,false,Pooja Mikhailov Travel,KA 11 AB,KA 11 AB,4,12.5,13.1,"1,778,580,000","1,778,583,600","1,778,583,120","1,778,586,720",TRAFFIC,52,AUTO,Diesel,False,False,NA,2,2,0
pinnacle-Slc,Clearwater Campus,CAB,"May 12, 2026",09:00,"3,000,173",LOGIN,false,Rohan Mikhailov Travel,KA 12 AB,KA 12 AB,4,12.5,13.1,"1,778,556,600","1,778,560,200","1,778,556,600","1,778,560,200",NODELAY,0,AUTO,Diesel,False,False,NA,2,2,0
pinnacle-Slc,Oakmont Office,CAB,"May 12, 2026",09:00,"3,000,174",LOGIN,false,Pooja Mikhailov Travel,KA 13 AB,KA 13 AB,4,12.5,13.1,"1,778,556,600","1,778,560,200","1,778,556,600","1,778,560,200",NODELAY,0,AUTO,Diesel,False,False,NA,2,2,0
pinnacle-Slc,Clearwater Campus,CAB,"May 12, 2026",15:30,"3,000,175",LOGOUT,false,Rohan Mikhailov Travel,KA 14 AB,KA 14 AB,4,12.5,13.1,"1,778,580,000","1,778,583,600","1,778,580,000","1,778,583,600",NODELAY,0,AUTO,Diesel,False,False,NA,2,2,0
pinnacle-Slc,Oakmont Office,CAB,"May 12, 2026",15:30,"3,000,176",LOGOUT,false,Pooja Mikhailov Travel,KA 15 AB,KA 15 AB,4,12.5,13.1,"1,778,580,000","1,778,583,600","1,778,580,000","1,778,583,600",NODELAY,0,AUTO,Electric,False,False,NA,2,2,0
pinnacle-Slc,Clearwater Campus,CAB,"May 12, 2026",09:00,"3,000,177",LOGIN,false,Rohan Mikhailov Travel,KA 16 AB,KA 16 AB,4,12.5,13.1,"1,778,556,600","1,778,560,200","1,778,556,600","1,778,560,200",NODELAY,0,AUTO,Diesel,False,False,NA,2,2,0
pinnacle-Slc,Oakmont Office,CAB,"May 12, 2026",09:00,"3,000,178",LOGIN,false,Pooja Mikhailov Travel,KA 17 AB,KA 17 AB,4,12.5,13.1,"1,778,556,600","1,778,560,200","1,778,556,600","1,778,560,200",NODELAY,0,AUTO,Diesel,False,False,NA,2,2,0
pinnacle-Slc,Clearwater Campus,CAB,"May 12, 2026",15:30,"3,000,179",LOGOUT,false,Rohan Mikhailov Travel,KA 18 AB,KA 18 AB,4,12.5,13.1,"1,778,580,000","1,778,583,600","1,778,580,000","1,778,583,600",NODELAY,0,AUTO,Diesel,False,False,NA,2,2,0
pinnacle-Slc,Oakmont Office,CAB,"May 12, 2026",15:30,"3,000,180",LOGOUT,false,Pooja Mikhailov Travel,KA 19 AB,KA 19 AB,4,12.5,13.1,"1,778,580,000","1,778,583,600","1,778,580,000","1,778,583,600",NODELAY,0,AUTO,Diesel,False,False,NA,2,2,0
orbit-Slc,Eastgate Office,BUS,"May 12, 2026",10:00,"1,200,220",LOGIN,true,Rohan Mikhailov Travel,OR 01 ZZ,OR 01 ZZ,12,20.0,21.0,"1,778,560,200","1,778,563,800","1,778,560,200","1,778,563,800",NODELAY,0,SHUTTLE_SERVICE,Electric,false,false,SHUTTLE,8,8,0
orbit-Slc,Eastgate Office,BUS,"May 12, 2026",10:00,"1,200,221",LOGIN,true,Rohan Mikhailov Travel,OR 01 ZZ,OR 01 ZZ,12,20.0,21.0,"1,778,560,200","1,778,563,800","1,778,560,200","1,778,563,800",NODELAY,0,SHUTTLE_SERVICE,Electric,false,false,SHUTTLE,8,8,0
orbit-Slc,Eastgate Office,BUS,"May 12, 2026",10:00,"1,200,222",LOGIN,true,Rohan Mikhailov Travel,OR 01 ZZ,OR 01 ZZ,12,20.0,21.0,"1,778,560,200","1,778,563,800","1,778,560,200","1,778,563,800",NODELAY,0,SHUTTLE_SERVICE,Electric,false,false,SHUTTLE,8,8,0
orbit-Slc,Eastgate Office,BUS,"May 12, 2026",10:00,"1,200,223",LOGIN,true,Rohan Mikhailov Travel,OR 01 ZZ,OR 01 ZZ,12,20.0,21.0,"1,778,560,200","1,778,563,800","1,778,560,200","1,778,563,800",NODELAY,0,SHUTTLE_SERVICE,Electric,false,false,SHUTTLE,8,8,0
orbit-Slc,Eastgate Office,BUS,"May 12, 2026",10:00,"1,200,224",LOGIN,true,Rohan Mikhailov Travel,OR 01 ZZ,OR 01 ZZ,12,20.0,21.0,"1,778,560,200","1,778,563,800","1,778,560,200","1,778,563,800",NODELAY,0,SHUTTLE_SERVICE,Electric,false,false,SHUTTLE,8,8,0
pinnacle-Slc,Clearwater Campus,CAB,"May 13, 2026",09:00,"3,000,181",LOGIN,false,Rohan Mikhailov Travel,KA 00 AB,KA 00 AB,4,12.5,13.1,"1,778,643,000","1,778,646,600","1,778,643,900","1,778,647,500",EMPLOYEE,15,AUTO,Electric,False,False,NA,2,2,0
pinnacle-Slc,Oakmont Office,CAB,"May 13, 2026",09:00,"3,000,182",LOGIN,false,Pooja Mikhailov Travel,KA 01 AB,KA 01 AB,4,12.5,13.1,"1,778,643,000","1,778,646,600","1,778,643,000","1,778,646,600",NODELAY,0,AUTO,Diesel,False,False,NA,2,2,0
pinnacle-Slc,Clearwater Campus,CAB,"May 13, 2026",15:30,"3,000,183",LOGOUT,false,Rohan Mikhailov Travel,KA 02 AB,KA 02 AB,4,12.5,13.1,"1,778,666,400","1,778,670,000","1,778,666,400","1,778,670,000",NODELAY,0,AUTO,Diesel,False,False,NA,2,2,0
pinnacle-Slc,Oakmont Office,CAB,"May 13, 2026",15:30,"3,000,184",LOGOUT,false,Pooja Mikhailov Travel,KA 03 AB,KA 03 AB,4,12.5,13.1,"1,778,666,400","1,778,670,000","1,778,666,400","1,778,670,000",NODELAY,0,AUTO,Diesel,False,False,NA,2,5,0
pinnacle-Slc,Clearwater Campus,CAB,"May 13, 2026",09:00,"3,000,185",LOGIN,false,Rohan Mikhailov Travel,KA 04 AB,KA 04 AB,4,12.5,13.1,"1,778,643,000","1,778,646,600","1,778,643,000","1,778,646,600",NODELAY,0,AUTO,Diesel,False,False,NA,2,2,0
pinnacle-Slc,Oakmont Office,CAB,"May 13, 2026",09:00,"3,000,186",LOGIN,false,Pooja Mikhailov Travel,KA 05 AB,KA 05 AB,4,12.5,13.1,"1,778,643,000","1,778,646,600","1,778,643,000","1,778,646,600",NODELAY,0,AUTO,Electric,False,False,NA,2,2,0
pinnacle-Slc,Clearwater Campus,CAB,"May 13, 2026",15:30,"3,000,187",LOGOUT,false,Rohan Mikhailov Travel,KA 06 AB,KA 06 AB,4,12.5,13.1,"1,778,666,400","1,778,670,000","1,778,666,400","1,778,670,000",NODELAY,0,AUTO,Diesel,False,False,NA,2,2,0
pinnacle-Slc,Oakmont Office,CAB,"May 13, 2026",15:30,"3,000,188",LOGOUT,false,Pooja Mikhailov Travel,KA 07 AB,KA 07 AB,4,12.5,13.1,"1,778,666,400","1,778,670,000","1,778,666,400","1,778,670,000",NODELAY,0,AUTO,Diesel,False,False,NA,2,2,0
pinnacle-Slc,Clearwater Campus,CAB,"May 13, 2026",09:00,"3,000,189",LOGIN,false,Rohan Mikhailov Travel,KA 08 AB,KA 08 AB,4,12.5,13.1,"1,778,643,000","1,778,646,600","1,778,643,000","1,778,646,600",NODELAY,0,AUTO,Diesel,False,False,NA,2,2,0
pinnacle-Slc,Oakmont Office,CAB,"May 13, 2026",09:00,"3,000,190",LOGIN,false,Pooja Mikhailov Travel,KA 09 AB,KA 09 AB,4,12.5,13.1,"1,778,643,000","1,778,646,600","1,778,643,000","1,778,646,600",NODELAY,0,AUTO,Diesel,False,False,NA,2,2,0
pinnacle-Slc,Clearwater Campus,CAB,"May 13, 2026",15:30,"3,000,191",LOGOUT,false,Rohan Mikhailov Travel,KA 10 AB,KA 10 AB,4,12.5,13.1,"1,778,666,400","1,778,670,000","1,778,666,400","1,778,670,000",NODELAY,0,AUTO,Electric,False,False,NA,2,2,0
pinnacle-Slc,Oakmont Office,CAB,"May 13, 2026",15:30,"3,000,192",LOGOUT,false,Pooja Mikhailov Travel,KA 11 AB,KA 11 AB,4,12.5,13.1,"1,778,666,400","1,778,670,000","1,778,669,520","1,778,673,120",DRIVER,52,AUTO,Diesel,False,False,NA,2,2,0
pinnacle-Slc,Clearwater Campus,CAB,"May 13, 2026",09:00,"3,000,193",LOGIN,false,Rohan Mikhailov Travel,KA 12 AB,KA 12 AB,4,12.5,13.1,"1,778,643,000","1,778,646,600","1,778,643,000","1,778,646,600",NODELAY,0,AUTO,Diesel,False,False,NA,2,2,0
pinnacle-Slc,Oakmont Office,CAB,"May 13, 2026",09:00,"3,000,194",LOGIN,false,Pooja Mikhailov Travel,KA 13 AB,KA 13 AB,4,12.5,13.1,"1,778,643,000","1,778,646,600","1,778,643,000","1,778,646,600",NODELAY,0,AUTO,Diesel,False,False,NA,2,2,0
pinnacle-Slc,Clearwater Campus,CAB,"May 13, 2026",15:30,"3,000,195",LOGOUT,false,Rohan Mikhailov Travel,KA 14 AB,KA 14 AB,4,12.5,13.1,"1,778,666,400","1,778,670,000","1,778,666,400","1,778,670,000",NODELAY,0,AUTO,Diesel,False,False,NA,2,2,0
pinnacle-Slc,Oakmont Office,CAB,"May 13, 2026",15:30,"3,000,196",LOGOUT,false,Pooja Mikhailov Travel,KA 15 AB,KA 15 AB,4,12.5,13.1,"1,778,666,400","1,778,670,000","1,778,666,400","1,778,670,000",NODELAY,0,AUTO,Electric,False,False,NA,2,2,0
pinnacle-Slc,Clearwater Campus,CAB,"May 13, 2026",09:00,"3,000,197",LOGIN,false,Rohan Mikhailov Travel,KA 16 AB,KA 16 AB,4,12.5,13.1,"1,778,643,000","1,778,646,600","1,778,643,000","1,778,646,600",NODELAY,0,AUTO,Diesel,False,False,NA,2,2,0
pinnacle-Slc,Oakmont Office,CAB,"May 13, 2026",09:00,"3,000,198",LOGIN,false,Pooja Mikhailov Travel,KA 17 AB,KA 17 AB,4,12.5,13.1,"1,778,643,000","1,778,646,600","1,778,643,000","1,778,646,600",NODELAY,0,AUTO,Diesel,False,False,NA,2,2,0
pinnacle-Slc,Clearwater Campus,CAB,"May 13, 2026",15:30,"3,000,199",LOGOUT,false,Rohan Mikhailov Travel,KA 18 AB,KA 18 AB,4,12.5,13.1,"1,778,666,400","1,778,670,000","1,778,666,400","1,778,670,000",NODELAY,0,AUTO,Diesel,False,False,NA,2,2,0
pinnacle-Slc,Oakmont Office,CAB,"May 13, 2026",15:30,"3,000,200",LOGOUT,false,Pooja Mikhailov Travel,KA 19 AB,KA 19 AB,4,12.5,13.1,"1,778,666,400","1,778,670,000","1,778,666,400","1,778,670,000",NODELAY,0,AUTO,Diesel,False,False,NA,2,2,0
orbit-Slc,Eastgate Office,BUS,"May 13, 2026",10:00,"1,200,245",LOGIN,true,Rohan Mikhailov Travel,OR 01 ZZ,OR 01 ZZ,12,20.0,21.0,"1,778,646,600","1,778,650,200","1,778,646,600","1,778,650,200",NODELAY,0,SHUTTLE_SERVICE,Electric,false,false,SHUTTLE,8,8,0
orbit-Slc,Eastgate Office,BUS,"May 13, 2026",10:00,"1,200,246",LOGIN,true,Rohan Mikhailov Travel,OR 01 ZZ,OR 01 ZZ,12,20.0,21.0,"1,778,646,600","1,778,650,200","1,778,646,600","1,778,650,200",NODELAY,0,SHUTTLE_SERVICE,Electric,false,false,SHUTTLE,8,8,0
orbit-Slc,Eastgate Office,BUS,"May 13, 2026",10:00,"1,200,247",LOGIN,true,Rohan Mikhailov Travel,OR 01 ZZ,OR 01 ZZ,12,20.0,21.0,"1,778,646,600","1,778,650,200","1,778,646,600","1,778,650,200",NODELAY,0,SHUTTLE_SERVICE,Electric,false,false,SHUTTLE,8,8,0
orbit-Slc,Eastgate Office,BUS,"May 13, 2026",10:00,"1,200,248",LOGIN,true,Rohan Mikhailov Travel,OR 01 ZZ,OR 01 ZZ,12,20.0,21.0,"1,778,646,600","1,778,650,200","1,778,646,600","1,778,650,200",NODELAY,0,SHUTTLE_SERVICE,Electric,false,false,SHUTTLE,8,8,0
orbit-Slc,Eastgate Office,BUS,"May 13, 2026",10:00,"1,200,249",LOGIN,true,Rohan Mikhailov Travel,OR 01 ZZ,OR 01 ZZ,12,20.0,21.0,"1,778,646,600","1,778,650,200","1,778,646,600","1,778,650,200",NODELAY,0,SHUTTLE_SERVICE,Electric,false,false,SHUTTLE,8,8,0
pinnacle-Slc,Clearwater Campus,CAB,"May 14, 2026",09:00,"3,000,201",LOGIN,false,Rohan Mikhailov Travel,KA 00 AB,KA 00 AB,4,12.5,13.1,"1,778,729,400","1,778,733,000","1,778,730,300","1,778,733,900",TRAFFIC,15,AUTO,Electric,False,False,NA,2,2,0
pinnacle-Slc,Oakmont Office,CAB,"May 14, 2026",09:00,"3,000,202",LOGIN,false,Pooja Mikhailov Travel,KA 01 AB,KA 01 AB,4,12.5,13.1,"1,778,729,400","1,778,733,000","1,778,729,400","1,778,733,000",NODELAY,0,AUTO,Diesel,False,False,NA,2,2,0
pinnacle-Slc,Clearwater Campus,CAB,"May 14, 2026",15:30,"3,000,203",LOGOUT,false,Rohan Mikhailov Travel,KA 02 AB,KA 02 AB,4,12.5,13.1,"1,778,752,800","1,778,756,400","1,778,752,800","1,778,756,400",NODELAY,0,AUTO,Diesel,False,False,NA,2,2,0
pinnacle-Slc,Oakmont Office,CAB,"May 14, 2026",15:30,"3,000,204",LOGOUT,false,Pooja Mikhailov Travel,KA 03 AB,KA 03 AB,4,12.5,13.1,"1,778,752,800","1,778,756,400","1,778,752,800","1,778,756,400",NODELAY,0,AUTO,Diesel,False,False,NA,2,5,0
pinnacle-Slc,Clearwater Campus,CAB,"May 14, 2026",09:00,"3,000,205",LOGIN,false,Rohan Mikhailov Travel,KA 04 AB,KA 04 AB,4,12.5,13.1,"1,778,729,400","1,778,733,000","1,778,729,400","1,778,733,000",NODELAY,0,AUTO,Diesel,False,False,NA,2,2,0
pinnacle-Slc,Oakmont Office,CAB,"May 14, 2026",09:00,"3,000,206",LOGIN,false,Pooja Mikhailov Travel,KA 05 AB,KA 05 AB,4,12.5,13.1,"1,778,729,400","1,778,733,000","1,778,729,400","1,778,733,000",NODELAY,0,AUTO,Electric,False,False,NA,2,2,0
pinnacle-Slc,Clearwater Campus,CAB,"May 14, 2026",15:30,"3,000,207",LOGOUT,false,Rohan Mikhailov Travel,KA 06 AB,KA 06 AB,4,12.5,13.1,"1,778,752,800","1,778,756,400","1,778,752,800","1,778,756,400",NODELAY,0,AUTO,Diesel,False,False,NA,2,2,0
pinnacle-Slc,Oakmont Office,CAB,"May 14, 2026",15:30,"3,000,208",LOGOUT,false,Pooja Mikhailov Travel,KA 07 AB,KA 07 AB,4,12.5,13.1,"1,778,752,800","1,778,756,400","1,778,752,800","1,778,756,400",NODELAY,0,AUTO,Diesel,False,False,NA,2,2,0
pinnacle-Slc,Clearwater Campus,CAB,"May 14, 2026",09:00,"3,000,209",LOGIN,false,Rohan Mikhailov Travel,KA 08 AB,KA 08 AB,4,12.5,13.1,"1,778,729,400","1,778,733,000","1,778,729,400","1,778,733,000",NODELAY,0,AUTO,Diesel,False,False,NA,2,2,0
pinnacle-Slc,Oakmont Office,CAB,"May 14, 2026",09:00,"3,000,210",LOGIN,false,Pooja Mikhailov Travel,KA 09 AB,KA 09 AB,4,12.5,13.1,"1,778,729,400","1,778,733,000","1,778,729,400","1,778,733,000",NODELAY,0,AUTO,Diesel,False,False,NA,2,2,0
pinnacle-Slc,Clearwater Campus,CAB,"May 14, 2026",15:30,"3,000,211",LOGOUT,false,Rohan Mikhailov Travel,KA 10 AB,KA 10 AB,4,12.5,13.1,"1,778,752,800","1,778,756,400","1,778,752,800","1,778,756,400",NODELAY,0,AUTO,Electric,False,False,NA,2,2,0
pinnacle-Slc,Oakmont Office,CAB,"May 14, 2026",15:30,"3,000,212",LOGOUT,false,Pooja Mikhailov Travel,KA 11 AB,KA 11 AB,4,12.5,13.1,"1,778,752,800","1,778,756,400","1,778,755,920","1,778,759,520",EMPLOYEE,52,AUTO,Diesel,False,False,NA,2,2,0
pinnacle-Slc,Clearwater Campus,CAB,"May 14, 2026",09:00,"3,000,213",LOGIN,false,Rohan Mikhailov Travel,KA 12 AB,KA 12 AB,4,12.5,13.1,"1,778,729,400","1,778,733,000","1,778,729,400","1,778,733,000",NODELAY,0,AUTO,Diesel,False,False,NA,2,2,0
pinnacle-Slc,Oakmont Office,CAB,"May 14, 2026",09:00,"3,000,214",LOGIN,false,Pooja Mikhailov Travel,KA 13 AB,KA 13 AB,4,12.5,13.1,"1,778,729,400","1,778,733,000","1,778,729,400","1,778,733,000",NODELAY,0,AUTO,Diesel,False,False,NA,2,2,0
pinnacle-Slc,Clearwater Campus,CAB,"May 14, 2026",15:30,"3,000,215",LOGOUT,false,Rohan Mikhailov Travel,KA 14 AB,KA 14 AB,4,12.5,13.1,"1,778,752,800","1,778,756,400","1,778,752,800","1,778,756,400",NODELAY,0,AUTO,Diesel,False,False,NA,2,2,0
pinnacle-Slc,Oakmont Office,CAB,"May 14, 2026",15:30,"3,000,216",LOGOUT,false,Pooja Mikhailov Travel,KA 15 AB,KA 15 AB,4,12.5,13.1,"1,778,752,800","1,778,756,400","1,778,752,800","1,778,756,400",NODELAY,0,AUTO,Electric,False,False,NA,2,2,0
pinnacle-Slc,Clearwater Campus,CAB,"May 14, 2026",09:00,"3,000,217",LOGIN,false,Rohan Mikhailov Travel,KA 16 AB,KA 16 AB,4,12.5,13.1,"1,778,729,400","1,778,733,000","1,778,729,400","1,778,733,000",NODELAY,0,AUTO,Diesel,False,False,NA,2,2,0
pinnacle-Slc,Oakmont Office,CAB,"May 14, 2026",09:00,"3,000,218",LOGIN,false,Pooja Mikhailov Travel,KA 17 AB,KA 17 AB,4,12.5,13.1,"1,778,729,400","1,778,733,000","1,778,729,400","1,778,733,000",NODELAY,0,AUTO,Diesel,False,False,NA,2,2,0
pinnacle-Slc,Clearwater Campus,CAB,"May 14, 2026",15:30,"3,000,219",LOGOUT,false,Rohan Mikhailov Travel,KA 18 AB,KA 18 AB,4,12.5,13.1,"1,778,752,800","1,778,756,400","1,778,752,800","1,778,756,400",NODELAY,0,AUTO,Diesel,False,False,NA,2,2,0
pinnacle-Slc,Oakmont Office,CAB,"May 14, 2026",15:30,"3,000,220",LOGOUT,false,Pooja Mikhailov Travel,KA 19 AB,KA 19 AB,4,12.5,13.1,"1,778,752,800","1,778,756,400","1,778,752,800","1,778,756,400",NODELAY,0,AUTO,Diesel,False,False,NA,2,2,0
orbit-Slc,Eastgate Office,BUS,"May 14, 2026",10:00,"1,200,270",LOGIN,true,Rohan Mikhailov Travel,OR 01 ZZ,OR 01 ZZ,12,20.0,21.0,"1,778,733,000","1,778,736,600","1,778,733,000","1,778,736,600",NODELAY,0,SHUTTLE_SERVICE,Electric,false,false,SHUTTLE,8,8,0
orbit-Slc,Eastgate Office,BUS,"May 14, 2026",10:00,"1,200,271",LOGIN,true,Rohan Mikhailov Travel,OR 01 ZZ,OR 01 ZZ,12,20.0,21.0,"1,778,733,000","1,778,736,600","1,778,733,000","1,778,736,600",NODELAY,0,SHUTTLE_SERVICE,Electric,false,false,SHUTTLE,8,8,0
orbit-Slc,Eastgate Office,BUS,"May 14, 2026",10:00,"1,200,272",LOGIN,true,Rohan Mikhailov Travel,OR 01 ZZ,OR 01 ZZ,12,20.0,21.0,"1,778,733,000","1,778,736,600","1,778,733,000","1,778,736,600",NODELAY,0,SHUTTLE_SERVICE,Electric,false,false,SHUTTLE,8,8,0
orbit-Slc,Eastgate Office,BUS,"May 14, 2026",10:00,"1,200,273",LOGIN,true,Rohan Mikhailov Travel,OR 01 ZZ,OR 01 ZZ,12,20.0,21.0,"1,778,733,000","1,778,736,600","1,778,733,000","1,778,736,600",NODELAY,0,SHUTTLE_SERVICE,Electric,false,false,SHUTTLE,8,8,0
orbit-Slc,Eastgate Office,BUS,"May 14, 2026",10:00,"1,200,274",LOGIN,true,Rohan Mikhailov Travel,OR 01 ZZ,OR 01 ZZ,12,20.0,21.0,"1,778,733,000","1,778,736,600","1,778,733,000","1,778,736,600",NODELAY,0,SHUTTLE_SERVICE,Electric,false,false,SHUTTLE,8,8,0
pinnacle-Slc,Clearwater Campus,CAB,"May 15, 2026",09:00,"3,000,221",LOGIN,false,Rohan Mikhailov Travel,KA 00 AB,KA 00 AB,4,12.5,13.1,"1,778,815,800","1,778,819,400","1,778,816,700","1,778,820,300",DRIVER,15,AUTO,Electric,False,False,NA,2,2,0
pinnacle-Slc,Oakmont Office,CAB,"May 15, 2026",09:00,"3,000,222",LOGIN,false,Pooja Mikhailov Travel,KA 01 AB,KA 01 AB,4,12.5,13.1,"1,778,815,800","1,778,819,400","1,778,815,800","1,778,819,400",NODELAY,0,AUTO,Diesel,False,False,NA,2,2,0
pinnacle-Slc,Clearwater Campus,CAB,"May 15, 2026",15:30,"3,000,223",LOGOUT,false,Rohan Mikhailov Travel,KA 02 AB,KA 02 AB,4,12.5,13.1,"1,778,839,200","1,778,842,800","1,778,839,200","1,778,842,800",NODELAY,0,AUTO,Diesel,False,False,NA,2,2,0
pinnacle-Slc,Oakmont Office,CAB,"May 15, 2026",15:30,"3,000,224",LOGOUT,false,Pooja Mikhailov Travel,KA 03 AB,KA 03 AB,4,12.5,13.1,"1,778,839,200","1,778,842,800","1,778,839,200","1,778,842,800",NODELAY,0,AUTO,Diesel,False,False,NA,2,5,0
pinnacle-Slc,Clearwater Campus,CAB,"May 15, 2026",09:00,"3,000,225",LOGIN,false,Rohan Mikhailov Travel,KA 04 AB,KA 04 AB,4,12.5,13.1,"1,778,815,800","1,778,819,400","1,778,815,800","1,778,819,400",NODELAY,0,AUTO,Diesel,False,False,NA,2,2,0
pinnacle-Slc,Oakmont Office,CAB,"May 15, 2026",09:00,"3,000,226",LOGIN,false,Pooja Mikhailov Travel,KA 05 AB,KA 05 AB,4,12.5,13.1,"1,778,815,800","1,778,819,400","1,778,815,800","1,778,819,400",NODELAY,0,AUTO,Electric,False,False,NA,2,2,0
pinnacle-Slc,Clearwater Campus,CAB,"May 15, 2026",15:30,"3,000,227",LOGOUT,false,Rohan Mikhailov Travel,KA 06 AB,KA 06 AB,4,12.5,13.1,"1,778,839,200","1,778,842,800","1,778,839,200","1,778,842,800",NODELAY,0,AUTO,Diesel,False,False,NA,2,2,0
pinnacle-Slc,Oakmont Office,CAB,"May 15, 2026",15:30,"3,000,228",LOGOUT,false,Pooja Mikhailov Travel,KA 07 AB,KA 07 AB,4,12.5,13.1,"1,778,839,200","1,778,842,800","1,778,839,200","1,778,842,800",NODELAY,0,AUTO,Diesel,False,False,NA,2,2,0
pinnacle-Slc,Clearwater Campus,CAB,"May 15, 2026",09:00,"3,000,229",LOGIN,false,Rohan Mikhailov Travel,KA 08 AB,KA 08 AB,4,12.5,13.1,"1,778,815,800","1,778,819,400","1,778,815,800","1,778,819,400",NODELAY,0,AUTO,Diesel,False,False,NA,2,2,0
pinnacle-Slc,Oakmont Office,CAB,"May 15, 2026",09:00,"3,000,230",LOGIN,false,Pooja Mikhailov Travel,KA 09 AB,KA 09 AB,4,12.5,13.1,"1,778,815,800","1,778,819,400","1,778,815,800","1,778,819,400",NODELAY,0,AUTO,Diesel,False,False,NA,2,2,0
pinnacle-Slc,Clearwater Campus,CAB,"May 15, 2026",15:30,"3,000,231",LOGOUT,false,Rohan Mikhailov Travel,KA 10 AB,KA 10 AB,4,12.5,13.1,"1,778,839,200","1,778,842,800","1,778,839,200","1,778,842,800",NODELAY,0,AUTO,Electric,False,False,NA,2,2,0
pinnacle-Slc,Oakmont Office,CAB,"May 15, 2026",15:30,"3,000,232",LOGOUT,false,Pooja Mikhailov Travel,KA 11 AB,KA 11 AB,4,12.5,13.1,"1,778,839,200","1,778,842,800","1,778,842,320","1,778,845,920",TRAFFIC,52,AUTO,Diesel,False,False,NA,2,2,0
pinnacle-Slc,Clearwater Campus,CAB,"May 15, 2026",09:00,"3,000,233",LOGIN,false,Rohan Mikhailov Travel,KA 12 AB,KA 12 AB,4,12.5,13.1,"1,778,815,800","1,778,819,400","1,778,815,800","1,778,819,400",NODELAY,0,AUTO,Diesel,False,False,NA,2,2,0
pinnacle-Slc,Oakmont Office,CAB,"May 15, 2026",09:00,"3,000,234",LOGIN,false,Pooja Mikhailov Travel,KA 13 AB,KA 13 AB,4,12.5,13.1,"1,778,815,800","1,778,819,400","1,778,815,800","1,778,819,400",NODELAY,0,AUTO,Diesel,False,False,NA,2,2,0
pinnacle-Slc,Clearwater Campus,CAB,"May 15, 2026",15:30,"3,000,235",LOGOUT,false,Rohan Mikhailov Travel,KA 14 AB,KA 14 AB,4,12.5,13.1,"1,778,839,200","1,778,842,800","1,778,839,200","1,778,842,800",NODELAY,0,AUTO,Diesel,False,False,NA,2,2,0
pinnacle-Slc,Oakmont Office,CAB,"May 15, 2026",15:30,"3,000,236",LOGOUT,false,Pooja Mikhailov Travel,KA 15 AB,KA 15 AB,4,12.5,13.1,"1,778,839,200","1,778,842,800","1,778,839,200","1,778,842,800",NODELAY,0,AUTO,Electric,False,False,NA,2,2,0
pinnacle-Slc,Clearwater Campus,CAB,"May 15, 2026",09:00,"3,000,237",LOGIN,false,Rohan Mikhailov Travel,KA 16 AB,KA 16 AB,4,12.5,13.1,"1,778,815,800","1,778,819,400","1,778,815,800","1,778,819,400",NODELAY,0,AUTO,Diesel,False,False,NA,2,2,0
pinnacle-Slc,Oakmont Office,CAB,"May 15, 2026",09:00,"3,000,238",LOGIN,false,Pooja Mikhailov Travel,KA 17 AB,KA 17 AB,4,12.5,13.1,"1,778,815,800","1,778,819,400","1,778,815,800","1,778,819,400",NODELAY,0,AUTO,Diesel,False,False,NA,2,2,0
pinnacle-Slc,Clearwater Campus,CAB,"May 15, 2026",15:30,"3,000,239",LOGOUT,false,Rohan Mikhailov Travel,KA 18 AB,KA 18 AB,4,12.5,13.1,"1,778,839,200","1,778,842,800","1,778,839,200","1,778,842,800",NODELAY,0,AUTO,Diesel,False,False,NA,2,2,0
pinnacle-Slc,Oakmont Office,CAB,"May 15, 2026",15:30,"3,000,240",LOGOUT,false,Pooja Mikhailov Travel,KA 19 AB,KA 19 AB,4,12.5,13.1,"1,778,839,200","1,778,842,800","1,778,839,200","1,778,842,800",NODELAY,0,AUTO,Diesel,False,False,NA,2,2,0
orbit-Slc,Eastgate Office,BUS,"May 15, 2026",10:00,"1,200,295",LOGIN,true,Rohan Mikhailov Travel,OR 01 ZZ,OR 01 ZZ,12,20.0,21.0,"1,778,819,400","1,778,823,000","1,778,819,400","1,778,823,000",NODELAY,0,SHUTTLE_SERVICE,Electric,false,false,SHUTTLE,8,8,0
orbit-Slc,Eastgate Office,BUS,"May 15, 2026",10:00,"1,200,296",LOGIN,true,Rohan Mikhailov Travel,OR 01 ZZ,OR 01 ZZ,12,20.0,21.0,"1,778,819,400","1,778,823,000","1,778,819,400","1,778,823,000",NODELAY,0,SHUTTLE_SERVICE,Electric,false,false,SHUTTLE,8,8,0
orbit-Slc,Eastgate Office,BUS,"May 15, 2026",10:00,"1,200,297",LOGIN,true,Rohan Mikhailov Travel,OR 01 ZZ,OR 01 ZZ,12,20.0,21.0,"1,778,819,400","1,778,823,000","1,778,819,400","1,778,823,000",NODELAY,0,SHUTTLE_SERVICE,Electric,false,false,SHUTTLE,8,8,0
orbit-Slc,Eastgate Office,BUS,"May 15, 2026",10:00,"1,200,298",LOGIN,true,Rohan Mikhailov Travel,OR 01 ZZ,OR 01 ZZ,12,20.0,21.0,"1,778,819,400","1,778,823,000","1,778,819,400","1,778,823,000",NODELAY,0,SHUTTLE_SERVICE,Electric,false,false,SHUTTLE,8,8,0
orbit-Slc,Eastgate Office,BUS,"May 15, 2026",10:00,"1,200,299",LOGIN,true,Rohan Mikhailov Travel,OR 01 ZZ,OR 01 ZZ,12,20.0,21.0,"1,778,819,400","1,778,823,000","1,778,819,400","1,778,823,000",NODELAY,0,SHUTTLE_SERVICE,Electric,false,false,SHUTTLE,8,8,0
pinnacle-Slc,Clearwater Campus,CAB,"May 16, 2026",09:00,"3,000,241",LOGIN,false,Rohan Mikhailov Travel,KA 00 AB,KA 00 AB,4,12.5,13.1,"1,778,902,200","1,778,905,800","1,778,903,100","1,778,906,700",EMPLOYEE,15,AUTO,Electric,False,False,NA,2,2,0
pinnacle-Slc,Oakmont Office,CAB,"May 16, 2026",09:00,"3,000,242",LOGIN,false,Pooja Mikhailov Travel,KA 01 AB,KA 01 AB,4,12.5,13.1,"1,778,902,200","1,778,905,800","1,778,902,200","1,778,905,800",NODELAY,0,AUTO,Diesel,False,False,NA,2,2,0
pinnacle-Slc,Clearwater Campus,CAB,"May 16, 2026",15:30,"3,000,243",LOGOUT,false,Rohan Mikhailov Travel,KA 02 AB,KA 02 AB,4,12.5,13.1,"1,778,925,600","1,778,929,200","1,778,925,600","1,778,929,200",NODELAY,0,AUTO,Diesel,False,False,NA,2,2,0
pinnacle-Slc,Oakmont Office,CAB,"May 16, 2026",15:30,"3,000,244",LOGOUT,false,Pooja Mikhailov Travel,KA 03 AB,KA 03 AB,4,12.5,13.1,"1,778,925,600","1,778,929,200","1,778,925,600","1,778,929,200",NODELAY,0,AUTO,Diesel,False,False,NA,2,5,0
pinnacle-Slc,Clearwater Campus,CAB,"May 16, 2026",09:00,"3,000,245",LOGIN,false,Rohan Mikhailov Travel,KA 04 AB,KA 04 AB,4,12.5,13.1,"1,778,902,200","1,778,905,800","1,778,902,200","1,778,905,800",NODELAY,0,AUTO,Diesel,False,False,NA,2,2,0
pinnacle-Slc,Oakmont Office,CAB,"May 16, 2026",09:00,"3,000,246",LOGIN,false,Pooja Mikhailov Travel,KA 05 AB,KA 05 AB,4,12.5,13.1,"1,778,902,200","1,778,905,800","1,778,902,200","1,778,905,800",NODELAY,0,AUTO,Electric,False,False,NA,2,2,0
pinnacle-Slc,Clearwater Campus,CAB,"May 16, 2026",15:30,"3,000,247",LOGOUT,false,Rohan Mikhailov Travel,KA 06 AB,KA 06 AB,4,12.5,13.1,"1,778,925,600","1,778,929,200","1,778,925,600","1,778,929,200",NODELAY,0,AUTO,Diesel,False,False,NA,2,2,0
pinnacle-Slc,Oakmont Office,CAB,"May 16, 2026",15:30,"3,000,248",LOGOUT,false,Pooja Mikhailov Travel,KA 07 AB,KA 07 AB,4,12.5,13.1,"1,778,925,600","1,778,929,200","1,778,925,600","1,778,929,200",NODELAY,0,AUTO,Diesel,False,False,NA,2,2,0
pinnacle-Slc,Clearwater Campus,CAB,"May 16, 2026",09:00,"3,000,249",LOGIN,false,Rohan Mikhailov Travel,KA 08 AB,KA 08 AB,4,12.5,13.1,"1,778,902,200","1,778,905,800","1,778,902,200","1,778,905,800",NODELAY,0,AUTO,Diesel,False,False,NA,2,2,0
pinnacle-Slc,Oakmont Office,CAB,"May 16, 2026",09:00,"3,000,250",LOGIN,false,Pooja Mikhailov Travel,KA 09 AB,KA 09 AB,4,12.5,13.1,"1,778,902,200","1,778,905,800","1,778,902,200","1,778,905,800",NODELAY,0,AUTO,Diesel,False,False,NA,2,2,0
pinnacle-Slc,Clearwater Campus,CAB,"May 16, 2026",15:30,"3,000,251",LOGOUT,false,Rohan Mikhailov Travel,KA 10 AB,KA 10 AB,4,12.5,13.1,"1,778,925,600","1,778,929,200","1,778,925,600","1,778,929,200",NODELAY,0,AUTO,Electric,False,False,NA,2,2,0
pinnacle-Slc,Oakmont Office,CAB,"May 16, 2026",15:30,"3,000,252",LOGOUT,false,Pooja Mikhailov Travel,KA 11 AB,KA 11 AB,4,12.5,13.1,"1,778,925,600","1,778,929,200","1,778,928,720","1,778,932,320",DRIVER,52,AUTO,Diesel,False,False,NA,2,2,0
pinnacle-Slc,Clearwater Campus,CAB,"May 16, 2026",09:00,"3,000,253",LOGIN,false,Rohan Mikhailov Travel,KA 12 AB,KA 12 AB,4,12.5,13.1,"1,778,902,200","1,778,905,800","1,778,902,200","1,778,905,800",NODELAY,0,AUTO,Diesel,False,False,NA,2,2,0
pinnacle-Slc,Oakmont Office,CAB,"May 16, 2026",09:00,"3,000,254",LOGIN,false,Pooja Mikhailov Travel,KA 13 AB,KA 13 AB,4,12.5,13.1,"1,778,902,200","1,778,905,800","1,778,902,200","1,778,905,800",NODELAY,0,AUTO,Diesel,False,False,NA,2,2,0
pinnacle-Slc,Clearwater Campus,CAB,"May 16, 2026",15:30,"3,000,255",LOGOUT,false,Rohan Mikhailov Travel,KA 14 AB,KA 14 AB,4,12.5,13.1,"1,778,925,600","1,778,929,200","1,778,925,600","1,778,929,200",NODELAY,0,AUTO,Diesel,False,False,NA,2,2,0
pinnacle-Slc,Oakmont Office,CAB,"May 16, 2026",15:30,"3,000,256",LOGOUT,false,Pooja Mikhailov Travel,KA 15 AB,KA 15 AB,4,12.5,13.1,"1,778,925,600","1,778,929,200","1,778,925,600","1,778,929,200",NODELAY,0,AUTO,Electric,False,False,NA,2,2,0
pinnacle-Slc,Clearwater Campus,CAB,"May 16, 2026",09:00,"3,000,257",LOGIN,false,Rohan Mikhailov Travel,KA 16 AB,KA 16 AB,4,12.5,13.1,"1,778,902,200","1,778,905,800","1,778,902,200","1,778,905,800",NODELAY,0,AUTO,Diesel,False,False,NA,2,2,0
pinnacle-Slc,Oakmont Office,CAB,"May 16, 2026",09:00,"3,000,258",LOGIN,false,Pooja Mikhailov Travel,KA 17 AB,KA 17 AB,4,12.5,13.1,"1,778,902,200","1,778,905,800","1,778,902,200","1,778,905,800",NODELAY,0,AUTO,Diesel,False,False,NA,2,2,0
pinnacle-Slc,Clearwater Campus,CAB,"May 16, 2026",15:30,"3,000,259",LOGOUT,false,Rohan Mikhailov Travel,KA 18 AB,KA 18 AB,4,12.5,13.1,"1,778,925,600","1,778,929,200","1,778,925,600","1,778,929,200",NODELAY,0,AUTO,Diesel,False,False,NA,2,2,0
pinnacle-Slc,Oakmont Office,CAB,"May 16, 2026",15:30,"3,000,260",LOGOUT,false,Pooja Mikhailov Travel,KA 19 AB,KA 19 AB,4,12.5,13.1,"1,778,925,600","1,778,929,200","1,778,925,600","1,778,929,200",NODELAY,0,AUTO,Diesel,False,False,NA,2,2,0
orbit-Slc,Eastgate Office,BUS,"May 16, 2026",10:00,"1,200,320",LOGIN,true,Rohan Mikhailov Travel,OR 01 ZZ,OR 01 ZZ,12,20.0,21.0,"1,778,905,800","1,778,909,400","1,778,905,800","1,778,909,400",NODELAY,0,SHUTTLE_SERVICE,Electric,false,false,SHUTTLE,8,8,0
orbit-Slc,Eastgate Office,BUS,"May 16, 2026",10:00,"1,200,321",LOGIN,true,Rohan Mikhailov Travel,OR 01 ZZ,OR 01 ZZ,12,20.0,21.0,"1,778,905,800","1,778,909,400","1,778,905,800","1,778,909,400",NODELAY,0,SHUTTLE_SERVICE,Electric,false,false,SHUTTLE,8,8,0
orbit-Slc,Eastgate Office,BUS,"May 16, 2026",10:00,"1,200,322",LOGIN,true,Rohan Mikhailov Travel,OR 01 ZZ,OR 01 ZZ,12,20.0,21.0,"1,778,905,800","1,778,909,400","1,778,905,800","1,778,909,400",NODELAY,0,SHUTTLE_SERVICE,Electric,false,false,SHUTTLE,8,8,0
orbit-Slc,Eastgate Office,BUS,"May 16, 2026",10:00,"1,200,323",LOGIN,true,Rohan Mikhailov Travel,OR 01 ZZ,OR 01 ZZ,12,20.0,21.0,"1,778,905,800","1,778,909,400","1,778,905,800","1,778,909,400",NODELAY,0,SHUTTLE_SERVICE,Electric,false,false,SHUTTLE,8,8,0
orbit-Slc,Eastgate Office,BUS,"May 16, 2026",10:00,"1,200,324",LOGIN,true,Rohan Mikhailov Travel,OR 01 ZZ,OR 01 ZZ,12,20.0,21.0,"1,778,905,800","1,778,909,400","1,778,905,800","1,778,909,400",NODELAY,0,SHUTTLE_SERVICE,Electric,false,false,SHUTTLE,8,8,0
pinnacle-Slc,Clearwater Campus,CAB,"May 17, 2026",09:00,"3,000,261",LOGIN,false,Rohan Mikhailov Travel,KA 00 AB,KA 00 AB,4,12.5,13.1,"1,778,988,600","1,778,992,200","1,778,989,500","1,778,993,100",TRAFFIC,15,AUTO,Electric,False,False,NA,2,2,0
pinnacle-Slc,Oakmont Office,CAB,"May 17, 2026",09:00,"3,000,262",LOGIN,false,Pooja Mikhailov Travel,KA 01 AB,KA 01 AB,4,12.5,13.1,"1,778,988,600","1,778,992,200","1,778,988,600","1,778,992,200",NODELAY,0,AUTO,Diesel,False,False,NA,2,2,0
pinnacle-Slc,Clearwater Campus,CAB,"May 17, 2026",15:30,"3,000,263",LOGOUT,false,Rohan Mikhailov Travel,KA 02 AB,KA 02 AB,4,12.5,13.1,"1,779,012,000","1,779,015,600","1,779,012,000","1,779,015,600",NODELAY,0,AUTO,Diesel,False,False,NA,2,2,0
pinnacle-Slc,Oakmont Office,CAB,"May 17, 2026",15:30,"3,000,264",LOGOUT,false,Pooja Mikhailov Travel,KA 03 AB,KA 03 AB,4,12.5,13.1,"1,779,012,000","1,779,015,600","1,779,012,000","1,779,015,600",NODELAY,0,AUTO,Diesel,False,False,NA,2,5,0
pinnacle-Slc,Clearwater Campus,CAB,"May 17, 2026",09:00,"3,000,265",LOGIN,false,Rohan Mikhailov Travel,KA 04 AB,KA 04 AB,4,12.5,13.1,"1,778,988,600","1,778,992,200","1,778,988,600","1,778,992,200",NODELAY,0,AUTO,Diesel,False,False,NA,2,2,0
pinnacle-Slc,Oakmont Office,CAB,"May 17, 2026",09:00,"3,000,266",LOGIN,false,Pooja Mikhailov Travel,KA 05 AB,KA 05 AB,4,12.5,13.1,"1,778,988,600","1,778,992,200","1,778,988,600","1,778,992,200",NODELAY,0,AUTO,Electric,False,False,NA,2,2,0
pinnacle-Slc,Clearwater Campus,CAB,"May 17, 2026",15:30,"3,000,267",LOGOUT,false,Rohan Mikhailov Travel,KA 06 AB,KA 06 AB,4,12.5,13.1,"1,779,012,000","1,779,015,600","1,779,012,000","1,779,015,600",NODELAY,0,AUTO,Diesel,False,False,NA,2,2,0
pinnacle-Slc,Oakmont Office,CAB,"May 17, 2026",15:30,"3,000,268",LOGOUT,false,Pooja Mikhailov Travel,KA 07 AB,KA 07 AB,4,12.5,13.1,"1,779,012,000","1,779,015,600","1,779,012,000","1,779,015,600",NODELAY,0,AUTO,Diesel,False,False,NA,2,2,0
pinnacle-Slc,Clearwater Campus,CAB,"May 17, 2026",09:00,"3,000,269",LOGIN,false,Rohan Mikhailov Travel,KA 08 AB,KA 08 AB,4,12.5,13.1,"1,778,988,600","1,778,992,200","1,778,988,600","1,778,992,200",NODELAY,0,AUTO,Diesel,False,False,NA,2,2,0
pinnacle-Slc,Oakmont Office,CAB,"May 17, 2026",09:00,"3,000,270",LOGIN,false,Pooja Mikhailov Travel,KA 09 AB,KA 09 AB,4,12.5,13.1,"1,778,988,600","1,778,992,200","1,778,988,600","1,778,992,200",NODELAY,0,AUTO,Diesel,False,False,NA,2,2,0
pinnacle-Slc,Clearwater Campus,CAB,"May 17, 2026",15:30,"3,000,271",LOGOUT,false,Rohan Mikhailov Travel,KA 10 AB,KA 10 AB,4,12.5,13.1,"1,779,012,000","1,779,015,600","1,779,012,000","1,779,015,600",NODELAY,0,AUTO,Electric,False,False,NA,2,2,0
pinnacle-Slc,Oakmont Office,CAB,"May 17, 2026",15:30,"3,000,272",LOGOUT,false,Pooja Mikhailov Travel,KA 11 AB,KA 11 AB,4,12.5,13.1,"1,779,012,000","1,779,015,600","1,779,015,120","1,779,018,720",EMPLOYEE,52,AUTO,Diesel,False,False,NA,2,2,0
pinnacle-Slc,Clearwater Campus,CAB,"May 17, 2026",09:00,"3,000,273",LOGIN,false,Rohan Mikhailov Travel,KA 12 AB,KA 12 AB,4,12.5,13.1,"1,778,988,600","1,778,992,200","1,778,988,600","1,778,992,200",NODELAY,0,AUTO,Diesel,False,False,NA,2,2,0
pinnacle-Slc,Oakmont Office,CAB,"May 17, 2026",09:00,"3,000,274",LOGIN,false,Pooja Mikhailov Travel,KA 13 AB,KA 13 AB,4,12.5,13.1,"1,778,988,600","1,778,992,200","1,778,988,600","1,778,992,200",NODELAY,0,AUTO,Diesel,False,False,NA,2,2,0
pinnacle-Slc,Clearwater Campus,CAB,"May 17, 2026",15:30,"3,000,275",LOGOUT,false,Rohan Mikhailov Travel,KA 14 AB,KA 14 AB,4,12.5,13.1,"1,779,012,000","1,779,015,600","1,779,012,000","1,779,015,600",NODELAY,0,AUTO,Diesel,False,False,NA,2,2,0
pinnacle-Slc,Oakmont Office,CAB,"May 17, 2026",15:30,"3,000,276",LOGOUT,false,Pooja Mikhailov Travel,KA 15 AB,KA 15 AB,4,12.5,13.1,"1,779,012,000","1,779,015,600","1,779,012,000","1,779,015,600",NODELAY,0,AUTO,Electric,False,False,NA,2,2,0
pinnacle-Slc,Clearwater Campus,CAB,"May 17, 2026",09:00,"3,000,277",LOGIN,false,Rohan Mikhailov Travel,KA 16 AB,KA 16 AB,4,12.5,13.1,"1,778,988,600","1,778,992,200","1,778,988,600","1,778,992,200",NODELAY,0,AUTO,Diesel,False,False,NA,2,2,0
pinnacle-Slc,Oakmont Office,CAB,"May 17, 2026",09:00,"3,000,278",LOGIN,false,Pooja Mikhailov Travel,KA 17 AB,KA 17 AB,4,12.5,13.1,"1,778,988,600","1,778,992,200","1,778,988,600","1,778,992,200",NODELAY,0,AUTO,Diesel,False,False,NA,2,2,0
pinnacle-Slc,Clearwater Campus,CAB,"May 17, 2026",15:30,"3,000,279",LOGOUT,false,Rohan Mikhailov Travel,KA 18 AB,KA 18 AB,4,12.5,13.1,"1,779,012,000","1,779,015,600","1,779,012,000","1,779,015,600",NODELAY,0,AUTO,Diesel,False,False,NA,2,2,0
pinnacle-Slc,Oakmont Office,CAB,"May 17, 2026",15:30,"3,000,280",LOGOUT,false,Pooja Mikhailov Travel,KA 19 AB,KA 19 AB,4,12.5,13.1,"1,779,012,000","1,779,015,600","1,779,012,000","1,779,015,600",NODELAY,0,AUTO,Diesel,False,False,NA,2,2,0
orbit-Slc,Eastgate Office,BUS,"May 17, 2026",10:00,"1,200,345",LOGIN,true,Rohan Mikhailov Travel,OR 01 ZZ,OR 01 ZZ,12,20.0,21.0,"1,778,992,200","1,778,995,800","1,778,992,200","1,778,995,800",NODELAY,0,SHUTTLE_SERVICE,Electric,false,false,SHUTTLE,8,8,0
orbit-Slc,Eastgate Office,BUS,"May 17, 2026",10:00,"1,200,346",LOGIN,true,Rohan Mikhailov Travel,OR 01 ZZ,OR 01 ZZ,12,20.0,21.0,"1,778,992,200","1,778,995,800","1,778,992,200","1,778,995,800",NODELAY,0,SHUTTLE_SERVICE,Electric,false,false,SHUTTLE,8,8,0
orbit-Slc,Eastgate Office,BUS,"May 17, 2026",10:00,"1,200,347",LOGIN,true,Rohan Mikhailov Travel,OR 01 ZZ,OR 01 ZZ,12,20.0,21.0,"1,778,992,200","1,778,995,800","1,778,992,200","1,778,995,800",NODELAY,0,SHUTTLE_SERVICE,Electric,false,false,SHUTTLE,8,8,0
orbit-Slc,Eastgate Office,BUS,"May 17, 2026",10:00,"1,200,348",LOGIN,true,Rohan Mikhailov Travel,OR 01 ZZ,OR 01 ZZ,12,20.0,21.0,"1,778,992,200","1,778,995,800","1,778,992,200","1,778,995,800",NODELAY,0,SHUTTLE_SERVICE,Electric,false,false,SHUTTLE,8,8,0
orbit-Slc,Eastgate Office,BUS,"May 17, 2026",10:00,"1,200,349",LOGIN,true,Rohan Mikhailov Travel,OR 01 ZZ,OR 01 ZZ,12,20.0,21.0,"1,778,992,200","1,778,995,800","1,778,992,200","1,778,995,800",NODELAY,0,SHUTTLE_SERVICE,Electric,false,false,SHUTTLE,8,8,0
pinnacle-Slc,Clearwater Campus,CAB,"May 18, 2026",09:00,"3,000,281",LOGIN,false,Rohan Mikhailov Travel,KA 00 AB,KA 00 AB,4,12.5,13.1,"1,779,075,000","1,779,078,600","1,779,075,900","1,779,079,500",DRIVER,15,AUTO,Electric,False,False,NA,2,2,0
pinnacle-Slc,Oakmont Office,CAB,"May 18, 2026",09:00,"3,000,282",LOGIN,false,Pooja Mikhailov Travel,KA 01 AB,KA 01 AB,4,12.5,13.1,"1,779,075,000","1,779,078,600","1,779,075,000","1,779,078,600",NODELAY,0,AUTO,Diesel,False,False,NA,2,2,0
pinnacle-Slc,Clearwater Campus,CAB,"May 18, 2026",15:30,"3,000,283",LOGOUT,false,Rohan Mikhailov Travel,KA 02 AB,KA 02 AB,4,12.5,13.1,"1,779,098,400","1,779,102,000","1,779,098,400","1,779,102,000",NODELAY,0,AUTO,Diesel,False,False,NA,2,2,0
pinnacle-Slc,Oakmont Office,CAB,"May 18, 2026",15:30,"3,000,284",LOGOUT,false,Pooja Mikhailov Travel,KA 03 AB,KA 03 AB,4,12.5,13.1,"1,779,098,400","1,779,102,000","1,779,098,400","1,779,102,000",NODELAY,0,AUTO,Diesel,False,False,NA,2,5,0
pinnacle-Slc,Clearwater Campus,CAB,"May 18, 2026",09:00,"3,000,285",LOGIN,false,Rohan Mikhailov Travel,KA 04 AB,KA 04 AB,4,12.5,13.1,"1,779,075,000","1,779,078,600","1,779,075,000","1,779,078,600",NODELAY,0,AUTO,Diesel,False,False,NA,2,2,0
pinnacle-Slc,Oakmont Office,CAB,"May 18, 2026",09:00,"3,000,286",LOGIN,false,Pooja Mikhailov Travel,KA 05 AB,KA 05 AB,4,12.5,13.1,"1,779,075,000","1,779,078,600","1,779,075,000","1,779,078,600",NODELAY,0,AUTO,Electric,False,False,NA,2,2,0
pinnacle-Slc,Clearwater Campus,CAB,"May 18, 2026",15:30,"3,000,287",LOGOUT,false,Rohan Mikhailov Travel,KA 06 AB,KA 06 AB,4,12.5,13.1,"1,779,098,400","1,779,102,000","1,779,098,400","1,779,102,000",NODELAY,0,AUTO,Diesel,False,False,NA,2,2,0
pinnacle-Slc,Oakmont Office,CAB,"May 18, 2026",15:30,"3,000,288",LOGOUT,false,Pooja Mikhailov Travel,KA 07 AB,KA 07 AB,4,12.5,13.1,"1,779,098,400","1,779,102,000","1,779,098,400","1,779,102,000",NODELAY,0,AUTO,Diesel,False,False,NA,2,2,0
pinnacle-Slc,Clearwater Campus,CAB,"May 18, 2026",09:00,"3,000,289",LOGIN,false,Rohan Mikhailov Travel,KA 08 AB,KA 08 AB,4,12.5,13.1,"1,779,075,000","1,779,078,600","1,779,075,000","1,779,078,600",NODELAY,0,AUTO,Diesel,False,False,NA,2,2,0
pinnacle-Slc,Oakmont Office,CAB,"May 18, 2026",09:00,"3,000,290",LOGIN,false,Pooja Mikhailov Travel,KA 09 AB,KA 09 AB,4,12.5,13.1,"1,779,075,000","1,779,078,600","1,779,075,000","1,779,078,600",NODELAY,0,AUTO,Diesel,False,False,NA,2,2,0
pinnacle-Slc,Clearwater Campus,CAB,"May 18, 2026",15:30,"3,000,291",LOGOUT,false,Rohan Mikhailov Travel,KA 10 AB,KA 10 AB,4,12.5,13.1,"1,779,098,400","1,779,102,000","1,779,098,400","1,779,102,000",NODELAY,0,AUTO,Electric,False,False,NA,2,2,0
pinnacle-Slc,Oakmont Office,CAB,"May 18, 2026",15:30,"3,000,292",LOGOUT,false,Pooja Mikhailov Travel,KA 11 AB,KA 11 AB,4,12.5,13.1,"1,779,098,400","1,779,102,000","1,779,101,520","1,779,105,120",TRAFFIC,52,AUTO,Diesel,False,False,NA,2,2,0
pinnacle-Slc,Clearwater Campus,CAB,"May 18, 2026",09:00,"3,000,293",LOGIN,false,Rohan Mikhailov Travel,KA 12 AB,KA 12 AB,4,12.5,13.1,"1,779,075,000","1,779,078,600","1,779,075,000","1,779,078,600",NODELAY,0,AUTO,Diesel,False,False,NA,2,2,0
pinnacle-Slc,Oakmont Office,CAB,"May 18, 2026",09:00,"3,000,294",LOGIN,false,Pooja Mikhailov Travel,KA 13 AB,KA 13 AB,4,12.5,13.1,"1,779,075,000","1,779,078,600","1,779,075,000","1,779,078,600",NODELAY,0,AUTO,Diesel,False,False,NA,2,2,0
pinnacle-Slc,Clearwater Campus,CAB,"May 18, 2026",15:30,"3,000,295",LOGOUT,false,Rohan Mikhailov Travel,KA 14 AB,KA 14 AB,4,12.5,13.1,"1,779,098,400","1,779,102,000","1,779,098,400","1,779,102,000",NODELAY,0,AUTO,Diesel,False,False,NA,2,2,0
pinnacle-Slc,Oakmont Office,CAB,"May 18, 2026",15:30,"3,000,296",LOGOUT,false,Pooja Mikhailov Travel,KA 15 AB,KA 15 AB,4,12.5,13.1,"1,779,098,400","1,779,102,000","1,779,098,400","1,779,102,000",NODELAY,0,AUTO,Electric,False,False,NA,2,2,0
pinnacle-Slc,Clearwater Campus,CAB,"May 18, 2026",09:00,"3,000,297",LOGIN,false,Rohan Mikhailov Travel,KA 16 AB,KA 16 AB,4,12.5,13.1,"1,779,075,000","1,779,078,600","1,779,075,000","1,779,078,600",NODELAY,0,AUTO,Diesel,False,False,NA,2,2,0
pinnacle-Slc,Oakmont Office,CAB,"May 18, 2026",09:00,"3,000,298",LOGIN,false,Pooja Mikhailov Travel,KA 17 AB,KA 17 AB,4,12.5,13.1,"1,779,075,000","1,779,078,600","1,779,075,000","1,779,078,600",NODELAY,0,AUTO,Diesel,False,False,NA,2,2,0
pinnacle-Slc,Clearwater Campus,CAB,"May 18, 2026",15:30,"3,000,299",LOGOUT,false,Rohan Mikhailov Travel,KA 18 AB,KA 18 AB,4,12.5,13.1,"1,779,098,400","1,779,102,000","1,779,098,400","1,779,102,000",NODELAY,0,AUTO,Diesel,False,False,NA,2,2,0
pinnacle-Slc,Oakmont Office,CAB,"May 18, 2026",15:30,"3,000,300",LOGOUT,false,Pooja Mikhailov Travel,KA 19 AB,KA 19 AB,4,12.5,13.1,"1,779,098,400","1,779,102,000","1,779,098,400","1,779,102,000",NODELAY,0,AUTO,Diesel,False,False,NA,2,2,0
orbit-Slc,Eastgate Office,BUS,"May 18, 2026",10:00,"1,200,370",LOGIN,true,Rohan Mikhailov Travel,OR 01 ZZ,OR 01 ZZ,12,20.0,21.0,"1,779,078,600","1,779,082,200","1,779,078,600","1,779,082,200",NODELAY,0,SHUTTLE_SERVICE,Electric,false,false,SHUTTLE,8,8,0
orbit-Slc,Eastgate Office,BUS,"May 18, 2026",10:00,"1,200,371",LOGIN,true,Rohan Mikhailov Travel,OR 01 ZZ,OR 01 ZZ,12,20.0,21.0,"1,779,078,600","1,779,082,200","1,779,078,600","1,779,082,200",NODELAY,0,SHUTTLE_SERVICE,Electric,false,false,SHUTTLE,8,8,0
orbit-Slc,Eastgate Office,BUS,"May 18, 2026",10:00,"1,200,372",LOGIN,true,Rohan Mikhailov Travel,OR 01 ZZ,OR 01 ZZ,12,20.0,21.0,"1,779,078,600","1,779,082,200","1,779,078,600","1,779,082,200",NODELAY,0,SHUTTLE_SERVICE,Electric,false,false,SHUTTLE,8,8,0
orbit-Slc,Eastgate Office,BUS,"May 18, 2026",10:00,"1,200,373",LOGIN,true,Rohan Mikhailov Travel,OR 01 ZZ,OR 01 ZZ,12,20.0,21.0,"1,779,078,600","1,779,082,200","1,779,078,600","1,779,082,200",NODELAY,0,SHUTTLE_SERVICE,Electric,false,false,SHUTTLE,8,8,0
orbit-Slc,Eastgate Office,BUS,"May 18, 2026",10:00,"1,200,374",LOGIN,true,Rohan Mikhailov Travel,OR 01 ZZ,OR 01 ZZ,12,20.0,21.0,"1,779,078,600","1,779,082,200","1,779,078,600","1,779,082,200",NODELAY,0,SHUTTLE_SERVICE,Electric,false,false,SHUTTLE,8,8,0
pinnacle-Slc,Clearwater Campus,CAB,"May 19, 2026",09:00,"3,000,301",LOGIN,false,Rohan Mikhailov Travel,KA 00 AB,KA 00 AB,4,12.5,13.1,"1,779,161,400","1,779,165,000","1,779,162,300","1,779,165,900",EMPLOYEE,15,AUTO,Electric,False,False,NA,2,2,0
pinnacle-Slc,Oakmont Office,CAB,"May 19, 2026",09:00,"3,000,302",LOGIN,false,Pooja Mikhailov Travel,KA 01 AB,KA 01 AB,4,12.5,13.1,"1,779,161,400","1,779,165,000","1,779,161,400","1,779,165,000",NODELAY,0,AUTO,Diesel,False,False,NA,2,2,0
pinnacle-Slc,Clearwater Campus,CAB,"May 19, 2026",15:30,"3,000,303",LOGOUT,false,Rohan Mikhailov Travel,KA 02 AB,KA 02 AB,4,12.5,13.1,"1,779,184,800","1,779,188,400","1,779,184,800","1,779,188,400",NODELAY,0,AUTO,Diesel,False,False,NA,2,2,0
pinnacle-Slc,Oakmont Office,CAB,"May 19, 2026",15:30,"3,000,304",LOGOUT,false,Pooja Mikhailov Travel,KA 03 AB,KA 03 AB,4,12.5,13.1,"1,779,184,800","1,779,188,400","1,779,184,800","1,779,188,400",NODELAY,0,AUTO,Diesel,False,False,NA,2,5,0
pinnacle-Slc,Clearwater Campus,CAB,"May 19, 2026",09:00,"3,000,305",LOGIN,false,Rohan Mikhailov Travel,KA 04 AB,KA 04 AB,4,12.5,13.1,"1,779,161,400","1,779,165,000","1,779,161,400","1,779,165,000",NODELAY,0,AUTO,Diesel,False,False,NA,2,2,0
pinnacle-Slc,Oakmont Office,CAB,"May 19, 2026",09:00,"3,000,306",LOGIN,false,Pooja Mikhailov Travel,KA 05 AB,KA 05 AB,4,12.5,13.1,"1,779,161,400","1,779,165,000","1,779,161,400","1,779,165,000",NODELAY,0,AUTO,Electric,False,False,NA,2,2,0
pinnacle-Slc,Clearwater Campus,CAB,"May 19, 2026",15:30,"3,000,307",LOGOUT,false,Rohan Mikhailov Travel,KA 06 AB,KA 06 AB,4,12.5,13.1,"1,779,184,800","1,779,188,400","1,779,184,800","1,779,188,400",NODELAY,0,AUTO,Diesel,False,False,NA,2,2,0
pinnacle-Slc,Oakmont Office,CAB,"May 19, 2026",15:30,"3,000,308",LOGOUT,false,Pooja Mikhailov Travel,KA 07 AB,KA 07 AB,4,12.5,13.1,"1,779,184,800","1,779,188,400","1,779,184,800","1,779,188,400",NODELAY,0,AUTO,Diesel,False,False,NA,2,2,0
pinnacle-Slc,Clearwater Campus,CAB,"May 19, 2026",09:00,"3,000,309",LOGIN,false,Rohan Mikhailov Travel,KA 08 AB,KA 08 AB,4,12.5,13.1,"1,779,161,400","1,779,165,000","1,779,161,400","1,779,165,000",NODELAY,0,AUTO,Diesel,False,False,NA,2,2,0
pinnacle-Slc,Oakmont Office,CAB,"May 19, 2026",09:00,"3,000,310",LOGIN,false,Pooja Mikhailov Travel,KA 09 AB,KA 09 AB,4,12.5,13.1,"1,779,161,400","1,779,165,000","1,779,161,400","1,779,165,000",NODELAY,0,AUTO,Diesel,False,False,NA,2,2,0
pinnacle-Slc,Clearwater Campus,CAB,"May 19, 2026",15:30,"3,000,311",LOGOUT,false,Rohan Mikhailov Travel,KA 10 AB,KA 10 AB,4,12.5,13.1,"1,779,184,800","1,779,188,400","1,779,184,800","1,779,188,400",NODELAY,0,AUTO,Electric,False,False,NA,2,2,0
pinnacle-Slc,Oakmont Office,CAB,"May 19, 2026",15:30,"3,000,312",LOGOUT,false,Pooja Mikhailov Travel,KA 11 AB,KA 11 AB,4,12.5,13.1,"1,779,184,800","1,779,188,400","1,779,187,920","1,779,191,520",DRIVER,52,AUTO,Diesel,False,False,NA,2,2,0
pinnacle-Slc,Clearwater Campus,CAB,"May 19, 2026",09:00,"3,000,313",LOGIN,false,Rohan Mikhailov Travel,KA 12 AB,KA 12 AB,4,12.5,13.1,"1,779,161,400","1,779,165,000","1,779,161,400","1,779,165,000",NODELAY,0,AUTO,Diesel,False,False,NA,2,2,0
pinnacle-Slc,Oakmont Office,CAB,"May 19, 2026",09:00,"3,000,314",LOGIN,false,Pooja Mikhailov Travel,KA 13 AB,KA 13 AB,4,12.5,13.1,"1,779,161,400","1,779,165,000","1,779,161,400","1,779,165,000",NODELAY,0,AUTO,Diesel,False,False,NA,2,2,0
pinnacle-Slc,Clearwater Campus,CAB,"May 19, 2026",15:30,"3,000,315",LOGOUT,false,Rohan Mikhailov Travel,KA 14 AB,KA 14 AB,4,12.5,13.1,"1,779,184,800","1,779,188,400","1,779,184,800","1,779,188,400",NODELAY,0,AUTO,Diesel,False,False,NA,2,2,0
pinnacle-Slc,Oakmont Office,CAB,"May 19, 2026",15:30,"3,000,316",LOGOUT,false,Pooja Mikhailov Travel,KA 15 AB,KA 15 AB,4,12.5,13.1,"1,779,184,800","1,779,188,400","1,779,184,800","1,779,188,400",NODELAY,0,AUTO,Electric,False,False,NA,2,2,0
pinnacle-Slc,Clearwater Campus,CAB,"May 19, 2026",09:00,"3,000,317",LOGIN,false,Rohan Mikhailov Travel,KA 16 AB,KA 16 AB,4,12.5,13.1,"1,779,161,400","1,779,165,000","1,779,161,400","1,779,165,000",NODELAY,0,AUTO,Diesel,False,False,NA,2,2,0
pinnacle-Slc,Oakmont Office,CAB,"May 19, 2026",09:00,"3,000,318",LOGIN,false,Pooja Mikhailov Travel,KA 17 AB,KA 17 AB,4,12.5,13.1,"1,779,161,400","1,779,165,000","1,779,161,400","1,779,165,000",NODELAY,0,AUTO,Diesel,False,False,NA,2,2,0
pinnacle-Slc,Clearwater Campus,CAB,"May 19, 2026",15:30,"3,000,319",LOGOUT,false,Rohan Mikhailov Travel,KA 18 AB,KA 18 AB,4,12.5,13.1,"1,779,184,800","1,779,188,400","1,779,184,800","1,779,188,400",NODELAY,0,AUTO,Diesel,False,False,NA,2,2,0
pinnacle-Slc,Oakmont Office,CAB,"May 19, 2026",15:30,"3,000,320",LOGOUT,false,Pooja Mikhailov Travel,KA 19 AB,KA 19 AB,4,12.5,13.1,"1,779,184,800","1,779,188,400","1,779,184,800","1,779,188,400",NODELAY,0,AUTO,Diesel,False,False,NA,2,2,0
orbit-Slc,Eastgate Office,BUS,"May 19, 2026",10:00,"1,200,395",LOGIN,true,Rohan Mikhailov Travel,OR 01 ZZ,OR 01 ZZ,12,20.0,21.0,"1,779,165,000","1,779,168,600","1,779,165,000","1,779,168,600",NODELAY,0,SHUTTLE_SERVICE,Electric,false,false,SHUTTLE,8,8,0
orbit-Slc,Eastgate Office,BUS,"May 19, 2026",10:00,"1,200,396",LOGIN,true,Rohan Mikhailov Travel,OR 01 ZZ,OR 01 ZZ,12,20.0,21.0,"1,779,165,000","1,779,168,600","1,779,165,000","1,779,168,600",NODELAY,0,SHUTTLE_SERVICE,Electric,false,false,SHUTTLE,8,8,0
orbit-Slc,Eastgate Office,BUS,"May 19, 2026",10:00,"1,200,397",LOGIN,true,Rohan Mikhailov Travel,OR 01 ZZ,OR 01 ZZ,12,20.0,21.0,"1,779,165,000","1,779,168,600","1,779,165,000","1,779,168,600",NODELAY,0,SHUTTLE_SERVICE,Electric,false,false,SHUTTLE,8,8,0
orbit-Slc,Eastgate Office,BUS,"May 19, 2026",10:00,"1,200,398",LOGIN,true,Rohan Mikhailov Travel,OR 01 ZZ,OR 01 ZZ,12,20.0,21.0,"1,779,165,000","1,779,168,600","1,779,165,000","1,779,168,600",NODELAY,0,SHUTTLE_SERVICE,Electric,false,false,SHUTTLE,8,8,0
orbit-Slc,Eastgate Office,BUS,"May 19, 2026",10:00,"1,200,399",LOGIN,true,Rohan Mikhailov Travel,OR 01 ZZ,OR 01 ZZ,12,20.0,21.0,"1,779,165,000","1,779,168,600","1,779,165,000","1,779,168,600",NODELAY,0,SHUTTLE_SERVICE,Electric,false,false,SHUTTLE,8,8,0
pinnacle-Slc,Clearwater Campus,CAB,"May 20, 2026",09:00,"3,000,321",LOGIN,false,Rohan Mikhailov Travel,KA 00 AB,KA 00 AB,4,12.5,13.1,"1,779,247,800","1,779,251,400","1,779,248,700","1,779,252,300",TRAFFIC,15,AUTO,Electric,False,False,NA,2,2,0
pinnacle-Slc,Oakmont Office,CAB,"May 20, 2026",09:00,"3,000,322",LOGIN,false,Pooja Mikhailov Travel,KA 01 AB,KA 01 AB,4,12.5,13.1,"1,779,247,800","1,779,251,400","1,779,247,800","1,779,251,400",NODELAY,0,AUTO,Diesel,False,False,NA,2,2,0
pinnacle-Slc,Clearwater Campus,CAB,"May 20, 2026",15:30,"3,000,323",LOGOUT,false,Rohan Mikhailov Travel,KA 02 AB,KA 02 AB,4,12.5,13.1,"1,779,271,200","1,779,274,800","1,779,271,200","1,779,274,800",NODELAY,0,AUTO,Diesel,False,False,NA,2,2,0
pinnacle-Slc,Oakmont Office,CAB,"May 20, 2026",15:30,"3,000,324",LOGOUT,false,Pooja Mikhailov Travel,KA 03 AB,KA 03 AB,4,12.5,13.1,"1,779,271,200","1,779,274,800","1,779,271,200","1,779,274,800",NODELAY,0,AUTO,Diesel,False,False,NA,2,5,0
pinnacle-Slc,Clearwater Campus,CAB,"May 20, 2026",09:00,"3,000,325",LOGIN,false,Rohan Mikhailov Travel,KA 04 AB,KA 04 AB,4,12.5,13.1,"1,779,247,800","1,779,251,400","1,779,247,800","1,779,251,400",NODELAY,0,AUTO,Diesel,False,False,NA,2,2,0
pinnacle-Slc,Oakmont Office,CAB,"May 20, 2026",09:00,"3,000,326",LOGIN,false,Pooja Mikhailov Travel,KA 05 AB,KA 05 AB,4,12.5,13.1,"1,779,247,800","1,779,251,400","1,779,247,800","1,779,251,400",NODELAY,0,AUTO,Electric,False,False,NA,2,2,0
pinnacle-Slc,Clearwater Campus,CAB,"May 20, 2026",15:30,"3,000,327",LOGOUT,false,Rohan Mikhailov Travel,KA 06 AB,KA 06 AB,4,12.5,13.1,"1,779,271,200","1,779,274,800","1,779,271,200","1,779,274,800",NODELAY,0,AUTO,Diesel,False,False,NA,2,2,0
pinnacle-Slc,Oakmont Office,CAB,"May 20, 2026",15:30,"3,000,328",LOGOUT,false,Pooja Mikhailov Travel,KA 07 AB,KA 07 AB,4,12.5,13.1,"1,779,271,200","1,779,274,800","1,779,271,200","1,779,274,800",NODELAY,0,AUTO,Diesel,False,False,NA,2,2,0
pinnacle-Slc,Clearwater Campus,CAB,"May 20, 2026",09:00,"3,000,329",LOGIN,false,Rohan Mikhailov Travel,KA 08 AB,KA 08 AB,4,12.5,13.1,"1,779,247,800","1,779,251,400","1,779,247,800","1,779,251,400",NODELAY,0,AUTO,Diesel,False,False,NA,2,2,0
pinnacle-Slc,Oakmont Office,CAB,"May 20, 2026",09:00,"3,000,330",LOGIN,false,Pooja Mikhailov Travel,KA 09 AB,KA 09 AB,4,12.5,13.1,"1,779,247,800","1,779,251,400","1,779,247,800","1,779,251,400",NODELAY,0,AUTO,Diesel,False,False,NA,2,2,0
pinnacle-Slc,Clearwater Campus,CAB,"May 20, 2026",15:30,"3,000,331",LOGOUT,false,Rohan Mikhailov Travel,KA 10 AB,KA 10 AB,4,12.5,13.1,"1,779,271,200","1,779,274,800","1,779,271,200","1,779,274,800",NODELAY,0,AUTO,Electric,False,False,NA,2,2,0
pinnacle-Slc,Oakmont Office,CAB,"May 20, 2026",15:30,"3,000,332",LOGOUT,false,Pooja Mikhailov Travel,KA 11 AB,KA 11 AB,4,12.5,13.1,"1,779,271,200","1,779,274,800","1,779,274,320","1,779,277,920",EMPLOYEE,52,AUTO,Diesel,False,False,NA,2,2,0
pinnacle-Slc,Clearwater Campus,CAB,"May 20, 2026",09:00,"3,000,333",LOGIN,false,Rohan Mikhailov Travel,KA 12 AB,KA 12 AB,4,12.5,13.1,"1,779,247,800","1,779,251,400","1,779,247,800","1,779,251,400",NODELAY,0,AUTO,Diesel,False,False,NA,2,2,0
pinnacle-Slc,Oakmont Office,CAB,"May 20, 2026",09:00,"3,000,334",LOGIN,false,Pooja Mikhailov Travel,KA 13 AB,KA 13 AB,4,12.5,13.1,"1,779,247,800","1,779,251,400","1,779,247,800","1,779,251,400",NODELAY,0,AUTO,Diesel,False,False,NA,2,2,0
pinnacle-Slc,Clearwater Campus,CAB,"May 20, 2026",15:30,"3,000,335",LOGOUT,false,Rohan Mikhailov Travel,KA 14 AB,KA 14 AB,4,12.5,13.1,"1,779,271,200","1,779,274,800","1,779,271,200","1,779,274,800",NODELAY,0,AUTO,Diesel,False,False,NA,2,2,0
pinnacle-Slc,Oakmont Office,CAB,"May 20, 2026",15:30,"3,000,336",LOGOUT,false,Pooja Mikhailov Travel,KA 15 AB,KA 15 AB,4,12.5,13.1,"1,779,271,200","1,779,274,800","1,779,271,200","1,779,274,800",NODELAY,0,AUTO,Electric,False,False,NA,2,2,0
pinnacle-Slc,Clearwater Campus,CAB,"May 20, 2026",09:00,"3,000,337",LOGIN,false,Rohan Mikhailov Travel,KA 16 AB,KA 16 AB,4,12.5,13.1,"1,779,247,800","1,779,251,400","1,779,247,800","1,779,251,400",NODELAY,0,AUTO,Diesel,False,False,NA,2,2,0
pinnacle-Slc,Oakmont Office,CAB,"May 20, 2026",09:00,"3,000,338",LOGIN,false,Pooja Mikhailov Travel,KA 17 AB,KA 17 AB,4,12.5,13.1,"1,779,247,800","1,779,251,400","1,779,247,800","1,779,251,400",NODELAY,0,AUTO,Diesel,False,False,NA,2,2,0
pinnacle-Slc,Clearwater Campus,CAB,"May 20, 2026",15:30,"3,000,339",LOGOUT,false,Rohan Mikhailov Travel,KA 18 AB,KA 18 AB,4,12.5,13.1,"1,779,271,200","1,779,274,800","1,779,271,200","1,779,274,800",NODELAY,0,AUTO,Diesel,False,False,NA,2,2,0
pinnacle-Slc,Oakmont Office,CAB,"May 20, 2026",15:30,"3,000,340",LOGOUT,false,Pooja Mikhailov Travel,KA 19 AB,KA 19 AB,4,12.5,13.1,"1,779,271,200","1,779,274,800","1,779,271,200","1,779,274,800",NODELAY,0,AUTO,Diesel,False,False,NA,2,2,0
orbit-Slc,Eastgate Office,BUS,"May 20, 2026",10:00,"1,200,420",LOGIN,true,Rohan Mikhailov Travel,OR 01 ZZ,OR 01 ZZ,12,20.0,21.0,"1,779,251,400","1,779,255,000","1,779,251,400","1,779,255,000",NODELAY,0,SHUTTLE_SERVICE,Electric,false,false,SHUTTLE,8,8,0
orbit-Slc,Eastgate Office,BUS,"May 20, 2026",10:00,"1,200,421",LOGIN,true,Rohan Mikhailov Travel,OR 01 ZZ,OR 01 ZZ,12,20.0,21.0,"1,779,251,400","1,779,255,000","1,779,251,400","1,779,255,000",NODELAY,0,SHUTTLE_SERVICE,Electric,false,false,SHUTTLE,8,8,0
orbit-Slc,Eastgate Office,BUS,"May 20, 2026",10:00,"1,200,422",LOGIN,true,Rohan Mikhailov Travel,OR 01 ZZ,OR 01 ZZ,12,20.0,21.0,"1,779,251,400","1,779,255,000","1,779,251,400","1,779,255,000",NODELAY,0,SHUTTLE_SERVICE,Electric,false,false,SHUTTLE,8,8,0
orbit-Slc,Eastgate Office,BUS,"May 20, 2026",10:00,"1,200,423",LOGIN,true,Rohan Mikhailov Travel,OR 01 ZZ,OR 01 ZZ,12,20.0,21.0,"1,779,251,400","1,779,255,000","1,779,251,400","1,779,255,000",NODELAY,0,SHUTTLE_SERVICE,Electric,false,false,SHUTTLE,8,8,0
orbit-Slc,Eastgate Office,BUS,"May 20, 2026",10:00,"1,200,424",LOGIN,true,Rohan Mikhailov Travel,OR 01 ZZ,OR 01 ZZ,12,20.0,21.0,"1,779,251,400","1,779,255,000","1,779,251,400","1,779,255,000",NODELAY,0,SHUTTLE_SERVICE,Electric,false,false,SHUTTLE,8,8,0
pinnacle-Slc,Clearwater Campus,CAB,"May 21, 2026",09:00,"3,000,341",LOGIN,false,Rohan Mikhailov Travel,KA 00 AB,KA 00 AB,4,12.5,13.1,"1,779,334,200","1,779,337,800","1,779,335,100","1,779,338,700",DRIVER,15,AUTO,Electric,False,False,NA,2,2,0
pinnacle-Slc,Oakmont Office,CAB,"May 21, 2026",09:00,"3,000,342",LOGIN,false,Pooja Mikhailov Travel,KA 01 AB,KA 01 AB,4,12.5,13.1,"1,779,334,200","1,779,337,800","1,779,334,200","1,779,337,800",NODELAY,0,AUTO,Diesel,False,False,NA,2,2,0
pinnacle-Slc,Clearwater Campus,CAB,"May 21, 2026",15:30,"3,000,343",LOGOUT,false,Rohan Mikhailov Travel,KA 02 AB,KA 02 AB,4,12.5,13.1,"1,779,357,600","1,779,361,200","1,779,357,600","1,779,361,200",NODELAY,0,AUTO,Diesel,False,False,NA,2,2,0
pinnacle-Slc,Oakmont Office,CAB,"May 21, 2026",15:30,"3,000,344",LOGOUT,false,Pooja Mikhailov Travel,KA 03 AB,KA 03 AB,4,12.5,13.1,"1,779,357,600","1,779,361,200","1,779,357,600","1,779,361,200",NODELAY,0,AUTO,Diesel,False,False,NA,2,5,0
pinnacle-Slc,Clearwater Campus,CAB,"May 21, 2026",09:00,"3,000,345",LOGIN,false,Rohan Mikhailov Travel,KA 04 AB,KA 04 AB,4,12.5,13.1,"1,779,334,200","1,779,337,800","1,779,334,200","1,779,337,800",NODELAY,0,AUTO,Diesel,False,False,NA,2,2,0
pinnacle-Slc,Oakmont Office,CAB,"May 21, 2026",09:00,"3,000,346",LOGIN,false,Pooja Mikhailov Travel,KA 05 AB,KA 05 AB,4,12.5,13.1,"1,779,334,200","1,779,337,800","1,779,334,200","1,779,337,800",NODELAY,0,AUTO,Electric,False,False,NA,2,2,0
pinnacle-Slc,Clearwater Campus,CAB,"May 21, 2026",15:30,"3,000,347",LOGOUT,false,Rohan Mikhailov Travel,KA 06 AB,KA 06 AB,4,12.5,13.1,"1,779,357,600","1,779,361,200","1,779,357,600","1,779,361,200",NODELAY,0,AUTO,Diesel,False,False,NA,2,2,0
pinnacle-Slc,Oakmont Office,CAB,"May 21, 2026",15:30,"3,000,348",LOGOUT,false,Pooja Mikhailov Travel,KA 07 AB,KA 07 AB,4,12.5,13.1,"1,779,357,600","1,779,361,200","1,779,357,600","1,779,361,200",NODELAY,0,AUTO,Diesel,False,False,NA,2,2,0
pinnacle-Slc,Clearwater Campus,CAB,"May 21, 2026",09:00,"3,000,349",LOGIN,false,Rohan Mikhailov Travel,KA 08 AB,KA 08 AB,4,12.5,13.1,"1,779,334,200","1,779,337,800","1,779,334,200","1,779,337,800",NODELAY,0,AUTO,Diesel,False,False,NA,2,2,0
pinnacle-Slc,Oakmont Office,CAB,"May 21, 2026",09:00,"3,000,350",LOGIN,false,Pooja Mikhailov Travel,KA 09 AB,KA 09 AB,4,12.5,13.1,"1,779,334,200","1,779,337,800","1,779,334,200","1,779,337,800",NODELAY,0,AUTO,Diesel,False,False,NA,2,2,0
pinnacle-Slc,Clearwater Campus,CAB,"May 21, 2026",15:30,"3,000,351",LOGOUT,false,Rohan Mikhailov Travel,KA 10 AB,KA 10 AB,4,12.5,13.1,"1,779,357,600","1,779,361,200","1,779,357,600","1,779,361,200",NODELAY,0,AUTO,Electric,False,False,NA,2,2,0
pinnacle-Slc,Oakmont Office,CAB,"May 21, 2026",15:30,"3,000,352",LOGOUT,false,Pooja Mikhailov Travel,KA 11 AB,KA 11 AB,4,12.5,13.1,"1,779,357,600","1,779,361,200","1,779,360,720","1,779,364,320",TRAFFIC,52,AUTO,Diesel,False,False,NA,2,2,0
pinnacle-Slc,Clearwater Campus,CAB,"May 21, 2026",09:00,"3,000,353",LOGIN,false,Rohan Mikhailov Travel,KA 12 AB,KA 12 AB,4,12.5,13.1,"1,779,334,200","1,779,337,800","1,779,334,200","1,779,337,800",NODELAY,0,AUTO,Diesel,False,False,NA,2,2,0
pinnacle-Slc,Oakmont Office,CAB,"May 21, 2026",09:00,"3,000,354",LOGIN,false,Pooja Mikhailov Travel,KA 13 AB,KA 13 AB,4,12.5,13.1,"1,779,334,200","1,779,337,800","1,779,334,200","1,779,337,800",NODELAY,0,AUTO,Diesel,False,False,NA,2,2,0
pinnacle-Slc,Clearwater Campus,CAB,"May 21, 2026",15:30,"3,000,355",LOGOUT,false,Rohan Mikhailov Travel,KA 14 AB,KA 14 AB,4,12.5,13.1,"1,779,357,600","1,779,361,200","1,779,357,600","1,779,361,200",NODELAY,0,AUTO,Diesel,False,False,NA,2,2,0
pinnacle-Slc,Oakmont Office,CAB,"May 21, 2026",15:30,"3,000,356",LOGOUT,false,Pooja Mikhailov Travel,KA 15 AB,KA 15 AB,4,12.5,13.1,"1,779,357,600","1,779,361,200","1,779,357,600","1,779,361,200",NODELAY,0,AUTO,Electric,False,False,NA,2,2,0
pinnacle-Slc,Clearwater Campus,CAB,"May 21, 2026",09:00,"3,000,357",LOGIN,false,Rohan Mikhailov Travel,KA 16 AB,KA 16 AB,4,12.5,13.1,"1,779,334,200","1,779,337,800","1,779,334,200","1,779,337,800",NODELAY,0,AUTO,Diesel,False,False,NA,2,2,0
pinnacle-Slc,Oakmont Office,CAB,"May 21, 2026",09:00,"3,000,358",LOGIN,false,Pooja Mikhailov Travel,KA 17 AB,KA 17 AB,4,12.5,13.1,"1,779,334,200","1,779,337,800","1,779,334,200","1,779,337,800",NODELAY,0,AUTO,Diesel,False,False,NA,2,2,0
pinnacle-Slc,Clearwater Campus,CAB,"May 21, 2026",15:30,"3,000,359",LOGOUT,false,Rohan Mikhailov Travel,KA 18 AB,KA 18 AB,4,12.5,13.1,"1,779,357,600","1,779,361,200","1,779,357,600","1,779,361,200",NODELAY,0,AUTO,Diesel,False,False,NA,2,2,0
pinnacle-Slc,Oakmont Office,CAB,"May 21, 2026",15:30,"3,000,360",LOGOUT,false,Pooja Mikhailov Travel,KA 19 AB,KA 19 AB,4,12.5,13.1,"1,779,357,600","1,779,361,200","1,779,357,600","1,779,361,200",NODELAY,0,AUTO,Diesel,False,False,NA,2,2,0
orbit-Slc,Eastgate Office,BUS,"May 21, 2026",10:00,"1,200,445",LOGIN,true,Rohan Mikhailov Travel,OR 01 ZZ,OR 01 ZZ,12,20.0,21.0,"1,779,337,800","1,779,341,400","1,779,337,800","1,779,341,400",NODELAY,0,SHUTTLE_SERVICE,Electric,false,false,SHUTTLE,8,8,0
orbit-Slc,Eastgate Office,BUS,"May 21, 2026",10:00,"1,200,446",LOGIN,true,Rohan Mikhailov Travel,OR 01 ZZ,OR 01 ZZ,12,20.0,21.0,"1,779,337,800","1,779,341,400","1,779,337,800","1,779,341,400",NODELAY,0,SHUTTLE_SERVICE,Electric,false,false,SHUTTLE,8,8,0
orbit-Slc,Eastgate Office,BUS,"May 21, 2026",10:00,"1,200,447",LOGIN,true,Rohan Mikhailov Travel,OR 01 ZZ,OR 01 ZZ,12,20.0,21.0,"1,779,337,800","1,779,341,400","1,779,337,800","1,779,341,400",NODELAY,0,SHUTTLE_SERVICE,Electric,false,false,SHUTTLE,8,8,0
orbit-Slc,Eastgate Office,BUS,"May 21, 2026",10:00,"1,200,448",LOGIN,true,Rohan Mikhailov Travel,OR 01 ZZ,OR 01 ZZ,12,20.0,21.0,"1,779,337,800","1,779,341,400","1,779,337,800","1,779,341,400",NODELAY,0,SHUTTLE_SERVICE,Electric,false,false,SHUTTLE,8,8,0
orbit-Slc,Eastgate Office,BUS,"May 21, 2026",10:00,"1,200,449",LOGIN,true,Rohan Mikhailov Travel,OR 01 ZZ,OR 01 ZZ,12,20.0,21.0,"1,779,337,800","1,779,341,400","1,779,337,800","1,779,341,400",NODELAY,0,SHUTTLE_SERVICE,Electric,false,false,SHUTTLE,8,8,0
pinnacle-Slc,Clearwater Campus,CAB,"May 22, 2026",09:00,"3,000,361",LOGIN,false,Rohan Mikhailov Travel,KA 00 AB,KA 00 AB,4,12.5,13.1,"1,779,420,600","1,779,424,200","1,779,421,500","1,779,425,100",EMPLOYEE,15,AUTO,Electric,False,False,NA,2,2,0
pinnacle-Slc,Oakmont Office,CAB,"May 22, 2026",09:00,"3,000,362",LOGIN,false,Pooja Mikhailov Travel,KA 01 AB,KA 01 AB,4,12.5,13.1,"1,779,420,600","1,779,424,200","1,779,420,600","1,779,424,200",NODELAY,0,AUTO,Diesel,False,False,NA,2,2,0
pinnacle-Slc,Clearwater Campus,CAB,"May 22, 2026",15:30,"3,000,363",LOGOUT,false,Rohan Mikhailov Travel,KA 02 AB,KA 02 AB,4,12.5,13.1,"1,779,444,000","1,779,447,600","1,779,444,000","1,779,447,600",NODELAY,0,AUTO,Diesel,False,False,NA,2,2,0
pinnacle-Slc,Oakmont Office,CAB,"May 22, 2026",15:30,"3,000,364",LOGOUT,false,Pooja Mikhailov Travel,KA 03 AB,KA 03 AB,4,12.5,13.1,"1,779,444,000","1,779,447,600","1,779,444,000","1,779,447,600",NODELAY,0,AUTO,Diesel,False,False,NA,2,5,0
pinnacle-Slc,Clearwater Campus,CAB,"May 22, 2026",09:00,"3,000,365",LOGIN,false,Rohan Mikhailov Travel,KA 04 AB,KA 04 AB,4,12.5,13.1,"1,779,420,600","1,779,424,200","1,779,420,600","1,779,424,200",NODELAY,0,AUTO,Diesel,False,False,NA,2,2,0
pinnacle-Slc,Oakmont Office,CAB,"May 22, 2026",09:00,"3,000,366",LOGIN,false,Pooja Mikhailov Travel,KA 05 AB,KA 05 AB,4,12.5,13.1,"1,779,420,600","1,779,424,200","1,779,420,600","1,779,424,200",NODELAY,0,AUTO,Electric,False,False,NA,2,2,0
pinnacle-Slc,Clearwater Campus,CAB,"May 22, 2026",15:30,"3,000,367",LOGOUT,false,Rohan Mikhailov Travel,KA 06 AB,KA 06 AB,4,12.5,13.1,"1,779,444,000","1,779,447,600","1,779,444,000","1,779,447,600",NODELAY,0,AUTO,Diesel,False,False,NA,2,2,0
pinnacle-Slc,Oakmont Office,CAB,"May 22, 2026",15:30,"3,000,368",LOGOUT,false,Pooja Mikhailov Travel,KA 07 AB,KA 07 AB,4,12.5,13.1,"1,779,444,000","1,779,447,600","1,779,444,000","1,779,447,600",NODELAY,0,AUTO,Diesel,False,False,NA,2,2,0
pinnacle-Slc,Clearwater Campus,CAB,"May 22, 2026",09:00,"3,000,369",LOGIN,false,Rohan Mikhailov Travel,KA 08 AB,KA 08 AB,4,12.5,13.1,"1,779,420,600","1,779,424,200","1,779,420,600","1,779,424,200",NODELAY,0,AUTO,Diesel,False,False,NA,2,2,0
pinnacle-Slc,Oakmont Office,CAB,"May 22, 2026",09:00,"3,000,370",LOGIN,false,Pooja Mikhailov Travel,KA 09 AB,KA 09 AB,4,12.5,13.1,"1,779,420,600","1,779,424,200","1,779,420,600","1,779,424,200",NODELAY,0,AUTO,Diesel,False,False,NA,2,2,0
pinnacle-Slc,Clearwater Campus,CAB,"May 22, 2026",15:30,"3,000,371",LOGOUT,false,Rohan Mikhailov Travel,KA 10 AB,KA 10 AB,4,12.5,13.1,"1,779,444,000","1,779,447,600","1,779,444,000","1,779,447,600",NODELAY,0,AUTO,Electric,False,False,NA,2,2,0
pinnacle-Slc,Oakmont Office,CAB,"May 22, 2026",15:30,"3,000,372",LOGOUT,false,Pooja Mikhailov Travel,KA 11 AB,KA 11 AB,4,12.5,13.1,"1,779,444,000","1,779,447,600","1,779,447,120","1,779,450,720",DRIVER,52,AUTO,Diesel,False,False,NA,2,2,0
pinnacle-Slc,Clearwater Campus,CAB,"May 22, 2026",09:00,"3,000,373",LOGIN,false,Rohan Mikhailov Travel,KA 12 AB,KA 12 AB,4,12.5,13.1,"1,779,420,600","1,779,424,200","1,779,420,600","1,779,424,200",NODELAY,0,AUTO,Diesel,False,False,NA,2,2,0
pinnacle-Slc,Oakmont Office,CAB,"May 22, 2026",09:00,"3,000,374",LOGIN,false,Pooja Mikhailov Travel,KA 13 AB,KA 13 AB,4,12.5,13.1,"1,779,420,600","1,779,424,200","1,779,420,600","1,779,424,200",NODELAY,0,AUTO,Diesel,False,False,NA,2,2,0
pinnacle-Slc,Clearwater Campus,CAB,"May 22, 2026",15:30,"3,000,375",LOGOUT,false,Rohan Mikhailov Travel,KA 14 AB,KA 14 AB,4,12.5,13.1,"1,779,444,000","1,779,447,600","1,779,444,000","1,779,447,600",NODELAY,0,AUTO,Diesel,False,False,NA,2,2,0
pinnacle-Slc,Oakmont Office,CAB,"May 22, 2026",15:30,"3,000,376",LOGOUT,false,Pooja Mikhailov Travel,KA 15 AB,KA 15 AB,4,12.5,13.1,"1,779,444,000","1,779,447,600","1,779,444,000","1,779,447,600",NODELAY,0,AUTO,Electric,False,False,NA,2,2,0
pinnacle-Slc,Clearwater Campus,CAB,"May 22, 2026",09:00,"3,000,377",LOGIN,false,Rohan Mikhailov Travel,KA 16 AB,KA 16 AB,4,12.5,13.1,"1,779,420,600","1,779,424,200","1,779,420,600","1,779,424,200",NODELAY,0,AUTO,Diesel,False,False,NA,2,2,0
pinnacle-Slc,Oakmont Office,CAB,"May 22, 2026",09:00,"3,000,378",LOGIN,false,Pooja Mikhailov Travel,KA 17 AB,KA 17 AB,4,12.5,13.1,"1,779,420,600","1,779,424,200","1,779,420,600","1,779,424,200",NODELAY,0,AUTO,Diesel,False,False,NA,2,2,0
pinnacle-Slc,Clearwater Campus,CAB,"May 22, 2026",15:30,"3,000,379",LOGOUT,false,Rohan Mikhailov Travel,KA 18 AB,KA 18 AB,4,12.5,13.1,"1,779,444,000","1,779,447,600","1,779,444,000","1,779,447,600",NODELAY,0,AUTO,Diesel,False,False,NA,2,2,0
pinnacle-Slc,Oakmont Office,CAB,"May 22, 2026",15:30,"3,000,380",LOGOUT,false,Pooja Mikhailov Travel,KA 19 AB,KA 19 AB,4,12.5,13.1,"1,779,444,000","1,779,447,600","1,779,444,000","1,779,447,600",NODELAY,0,AUTO,Diesel,False,False,NA,2,2,0
orbit-Slc,Eastgate Office,BUS,"May 22, 2026",10:00,"1,200,470",LOGIN,true,Rohan Mikhailov Travel,OR 01 ZZ,OR 01 ZZ,12,20.0,21.0,"1,779,424,200","1,779,427,800","1,779,424,200","1,779,427,800",NODELAY,0,SHUTTLE_SERVICE,Electric,false,false,SHUTTLE,8,8,0
orbit-Slc,Eastgate Office,BUS,"May 22, 2026",10:00,"1,200,471",LOGIN,true,Rohan Mikhailov Travel,OR 01 ZZ,OR 01 ZZ,12,20.0,21.0,"1,779,424,200","1,779,427,800","1,779,424,200","1,779,427,800",NODELAY,0,SHUTTLE_SERVICE,Electric,false,false,SHUTTLE,8,8,0
orbit-Slc,Eastgate Office,BUS,"May 22, 2026",10:00,"1,200,472",LOGIN,true,Rohan Mikhailov Travel,OR 01 ZZ,OR 01 ZZ,12,20.0,21.0,"1,779,424,200","1,779,427,800","1,779,424,200","1,779,427,800",NODELAY,0,SHUTTLE_SERVICE,Electric,false,false,SHUTTLE,8,8,0
orbit-Slc,Eastgate Office,BUS,"May 22, 2026",10:00,"1,200,473",LOGIN,true,Rohan Mikhailov Travel,OR 01 ZZ,OR 01 ZZ,12,20.0,21.0,"1,779,424,200","1,779,427,800","1,779,424,200","1,779,427,800",NODELAY,0,SHUTTLE_SERVICE,Electric,false,false,SHUTTLE,8,8,0
orbit-Slc,Eastgate Office,BUS,"May 22, 2026",10:00,"1,200,474",LOGIN,true,Rohan Mikhailov Travel,OR 01 ZZ,OR 01 ZZ,12,20.0,21.0,"1,779,424,200","1,779,427,800","1,779,424,200","1,779,427,800",NODELAY,0,SHUTTLE_SERVICE,Electric,false,false,SHUTTLE,8,8,0
pinnacle-Slc,Clearwater Campus,CAB,"May 23, 2026",09:00,"3,000,381",LOGIN,false,Rohan Mikhailov Travel,KA 00 AB,KA 00 AB,4,12.5,13.1,"1,779,507,000","1,779,510,600","1,779,507,900","1,779,511,500",TRAFFIC,15,AUTO,Electric,False,False,NA,2,2,0
pinnacle-Slc,Oakmont Office,CAB,"May 23, 2026",09:00,"3,000,382",LOGIN,false,Pooja Mikhailov Travel,KA 01 AB,KA 01 AB,4,12.5,13.1,"1,779,507,000","1,779,510,600","1,779,507,000","1,779,510,600",NODELAY,0,AUTO,Diesel,False,False,NA,2,2,0
pinnacle-Slc,Clearwater Campus,CAB,"May 23, 2026",15:30,"3,000,383",LOGOUT,false,Rohan Mikhailov Travel,KA 02 AB,KA 02 AB,4,12.5,13.1,"1,779,530,400","1,779,534,000","1,779,530,400","1,779,534,000",NODELAY,0,AUTO,Diesel,False,False,NA,2,2,0
pinnacle-Slc,Oakmont Office,CAB,"May 23, 2026",15:30,"3,000,384",LOGOUT,false,Pooja Mikhailov Travel,KA 03 AB,KA 03 AB,4,12.5,13.1,"1,779,530,400","1,779,534,000","1,779,530,400","1,779,534,000",NODELAY,0,AUTO,Diesel,False,False,NA,2,5,0
pinnacle-Slc,Clearwater Campus,CAB,"May 23, 2026",09:00,"3,000,385",LOGIN,false,Rohan Mikhailov Travel,KA 04 AB,KA 04 AB,4,12.5,13.1,"1,779,507,000","1,779,510,600","1,779,507,000","1,779,510,600",NODELAY,0,AUTO,Diesel,False,False,NA,2,2,0
pinnacle-Slc,Oakmont Office,CAB,"May 23, 2026",09:00,"3,000,386",LOGIN,false,Pooja Mikhailov Travel,KA 05 AB,KA 05 AB,4,12.5,13.1,"1,779,507,000","1,779,510,600","1,779,507,000","1,779,510,600",NODELAY,0,AUTO,Electric,False,False,NA,2,2,0
pinnacle-Slc,Clearwater Campus,CAB,"May 23, 2026",15:30,"3,000,387",LOGOUT,false,Rohan Mikhailov Travel,KA 06 AB,KA 06 AB,4,12.5,13.1,"1,779,530,400","1,779,534,000","1,779,530,400","1,779,534,000",NODELAY,0,AUTO,Diesel,False,False,NA,2,2,0
pinnacle-Slc,Oakmont Office,CAB,"May 23, 2026",15:30,"3,000,388",LOGOUT,false,Pooja Mikhailov Travel,KA 07 AB,KA 07 AB,4,12.5,13.1,"1,779,530,400","1,779,534,000","1,779,530,400","1,779,534,000",NODELAY,0,AUTO,Diesel,False,False,NA,2,2,0
pinnacle-Slc,Clearwater Campus,CAB,"May 23, 2026",09:00,"3,000,389",LOGIN,false,Rohan Mikhailov Travel,KA 08 AB,KA 08 AB,4,12.5,13.1,"1,779,507,000","1,779,510,600","1,779,507,000","1,779,510,600",NODELAY,0,AUTO,Diesel,False,False,NA,2,2,0
pinnacle-Slc,Oakmont Office,CAB,"May 23, 2026",09:00,"3,000,390",LOGIN,false,Pooja Mikhailov Travel,KA 09 AB,KA 09 AB,4,12.5,13.1,"1,779,507,000","1,779,510,600","1,779,507,000","1,779,510,600",NODELAY,0,AUTO,Diesel,False,False,NA,2,2,0
pinnacle-Slc,Clearwater Campus,CAB,"May 23, 2026",15:30,"3,000,391",LOGOUT,false,Rohan Mikhailov Travel,KA 10 AB,KA 10 AB,4,12.5,13.1,"1,779,530,400","1,779,534,000","1,779,530,400","1,779,534,000",NODELAY,0,AUTO,Electric,False,False,NA,2,2,0
pinnacle-Slc,Oakmont Office,CAB,"May 23, 2026",15:30,"3,000,392",LOGOUT,false,Pooja Mikhailov Travel,KA 11 AB,KA 11 AB,4,12.5,13.1,"1,779,530,400","1,779,534,000","1,779,533,520","1,779,537,120",EMPLOYEE,52,AUTO,Diesel,False,False,NA,2,2,0
pinnacle-Slc,Clearwater Campus,CAB,"May 23, 2026",09:00,"3,000,393",LOGIN,false,Rohan Mikhailov Travel,KA 12 AB,KA 12 AB,4,12.5,13.1,"1,779,507,000","1,779,510,600","1,779,507,000","1,779,510,600",NODELAY,0,AUTO,Diesel,False,False,NA,2,2,0
pinnacle-Slc,Oakmont Office,CAB,"May 23, 2026",09:00,"3,000,394",LOGIN,false,Pooja Mikhailov Travel,KA 13 AB,KA 13 AB,4,12.5,13.1,"1,779,507,000","1,779,510,600","1,779,507,000","1,779,510,600",NODELAY,0,AUTO,Diesel,False,False,NA,2,2,0
pinnacle-Slc,Clearwater Campus,CAB,"May 23, 2026",15:30,"3,000,395",LOGOUT,false,Rohan Mikhailov Travel,KA 14 AB,KA 14 AB,4,12.5,13.1,"1,779,530,400","1,779,534,000","1,779,530,400","1,779,534,000",NODELAY,0,AUTO,Diesel,False,False,NA,2,2,0
pinnacle-Slc,Oakmont Office,CAB,"May 23, 2026",15:30,"3,000,396",LOGOUT,false,Pooja Mikhailov Travel,KA 15 AB,KA 15 AB,4,12.5,13.1,"1,779,530,400","1,779,534,000","1,779,530,400","1,779,534,000",NODELAY,0,AUTO,Electric,False,False,NA,2,2,0
pinnacle-Slc,Clearwater Campus,CAB,"May 23, 2026",09:00,"3,000,397",LOGIN,false,Rohan Mikhailov Travel,KA 16 AB,KA 16 AB,4,12.5,13.1,"1,779,507,000","1,779,510,600","1,779,507,000","1,779,510,600",NODELAY,0,AUTO,Diesel,False,False,NA,2,2,0
pinnacle-Slc,Oakmont Office,CAB,"May 23, 2026",09:00,"3,000,398",LOGIN,false,Pooja Mikhailov Travel,KA 17 AB,KA 17 AB,4,12.5,13.1,"1,779,507,000","1,779,510,600","1,779,507,000","1,779,510,600",NODELAY,0,AUTO,Diesel,False,False,NA,2,2,0
pinnacle-Slc,Clearwater Campus,CAB,"May 23, 2026",15:30,"3,000,399",LOGOUT,false,Rohan Mikhailov Travel,KA 18 AB,KA 18 AB,4,12.5,13.1,"1,779,530,400","1,779,534,000","1,779,530,400","1,779,534,000",NODELAY,0,AUTO,Diesel,False,False,NA,2,2,0
pinnacle-Slc,Oakmont Office,CAB,"May 23, 2026",15:30,"3,000,400",LOGOUT,false,Pooja Mikhailov Travel,KA 19 AB,KA 19 AB,4,12.5,13.1,"1,779,530,400","1,779,534,000","1,779,530,400","1,779,534,000",NODELAY,0,AUTO,Diesel,False,False,NA,2,2,0
orbit-Slc,Eastgate Office,BUS,"May 23, 2026",10:00,"1,200,495",LOGIN,true,Rohan Mikhailov Travel,OR 01 ZZ,OR 01 ZZ,12,20.0,21.0,"1,779,510,600","1,779,514,200","1,779,510,600","1,779,514,200",NODELAY,0,SHUTTLE_SERVICE,Electric,false,false,SHUTTLE,8,8,0
orbit-Slc,Eastgate Office,BUS,"May 23, 2026",10:00,"1,200,496",LOGIN,true,Rohan Mikhailov Travel,OR 01 ZZ,OR 01 ZZ,12,20.0,21.0,"1,779,510,600","1,779,514,200","1,779,510,600","1,779,514,200",NODELAY,0,SHUTTLE_SERVICE,Electric,false,false,SHUTTLE,8,8,0
orbit-Slc,Eastgate Office,BUS,"May 23, 2026",10:00,"1,200,497",LOGIN,true,Rohan Mikhailov Travel,OR 01 ZZ,OR 01 ZZ,12,20.0,21.0,"1,779,510,600","1,779,514,200","1,779,510,600","1,779,514,200",NODELAY,0,SHUTTLE_SERVICE,Electric,false,false,SHUTTLE,8,8,0
orbit-Slc,Eastgate Office,BUS,"May 23, 2026",10:00,"1,200,498",LOGIN,true,Rohan Mikhailov Travel,OR 01 ZZ,OR 01 ZZ,12,20.0,21.0,"1,779,510,600","1,779,514,200","1,779,510,600","1,779,514,200",NODELAY,0,SHUTTLE_SERVICE,Electric,false,false,SHUTTLE,8,8,0
orbit-Slc,Eastgate Office,BUS,"May 23, 2026",10:00,"1,200,499",LOGIN,true,Rohan Mikhailov Travel,OR 01 ZZ,OR 01 ZZ,12,20.0,21.0,"1,779,510,600","1,779,514,200","1,779,510,600","1,779,514,200",NODELAY,0,SHUTTLE_SERVICE,Electric,false,false,SHUTTLE,8,8,0
pinnacle-Slc,Clearwater Campus,CAB,"May 24, 2026",09:00,"3,000,401",LOGIN,false,Rohan Mikhailov Travel,KA 00 AB,KA 00 AB,4,12.5,13.1,"1,779,593,400","1,779,597,000","1,779,594,300","1,779,597,900",DRIVER,15,AUTO,Electric,False,False,NA,2,2,0
pinnacle-Slc,Oakmont Office,CAB,"May 24, 2026",09:00,"3,000,402",LOGIN,false,Pooja Mikhailov Travel,KA 01 AB,KA 01 AB,4,12.5,13.1,"1,779,593,400","1,779,597,000","1,779,593,400","1,779,597,000",NODELAY,0,AUTO,Diesel,False,False,NA,2,2,0
pinnacle-Slc,Clearwater Campus,CAB,"May 24, 2026",15:30,"3,000,403",LOGOUT,false,Rohan Mikhailov Travel,KA 02 AB,KA 02 AB,4,12.5,13.1,"1,779,616,800","1,779,620,400","1,779,616,800","1,779,620,400",NODELAY,0,AUTO,Diesel,False,False,NA,2,2,0
pinnacle-Slc,Oakmont Office,CAB,"May 24, 2026",15:30,"3,000,404",LOGOUT,false,Pooja Mikhailov Travel,KA 03 AB,KA 03 AB,4,12.5,13.1,"1,779,616,800","1,779,620,400","1,779,616,800","1,779,620,400",NODELAY,0,AUTO,Diesel,False,False,NA,2,5,0
pinnacle-Slc,Clearwater Campus,CAB,"May 24, 2026",09:00,"3,000,405",LOGIN,false,Rohan Mikhailov Travel,KA 04 AB,KA 04 AB,4,12.5,13.1,"1,779,593,400","1,779,597,000","1,779,593,400","1,779,597,000",NODELAY,0,AUTO,Diesel,False,False,NA,2,2,0
pinnacle-Slc,Oakmont Office,CAB,"May 24, 2026",09:00,"3,000,406",LOGIN,false,Pooja Mikhailov Travel,KA 05 AB,KA 05 AB,4,12.5,13.1,"1,779,593,400","1,779,597,000","1,779,593,400","1,779,597,000",NODELAY,0,AUTO,Electric,False,False,NA,2,2,0
pinnacle-Slc,Clearwater Campus,CAB,"May 24, 2026",15:30,"3,000,407",LOGOUT,false,Rohan Mikhailov Travel,KA 06 AB,KA 06 AB,4,12.5,13.1,"1,779,616,800","1,779,620,400","1,779,616,800","1,779,620,400",NODELAY,0,AUTO,Diesel,False,False,NA,2,2,0
pinnacle-Slc,Oakmont Office,CAB,"May 24, 2026",15:30,"3,000,408",LOGOUT,false,Pooja Mikhailov Travel,KA 07 AB,KA 07 AB,4,12.5,13.1,"1,779,616,800","1,779,620,400","1,779,616,800","1,779,620,400",NODELAY,0,AUTO,Diesel,False,False,NA,2,2,0
pinnacle-Slc,Clearwater Campus,CAB,"May 24, 2026",09:00,"3,000,409",LOGIN,false,Rohan Mikhailov Travel,KA 08 AB,KA 08 AB,4,12.5,13.1,"1,779,593,400","1,779,597,000","1,779,593,400","1,779,597,000",NODELAY,0,AUTO,Diesel,False,False,NA,2,2,0
pinnacle-Slc,Oakmont Office,CAB,"May 24, 2026",09:00,"3,000,410",LOGIN,false,Pooja Mikhailov Travel,KA 09 AB,KA 09 AB,4,12.5,13.1,"1,779,593,400","1,779,597,000","1,779,593,400","1,779,597,000",NODELAY,0,AUTO,Diesel,False,False,NA,2,2,0
pinnacle-Slc,Clearwater Campus,CAB,"May 24, 2026",15:30,"3,000,411",LOGOUT,false,Rohan Mikhailov Travel,KA 10 AB,KA 10 AB,4,12.5,13.1,"1,779,616,800","1,779,620,400","1,779,616,800","1,779,620,400",NODELAY,0,AUTO,Electric,False,False,NA,2,2,0
pinnacle-Slc,Oakmont Office,CAB,"May 24, 2026",15:30,"3,000,412",LOGOUT,false,Pooja Mikhailov Travel,KA 11 AB,KA 11 AB,4,12.5,13.1,"1,779,616,800","1,779,620,400","1,779,619,920","1,779,623,520",TRAFFIC,52,AUTO,Diesel,False,False,NA,2,2,0
pinnacle-Slc,Clearwater Campus,CAB,"May 24, 2026",09:00,"3,000,413",LOGIN,false,Rohan Mikhailov Travel,KA 12 AB,KA 12 AB,4,12.5,13.1,"1,779,593,400","1,779,597,000","1,779,593,400","1,779,597,000",NODELAY,0,AUTO,Diesel,False,False,NA,2,2,0
pinnacle-Slc,Oakmont Office,CAB,"May 24, 2026",09:00,"3,000,414",LOGIN,false,Pooja Mikhailov Travel,KA 13 AB,KA 13 AB,4,12.5,13.1,"1,779,593,400","1,779,597,000","1,779,593,400","1,779,597,000",NODELAY,0,AUTO,Diesel,False,False,NA,2,2,0
pinnacle-Slc,Clearwater Campus,CAB,"May 24, 2026",15:30,"3,000,415",LOGOUT,false,Rohan Mikhailov Travel,KA 14 AB,KA 14 AB,4,12.5,13.1,"1,779,616,800","1,779,620,400","1,779,616,800","1,779,620,400",NODELAY,0,AUTO,Diesel,False,False,NA,2,2,0
pinnacle-Slc,Oakmont Office,CAB,"May 24, 2026",15:30,"3,000,416",LOGOUT,false,Pooja Mikhailov Travel,KA 15 AB,KA 15 AB,4,12.5,13.1,"1,779,616,800","1,779,620,400","1,779,616,800","1,779,620,400",NODELAY,0,AUTO,Electric,False,False,NA,2,2,0
pinnacle-Slc,Clearwater Campus,CAB,"May 24, 2026",09:00,"3,000,417",LOGIN,false,Rohan Mikhailov Travel,KA 16 AB,KA 16 AB,4,12.5,13.1,"1,779,593,400","1,779,597,000","1,779,593,400","1,779,597,000",NODELAY,0,AUTO,Diesel,False,False,NA,2,2,0
pinnacle-Slc,Oakmont Office,CAB,"May 24, 2026",09:00,"3,000,418",LOGIN,false,Pooja Mikhailov Travel,KA 17 AB,KA 17 AB,4,12.5,13.1,"1,779,593,400","1,779,597,000","1,779,593,400","1,779,597,000",NODELAY,0,AUTO,Diesel,False,False,NA,2,2,0
pinnacle-Slc,Clearwater Campus,CAB,"May 24, 2026",15:30,"3,000,419",LOGOUT,false,Rohan Mikhailov Travel,KA 18 AB,KA 18 AB,4,12.5,13.1,"1,779,616,800","1,779,620,400","1,779,616,800","1,779,620,400",NODELAY,0,AUTO,Diesel,False,False,NA,2,2,0
pinnacle-Slc,Oakmont Office,CAB,"May 24, 2026",15:30,"3,000,420",LOGOUT,false,Pooja Mikhailov Travel,KA 19 AB,KA 19 AB,4,12.5,13.1,"1,779,616,800","1,779,620,400","1,779,616,800","1,779,620,400",NODELAY,0,AUTO,Diesel,False,False,NA,2,2,0
orbit-Slc,Eastgate Office,BUS,"May 24, 2026",10:00,"1,200,520",LOGIN,true,Rohan Mikhailov Travel,OR 01 ZZ,OR 01 ZZ,12,20.0,21.0,"1,779,597,000","1,779,600,600","1,779,597,000","1,779,600,600",NODELAY,0,SHUTTLE_SERVICE,Electric,false,false,SHUTTLE,8,8,0
orbit-Slc,Eastgate Office,BUS,"May 24, 2026",10:00,"1,200,521",LOGIN,true,Rohan Mikhailov Travel,OR 01 ZZ,OR 01 ZZ,12,20.0,21.0,"1,779,597,000","1,779,600,600","1,779,597,000","1,779,600,600",NODELAY,0,SHUTTLE_SERVICE,Electric,false,false,SHUTTLE,8,8,0
orbit-Slc,Eastgate Office,BUS,"May 24, 2026",10:00,"1,200,522",LOGIN,true,Rohan Mikhailov Travel,OR 01 ZZ,OR 01 ZZ,12,20.0,21.0,"1,779,597,000","1,779,600,600","1,779,597,000","1,779,600,600",NODELAY,0,SHUTTLE_SERVICE,Electric,false,false,SHUTTLE,8,8,0
orbit-Slc,Eastgate Office,BUS,"May 24, 2026",10:00,"1,200,523",LOGIN,true,Rohan Mikhailov Travel,OR 01 ZZ,OR 01 ZZ,12,20.0,21.0,"1,779,597,000","1,779,600,600","1,779,597,000","1,779,600,600",NODELAY,0,SHUTTLE_SERVICE,Electric,false,false,SHUTTLE,8,8,0
orbit-Slc,Eastgate Office,BUS,"May 24, 2026",10:00,"1,200,524",LOGIN,true,Rohan Mikhailov Travel,OR 01 ZZ,OR 01 ZZ,12,20.0,21.0,"1,779,597,000","1,779,600,600","1,779,597,000","1,779,600,600",NODELAY,0,SHUTTLE_SERVICE,Electric,false,false,SHUTTLE,8,8,0
pinnacle-Slc,Clearwater Campus,CAB,"May 25, 2026",09:00,"3,000,421",LOGIN,false,Rohan Mikhailov Travel,KA 00 AB,KA 00 AB,4,12.5,13.1,"1,779,679,800","1,779,683,400","1,779,680,700","1,779,684,300",EMPLOYEE,15,AUTO,Electric,False,False,NA,2,2,0
pinnacle-Slc,Oakmont Office,CAB,"May 25, 2026",09:00,"3,000,422",LOGIN,false,Pooja Mikhailov Travel,KA 01 AB,KA 01 AB,4,12.5,13.1,"1,779,679,800","1,779,683,400","1,779,679,800","1,779,683,400",NODELAY,0,AUTO,Diesel,False,False,NA,2,2,0
pinnacle-Slc,Clearwater Campus,CAB,"May 25, 2026",15:30,"3,000,423",LOGOUT,false,Rohan Mikhailov Travel,KA 02 AB,KA 02 AB,4,12.5,13.1,"1,779,703,200","1,779,706,800","1,779,703,200","1,779,706,800",NODELAY,0,AUTO,Diesel,False,False,NA,2,2,0
pinnacle-Slc,Oakmont Office,CAB,"May 25, 2026",15:30,"3,000,424",LOGOUT,false,Pooja Mikhailov Travel,KA 03 AB,KA 03 AB,4,12.5,13.1,"1,779,703,200","1,779,706,800","1,779,703,200","1,779,706,800",NODELAY,0,AUTO,Diesel,False,False,NA,2,5,0
pinnacle-Slc,Clearwater Campus,CAB,"May 25, 2026",09:00,"3,000,425",LOGIN,false,Rohan Mikhailov Travel,KA 04 AB,KA 04 AB,4,12.5,13.1,"1,779,679,800","1,779,683,400","1,779,679,800","1,779,683,400",NODELAY,0,AUTO,Diesel,False,False,NA,2,2,0
pinnacle-Slc,Oakmont Office,CAB,"May 25, 2026",09:00,"3,000,426",LOGIN,false,Pooja Mikhailov Travel,KA 05 AB,KA 05 AB,4,12.5,13.1,"1,779,679,800","1,779,683,400","1,779,679,800","1,779,683,400",NODELAY,0,AUTO,Electric,False,False,NA,2,2,0
pinnacle-Slc,Clearwater Campus,CAB,"May 25, 2026",15:30,"3,000,427",LOGOUT,false,Rohan Mikhailov Travel,KA 06 AB,KA 06 AB,4,12.5,13.1,"1,779,703,200","1,779,706,800","1,779,703,200","1,779,706,800",NODELAY,0,AUTO,Diesel,False,False,NA,2,2,0
pinnacle-Slc,Oakmont Office,CAB,"May 25, 2026",15:30,"3,000,428",LOGOUT,false,Pooja Mikhailov Travel,KA 07 AB,KA 07 AB,4,12.5,13.1,"1,779,703,200","1,779,706,800","1,779,703,200","1,779,706,800",NODELAY,0,AUTO,Diesel,False,False,NA,2,2,0
pinnacle-Slc,Clearwater Campus,CAB,"May 25, 2026",09:00,"3,000,429",LOGIN,false,Rohan Mikhailov Travel,KA 08 AB,KA 08 AB,4,12.5,13.1,"1,779,679,800","1,779,683,400","1,779,679,800","1,779,683,400",NODELAY,0,AUTO,Diesel,False,False,NA,2,2,0
pinnacle-Slc,Oakmont Office,CAB,"May 25, 2026",09:00,"3,000,430",LOGIN,false,Pooja Mikhailov Travel,KA 09 AB,KA 09 AB,4,12.5,13.1,"1,779,679,800","1,779,683,400","1,779,679,800","1,779,683,400",NODELAY,0,AUTO,Diesel,False,False,NA,2,2,0
pinnacle-Slc,Clearwater Campus,CAB,"May 25, 2026",15:30,"3,000,431",LOGOUT,false,Rohan Mikhailov Travel,KA 10 AB,KA 10 AB,4,12.5,13.1,"1,779,703,200","1,779,706,800","1,779,703,200","1,779,706,800",NODELAY,0,AUTO,Electric,False,False,NA,2,2,0
pinnacle-Slc,Oakmont Office,CAB,"May 25, 2026",15:30,"3,000,432",LOGOUT,false,Pooja Mikhailov Travel,KA 11 AB,KA 11 AB,4,12.5,13.1,"1,779,703,200","1,779,706,800","1,779,706,320","1,779,709,920",DRIVER,52,AUTO,Diesel,False,False,NA,2,2,0
pinnacle-Slc,Clearwater Campus,CAB,"May 25, 2026",09:00,"3,000,433",LOGIN,false,Rohan Mikhailov Travel,KA 12 AB,KA 12 AB,4,12.5,13.1,"1,779,679,800","1,779,683,400","1,779,679,800","1,779,683,400",NODELAY,0,AUTO,Diesel,False,False,NA,2,2,0
pinnacle-Slc,Oakmont Office,CAB,"May 25, 2026",09:00,"3,000,434",LOGIN,false,Pooja Mikhailov Travel,KA 13 AB,KA 13 AB,4,12.5,13.1,"1,779,679,800","1,779,683,400","1,779,679,800","1,779,683,400",NODELAY,0,AUTO,Diesel,False,False,NA,2,2,0
pinnacle-Slc,Clearwater Campus,CAB,"May 25, 2026",15:30,"3,000,435",LOGOUT,false,Rohan Mikhailov Travel,KA 14 AB,KA 14 AB,4,12.5,13.1,"1,779,703,200","1,779,706,800","1,779,703,200","1,779,706,800",NODELAY,0,AUTO,Diesel,False,False,NA,2,2,0
pinnacle-Slc,Oakmont Office,CAB,"May 25, 2026",15:30,"3,000,436",LOGOUT,false,Pooja Mikhailov Travel,KA 15 AB,KA 15 AB,4,12.5,13.1,"1,779,703,200","1,779,706,800","1,779,703,200","1,779,706,800",NODELAY,0,AUTO,Electric,False,False,NA,2,2,0
pinnacle-Slc,Clearwater Campus,CAB,"May 25, 2026",09:00,"3,000,437",LOGIN,false,Rohan Mikhailov Travel,KA 16 AB,KA 16 AB,4,12.5,13.1,"1,779,679,800","1,779,683,400","1,779,679,800","1,779,683,400",NODELAY,0,AUTO,Diesel,False,False,NA,2,2,0
pinnacle-Slc,Oakmont Office,CAB,"May 25, 2026",09:00,"3,000,438",LOGIN,false,Pooja Mikhailov Travel,KA 17 AB,KA 17 AB,4,12.5,13.1,"1,779,679,800","1,779,683,400","1,779,679,800","1,779,683,400",NODELAY,0,AUTO,Diesel,False,False,NA,2,2,0
pinnacle-Slc,Clearwater Campus,CAB,"May 25, 2026",15:30,"3,000,439",LOGOUT,false,Rohan Mikhailov Travel,KA 18 AB,KA 18 AB,4,12.5,13.1,"1,779,703,200","1,779,706,800","1,779,703,200","1,779,706,800",NODELAY,0,AUTO,Diesel,False,False,NA,2,2,0
pinnacle-Slc,Oakmont Office,CAB,"May 25, 2026",15:30,"3,000,440",LOGOUT,false,Pooja Mikhailov Travel,KA 19 AB,KA 19 AB,4,12.5,13.1,"1,779,703,200","1,779,706,800","1,779,703,200","1,779,706,800",NODELAY,0,AUTO,Diesel,False,False,NA,2,2,0
orbit-Slc,Eastgate Office,BUS,"May 25, 2026",10:00,"1,200,545",LOGIN,true,Rohan Mikhailov Travel,OR 01 ZZ,OR 01 ZZ,12,20.0,21.0,"1,779,683,400","1,779,687,000","1,779,683,400","1,779,687,000",NODELAY,0,SHUTTLE_SERVICE,Electric,false,false,SHUTTLE,8,8,0
orbit-Slc,Eastgate Office,BUS,"May 25, 2026",10:00,"1,200,546",LOGIN,true,Rohan Mikhailov Travel,OR 01 ZZ,OR 01 ZZ,12,20.0,21.0,"1,779,683,400","1,779,687,000","1,779,683,400","1,779,687,000",NODELAY,0,SHUTTLE_SERVICE,Electric,false,false,SHUTTLE,8,8,0
orbit-Slc,Eastgate Office,BUS,"May 25, 2026",10:00,"1,200,547",LOGIN,true,Rohan Mikhailov Travel,OR 01 ZZ,OR 01 ZZ,12,20.0,21.0,"1,779,683,400","1,779,687,000","1,779,683,400","1,779,687,000",NODELAY,0,SHUTTLE_SERVICE,Electric,false,false,SHUTTLE,8,8,0
orbit-Slc,Eastgate Office,BUS,"May 25, 2026",10:00,"1,200,548",LOGIN,true,Rohan Mikhailov Travel,OR 01 ZZ,OR 01 ZZ,12,20.0,21.0,"1,779,683,400","1,779,687,000","1,779,683,400","1,779,687,000",NODELAY,0,SHUTTLE_SERVICE,Electric,false,false,SHUTTLE,8,8,0
orbit-Slc,Eastgate Office,BUS,"May 25, 2026",10:00,"1,200,549",LOGIN,true,Rohan Mikhailov Travel,OR 01 ZZ,OR 01 ZZ,12,20.0,21.0,"1,779,683,400","1,779,687,000","1,779,683,400","1,779,687,000",NODELAY,0,SHUTTLE_SERVICE,Electric,false,false,SHUTTLE,8,8,0
pinnacle-Slc,Clearwater Campus,CAB,"May 26, 2026",09:00,"3,000,441",LOGIN,false,Rohan Mikhailov Travel,KA 00 AB,KA 00 AB,4,12.5,13.1,"1,779,766,200","1,779,769,800","1,779,767,100","1,779,770,700",TRAFFIC,15,AUTO,Electric,False,False,NA,2,2,0
pinnacle-Slc,Oakmont Office,CAB,"May 26, 2026",09:00,"3,000,442",LOGIN,false,Pooja Mikhailov Travel,KA 01 AB,KA 01 AB,4,12.5,13.1,"1,779,766,200","1,779,769,800","1,779,766,200","1,779,769,800",NODELAY,0,AUTO,Diesel,False,False,NA,2,2,0
pinnacle-Slc,Clearwater Campus,CAB,"May 26, 2026",15:30,"3,000,443",LOGOUT,false,Rohan Mikhailov Travel,KA 02 AB,KA 02 AB,4,12.5,13.1,"1,779,789,600","1,779,793,200","1,779,789,600","1,779,793,200",NODELAY,0,AUTO,Diesel,False,False,NA,2,2,0
pinnacle-Slc,Oakmont Office,CAB,"May 26, 2026",15:30,"3,000,444",LOGOUT,false,Pooja Mikhailov Travel,KA 03 AB,KA 03 AB,4,12.5,13.1,"1,779,789,600","1,779,793,200","1,779,789,600","1,779,793,200",NODELAY,0,AUTO,Diesel,False,False,NA,2,5,0
pinnacle-Slc,Clearwater Campus,CAB,"May 26, 2026",09:00,"3,000,445",LOGIN,false,Rohan Mikhailov Travel,KA 04 AB,KA 04 AB,4,12.5,13.1,"1,779,766,200","1,779,769,800","1,779,766,200","1,779,769,800",NODELAY,0,AUTO,Diesel,False,False,NA,2,2,0
pinnacle-Slc,Oakmont Office,CAB,"May 26, 2026",09:00,"3,000,446",LOGIN,false,Pooja Mikhailov Travel,KA 05 AB,KA 05 AB,4,12.5,13.1,"1,779,766,200","1,779,769,800","1,779,766,200","1,779,769,800",NODELAY,0,AUTO,Electric,False,False,NA,2,2,0
pinnacle-Slc,Clearwater Campus,CAB,"May 26, 2026",15:30,"3,000,447",LOGOUT,false,Rohan Mikhailov Travel,KA 06 AB,KA 06 AB,4,12.5,13.1,"1,779,789,600","1,779,793,200","1,779,789,600","1,779,793,200",NODELAY,0,AUTO,Diesel,False,False,NA,2,2,0
pinnacle-Slc,Oakmont Office,CAB,"May 26, 2026",15:30,"3,000,448",LOGOUT,false,Pooja Mikhailov Travel,KA 07 AB,KA 07 AB,4,12.5,13.1,"1,779,789,600","1,779,793,200","1,779,789,600","1,779,793,200",NODELAY,0,AUTO,Diesel,False,False,NA,2,2,0
pinnacle-Slc,Clearwater Campus,CAB,"May 26, 2026",09:00,"3,000,449",LOGIN,false,Rohan Mikhailov Travel,KA 08 AB,KA 08 AB,4,12.5,13.1,"1,779,766,200","1,779,769,800","1,779,766,200","1,779,769,800",NODELAY,0,AUTO,Diesel,False,False,NA,2,2,0
pinnacle-Slc,Oakmont Office,CAB,"May 26, 2026",09:00,"3,000,450",LOGIN,false,Pooja Mikhailov Travel,KA 09 AB,KA 09 AB,4,12.5,13.1,"1,779,766,200","1,779,769,800","1,779,766,200","1,779,769,800",NODELAY,0,AUTO,Diesel,False,False,NA,2,2,0
pinnacle-Slc,Clearwater Campus,CAB,"May 26, 2026",15:30,"3,000,451",LOGOUT,false,Rohan Mikhailov Travel,KA 10 AB,KA 10 AB,4,12.5,13.1,"1,779,789,600","1,779,793,200","1,779,789,600","1,779,793,200",NODELAY,0,AUTO,Electric,False,False,NA,2,2,0
pinnacle-Slc,Oakmont Office,CAB,"May 26, 2026",15:30,"3,000,452",LOGOUT,false,Pooja Mikhailov Travel,KA 11 AB,KA 11 AB,4,12.5,13.1,"1,779,789,600","1,779,793,200","1,779,792,720","1,779,796,320",EMPLOYEE,52,AUTO,Diesel,False,False,NA,2,2,0
pinnacle-Slc,Clearwater Campus,CAB,"May 26, 2026",09:00,"3,000,453",LOGIN,false,Rohan Mikhailov Travel,KA 12 AB,KA 12 AB,4,12.5,13.1,"1,779,766,200","1,779,769,800","1,779,766,200","1,779,769,800",NODELAY,0,AUTO,Diesel,False,False,NA,2,2,0
pinnacle-Slc,Oakmont Office,CAB,"May 26, 2026",09:00,"3,000,454",LOGIN,false,Pooja Mikhailov Travel,KA 13 AB,KA 13 AB,4,12.5,13.1,"1,779,766,200","1,779,769,800","1,779,766,200","1,779,769,800",NODELAY,0,AUTO,Diesel,False,False,NA,2,2,0
pinnacle-Slc,Clearwater Campus,CAB,"May 26, 2026",15:30,"3,000,455",LOGOUT,false,Rohan Mikhailov Travel,KA 14 AB,KA 14 AB,4,12.5,13.1,"1,779,789,600","1,779,793,200","1,779,789,600","1,779,793,200",NODELAY,0,AUTO,Diesel,False,False,NA,2,2,0
pinnacle-Slc,Oakmont Office,CAB,"May 26, 2026",15:30,"3,000,456",LOGOUT,false,Pooja Mikhailov Travel,KA 15 AB,KA 15 AB,4,12.5,13.1,"1,779,789,600","1,779,793,200","1,779,789,600","1,779,793,200",NODELAY,0,AUTO,Electric,False,False,NA,2,2,0
pinnacle-Slc,Clearwater Campus,CAB,"May 26, 2026",09:00,"3,000,457",LOGIN,false,Rohan Mikhailov Travel,KA 16 AB,KA 16 AB,4,12.5,13.1,"1,779,766,200","1,779,769,800","1,779,766,200","1,779,769,800",NODELAY,0,AUTO,Diesel,False,False,NA,2,2,0
pinnacle-Slc,Oakmont Office,CAB,"May 26, 2026",09:00,"3,000,458",LOGIN,false,Pooja Mikhailov Travel,KA 17 AB,KA 17 AB,4,12.5,13.1,"1,779,766,200","1,779,769,800","1,779,766,200","1,779,769,800",NODELAY,0,AUTO,Diesel,False,False,NA,2,2,0
pinnacle-Slc,Clearwater Campus,CAB,"May 26, 2026",15:30,"3,000,459",LOGOUT,false,Rohan Mikhailov Travel,KA 18 AB,KA 18 AB,4,12.5,13.1,"1,779,789,600","1,779,793,200","1,779,789,600","1,779,793,200",NODELAY,0,AUTO,Diesel,False,False,NA,2,2,0
pinnacle-Slc,Oakmont Office,CAB,"May 26, 2026",15:30,"3,000,460",LOGOUT,false,Pooja Mikhailov Travel,KA 19 AB,KA 19 AB,4,12.5,13.1,"1,779,789,600","1,779,793,200","1,779,789,600","1,779,793,200",NODELAY,0,AUTO,Diesel,False,False,NA,2,2,0
orbit-Slc,Eastgate Office,BUS,"May 26, 2026",10:00,"1,200,570",LOGIN,true,Rohan Mikhailov Travel,OR 01 ZZ,OR 01 ZZ,12,20.0,21.0,"1,779,769,800","1,779,773,400","1,779,769,800","1,779,773,400",NODELAY,0,SHUTTLE_SERVICE,Electric,false,false,SHUTTLE,8,8,0
orbit-Slc,Eastgate Office,BUS,"May 26, 2026",10:00,"1,200,571",LOGIN,true,Rohan Mikhailov Travel,OR 01 ZZ,OR 01 ZZ,12,20.0,21.0,"1,779,769,800","1,779,773,400","1,779,769,800","1,779,773,400",NODELAY,0,SHUTTLE_SERVICE,Electric,false,false,SHUTTLE,8,8,0
orbit-Slc,Eastgate Office,BUS,"May 26, 2026",10:00,"1,200,572",LOGIN,true,Rohan Mikhailov Travel,OR 01 ZZ,OR 01 ZZ,12,20.0,21.0,"1,779,769,800","1,779,773,400","1,779,769,800","1,779,773,400",NODELAY,0,SHUTTLE_SERVICE,Electric,false,false,SHUTTLE,8,8,0
orbit-Slc,Eastgate Office,BUS,"May 26, 2026",10:00,"1,200,573",LOGIN,true,Rohan Mikhailov Travel,OR 01 ZZ,OR 01 ZZ,12,20.0,21.0,"1,779,769,800","1,779,773,400","1,779,769,800","1,779,773,400",NODELAY,0,SHUTTLE_SERVICE,Electric,false,false,SHUTTLE,8,8,0
orbit-Slc,Eastgate Office,BUS,"May 26, 2026",10:00,"1,200,574",LOGIN,true,Rohan Mikhailov Travel,OR 01 ZZ,OR 01 ZZ,12,20.0,21.0,"1,779,769,800","1,779,773,400","1,779,769,800","1,779,773,400",NODELAY,0,SHUTTLE_SERVICE,Electric,false,false,SHUTTLE,8,8,0
pinnacle-Slc,Clearwater Campus,CAB,"May 27, 2026",09:00,"3,000,461",LOGIN,false,Rohan Mikhailov Travel,KA 00 AB,KA 00 AB,4,12.5,13.1,"1,779,852,600","1,779,856,200","1,779,853,500","1,779,857,100",DRIVER,15,AUTO,Electric,False,False,NA,2,2,0
pinnacle-Slc,Oakmont Office,CAB,"May 27, 2026",09:00,"3,000,462",LOGIN,false,Pooja Mikhailov Travel,KA 01 AB,KA 01 AB,4,12.5,13.1,"1,779,852,600","1,779,856,200","1,779,852,600","1,779,856,200",NODELAY,0,AUTO,Diesel,False,False,NA,2,2,0
pinnacle-Slc,Clearwater Campus,CAB,"May 27, 2026",15:30,"3,000,463",LOGOUT,false,Rohan Mikhailov Travel,KA 02 AB,KA 02 AB,4,12.5,13.1,"1,779,876,000","1,779,879,600","1,779,876,000","1,779,879,600",NODELAY,0,AUTO,Diesel,False,False,NA,2,2,0
pinnacle-Slc,Oakmont Office,CAB,"May 27, 2026",15:30,"3,000,464",LOGOUT,false,Pooja Mikhailov Travel,KA 03 AB,KA 03 AB,4,12.5,13.1,"1,779,876,000","1,779,879,600","1,779,876,000","1,779,879,600",NODELAY,0,AUTO,Diesel,False,False,NA,2,5,0
pinnacle-Slc,Clearwater Campus,CAB,"May 27, 2026",09:00,"3,000,465",LOGIN,false,Rohan Mikhailov Travel,KA 04 AB,KA 04 AB,4,12.5,13.1,"1,779,852,600","1,779,856,200","1,779,852,600","1,779,856,200",NODELAY,0,AUTO,Diesel,False,False,NA,2,2,0
pinnacle-Slc,Oakmont Office,CAB,"May 27, 2026",09:00,"3,000,466",LOGIN,false,Pooja Mikhailov Travel,KA 05 AB,KA 05 AB,4,12.5,13.1,"1,779,852,600","1,779,856,200","1,779,852,600","1,779,856,200",NODELAY,0,AUTO,Electric,False,False,NA,2,2,0
pinnacle-Slc,Clearwater Campus,CAB,"May 27, 2026",15:30,"3,000,467",LOGOUT,false,Rohan Mikhailov Travel,KA 06 AB,KA 06 AB,4,12.5,13.1,"1,779,876,000","1,779,879,600","1,779,876,000","1,779,879,600",NODELAY,0,AUTO,Diesel,False,False,NA,2,2,0
pinnacle-Slc,Oakmont Office,CAB,"May 27, 2026",15:30,"3,000,468",LOGOUT,false,Pooja Mikhailov Travel,KA 07 AB,KA 07 AB,4,12.5,13.1,"1,779,876,000","1,779,879,600","1,779,876,000","1,779,879,600",NODELAY,0,AUTO,Diesel,False,False,NA,2,2,0
pinnacle-Slc,Clearwater Campus,CAB,"May 27, 2026",09:00,"3,000,469",LOGIN,false,Rohan Mikhailov Travel,KA 08 AB,KA 08 AB,4,12.5,13.1,"1,779,852,600","1,779,856,200","1,779,852,600","1,779,856,200",NODELAY,0,AUTO,Diesel,False,False,NA,2,2,0
pinnacle-Slc,Oakmont Office,CAB,"May 27, 2026",09:00,"3,000,470",LOGIN,false,Pooja Mikhailov Travel,KA 09 AB,KA 09 AB,4,12.5,13.1,"1,779,852,600","1,779,856,200","1,779,852,600","1,779,856,200",NODELAY,0,AUTO,Diesel,False,False,NA,2,2,0
pinnacle-Slc,Clearwater Campus,CAB,"May 27, 2026",15:30,"3,000,471",LOGOUT,false,Rohan Mikhailov Travel,KA 10 AB,KA 10 AB,4,12.5,13.1,"1,779,876,000","1,779,879,600","1,779,876,000","1,779,879,600",NODELAY,0,AUTO,Electric,False,False,NA,2,2,0
pinnacle-Slc,Oakmont Office,CAB,"May 27, 2026",15:30,"3,000,472",LOGOUT,false,Pooja Mikhailov Travel,KA 11 AB,KA 11 AB,4,12.5,13.1,"1,779,876,000","1,779,879,600","1,779,879,120","1,779,882,720",TRAFFIC,52,AUTO,Diesel,False,False,NA,2,2,0
pinnacle-Slc,Clearwater Campus,CAB,"May 27, 2026",09:00,"3,000,473",LOGIN,false,Rohan Mikhailov Travel,KA 12 AB,KA 12 AB,4,12.5,13.1,"1,779,852,600","1,779,856,200","1,779,852,600","1,779,856,200",NODELAY,0,AUTO,Diesel,False,False,NA,2,2,0
pinnacle-Slc,Oakmont Office,CAB,"May 27, 2026",09:00,"3,000,474",LOGIN,false,Pooja Mikhailov Travel,KA 13 AB,KA 13 AB,4,12.5,13.1,"1,779,852,600","1,779,856,200","1,779,852,600","1,779,856,200",NODELAY,0,AUTO,Diesel,False,False,NA,2,2,0
pinnacle-Slc,Clearwater Campus,CAB,"May 27, 2026",15:30,"3,000,475",LOGOUT,false,Rohan Mikhailov Travel,KA 14 AB,KA 14 AB,4,12.5,13.1,"1,779,876,000","1,779,879,600","1,779,876,000","1,779,879,600",NODELAY,0,AUTO,Diesel,False,False,NA,2,2,0
pinnacle-Slc,Oakmont Office,CAB,"May 27, 2026",15:30,"3,000,476",LOGOUT,false,Pooja Mikhailov Travel,KA 15 AB,KA 15 AB,4,12.5,13.1,"1,779,876,000","1,779,879,600","1,779,876,000","1,779,879,600",NODELAY,0,AUTO,Electric,False,False,NA,2,2,0
pinnacle-Slc,Clearwater Campus,CAB,"May 27, 2026",09:00,"3,000,477",LOGIN,false,Rohan Mikhailov Travel,KA 16 AB,KA 16 AB,4,12.5,13.1,"1,779,852,600","1,779,856,200","1,779,852,600","1,779,856,200",NODELAY,0,AUTO,Diesel,False,False,NA,2,2,0
pinnacle-Slc,Oakmont Office,CAB,"May 27, 2026",09:00,"3,000,478",LOGIN,false,Pooja Mikhailov Travel,KA 17 AB,KA 17 AB,4,12.5,13.1,"1,779,852,600","1,779,856,200","1,779,852,600","1,779,856,200",NODELAY,0,AUTO,Diesel,False,False,NA,2,2,0
pinnacle-Slc,Clearwater Campus,CAB,"May 27, 2026",15:30,"3,000,479",LOGOUT,false,Rohan Mikhailov Travel,KA 18 AB,KA 18 AB,4,12.5,13.1,"1,779,876,000","1,779,879,600","1,779,876,000","1,779,879,600",NODELAY,0,AUTO,Diesel,False,False,NA,2,2,0
pinnacle-Slc,Oakmont Office,CAB,"May 27, 2026",15:30,"3,000,480",LOGOUT,false,Pooja Mikhailov Travel,KA 19 AB,KA 19 AB,4,12.5,13.1,"1,779,876,000","1,779,879,600","1,779,876,000","1,779,879,600",NODELAY,0,AUTO,Diesel,False,False,NA,2,2,0
orbit-Slc,Eastgate Office,BUS,"May 27, 2026",10:00,"1,200,595",LOGIN,true,Rohan Mikhailov Travel,OR 01 ZZ,OR 01 ZZ,12,20.0,21.0,"1,779,856,200","1,779,859,800","1,779,856,200","1,779,859,800",NODELAY,0,SHUTTLE_SERVICE,Electric,false,false,SHUTTLE,8,8,0
orbit-Slc,Eastgate Office,BUS,"May 27, 2026",10:00,"1,200,596",LOGIN,true,Rohan Mikhailov Travel,OR 01 ZZ,OR 01 ZZ,12,20.0,21.0,"1,779,856,200","1,779,859,800","1,779,856,200","1,779,859,800",NODELAY,0,SHUTTLE_SERVICE,Electric,false,false,SHUTTLE,8,8,0
orbit-Slc,Eastgate Office,BUS,"May 27, 2026",10:00,"1,200,597",LOGIN,true,Rohan Mikhailov Travel,OR 01 ZZ,OR 01 ZZ,12,20.0,21.0,"1,779,856,200","1,779,859,800","1,779,856,200","1,779,859,800",NODELAY,0,SHUTTLE_SERVICE,Electric,false,false,SHUTTLE,8,8,0
orbit-Slc,Eastgate Office,BUS,"May 27, 2026",10:00,"1,200,598",LOGIN,true,Rohan Mikhailov Travel,OR 01 ZZ,OR 01 ZZ,12,20.0,21.0,"1,779,856,200","1,779,859,800","1,779,856,200","1,779,859,800",NODELAY,0,SHUTTLE_SERVICE,Electric,false,false,SHUTTLE,8,8,0
orbit-Slc,Eastgate Office,BUS,"May 27, 2026",10:00,"1,200,599",LOGIN,true,Rohan Mikhailov Travel,OR 01 ZZ,OR 01 ZZ,12,20.0,21.0,"1,779,856,200","1,779,859,800","1,779,856,200","1,779,859,800",NODELAY,0,SHUTTLE_SERVICE,Electric,false,false,SHUTTLE,8,8,0
pinnacle-Slc,Clearwater Campus,CAB,"May 28, 2026",09:00,"3,000,481",LOGIN,false,Rohan Mikhailov Travel,KA 00 AB,KA 00 AB,4,12.5,13.1,"1,779,939,000","1,779,942,600","1,779,939,900","1,779,943,500",EMPLOYEE,15,AUTO,Electric,False,False,NA,2,2,0
pinnacle-Slc,Oakmont Office,CAB,"May 28, 2026",09:00,"3,000,482",LOGIN,false,Pooja Mikhailov Travel,KA 01 AB,KA 01 AB,4,12.5,13.1,"1,779,939,000","1,779,942,600","1,779,939,000","1,779,942,600",NODELAY,0,AUTO,Diesel,False,False,NA,2,2,0
pinnacle-Slc,Clearwater Campus,CAB,"May 28, 2026",15:30,"3,000,483",LOGOUT,false,Rohan Mikhailov Travel,KA 02 AB,KA 02 AB,4,12.5,13.1,"1,779,962,400","1,779,966,000","1,779,962,400","1,779,966,000",NODELAY,0,AUTO,Diesel,False,False,NA,2,2,0
pinnacle-Slc,Oakmont Office,CAB,"May 28, 2026",15:30,"3,000,484",LOGOUT,false,Pooja Mikhailov Travel,KA 03 AB,KA 03 AB,4,12.5,13.1,"1,779,962,400","1,779,966,000","1,779,962,400","1,779,966,000",NODELAY,0,AUTO,Diesel,False,False,NA,2,5,0
pinnacle-Slc,Clearwater Campus,CAB,"May 28, 2026",09:00,"3,000,485",LOGIN,false,Rohan Mikhailov Travel,KA 04 AB,KA 04 AB,4,12.5,13.1,"1,779,939,000","1,779,942,600","1,779,939,000","1,779,942,600",NODELAY,0,AUTO,Diesel,False,False,NA,2,2,0
pinnacle-Slc,Oakmont Office,CAB,"May 28, 2026",09:00,"3,000,486",LOGIN,false,Pooja Mikhailov Travel,KA 05 AB,KA 05 AB,4,12.5,13.1,"1,779,939,000","1,779,942,600","1,779,939,000","1,779,942,600",NODELAY,0,AUTO,Electric,False,False,NA,2,2,0
pinnacle-Slc,Clearwater Campus,CAB,"May 28, 2026",15:30,"3,000,487",LOGOUT,false,Rohan Mikhailov Travel,KA 06 AB,KA 06 AB,4,12.5,13.1,"1,779,962,400","1,779,966,000","1,779,962,400","1,779,966,000",NODELAY,0,AUTO,Diesel,False,False,NA,2,2,0
pinnacle-Slc,Oakmont Office,CAB,"May 28, 2026",15:30,"3,000,488",LOGOUT,false,Pooja Mikhailov Travel,KA 07 AB,KA 07 AB,4,12.5,13.1,"1,779,962,400","1,779,966,000","1,779,962,400","1,779,966,000",NODELAY,0,AUTO,Diesel,False,False,NA,2,2,0
pinnacle-Slc,Clearwater Campus,CAB,"May 28, 2026",09:00,"3,000,489",LOGIN,false,Rohan Mikhailov Travel,KA 08 AB,KA 08 AB,4,12.5,13.1,"1,779,939,000","1,779,942,600","1,779,939,000","1,779,942,600",NODELAY,0,AUTO,Diesel,False,False,NA,2,2,0
pinnacle-Slc,Oakmont Office,CAB,"May 28, 2026",09:00,"3,000,490",LOGIN,false,Pooja Mikhailov Travel,KA 09 AB,KA 09 AB,4,12.5,13.1,"1,779,939,000","1,779,942,600","1,779,939,000","1,779,942,600",NODELAY,0,AUTO,Diesel,False,False,NA,2,2,0
pinnacle-Slc,Clearwater Campus,CAB,"May 28, 2026",15:30,"3,000,491",LOGOUT,false,Rohan Mikhailov Travel,KA 10 AB,KA 10 AB,4,12.5,13.1,"1,779,962,400","1,779,966,000","1,779,962,400","1,779,966,000",NODELAY,0,AUTO,Electric,False,False,NA,2,2,0
pinnacle-Slc,Oakmont Office,CAB,"May 28, 2026",15:30,"3,000,492",LOGOUT,false,Pooja Mikhailov Travel,KA 11 AB,KA 11 AB,4,12.5,13.1,"1,779,962,400","1,779,966,000","1,779,965,520","1,779,969,120",DRIVER,52,AUTO,Diesel,False,False,NA,2,2,0
pinnacle-Slc,Clearwater Campus,CAB,"May 28, 2026",09:00,"3,000,493",LOGIN,false,Rohan Mikhailov Travel,KA 12 AB,KA 12 AB,4,12.5,13.1,"1,779,939,000","1,779,942,600","1,779,939,000","1,779,942,600",NODELAY,0,AUTO,Diesel,False,False,NA,2,2,0
pinnacle-Slc,Oakmont Office,CAB,"May 28, 2026",09:00,"3,000,494",LOGIN,false,Pooja Mikhailov Travel,KA 13 AB,KA 13 AB,4,12.5,13.1,"1,779,939,000","1,779,942,600","1,779,939,000","1,779,942,600",NODELAY,0,AUTO,Diesel,False,False,NA,2,2,0
pinnacle-Slc,Clearwater Campus,CAB,"May 28, 2026",15:30,"3,000,495",LOGOUT,false,Rohan Mikhailov Travel,KA 14 AB,KA 14 AB,4,12.5,13.1,"1,779,962,400","1,779,966,000","1,779,962,400","1,779,966,000",NODELAY,0,AUTO,Diesel,False,False,NA,2,2,0
pinnacle-Slc,Oakmont Office,CAB,"May 28, 2026",15:30,"3,000,496",LOGOUT,false,Pooja Mikhailov Travel,KA 15 AB,KA 15 AB,4,12.5,13.1,"1,779,962,400","1,779,966,000","1,779,962,400","1,779,966,000",NODELAY,0,AUTO,Electric,False,False,NA,2,2,0
pinnacle-Slc,Clearwater Campus,CAB,"May 28, 2026",09:00,"3,000,497",LOGIN,false,Rohan Mikhailov Travel,KA 16 AB,KA 16 AB,4,12.5,13.1,"1,779,939,000","1,779,942,600","1,779,939,000","1,779,942,600",NODELAY,0,AUTO,Diesel,False,False,NA,2,2,0
pinnacle-Slc,Oakmont Office,CAB,"May 28, 2026",09:00,"3,000,498",LOGIN,false,Pooja Mikhailov Travel,KA 17 AB,KA 17 AB,4,12.5,13.1,"1,779,939,000","1,779,942,600","1,779,939,000","1,779,942,600",NODELAY,0,AUTO,Diesel,False,False,NA,2,2,0
pinnacle-Slc,Clearwater Campus,CAB,"May 28, 2026",15:30,"3,000,499",LOGOUT,false,Rohan Mikhailov Travel,KA 18 AB,KA 18 AB,4,12.5,13.1,"1,779,962,400","1,779,966,000","1,779,962,400","1,779,966,000",NODELAY,0,AUTO,Diesel,False,False,NA,2,2,0
pinnacle-Slc,Oakmont Office,CAB,"May 28, 2026",15:30,"3,000,500",LOGOUT,false,Pooja Mikhailov Travel,KA 19 AB,KA 19 AB,4,12.5,13.1,"1,779,962,400","1,779,966,000","1,779,962,400","1,779,966,000",NODELAY,0,AUTO,Diesel,False,False,NA,2,2,0
orbit-Slc,Eastgate Office,BUS,"May 28, 2026",10:00,"1,200,620",LOGIN,true,Rohan Mikhailov Travel,OR 01 ZZ,OR 01 ZZ,12,20.0,21.0,"1,779,942,600","1,779,946,200","1,779,942,600","1,779,946,200",NODELAY,0,SHUTTLE_SERVICE,Electric,false,false,SHUTTLE,8,8,0
orbit-Slc,Eastgate Office,BUS,"May 28, 2026",10:00,"1,200,621",LOGIN,true,Rohan Mikhailov Travel,OR 01 ZZ,OR 01 ZZ,12,20.0,21.0,"1,779,942,600","1,779,946,200","1,779,942,600","1,779,946,200",NODELAY,0,SHUTTLE_SERVICE,Electric,false,false,SHUTTLE,8,8,0
orbit-Slc,Eastgate Office,BUS,"May 28, 2026",10:00,"1,200,622",LOGIN,true,Rohan Mikhailov Travel,OR 01 ZZ,OR 01 ZZ,12,20.0,21.0,"1,779,942,600","1,779,946,200","1,779,942,600","1,779,946,200",NODELAY,0,SHUTTLE_SERVICE,Electric,false,false,SHUTTLE,8,8,0
orbit-Slc,Eastgate Office,BUS,"May 28, 2026",10:00,"1,200,623",LOGIN,true,Rohan Mikhailov Travel,OR 01 ZZ,OR 01 ZZ,12,20.0,21.0,"1,779,942,600","1,779,946,200","1,779,942,600","1,779,946,200",NODELAY,0,SHUTTLE_SERVICE,Electric,false,false,SHUTTLE,8,8,0
orbit-Slc,Eastgate Office,BUS,"May 28, 2026",10:00,"1,200,624",LOGIN,true,Rohan Mikhailov Travel,OR 01 ZZ,OR 01 ZZ,12,20.0,21.0,"1,779,942,600","1,779,946,200","1,779,942,600","1,779,946,200",NODELAY,0,SHUTTLE_SERVICE,Electric,false,false,SHUTTLE,8,8,0
pinnacle-Slc,Clearwater Campus,CAB,"May 29, 2026",09:00,"3,000,501",LOGIN,false,Rohan Mikhailov Travel,KA 00 AB,KA 00 AB,4,12.5,13.1,"1,780,025,400","1,780,029,000","1,780,026,300","1,780,029,900",TRAFFIC,15,AUTO,Electric,False,False,NA,2,2,0
pinnacle-Slc,Oakmont Office,CAB,"May 29, 2026",09:00,"3,000,502",LOGIN,false,Pooja Mikhailov Travel,KA 01 AB,KA 01 AB,4,12.5,13.1,"1,780,025,400","1,780,029,000","1,780,025,400","1,780,029,000",NODELAY,0,AUTO,Diesel,False,False,NA,2,2,0
pinnacle-Slc,Clearwater Campus,CAB,"May 29, 2026",15:30,"3,000,503",LOGOUT,false,Rohan Mikhailov Travel,KA 02 AB,KA 02 AB,4,12.5,13.1,"1,780,048,800","1,780,052,400","1,780,048,800","1,780,052,400",NODELAY,0,AUTO,Diesel,False,False,NA,2,2,0
pinnacle-Slc,Oakmont Office,CAB,"May 29, 2026",15:30,"3,000,504",LOGOUT,false,Pooja Mikhailov Travel,KA 03 AB,KA 03 AB,4,12.5,13.1,"1,780,048,800","1,780,052,400","1,780,048,800","1,780,052,400",NODELAY,0,AUTO,Diesel,False,False,NA,2,5,0
pinnacle-Slc,Clearwater Campus,CAB,"May 29, 2026",09:00,"3,000,505",LOGIN,false,Rohan Mikhailov Travel,KA 04 AB,KA 04 AB,4,12.5,13.1,"1,780,025,400","1,780,029,000","1,780,025,400","1,780,029,000",NODELAY,0,AUTO,Diesel,False,False,NA,2,2,0
pinnacle-Slc,Oakmont Office,CAB,"May 29, 2026",09:00,"3,000,506",LOGIN,false,Pooja Mikhailov Travel,KA 05 AB,KA 05 AB,4,12.5,13.1,"1,780,025,400","1,780,029,000","1,780,025,400","1,780,029,000",NODELAY,0,AUTO,Electric,False,False,NA,2,2,0
pinnacle-Slc,Clearwater Campus,CAB,"May 29, 2026",15:30,"3,000,507",LOGOUT,false,Rohan Mikhailov Travel,KA 06 AB,KA 06 AB,4,12.5,13.1,"1,780,048,800","1,780,052,400","1,780,048,800","1,780,052,400",NODELAY,0,AUTO,Diesel,False,False,NA,2,2,0
pinnacle-Slc,Oakmont Office,CAB,"May 29, 2026",15:30,"3,000,508",LOGOUT,false,Pooja Mikhailov Travel,KA 07 AB,KA 07 AB,4,12.5,13.1,"1,780,048,800","1,780,052,400","1,780,048,800","1,780,052,400",NODELAY,0,AUTO,Diesel,False,False,NA,2,2,0
pinnacle-Slc,Clearwater Campus,CAB,"May 29, 2026",09:00,"3,000,509",LOGIN,false,Rohan Mikhailov Travel,KA 08 AB,KA 08 AB,4,12.5,13.1,"1,780,025,400","1,780,029,000","1,780,025,400","1,780,029,000",NODELAY,0,AUTO,Diesel,False,False,NA,2,2,0
pinnacle-Slc,Oakmont Office,CAB,"May 29, 2026",09:00,"3,000,510",LOGIN,false,Pooja Mikhailov Travel,KA 09 AB,KA 09 AB,4,12.5,13.1,"1,780,025,400","1,780,029,000","1,780,025,400","1,780,029,000",NODELAY,0,AUTO,Diesel,False,False,NA,2,2,0
pinnacle-Slc,Clearwater Campus,CAB,"May 29, 2026",15:30,"3,000,511",LOGOUT,false,Rohan Mikhailov Travel,KA 10 AB,KA 10 AB,4,12.5,13.1,"1,780,048,800","1,780,052,400","1,780,048,800","1,780,052,400",NODELAY,0,AUTO,Electric,False,False,NA,2,2,0
pinnacle-Slc,Oakmont Office,CAB,"May 29, 2026",15:30,"3,000,512",LOGOUT,false,Pooja Mikhailov Travel,KA 11 AB,KA 11 AB,4,12.5,13.1,"1,780,048,800","1,780,052,400","1,780,051,920","1,780,055,520",EMPLOYEE,52,AUTO,Diesel,False,False,NA,2,2,0
pinnacle-Slc,Clearwater Campus,CAB,"May 29, 2026",09:00,"3,000,513",LOGIN,false,Rohan Mikhailov Travel,KA 12 AB,KA 12 AB,4,12.5,13.1,"1,780,025,400","1,780,029,000","1,780,025,400","1,780,029,000",NODELAY,0,AUTO,Diesel,False,False,NA,2,2,0
pinnacle-Slc,Oakmont Office,CAB,"May 29, 2026",09:00,"3,000,514",LOGIN,false,Pooja Mikhailov Travel,KA 13 AB,KA 13 AB,4,12.5,13.1,"1,780,025,400","1,780,029,000","1,780,025,400","1,780,029,000",NODELAY,0,AUTO,Diesel,False,False,NA,2,2,0
pinnacle-Slc,Clearwater Campus,CAB,"May 29, 2026",15:30,"3,000,515",LOGOUT,false,Rohan Mikhailov Travel,KA 14 AB,KA 14 AB,4,12.5,13.1,"1,780,048,800","1,780,052,400","1,780,048,800","1,780,052,400",NODELAY,0,AUTO,Diesel,False,False,NA,2,2,0
pinnacle-Slc,Oakmont Office,CAB,"May 29, 2026",15:30,"3,000,516",LOGOUT,false,Pooja Mikhailov Travel,KA 15 AB,KA 15 AB,4,12.5,13.1,"1,780,048,800","1,780,052,400","1,780,048,800","1,780,052,400",NODELAY,0,AUTO,Electric,False,False,NA,2,2,0
pinnacle-Slc,Clearwater Campus,CAB,"May 29, 2026",09:00,"3,000,517",LOGIN,false,Rohan Mikhailov Travel,KA 16 AB,KA 16 AB,4,12.5,13.1,"1,780,025,400","1,780,029,000","1,780,025,400","1,780,029,000",NODELAY,0,AUTO,Diesel,False,False,NA,2,2,0
pinnacle-Slc,Oakmont Office,CAB,"May 29, 2026",09:00,"3,000,518",LOGIN,false,Pooja Mikhailov Travel,KA 17 AB,KA 17 AB,4,12.5,13.1,"1,780,025,400","1,780,029,000","1,780,025,400","1,780,029,000",NODELAY,0,AUTO,Diesel,False,False,NA,2,2,0
pinnacle-Slc,Clearwater Campus,CAB,"May 29, 2026",15:30,"3,000,519",LOGOUT,false,Rohan Mikhailov Travel,KA 18 AB,KA 18 AB,4,12.5,13.1,"1,780,048,800","1,780,052,400","1,780,048,800","1,780,052,400",NODELAY,0,AUTO,Diesel,False,False,NA,2,2,0
pinnacle-Slc,Oakmont Office,CAB,"May 29, 2026",15:30,"3,000,520",LOGOUT,false,Pooja Mikhailov Travel,KA 19 AB,KA 19 AB,4,12.5,13.1,"1,780,048,800","1,780,052,400","1,780,048,800","1,780,052,400",NODELAY,0,AUTO,Diesel,False,False,NA,2,2,0
orbit-Slc,Eastgate Office,BUS,"May 29, 2026",10:00,"1,200,645",LOGIN,true,Rohan Mikhailov Travel,OR 01 ZZ,OR 01 ZZ,12,20.0,21.0,"1,780,029,000","1,780,032,600","1,780,029,000","1,780,032,600",NODELAY,0,SHUTTLE_SERVICE,Electric,false,false,SHUTTLE,8,8,0
orbit-Slc,Eastgate Office,BUS,"May 29, 2026",10:00,"1,200,646",LOGIN,true,Rohan Mikhailov Travel,OR 01 ZZ,OR 01 ZZ,12,20.0,21.0,"1,780,029,000","1,780,032,600","1,780,029,000","1,780,032,600",NODELAY,0,SHUTTLE_SERVICE,Electric,false,false,SHUTTLE,8,8,0
orbit-Slc,Eastgate Office,BUS,"May 29, 2026",10:00,"1,200,647",LOGIN,true,Rohan Mikhailov Travel,OR 01 ZZ,OR 01 ZZ,12,20.0,21.0,"1,780,029,000","1,780,032,600","1,780,029,000","1,780,032,600",NODELAY,0,SHUTTLE_SERVICE,Electric,false,false,SHUTTLE,8,8,0
orbit-Slc,Eastgate Office,BUS,"May 29, 2026",10:00,"1,200,648",LOGIN,true,Rohan Mikhailov Travel,OR 01 ZZ,OR 01 ZZ,12,20.0,21.0,"1,780,029,000","1,780,032,600","1,780,029,000","1,780,032,600",NODELAY,0,SHUTTLE_SERVICE,Electric,false,false,SHUTTLE,8,8,0
orbit-Slc,Eastgate Office,BUS,"May 29, 2026",10:00,"1,200,649",LOGIN,true,Rohan Mikhailov Travel,OR 01 ZZ,OR 01 ZZ,12,20.0,21.0,"1,780,029,000","1,780,032,600","1,780,029,000","1,780,032,600",NODELAY,0,SHUTTLE_SERVICE,Electric,false,false,SHUTTLE,8,8,0
pinnacle-Slc,Clearwater Campus,CAB,"May 30, 2026",09:00,"3,000,521",LOGIN,false,Rohan Mikhailov Travel,KA 00 AB,KA 00 AB,4,12.5,13.1,"1,780,111,800","1,780,115,400","1,780,112,700","1,780,116,300",DRIVER,15,AUTO,Electric,False,False,NA,2,2,0
pinnacle-Slc,Oakmont Office,CAB,"May 30, 2026",09:00,"3,000,522",LOGIN,false,Pooja Mikhailov Travel,KA 01 AB,KA 01 AB,4,12.5,13.1,"1,780,111,800","1,780,115,400","1,780,111,800","1,780,115,400",NODELAY,0,AUTO,Diesel,False,False,NA,2,2,0
pinnacle-Slc,Clearwater Campus,CAB,"May 30, 2026",15:30,"3,000,523",LOGOUT,false,Rohan Mikhailov Travel,KA 02 AB,KA 02 AB,4,12.5,13.1,"1,780,135,200","1,780,138,800","1,780,135,200","1,780,138,800",NODELAY,0,AUTO,Diesel,False,False,NA,2,2,0
pinnacle-Slc,Oakmont Office,CAB,"May 30, 2026",15:30,"3,000,524",LOGOUT,false,Pooja Mikhailov Travel,KA 03 AB,KA 03 AB,4,12.5,13.1,"1,780,135,200","1,780,138,800","1,780,135,200","1,780,138,800",NODELAY,0,AUTO,Diesel,False,False,NA,2,5,0
pinnacle-Slc,Clearwater Campus,CAB,"May 30, 2026",09:00,"3,000,525",LOGIN,false,Rohan Mikhailov Travel,KA 04 AB,KA 04 AB,4,12.5,13.1,"1,780,111,800","1,780,115,400","1,780,111,800","1,780,115,400",NODELAY,0,AUTO,Diesel,False,False,NA,2,2,0
pinnacle-Slc,Oakmont Office,CAB,"May 30, 2026",09:00,"3,000,526",LOGIN,false,Pooja Mikhailov Travel,KA 05 AB,KA 05 AB,4,12.5,13.1,"1,780,111,800","1,780,115,400","1,780,111,800","1,780,115,400",NODELAY,0,AUTO,Electric,False,False,NA,2,2,0
pinnacle-Slc,Clearwater Campus,CAB,"May 30, 2026",15:30,"3,000,527",LOGOUT,false,Rohan Mikhailov Travel,KA 06 AB,KA 06 AB,4,12.5,13.1,"1,780,135,200","1,780,138,800","1,780,135,200","1,780,138,800",NODELAY,0,AUTO,Diesel,False,False,NA,2,2,0
pinnacle-Slc,Oakmont Office,CAB,"May 30, 2026",15:30,"3,000,528",LOGOUT,false,Pooja Mikhailov Travel,KA 07 AB,KA 07 AB,4,12.5,13.1,"1,780,135,200","1,780,138,800","1,780,135,200","1,780,138,800",NODELAY,0,AUTO,Diesel,False,False,NA,2,2,0
pinnacle-Slc,Clearwater Campus,CAB,"May 30, 2026",09:00,"3,000,529",LOGIN,false,Rohan Mikhailov Travel,KA 08 AB,KA 08 AB,4,12.5,13.1,"1,780,111,800","1,780,115,400","1,780,111,800","1,780,115,400",NODELAY,0,AUTO,Diesel,False,False,NA,2,2,0
pinnacle-Slc,Oakmont Office,CAB,"May 30, 2026",09:00,"3,000,530",LOGIN,false,Pooja Mikhailov Travel,KA 09 AB,KA 09 AB,4,12.5,13.1,"1,780,111,800","1,780,115,400","1,780,111,800","1,780,115,400",NODELAY,0,AUTO,Diesel,False,False,NA,2,2,0
pinnacle-Slc,Clearwater Campus,CAB,"May 30, 2026",15:30,"3,000,531",LOGOUT,false,Rohan Mikhailov Travel,KA 10 AB,KA 10 AB,4,12.5,13.1,"1,780,135,200","1,780,138,800","1,780,135,200","1,780,138,800",NODELAY,0,AUTO,Electric,False,False,NA,2,2,0
pinnacle-Slc,Oakmont Office,CAB,"May 30, 2026",15:30,"3,000,532",LOGOUT,false,Pooja Mikhailov Travel,KA 11 AB,KA 11 AB,4,12.5,13.1,"1,780,135,200","1,780,138,800","1,780,138,320","1,780,141,920",TRAFFIC,52,AUTO,Diesel,False,False,NA,2,2,0
pinnacle-Slc,Clearwater Campus,CAB,"May 30, 2026",09:00,"3,000,533",LOGIN,false,Rohan Mikhailov Travel,KA 12 AB,KA 12 AB,4,12.5,13.1,"1,780,111,800","1,780,115,400","1,780,111,800","1,780,115,400",NODELAY,0,AUTO,Diesel,False,False,NA,2,2,0
pinnacle-Slc,Oakmont Office,CAB,"May 30, 2026",09:00,"3,000,534",LOGIN,false,Pooja Mikhailov Travel,KA 13 AB,KA 13 AB,4,12.5,13.1,"1,780,111,800","1,780,115,400","1,780,111,800","1,780,115,400",NODELAY,0,AUTO,Diesel,False,False,NA,2,2,0
pinnacle-Slc,Clearwater Campus,CAB,"May 30, 2026",15:30,"3,000,535",LOGOUT,false,Rohan Mikhailov Travel,KA 14 AB,KA 14 AB,4,12.5,13.1,"1,780,135,200","1,780,138,800","1,780,135,200","1,780,138,800",NODELAY,0,AUTO,Diesel,False,False,NA,2,2,0
pinnacle-Slc,Oakmont Office,CAB,"May 30, 2026",15:30,"3,000,536",LOGOUT,false,Pooja Mikhailov Travel,KA 15 AB,KA 15 AB,4,12.5,13.1,"1,780,135,200","1,780,138,800","1,780,135,200","1,780,138,800",NODELAY,0,AUTO,Electric,False,False,NA,2,2,0
pinnacle-Slc,Clearwater Campus,CAB,"May 30, 2026",09:00,"3,000,537",LOGIN,false,Rohan Mikhailov Travel,KA 16 AB,KA 16 AB,4,12.5,13.1,"1,780,111,800","1,780,115,400","1,780,111,800","1,780,115,400",NODELAY,0,AUTO,Diesel,False,False,NA,2,2,0
pinnacle-Slc,Oakmont Office,CAB,"May 30, 2026",09:00,"3,000,538",LOGIN,false,Pooja Mikhailov Travel,KA 17 AB,KA 17 AB,4,12.5,13.1,"1,780,111,800","1,780,115,400","1,780,111,800","1,780,115,400",NODELAY,0,AUTO,Diesel,False,False,NA,2,2,0
pinnacle-Slc,Clearwater Campus,CAB,"May 30, 2026",15:30,"3,000,539",LOGOUT,false,Rohan Mikhailov Travel,KA 18 AB,KA 18 AB,4,12.5,13.1,"1,780,135,200","1,780,138,800","1,780,135,200","1,780,138,800",NODELAY,0,AUTO,Diesel,False,False,NA,2,2,0
pinnacle-Slc,Oakmont Office,CAB,"May 30, 2026",15:30,"3,000,540",LOGOUT,false,Pooja Mikhailov Travel,KA 19 AB,KA 19 AB,4,12.5,13.1,"1,780,135,200","1,780,138,800","1,780,135,200","1,780,138,800",NODELAY,0,AUTO,Diesel,False,False,NA,2,2,0
orbit-Slc,Eastgate Office,BUS,"May 30, 2026",10:00,"1,200,670",LOGIN,true,Rohan Mikhailov Travel,OR 01 ZZ,OR 01 ZZ,12,20.0,21.0,"1,780,115,400","1,780,119,000","1,780,115,400","1,780,119,000",NODELAY,0,SHUTTLE_SERVICE,Electric,false,false,SHUTTLE,8,8,0
orbit-Slc,Eastgate Office,BUS,"May 30, 2026",10:00,"1,200,671",LOGIN,true,Rohan Mikhailov Travel,OR 01 ZZ,OR 01 ZZ,12,20.0,21.0,"1,780,115,400","1,780,119,000","1,780,115,400","1,780,119,000",NODELAY,0,SHUTTLE_SERVICE,Electric,false,false,SHUTTLE,8,8,0
orbit-Slc,Eastgate Office,BUS,"May 30, 2026",10:00,"1,200,672",LOGIN,true,Rohan Mikhailov Travel,OR 01 ZZ,OR 01 ZZ,12,20.0,21.0,"1,780,115,400","1,780,119,000","1,780,115,400","1,780,119,000",NODELAY,0,SHUTTLE_SERVICE,Electric,false,false,SHUTTLE,8,8,0
orbit-Slc,Eastgate Office,BUS,"May 30, 2026",10:00,"1,200,673",LOGIN,true,Rohan Mikhailov Travel,OR 01 ZZ,OR 01 ZZ,12,20.0,21.0,"1,780,115,400","1,780,119,000","1,780,115,400","1,780,119,000",NODELAY,0,SHUTTLE_SERVICE,Electric,false,false,SHUTTLE,8,8,0
orbit-Slc,Eastgate Office,BUS,"May 30, 2026",10:00,"1,200,674",LOGIN,true,Rohan Mikhailov Travel,OR 01 ZZ,OR 01 ZZ,12,20.0,21.0,"1,780,115,400","1,780,119,000","1,780,115,400","1,780,119,000",NODELAY,0,SHUTTLE_SERVICE,Electric,false,false,SHUTTLE,8,8,0
pinnacle-Slc,Clearwater Campus,CAB,"May 31, 2026",09:00,"3,000,541",LOGIN,false,Rohan Mikhailov Travel,KA 00 AB,KA 00 AB,4,12.5,13.1,"1,780,198,200","1,780,201,800","1,780,199,100","1,780,202,700",EMPLOYEE,15,AUTO,Electric,False,False,NA,2,2,0
pinnacle-Slc,Oakmont Office,CAB,"May 31, 2026",09:00,"3,000,542",LOGIN,false,Pooja Mikhailov Travel,KA 01 AB,KA 01 AB,4,12.5,13.1,"1,780,198,200","1,780,201,800","1,780,198,200","1,780,201,800",NODELAY,0,AUTO,Diesel,False,False,NA,2,2,0
pinnacle-Slc,Clearwater Campus,CAB,"May 31, 2026",15:30,"3,000,543",LOGOUT,false,Rohan Mikhailov Travel,KA 02 AB,KA 02 AB,4,12.5,13.1,"1,780,221,600","1,780,225,200","1,780,221,600","1,780,225,200",NODELAY,0,AUTO,Diesel,False,False,NA,2,2,0
pinnacle-Slc,Oakmont Office,CAB,"May 31, 2026",15:30,"3,000,544",LOGOUT,false,Pooja Mikhailov Travel,KA 03 AB,KA 03 AB,4,12.5,13.1,"1,780,221,600","1,780,225,200","1,780,221,600","1,780,225,200",NODELAY,0,AUTO,Diesel,False,False,NA,2,5,0
pinnacle-Slc,Clearwater Campus,CAB,"May 31, 2026",09:00,"3,000,545",LOGIN,false,Rohan Mikhailov Travel,KA 04 AB,KA 04 AB,4,12.5,13.1,"1,780,198,200","1,780,201,800","1,780,198,200","1,780,201,800",NODELAY,0,AUTO,Diesel,False,False,NA,2,2,0
pinnacle-Slc,Oakmont Office,CAB,"May 31, 2026",09:00,"3,000,546",LOGIN,false,Pooja Mikhailov Travel,KA 05 AB,KA 05 AB,4,12.5,13.1,"1,780,198,200","1,780,201,800","1,780,198,200","1,780,201,800",NODELAY,0,AUTO,Electric,False,False,NA,2,2,0
pinnacle-Slc,Clearwater Campus,CAB,"May 31, 2026",15:30,"3,000,547",LOGOUT,false,Rohan Mikhailov Travel,KA 06 AB,KA 06 AB,4,12.5,13.1,"1,780,221,600","1,780,225,200","1,780,221,600","1,780,225,200",NODELAY,0,AUTO,Diesel,False,False,NA,2,2,0
pinnacle-Slc,Oakmont Office,CAB,"May 31, 2026",15:30,"3,000,548",LOGOUT,false,Pooja Mikhailov Travel,KA 07 AB,KA 07 AB,4,12.5,13.1,"1,780,221,600","1,780,225,200","1,780,221,600","1,780,225,200",NODELAY,0,AUTO,Diesel,False,False,NA,2,2,0
pinnacle-Slc,Clearwater Campus,CAB,"May 31, 2026",09:00,"3,000,549",LOGIN,false,Rohan Mikhailov Travel,KA 08 AB,KA 08 AB,4,12.5,13.1,"1,780,198,200","1,780,201,800","1,780,198,200","1,780,201,800",NODELAY,0,AUTO,Diesel,False,False,NA,2,2,0
pinnacle-Slc,Oakmont Office,CAB,"May 31, 2026",09:00,"3,000,550",LOGIN,false,Pooja Mikhailov Travel,KA 09 AB,KA 09 AB,4,12.5,13.1,"1,780,198,200","1,780,201,800","1,780,198,200","1,780,201,800",NODELAY,0,AUTO,Diesel,False,False,NA,2,2,0
pinnacle-Slc,Clearwater Campus,CAB,"May 31, 2026",15:30,"3,000,551",LOGOUT,false,Rohan Mikhailov Travel,KA 10 AB,KA 10 AB,4,12.5,13.1,"1,780,221,600","1,780,225,200","1,780,221,600","1,780,225,200",NODELAY,0,AUTO,Electric,False,False,NA,2,2,0
pinnacle-Slc,Oakmont Office,CAB,"May 31, 2026",15:30,"3,000,552",LOGOUT,false,Pooja Mikhailov Travel,KA 11 AB,KA 11 AB,4,12.5,13.1,"1,780,221,600","1,780,225,200","1,780,224,720","1,780,228,320",DRIVER,52,AUTO,Diesel,False,False,NA,2,2,0
pinnacle-Slc,Clearwater Campus,CAB,"May 31, 2026",09:00,"3,000,553",LOGIN,false,Rohan Mikhailov Travel,KA 12 AB,KA 12 AB,4,12.5,13.1,"1,780,198,200","1,780,201,800","1,780,198,200","1,780,201,800",NODELAY,0,AUTO,Diesel,False,False,NA,2,2,0
pinnacle-Slc,Oakmont Office,CAB,"May 31, 2026",09:00,"3,000,554",LOGIN,false,Pooja Mikhailov Travel,KA 13 AB,KA 13 AB,4,12.5,13.1,"1,780,198,200","1,780,201,800","1,780,198,200","1,780,201,800",NODELAY,0,AUTO,Diesel,False,False,NA,2,2,0
pinnacle-Slc,Clearwater Campus,CAB,"May 31, 2026",15:30,"3,000,555",LOGOUT,false,Rohan Mikhailov Travel,KA 14 AB,KA 14 AB,4,12.5,13.1,"1,780,221,600","1,780,225,200","1,780,221,600","1,780,225,200",NODELAY,0,AUTO,Diesel,False,False,NA,2,2,0
pinnacle-Slc,Oakmont Office,CAB,"May 31, 2026",15:30,"3,000,556",LOGOUT,false,Pooja Mikhailov Travel,KA 15 AB,KA 15 AB,4,12.5,13.1,"1,780,221,600","1,780,225,200","1,780,221,600","1,780,225,200",NODELAY,0,AUTO,Electric,False,False,NA,2,2,0
pinnacle-Slc,Clearwater Campus,CAB,"May 31, 2026",09:00,"3,000,557",LOGIN,false,Rohan Mikhailov Travel,KA 16 AB,KA 16 AB,4,12.5,13.1,"1,780,198,200","1,780,201,800","1,780,198,200","1,780,201,800",NODELAY,0,AUTO,Diesel,False,False,NA,2,2,0
pinnacle-Slc,Oakmont Office,CAB,"May 31, 2026",09:00,"3,000,558",LOGIN,false,Pooja Mikhailov Travel,KA 17 AB,KA 17 AB,4,12.5,13.1,"1,780,198,200","1,780,201,800","1,780,198,200","1,780,201,800",NODELAY,0,AUTO,Diesel,False,False,NA,2,2,0
pinnacle-Slc,Clearwater Campus,CAB,"May 31, 2026",15:30,"3,000,559",LOGOUT,false,Rohan Mikhailov Travel,KA 18 AB,KA 18 AB,4,12.5,13.1,"1,780,221,600","1,780,225,200","1,780,221,600","1,780,225,200",NODELAY,0,AUTO,Diesel,False,False,NA,2,2,0
pinnacle-Slc,Oakmont Office,CAB,"May 31, 2026",15:30,"3,000,560",LOGOUT,false,Pooja Mikhailov Travel,KA 19 AB,KA 19 AB,4,12.5,13.1,"1,780,221,600","1,780,225,200","1,780,221,600","1,780,225,200",NODELAY,0,AUTO,Diesel,False,False,NA,2,2,0
orbit-Slc,Eastgate Office,BUS,"May 31, 2026",10:00,"1,200,695",LOGIN,true,Rohan Mikhailov Travel,OR 01 ZZ,OR 01 ZZ,12,20.0,21.0,"1,780,201,800","1,780,205,400","1,780,201,800","1,780,205,400",NODELAY,0,SHUTTLE_SERVICE,Electric,false,false,SHUTTLE,8,8,0
orbit-Slc,Eastgate Office,BUS,"May 31, 2026",10:00,"1,200,696",LOGIN,true,Rohan Mikhailov Travel,OR 01 ZZ,OR 01 ZZ,12,20.0,21.0,"1,780,201,800","1,780,205,400","1,780,201,800","1,780,205,400",NODELAY,0,SHUTTLE_SERVICE,Electric,false,false,SHUTTLE,8,8,0
orbit-Slc,Eastgate Office,BUS,"May 31, 2026",10:00,"1,200,697",LOGIN,true,Rohan Mikhailov Travel,OR 01 ZZ,OR 01 ZZ,12,20.0,21.0,"1,780,201,800","1,780,205,400","1,780,201,800","1,780,205,400",NODELAY,0,SHUTTLE_SERVICE,Electric,false,false,SHUTTLE,8,8,0
orbit-Slc,Eastgate Office,BUS,"May 31, 2026",10:00,"1,200,698",LOGIN,true,Rohan Mikhailov Travel,OR 01 ZZ,OR 01 ZZ,12,20.0,21.0,"1,780,201,800","1,780,205,400","1,780,201,800","1,780,205,400",NODELAY,0,SHUTTLE_SERVICE,Electric,false,false,SHUTTLE,8,8,0
orbit-Slc,Eastgate Office,BUS,"May 31, 2026",10:00,"1,200,699",LOGIN,true,Rohan Mikhailov Travel,OR 01 ZZ,OR 01 ZZ,12,20.0,21.0,"1,780,201,800","1,780,205,400","1,780,201,800","1,780,205,400",NODELAY,0,SHUTTLE_SERVICE,Electric,false,false,SHUTTLE,8,8,0
