business_unit,trip_id,trip_type,trip_date,stwid,route_rating,driver_rating,cab_rating,safety_rating,marshal_rating,creation_time
pinnacle-Slc,"3,000,001",LOGIN,"May 4, 2026, 9:00 AM","100,001",5,5,5,4,0,"May 4, 2026, 11:00 AM"
pinnacle-Slc,"3,000,001",LOGIN,"May 4, 2026, 9:00 AM","100,002",5,5,5,4,0,"May 4, 2026, 11:00 AM"
pinnacle-Slc,"3,000,002",LOGIN,"May 4, 2026, 9:00 AM","100,003",5,5,5,4,0,"May 4, 2026, 11:00 AM"
pinnacle-Slc,"3,000,002",LOGIN,"May 4, 2026, 9:00 AM","100,004",5,5,5,4,0,"May 4, 2026, 11:00 AM"
pinnacle-Slc,"3,000,003",LOGOUT,"May 4, 2026, 3:30 PM","100,005",5,5,5,4,0,"May 4, 2026, 5:30 PM"
pinnacle-Slc,"3,000,003",LOGOUT,"May 4, 2026, 3:30 PM","100,006",5,5,5,4,0,"May 4, 2026, 5:30 PM"
pinnacle-Slc,"3,000,004",LOGOUT,"May 4, 2026, 3:30 PM","100,007",5,5,5,4,0,"May 4, 2026, 5:30 PM"
pinnacle-Slc,"3,000,004",LOGOUT,"May 4, 2026, 3:30 PM","100,008",5,5,5,4,0,"May 4, 2026, 5:30 PM"
pinnacle-Slc,"3,000,005",LOGIN,"May 4, 2026, 9:00 AM","100,009",5,5,5,4,0,"May 4, 2026, 11:00 AM"
pinnacle-Slc,"3,000,005",LOGIN,"May 4, 2026, 9:00 AM","100,010",5,5,5,4,0,"May 4, 2026, 11:00 AM"
pinnacle-Slc,"3,000,006",LOGIN,"May 4, 2026, 9:00 AM","100,011",5,2,5,4,0,"May 4, 2026, 11:00 AM"
pinnacle-Slc,"3,000,006",LOGIN,"May 4, 2026, 9:00 AM","100,012",5,5,5,4,0,"May 4, 2026, 11:00 AM"
pinnacle-Slc,"3,000,007",LOGOUT,"May 4, 2026, 3:30 PM","100,013",5,5,5,4,0,"May 4, 2026, 5:30 PM"
pinnacle-Slc,"3,000,007",LOGOUT,"May 4, 2026, 3:30 PM","100,014",5,5,5,4,0,"May 4, 2026, 5:30 PM"
pinnacle-Slc,"3,000,008",LOGOUT,"May 4, 2026, 3:30 PM","100,015",5,5,5,4,0,"May 4, 2026, 5:30 PM"
pinnacle-Slc,"3,000,008",LOGOUT,"May 4, 2026, 3:30 PM","100,016",5,5,5,4,0,"May 4, 2026, 5:30 PM"
pinnacle-Slc,"3,000,009",LOGIN,"May 4, 2026, 9:00 AM","100,017",5,5,5,4,0,"May 4, 2026, 11:00 AM"
pinnacle-Slc,"3,000,009",LOGIN,"May 4, 2026, 9:00 AM","100,018",5,5,5,4,0,"May 4, 2026, 11:00 AM"
pinnacle-Slc,"3,000,010",LOGIN,"May 4, 2026, 9:00 AM","100,019",5,5,5,4,0,"May 4, 2026, 11:00 AM"
pinnacle-Slc,"3,000,010",LOGIN,"May 4, 2026, 9:00 AM","100,020",5,5,5,4,0,"May 4, 2026, 11:00 AM"
pinnacle-Slc,"3,000,011",LOGOUT,"May 4, 2026, 3:30 PM","100,021",5,5,5,4,0,"May 4, 2026, 5:30 PM"
pinnacle-Slc,"3,000,011",LOGOUT,"May 4, 2026, 3:30 PM","100,022",5,5,5,4,0,"May 4, 2026, 5:30 PM"
pinnacle-Slc,"3,000,012",LOGOUT,"May 4, 2026, 3:30 PM","100,023",5,5,5,4,0,"May 4, 2026, 5:30 PM"
pinnacle-Slc,"3,000,012",LOGOUT,"May 4, 2026, 3:30 PM","100,024",5,5,5,4,0,"May 4, 2026, 5:30 PM"
pinnacle-Slc,"3,000,013",LOGIN,"May 4, 2026, 9:00 AM","100,025",5,5,5,4,0,"May 4, 2026, 11:00 AM"
pinnacle-Slc,"3,000,013",LOGIN,"May 4, 2026, 9:00 AM","100,026",5,5,5,4,0,"May 4, 2026, 11:00 AM"
pinnacle-Slc,"3,000,014",LOGIN,"May 4, 2026, 9:00 AM","100,027",5,5,5,4,0,"May 4, 2026, 11:00 AM"
pinnacle-Slc,"3,000,014",LOGIN,"May 4, 2026, 9:00 AM","100,028",5,5,5,4,0,"May 4, 2026, 11:00 AM"
pinnacle-Slc,"3,000,015",LOGOUT,"May 4, 2026, 3:30 PM","100,029",5,5,5,4,0,"May 4, 2026, 5:30 PM"
pinnacle-Slc,"3,000,015",LOGOUT,"May 4, 2026, 3:30 PM","100,030",5,5,5,4,0,"May 4, 2026, 5:30 PM"
pinnacle-Slc,"3,000,016",LOGOUT,"May 4, 2026, 3:30 PM","100,031",5,5,5,4,0,"May 4, 2026, 5:30 PM"
pinnacle-Slc,"3,000,016",LOGOUT,"May 4, 2026, 3:30 PM","100,032",5,5,5,4,0,"May 4, 2026, 5:30 PM"
pinnacle-Slc,"3,000,017",LOGIN,"May 4, 2026, 9:00 AM","100,033",5,5,5,4,0,"May 4, 2026, 11:00 AM"
pinnacle-Slc,"3,000,017",LOGIN,"May 4, 2026, 9:00 AM","100,034",5,5,5,4,0,"May 4, 2026, 11:00 AM"
pinnacle-Slc,"3,000,018",LOGIN,"May 4, 2026, 9:00 AM","100,035",5,5,5,4,0,"May 4, 2026, 11:00 AM"
pinnacle-Slc,"3,000,018",LOGIN,"May 4, 2026, 9:00 AM","100,036",5,5,5,4,0,"May 4, 2026, 11:00 AM"
pinnacle-Slc,"3,000,019",LOGOUT,"May 4, 2026, 3:30 PM","100,037",5,5,5,4,0,"May 4, 2026, 5:30 PM"
pinnacle-Slc,"3,000,019",LOGOUT,"May 4, 2026, 3:30 PM","100,038",5,5,5,4,0,"May 4, 2026, 5:30 PM"
pinnacle-Slc,"3,000,020",LOGOUT,"May 4, 2026, 3:30 PM","100,039",5,5,5,4,0,"May 4, 2026, 5:30 PM"
pinnacle-Slc,"3,000,020",LOGOUT,"May 4, 2026, 3:30 PM","100,040",5,5,5,4,0,"May 4, 2026, 5:30 PM"
pinnacle-Slc,"3,000,021",LOGIN,"May 5, 2026, 9:00 AM","100,041",5,5,5,4,0,"May 5, 2026, 11:00 AM"
pinnacle-Slc,"3,000,021",LOGIN,"May 5, 2026, 9:00 AM","100,042",5,5,5,4,0,"May 5, 2026, 11:00 AM"
pinnacle-Slc,"3,000,022",LOGIN,"May 5, 2026, 9:00 AM","100,043",5,5,5,4,0,"May 5, 2026, 11:00 AM"
pinnacle-Slc,"3,000,022",LOGIN,"May 5, 2026, 9:00 AM","100,044",5,5,5,4,0,"May 5, 2026, 11:00 AM"
pinnacle-Slc,"3,000,023",LOGOUT,"May 5, 2026, 3:30 PM","100,045",5,5,5,4,0,"May 5, 2026, 5:30 PM"
pinnacle-Slc,"3,000,023",LOGOUT,"May 5, 2026, 3:30 PM","100,046",5,5,5,4,0,"May 5, 2026, 5:30 PM"
pinnacle-Slc,"3,000,024",LOGOUT,"May 5, 2026, 3:30 PM","100,047",5,5,5,4,0,"May 5, 2026, 5:30 PM"
pinnacle-Slc,"3,000,024",LOGOUT,"May 5, 2026, 3:30 PM","100,048",5,5,5,4,0,"May 5, 2026, 5:30 PM"
pinnacle-Slc,"3,000,025",LOGIN,"May 5, 2026, 9:00 AM","100,049",5,5,5,4,0,"May 5, 2026, 11:00 AM"
pinnacle-Slc,"3,000,025",LOGIN,"May 5, 2026, 9:00 AM","100,050",5,5,5,4,0,"May 5, 2026, 11:00 AM"
pinnacle-Slc,"3,000,026",LOGIN,"May 5, 2026, 9:00 AM","100,051",5,2,5,4,0,"May 5, 2026, 11:00 AM"
pinnacle-Slc,"3,000,026",LOGIN,"May 5, 2026, 9:00 AM","100,052",5,5,5,4,0,"May 5, 2026, 11:00 AM"
pinnacle-Slc,"3,000,027",LOGOUT,"May 5, 2026, 3:30 PM","100,053",5,5,5,4,0,"May 5, 2026, 5:30 PM"
pinnacle-Slc,"3,000,027",LOGOUT,"May 5, 2026, 3:30 PM","100,054",5,5,5,4,0,"May 5, 2026, 5:30 PM"
pinnacle-Slc,"3,000,028",LOGOUT,"May 5, 2026, 3:30 PM","100,055",5,5,5,4,0,"May 5, 2026, 5:30 PM"
pinnacle-Slc,"3,000,028",LOGOUT,"May 5, 2026, 3:30 PM","100,056",5,5,5,4,0,"May 5, 2026, 5:30 PM"
pinnacle-Slc,"3,000,029",LOGIN,"May 5, 2026, 9:00 AM","100,057",5,5,5,4,0,"May 5, 2026, 11:00 AM"
pinnacle-Slc,"3,000,029",LOGIN,"May 5, 2026, 9:00 AM","100,058",5,5,5,4,0,"May 5, 2026, 11:00 AM"
pinnacle-Slc,"3,000,030",LOGIN,"May 5, 2026, 9:00 AM","100,059",5,5,5,4,0,"May 5, 2026, 11:00 AM"
pinnacle-Slc,"3,000,030",LOGIN,"May 5, 2026, 9:00 AM","100,060",5,5,5,4,0,"May 5, 2026, 11:00 AM"
pinnacle-Slc,"3,000,031",LOGOUT,"May 5, 2026, 3:30 PM","100,061",5,5,5,4,0,"May 5, 2026, 5:30 PM"
pinnacle-Slc,"3,000,031",LOGOUT,"May 5, 2026, 3:30 PM","100,062",5,5,5,4,0,"May 5, 2026, 5:30 PM"
pinnacle-Slc,"3,000,032",LOGOUT,"May 5, 2026, 3:30 PM","100,063",5,5,5,4,0,"May 5, 2026, 5:30 PM"
pinnacle-Slc,"3,000,032",LOGOUT,"May 5, 2026, 3:30 PM","100,064",5,5,5,4,0,"May 5, 2026, 5:30 PM"
pinnacle-Slc,"3,000,033",LOGIN,"May 5, 2026, 9:00 AM","100,065",5,5,5,4,0,"May 5, 2026, 11:00 AM"
pinnacle-Slc,"3,000,033",LOGIN,"May 5, 2026, 9:00 AM","100,066",5,5,5,4,0,"May 5, 2026, 11:00 AM"
pinnacle-Slc,"3,000,034",LOGIN,"May 5, 2026, 9:00 AM","100,067",5,5,5,4,0,"May 5, 2026, 11:00 AM"
pinnacle-Slc,"3,000,034",LOGIN,"May 5, 2026, 9:00 AM","100,068",5,5,5,4,0,"May 5, 2026, 11:00 AM"
pinnacle-Slc,"3,000,035",LOGOUT,"May 5, 2026, 3:30 PM","100,069",5,5,5,4,0,"May 5, 2026, 5:30 PM"
pinnacle-Slc,"3,000,035",LOGOUT,"May 5, 2026, 3:30 PM","100,070",5,5,5,4,0,"May 5, 2026, 5:30 PM"
pinnacle-Slc,"3,000,036",LOGOUT,"May 5, 2026, 3:30 PM","100,071",5,5,5,4,0,"May 5, 2026, 5:30 PM"
pinnacle-Slc,"3,000,036",LOGOUT,"May 5, 2026, 3:30 PM","100,072",5,5,5,4,0,"May 5, 2026, 5:30 PM"
pinnacle-Slc,"3,000,037",LOGIN,"May 5, 2026, 9:00 AM","100,073",5,5,5,4,0,"May 5, 2026, 11:00 AM"
pinnacle-Slc,"3,000,037",LOGIN,"May 5, 2026, 9:00 AM","100,074",5,5,5,4,0,"May 5, 2026, 11:00 AM"
pinnacle-Slc,"3,000,038",LOGIN,"May 5, 2026, 9:00 AM","100,075",5,5,5,4,0,"May 5, 2026, 11:00 AM"
pinnacle-Slc,"3,000,038",LOGIN,"May 5, 2026, 9:00 AM","100,076",5,5,5,4,0,"May 5, 2026, 11:00 AM"
pinnacle-Slc,"3,000,039",LOGOUT,"May 5, 2026, 3:30 PM","100,077",5,5,5,4,0,"May 5, 2026, 5:30 PM"
pinnacle-Slc,"3,000,039",LOGOUT,"May 5, 2026, 3:30 PM","100,078",5,5,5,4,0,"May 5, 2026, 5:30 PM"
pinnacle-Slc,"3,000,040",LOGOUT,"May 5, 2026, 3:30 PM","100,079",5,5,5,4,0,"May 5, 2026, 5:30 PM"
pinnacle-Slc,"3,000,040",LOGOUT,"May 5, 2026, 3:30 PM","100,080",5,5,5,4,0,"May 5, 2026, 5:30 PM"
pinnacle-Slc,"3,000,041",LOGIN,"May 6, 2026, 9:00 AM","100,081",5,5,5,4,0,"May 6, 2026, 11:00 AM"
pinnacle-Slc,"3,000,041",LOGIN,"May 6, 2026, 9:00 AM","100,082",5,5,5,4,0,"May 6, 2026, 11:00 AM"
pinnacle-Slc,"3,000,042",LOGIN,"May 6, 2026, 9:00 AM","100,083",5,5,5,4,0,"May 6, 2026, 11:00 AM"
pinnacle-Slc,"3,000,042",LOGIN,"May 6, 2026, 9:00 AM","100,084",5,5,5,4,0,"May 6, 2026, 11:00 AM"
pinnacle-Slc,"3,000,043",LOGOUT,"May 6, 2026, 3:30 PM","100,085",5,5,5,4,0,"May 6, 2026, 5:30 PM"
pinnacle-Slc,"3,000,043",LOGOUT,"May 6, 2026, 3:30 PM","100,086",5,5,5,4,0,"May 6, 2026, 5:30 PM"
pinnacle-Slc,"3,000,044",LOGOUT,"May 6, 2026, 3:30 PM","100,087",5,5,5,4,0,"May 6, 2026, 5:30 PM"
pinnacle-Slc,"3,000,044",LOGOUT,"May 6, 2026, 3:30 PM","100,088",5,5,5,4,0,"May 6, 2026, 5:30 PM"
pinnacle-Slc,"3,000,045",LOGIN,"May 6, 2026, 9:00 AM","100,089",5,5,5,4,0,"May 6, 2026, 11:00 AM"
pinnacle-Slc,"3,000,045",LOGIN,"May 6, 2026, 9:00 AM","100,090",5,5,5,4,0,"May 6, 2026, 11:00 AM"
pinnacle-Slc,"3,000,046",LOGIN,"May 6, 2026, 9:00 AM","100,091",5,2,5,4,0,"May 6, 2026, 11:00 AM"
pinnacle-Slc,"3,000,046",LOGIN,"May 6, 2026, 9:00 AM","100,092",5,5,5,4,0,"May 6, 2026, 11:00 AM"
pinnacle-Slc,"3,000,047",LOGOUT,"May 6, 2026, 3:30 PM","100,093",5,5,5,4,0,"May 6, 2026, 5:30 PM"
pinnacle-Slc,"3,000,047",LOGOUT,"May 6, 2026, 3:30 PM","100,094",5,5,5,4,0,"May 6, 2026, 5:30 PM"
pinnacle-Slc,"3,000,048",LOGOUT,"May 6, 2026, 3:30 PM","100,095",5,5,5,4,0,"May 6, 2026, 5:30 PM"
pinnacle-Slc,"3,000,048",LOGOUT,"May 6, 2026, 3:30 PM","100,096",5,5,5,4,0,"May 6, 2026, 5:30 PM"
pinnacle-Slc,"3,000,049",LOGIN,"May 6, 2026, 9:00 AM","100,097",5,5,5,4,0,"May 6, 2026, 11:00 AM"
pinnacle-Slc,"3,000,049",LOGIN,"May 6, 2026, 9:00 AM","100,098",5,5,5,4,0,"May 6, 2026, 11:00 AM"
pinnacle-Slc,"3,000,050",LOGIN,"May 6, 2026, 9:00 AM","100,099",5,5,5,4,0,"May 6, 2026, 11:00 AM"
pinnacle-Slc,"3,000,050",LOGIN,"May 6, 2026, 9:00 AM","100,100",5,5,5,4,0,"May 6, 2026, 11:00 AM"
pinnacle-Slc,"3,000,051",LOGOUT,"May 6, 2026, 3:30 PM","100,101",5,5,5,4,0,"May 6, 2026, 5:30 PM"
pinnacle-Slc,"3,000,051",LOGOUT,"May 6, 2026, 3:30 PM","100,102",5,5,5,4,0,"May 6, 2026, 5:30 PM"
pinnacle-Slc,"3,000,052",LOGOUT,"May 6, 2026, 3:30 PM","100,103",5,5,5,4,0,"May 6, 2026, 5:30 PM"
pinnacle-Slc,"3,000,052",LOGOUT,"May 6, 2026, 3:30 PM","100,104",5,5,5,4,0,"May 6, 2026, 5:30 PM"
pinnacle-Slc,"3,000,053",LOGIN,"May 6, 2026, 9:00 AM","100,105",5,5,5,4,0,"May 6, 2026, 11:00 AM"
pinnacle-Slc,"3,000,053",LOGIN,"May 6, 2026, 9:00 AM","100,106",5,5,5,4,0,"May 6, 2026, 11:00 AM"
pinnacle-Slc,"3,000,054",LOGIN,"May 6, 2026, 9:00 AM","100,107",5,5,5,4,0,"May 6, 2026, 11:00 AM"
pinnacle-Slc,"3,000,054",LOGIN,"May 6, 2026, 9:00 AM","100,108",5,5,5,4,0,"May 6, 2026, 11:00 AM"
pinnacle-Slc,"3,000,055",LOGOUT,"May 6, 2026, 3:30 PM","100,109",5,5,5,4,0,"May 6, 2026, 5:30 PM"
pinnacle-Slc,"3,000,055",LOGOUT,"May 6, 2026, 3:30 PM","100,110",5,5,5,4,0,"May 6, 2026, 5:30 PM"
pinnacle-Slc,"3,000,056",LOGOUT,"May 6, 2026, 3:30 PM","100,111",5,5,5,4,0,"May 6, 2026, 5:30 PM"
pinnacle-Slc,"3,000,056",LOGOUT,"May 6, 2026, 3:30 PM","100,112",5,5,5,4,0,"May 6, 2026, 5:30 PM"
pinnacle-Slc,"3,000,057",LOGIN,"May 6, 2026, 9:00 AM","100,113",5,5,5,4,0,"May 6, 2026, 11:00 AM"
pinnacle-Slc,"3,000,057",LOGIN,"May 6, 2026, 9:00 AM","100,114",5,5,5,4,0,"May 6, 2026, 11:00 AM"
pinnacle-Slc,"3,000,058",LOGIN,"May 6, 2026, 9:00 AM","100,115",5,5,5,4,0,"May 6, 2026, 11:00 AM"
pinnacle-Slc,"3,000,058",LOGIN,"May 6, 2026, 9:00 AM","100,116",5,5,5,4,0,"May 6, 2026, 11:00 AM"
pinnacle-Slc,"3,000,059",LOGOUT,"May 6, 2026, 3:30 PM","100,117",5,5,5,4,0,"May 6, 2026, 5:30 PM"
pinnacle-Slc,"3,000,059",LOGOUT,"May 6, 2026, 3:30 PM","100,118",5,5,5,4,0,"May 6, 2026, 5:30 PM"
pinnacle-Slc,"3,000,060",LOGOUT,"May 6, 2026, 3:30 PM","100,119",5,5,5,4,0,"May 6, 2026, 5:30 PM"
pinnacle-Slc,"3,000,060",LOGOUT,"May 6, 2026, 3:30 PM","100,120",5,5,5,4,0,"May 6, 2026, 5:30 PM"
pinnacle-Slc,"3,000,061",LOGIN,"May 7, 2026, 9:00 AM","100,121",5,5,5,4,0,"May 7, 2026, 11:00 AM"
pinnacle-Slc,"3,000,061",LOGIN,"May 7, 2026, 9:00 AM","100,122",5,5,5,4,0,"May 7, 2026, 11:00 AM"
pinnacle-Slc,"3,000,062",LOGIN,"May 7, 2026, 9:00 AM","100,123",5,5,5,4,0,"May 7, 2026, 11:00 AM"
pinnacle-Slc,"3,000,062",LOGIN,"May 7, 2026, 9:00 AM","100,124",5,5,5,4,0,"May 7, 2026, 11:00 AM"
pinnacle-Slc,"3,000,063",LOGOUT,"May 7, 2026, 3:30 PM","100,125",5,5,5,4,0,"May 7, 2026, 5:30 PM"
pinnacle-Slc,"3,000,063",LOGOUT,"May 7, 2026, 3:30 PM","100,126",5,5,5,4,0,"May 7, 2026, 5:30 PM"
pinnacle-Slc,"3,000,064",LOGOUT,"May 7, 2026, 3:30 PM","100,127",5,5,5,4,0,"May 7, 2026, 5:30 PM"
pinnacle-Slc,"3,000,064",LOGOUT,"May 7, 2026, 3:30 PM","100,128",5,5,5,4,0,"May 7, 2026, 5:30 PM"
pinnacle-Slc,"3,000,065",LOGIN,"May 7, 2026, 9:00 AM","100,129",5,5,5,4,0,"May 7, 2026, 11:00 AM"
pinnacle-Slc,"3,000,065",LOGIN,"May 7, 2026, 9:00 AM","100,130",5,5,5,4,0,"May 7, 2026, 11:00 AM"
pinnacle-Slc,"3,000,066",LOGIN,"May 7, 2026, 9:00 AM","100,131",5,2,5,4,0,"May 7, 2026, 11:00 AM"
pinnacle-Slc,"3,000,066",LOGIN,"May 7, 2026, 9:00 AM","100,132",5,5,5,4,0,"May 7, 2026, 11:00 AM"
pinnacle-Slc,"3,000,067",LOGOUT,"May 7, 2026, 3:30 PM","100,133",5,5,5,4,0,"May 7, 2026, 5:30 PM"
pinnacle-Slc,"3,000,067",LOGOUT,"May 7, 2026, 3:30 PM","100,134",5,5,5,4,0,"May 7, 2026, 5:30 PM"
pinnacle-Slc,"3,000,068",LOGOUT,"May 7, 2026, 3:30 PM","100,135",5,5,5,4,0,"May 7, 2026, 5:30 PM"
pinnacle-Slc,"3,000,068",LOGOUT,"May 7, 2026, 3:30 PM","100,136",5,5,5,4,0,"May 7, 2026, 5:30 PM"
pinnacle-Slc,"3,000,069",LOGIN,"May 7, 2026, 9:00 AM","100,137",5,5,5,4,0,"May 7, 2026, 11:00 AM"
pinnacle-Slc,"3,000,069",LOGIN,"May 7, 2026, 9:00 AM","100,138",5,5,5,4,0,"May 7, 2026, 11:00 AM"
pinnacle-Slc,"3,000,070",LOGIN,"May 7, 2026, 9:00 AM","100,139",5,5,5,4,0,"May 7, 2026, 11:00 AM"
pinnacle-Slc,"3,000,070",LOGIN,"May 7, 2026, 9:00 AM","100,140",5,5,5,4,0,"May 7, 2026, 11:00 AM"
pinnacle-Slc,"3,000,071",LOGOUT,"May 7, 2026, 3:30 PM","100,141",5,5,5,4,0,"May 7, 2026, 5:30 PM"
pinnacle-Slc,"3,000,071",LOGOUT,"May 7, 2026, 3:30 PM","100,142",5,5,5,4,0,"May 7, 2026, 5:30 PM"
pinnacle-Slc,"3,000,072",LOGOUT,"May 7, 2026, 3:30 PM","100,143",5,5,5,4,0,"May 7, 2026, 5:30 PM"
pinnacle-Slc,"3,000,072",LOGOUT,"May 7, 2026, 3:30 PM","100,144",5,5,5,4,0,"May 7, 2026, 5:30 PM"
pinnacle-Slc,"3,000,073",LOGIN,"May 7, 2026, 9:00 AM","100,145",5,5,5,4,0,"May 7, 2026, 11:00 AM"
pinnacle-Slc,"3,000,073",LOGIN,"May 7, 2026, 9:00 AM","100,146",5,5,5,4,0,"May 7, 2026, 11:00 AM"
pinnacle-Slc,"3,000,074",LOGIN,"May 7, 2026, 9:00 AM","100,147",5,5,5,4,0,"May 7, 2026, 11:00 AM"
pinnacle-Slc,"3,000,074",LOGIN,"May 7, 2026, 9:00 AM","100,148",5,5,5,4,0,"May 7, 2026, 11:00 AM"
pinnacle-Slc,"3,000,075",LOGOUT,"May 7, 2026, 3:30 PM","100,149",5,5,5,4,0,"May 7, 2026, 5:30 PM"
pinnacle-Slc,"3,000,075",LOGOUT,"May 7, 2026, 3:30 PM","100,150",5,5,5,4,0,"May 7, 2026, 5:30 PM"
pinnacle-Slc,"3,000,076",LOGOUT,"May 7, 2026, 3:30 PM","100,151",5,5,5,4,0,"May 7, 2026, 5:30 PM"
pinnacle-Slc,"3,000,076",LOGOUT,"May 7, 2026, 3:30 PM","100,152",5,5,5,4,0,"May 7, 2026, 5:30 PM"
pinnacle-Slc,"3,000,077",LOGIN,"May 7, 2026, 9:00 AM","100,153",5,5,5,4,0,"May 7, 2026, 11:00 AM"
pinnacle-Slc,"3,000,077",LOGIN,"May 7, 2026, 9:00 AM","100,154",5,5,5,4,0,"May 7, 2026, 11:00 AM"
pinnacle-Slc,"3,000,078",LOGIN,"May 7, 2026, 9:00 AM","100,155",5,5,5,4,0,"May 7, 2026, 11:00 AM"
pinnacle-Slc,"3,000,078",LOGIN,"May 7, 2026, 9:00 AM","100,156",5,5,5,4,0,"May 7, 2026, 11:00 AM"
pinnacle-Slc,"3,000,079",LOGOUT,"May 7, 2026, 3:30 PM","100,157",5,5,5,4,0,"May 7, 2026, 5:30 PM"
pinnacle-Slc,"3,000,079",LOGOUT,"May 7, 2026, 3:30 PM","100,158",5,5,5,4,0,"May 7, 2026, 5:30 PM"
pinnacle-Slc,"3,000,080",LOGOUT,"May 7, 2026, 3:30 PM","100,159",5,5,5,4,0,"May 7, 2026, 5:30 PM"
pinnacle-Slc,"3,000,080",LOGOUT,"May 7, 2026, 3:30 PM","100,160",5,5,5,4,0,"May 7, 2026, 5:30 PM"
pinnacle-Slc,"3,000,081",LOGIN,"May 8, 2026, 9:00 AM","100,161",5,5,5,4,0,"May 8, 2026, 11:00 AM"
pinnacle-Slc,"3,000,081",LOGIN,"May 8, 2026, 9:00 AM","100,162",5,5,5,4,0,"May 8, 2026, 11:00 AM"
pinnacle-Slc,"3,000,082",LOGIN,"May 8, 2026, 9:00 AM","100,163",5,5,5,4,0,"May 8, 2026, 11:00 AM"
pinnacle-Slc,"3,000,082",LOGIN,"May 8, 2026, 9:00 AM","100,164",5,5,5,4,0,"May 8, 2026, 11:00 AM"
pinnacle-Slc,"3,000,083",LOGOUT,"May 8, 2026, 3:30 PM","100,165",5,5,5,4,0,"May 8, 2026, 5:30 PM"
pinnacle-Slc,"3,000,083",LOGOUT,"May 8, 2026, 3:30 PM","100,166",5,5,5,4,0,"May 8, 2026, 5:30 PM"
pinnacle-Slc,"3,000,084",LOGOUT,"May 8, 2026, 3:30 PM","100,167",5,5,5,4,0,"May 8, 2026, 5:30 PM"
pinnacle-Slc,"3,000,084",LOGOUT,"May 8, 2026, 3:30 PM","100,168",5,5,5,4,0,"May 8, 2026, 5:30 PM"
pinnacle-Slc,"3,000,085",LOGIN,"May 8, 2026, 9:00 AM","100,169",5,5,5,4,0,"May 8, 2026, 11:00 AM"
pinnacle-Slc,"3,000,085",LOGIN,"May 8, 2026, 9:00 AM","100,170",5,5,5,4,0,"May 8, 2026, 11:00 AM"
pinnacle-Slc,"3,000,086",LOGIN,"May 8, 2026, 9:00 AM","100,171",5,2,5,4,0,"May 8, 2026, 11:00 AM"
pinnacle-Slc,"3,000,086",LOGIN,"May 8, 2026, 9:00 AM","100,172",5,5,5,4,0,"May 8, 2026, 11:00 AM"
pinnacle-Slc,"3,000,087",LOGOUT,"May 8, 2026, 3:30 PM","100,173",5,5,5,4,0,"May 8, 2026, 5:30 PM"
pinnacle-Slc,"3,000,087",LOGOUT,"May 8, 2026, 3:30 PM","100,174",5,5,5,4,0,"May 8, 2026, 5:30 PM"
pinnacle-Slc,"3,000,088",LOGOUT,"May 8, 2026, 3:30 PM","100,175",5,5,5,4,0,"May 8, 2026, 5:30 PM"
pinnacle-Slc,"3,000,088",LOGOUT,"May 8, 2026, 3:30 PM","100,176",5,5,5,4,0,"May 8, 2026, 5:30 PM"
pinnacle-Slc,"3,000,089",LOGIN,"May 8, 2026, 9:00 AM","100,177",5,5,5,4,0,"May 8, 2026, 11:00 AM"
pinnacle-Slc,"3,000,089",LOGIN,"May 8, 2026, 9:00 AM","100,178",5,5,5,4,0,"May 8, 2026, 11:00 AM"
pinnacle-Slc,"3,000,090",LOGIN,"May 8, 2026, 9:00 AM","100,179",5,5,5,4,0,"May 8, 2026, 11:00 AM"
pinnacle-Slc,"3,000,090",LOGIN,"May 8, 2026, 9:00 AM","100,180",5,5,5,4,0,"May 8, 2026, 11:00 AM"
pinnacle-Slc,"3,000,091",LOGOUT,"May 8, 2026, 3:30 PM","100,181",5,5,5,4,0,"May 8, 2026, 5:30 PM"
pinnacle-Slc,"3,000,091",LOGOUT,"May 8, 2026, 3:30 PM","100,182",5,5,5,4,0,"May 8, 2026, 5:30 PM"
pinnacle-Slc,"3,000,092",LOGOUT,"May 8, 2026, 3:30 PM","100,183",5,5,5,4,0,"May 8, 2026, 5:30 PM"
pinnacle-Slc,"3,000,092",LOGOUT,"May 8, 2026, 3:30 PM","100,184",5,5,5,4,0,"May 8, 2026, 5:30 PM"
pinnacle-Slc,"3,000,093",LOGIN,"May 8, 2026, 9:00 AM","100,185",5,5,5,4,0,"May 8, 2026, 11:00 AM"
pinnacle-Slc,"3,000,093",LOGIN,"May 8, 2026, 9:00 AM","100,186",5,5,5,4,0,"May 8, 2026, 11:00 AM"
pinnacle-Slc,"3,000,094",LOGIN,"May 8, 2026, 9:00 AM","100,187",5,5,5,4,0,"May 8, 2026, 11:00 AM"
pinnacle-Slc,"3,000,094",LOGIN,"May 8, 2026, 9:00 AM","100,188",5,5,5,4,0,"May 8, 2026, 11:00 AM"
pinnacle-Slc,"3,000,095",LOGOUT,"May 8, 2026, 3:30 PM","100,189",5,5,5,4,0,"May 8, 2026, 5:30 PM"
pinnacle-Slc,"3,000,095",LOGOUT,"May 8, 2026, 3:30 PM","100,190",5,5,5,4,0,"May 8, 2026, 5:30 PM"
pinnacle-Slc,"3,000,096",LOGOUT,"May 8, 2026, 3:30 PM","100,191",5,5,5,4,0,"May 8, 2026, 5:30 PM"
pinnacle-Slc,"3,000,096",LOGOUT,"May 8, 2026, 3:30 PM","100,192",5,5,5,4,0,"May 8, 2026, 5:30 PM"
pinnacle-Slc,"3,000,097",LOGIN,"May 8, 2026, 9:00 AM","100,193",5,5,5,4,0,"May 8, 2026, 11:00 AM"
pinnacle-Slc,"3,000,097",LOGIN,"May 8, 2026, 9:00 AM","100,194",5,5,5,4,0,"May 8, 2026, 11:00 AM"
pinnacle-Slc,"3,000,098",LOGIN,"May 8, 2026, 9:00 AM","100,195",5,5,5,4,0,"May 8, 2026, 11:00 AM"
pinnacle-Slc,"3,000,098",LOGIN,"May 8, 2026, 9:00 AM","100,196",5,5,5,4,0,"May 8, 2026, 11:00 AM"
pinnacle-Slc,"3,000,099",LOGOUT,"May 8, 2026, 3:30 PM","100,197",5,5,5,4,0,"May 8, 2026, 5:30 PM"
pinnacle-Slc,"3,000,099",LOGOUT,"May 8, 2026, 3:30 PM","100,198",5,5,5,4,0,"May 8, 2026, 5:30 PM"
pinnacle-Slc,"3,000,100",LOGOUT,"May 8, 2026, 3:30 PM","100,199",5,5,5,4,0,"May 8, 2026, 5:30 PM"
pinnacle-Slc,"3,000,100",LOGOUT,"May 8, 2026, 3:30 PM","100,200",5,5,5,4,0,"May 8, 2026, 5:30 PM"
pinnacle-Slc,"3,000,101",LOGIN,"May 9, 2026, 9:00 AM","100,201",5,5,5,4,0,"May 9, 2026, 11:00 AM"
pinnacle-Slc,"3,000,101",LOGIN,"May 9, 2026, 9:00 AM","100,202",5,5,5,4,0,"May 9, 2026, 11:00 AM"
pinnacle-Slc,"3,000,102",LOGIN,"May 9, 2026, 9:00 AM","100,203",5,5,5,4,0,"May 9, 2026, 11:00 AM"
pinnacle-Slc,"3,000,102",LOGIN,"May 9, 2026, 9:00 AM","100,204",5,5,5,4,0,"May 9, 2026, 11:00 AM"
pinnacle-Slc,"3,000,103",LOGOUT,"May 9, 2026, 3:30 PM","100,205",5,5,5,4,0,"May 9, 2026, 5:30 PM"
pinnacle-Slc,"3,000,103",LOGOUT,"May 9, 2026, 3:30 PM","100,206",5,5,5,4,0,"May 9, 2026, 5:30 PM"
pinnacle-Slc,"3,000,104",LOGOUT,"May 9, 2026, 3:30 PM","100,207",5,5,5,4,0,"May 9, 2026, 5:30 PM"
pinnacle-Slc,"3,000,104",LOGOUT,"May 9, 2026, 3:30 PM","100,208",5,5,5,4,0,"May 9, 2026, 5:30 PM"
pinnacle-Slc,"3,000,105",LOGIN,"May 9, 2026, 9:00 AM","100,209",5,5,5,4,0,"May 9, 2026, 11:00 AM"
pinnacle-Slc,"3,000,105",LOGIN,"May 9, 2026, 9:00 AM","100,210",5,5,5,4,0,"May 9, 2026, 11:00 AM"
pinnacle-Slc,"3,000,106",LOGIN,"May 9, 2026, 9:00 AM","100,211",5,2,5,4,0,"May 9, 2026, 11:00 AM"
pinnacle-Slc,"3,000,106",LOGIN,"May 9, 2026, 9:00 AM","100,212",5,5,5,4,0,"May 9, 2026, 11:00 AM"
pinnacle-Slc,"3,000,107",LOGOUT,"May 9, 2026, 3:30 PM","100,213",5,5,5,4,0,"May 9, 2026, 5:30 PM"
pinnacle-Slc,"3,000,107",LOGOUT,"May 9, 2026, 3:30 PM","100,214",5,5,5,4,0,"May 9, 2026, 5:30 PM"
pinnacle-Slc,"3,000,108",LOGOUT,"May 9, 2026, 3:30 PM","100,215",5,5,5,4,0,"May 9, 2026, 5:30 PM"
pinnacle-Slc,"3,000,108",LOGOUT,"May 9, 2026, 3:30 PM","100,216",5,5,5,4,0,"May 9, 2026, 5:30 PM"
pinnacle-Slc,"3,000,109",LOGIN,"May 9, 2026, 9:00 AM","100,217",5,5,5,4,0,"May 9, 2026, 11:00 AM"
pinnacle-Slc,"3,000,109",LOGIN,"May 9, 2026, 9:00 AM","100,218",5,5,5,4,0,"May 9, 2026, 11:00 AM"
pinnacle-Slc,"3,000,110",LOGIN,"May 9, 2026, 9:00 AM","100,219",5,5,5,4,0,"May 9, 2026, 11:00 AM"
pinnacle-Slc,"3,000,110",LOGIN,"May 9, 2026, 9:00 AM","100,220",5,5,5,4,0,"May 9, 2026, 11:00 AM"
pinnacle-Slc,"3,000,111",LOGOUT,"May 9, 2026, 3:30 PM","100,221",5,5,5,4,0,"May 9, 2026, 5:30 PM"
pinnacle-Slc,"3,000,111",LOGOUT,"May 9, 2026, 3:30 PM","100,222",5,5,5,4,0,"May 9, 2026, 5:30 PM"
pinnacle-Slc,"3,000,112",LOGOUT,"May 9, 2026, 3:30 PM","100,223",5,5,5,4,0,"May 9, 2026, 5:30 PM"
pinnacle-Slc,"3,000,112",LOGOUT,"May 9, 2026, 3:30 PM","100,224",5,5,5,4,0,"May 9, 2026, 5:30 PM"
pinnacle-Slc,"3,000,113",LOGIN,"May 9, 2026, 9:00 AM","100,225",5,5,5,4,0,"May 9, 2026, 11:00 AM"
pinnacle-Slc,"3,000,113",LOGIN,"May 9, 2026, 9:00 AM","100,226",5,5,5,4,0,"May 9, 2026, 11:00 AM"
pinnacle-Slc,"3,000,114",LOGIN,"May 9, 2026, 9:00 AM","100,227",5,5,5,4,0,"May 9, 2026, 11:00 AM"
pinnacle-Slc,"3,000,114",LOGIN,"May 9, 2026, 9:00 AM","100,228",5,5,5,4,0,"May 9, 2026, 11:00 AM"
pinnacle-Slc,"3,000,115",LOGOUT,"May 9, 2026, 3:30 PM","100,229",5,5,5,4,0,"May 9, 2026, 5:30 PM"
pinnacle-Slc,"3,000,115",LOGOUT,"May 9, 2026, 3:30 PM","100,230",5,5,5,4,0,"May 9, 2026, 5:30 PM"
pinnacle-Slc,"3,000,116",LOGOUT,"May 9, 2026, 3:30 PM","100,231",5,5,5,4,0,"May 9, 2026, 5:30 PM"
pinnacle-Slc,"3,000,116",LOGOUT,"May 9, 2026, 3:30 PM","100,232",5,5,5,4,0,"May 9, 2026, 5:30 PM"
pinnacle-Slc,"3,000,117",LOGIN,"May 9, 2026, 9:00 AM","100,233",5,5,5,4,0,"May 9, 2026, 11:00 AM"
pinnacle-Slc,"3,000,117",LOGIN,"May 9, 2026, 9:00 AM","100,234",5,5,5,4,0,"May 9, 2026, 11:00 AM"
pinnacle-Slc,"3,000,118",LOGIN,"May 9, 2026, 9:00 AM","100,235",5,5,5,4,0,"May 9, 2026, 11:00 AM"
pinnacle-Slc,"3,000,118",LOGIN,"May 9, 2026, 9:00 AM","100,236",5,5,5,4,0,"May 9, 2026, 11:00 AM"
pinnacle-Slc,"3,000,119",LOGOUT,"May 9, 2026, 3:30 PM","100,237",5,5,5,4,0,"May 9, 2026, 5:30 PM"
pinnacle-Slc,"3,000,119",LOGOUT,"May 9, 2026, 3:30 PM","100,238",5,5,5,4,0,"May 9, 2026, 5:30 PM"
pinnacle-Slc,"3,000,120",LOGOUT,"May 9, 2026, 3:30 PM","100,239",5,5,5,4,0,"May 9, 2026, 5:30 PM"
pinnacle-Slc,"3,000,120",LOGOUT,"May 9, 2026, 3:30 PM","100,240",5,5,5,4,0,"May 9, 2026, 5:30 PM"
pinnacle-Slc,"3,000,121",LOGIN,"May 10, 2026, 9:00 AM","100,241",5,5,5,4,0,"May 10, 2026, 11:00 AM"
pinnacle-Slc,"3,000,121",LOGIN,"May 10, 2026, 9:00 AM","100,242",5,5,5,4,0,"May 10, 2026, 11:00 AM"
pinnacle-Slc,"3,000,122",LOGIN,"May 10, 2026, 9:00 AM","100,243",5,5,5,4,0,"May 10, 2026, 11:00 AM"
pinnacle-Slc,"3,000,122",LOGIN,"May 10, 2026, 9:00 AM","100,244",5,5,5,4,0,"May 10, 2026, 11:00 AM"
pinnacle-Slc,"3,000,123",LOGOUT,"May 10, 2026, 3:30 PM","100,245",5,5,5,4,0,"May 10, 2026, 5:30 PM"
pinnacle-Slc,"3,000,123",LOGOUT,"May 10, 2026, 3:30 PM","100,246",5,5,5,4,0,"May 10, 2026, 5:30 PM"
pinnacle-Slc,"3,000,124",LOGOUT,"May 10, 2026, 3:30 PM","100,247",5,5,5,4,0,"May 10, 2026, 5:30 PM"
pinnacle-Slc,"3,000,124",LOGOUT,"May 10, 2026, 3:30 PM","100,248",5,5,5,4,0,"May 10, 2026, 5:30 PM"
pinnacle-Slc,"3,000,125",LOGIN,"May 10, 2026, 9:00 AM","100,249",5,5,5,4,0,"May 10, 2026, 11:00 AM"
pinnacle-Slc,"3,000,125",LOGIN,"May 10, 2026, 9:00 AM","100,250",5,5,5,4,0,"May 10, 2026, 11:00 AM"
pinnacle-Slc,"3,000,126",LOGIN,"May 10, 2026, 9:00 AM","100,251",5,2,5,4,0,"May 10, 2026, 11:00 AM"
pinnacle-Slc,"3,000,126",LOGIN,"May 10, 2026, 9:00 AM","100,252",5,5,5,4,0,"May 10, 2026, 11:00 AM"
pinnacle-Slc,"3,000,127",LOGOUT,"May 10, 2026, 3:30 PM","100,253",5,5,5,4,0,"May 10, 2026, 5:30 PM"
pinnacle-Slc,"3,000,127",LOGOUT,"May 10, 2026, 3:30 PM","100,254",5,5,5,4,0,"May 10, 2026, 5:30 PM"
pinnacle-Slc,"3,000,128",LOGOUT,"May 10, 2026, 3:30 PM","100,255",5,5,5,4,0,"May 10, 2026, 5:30 PM"
pinnacle-Slc,"3,000,128",LOGOUT,"May 10, 2026, 3:30 PM","100,256",5,5,5,4,0,"May 10, 2026, 5:30 PM"
pinnacle-Slc,"3,000,129",LOGIN,"May 10, 2026, 9:00 AM","100,257",5,5,5,4,0,"May 10, 2026, 11:00 AM"
pinnacle-Slc,"3,000,129",LOGIN,"May 10, 2026, 9:00 AM","100,258",5,5,5,4,0,"May 10, 2026, 11:00 AM"
pinnacle-Slc,"3,000,130",LOGIN,"May 10, 2026, 9:00 AM","100,259",5,5,5,4,0,"May 10, 2026, 11:00 AM"
pinnacle-Slc,"3,000,130",LOGIN,"May 10, 2026, 9:00 AM","100,260",5,5,5,4,0,"May 10, 2026, 11:00 AM"
pinnacle-Slc,"3,000,131",LOGOUT,"May 10, 2026, 3:30 PM","100,261",5,5,5,4,0,"May 10, 2026, 5:30 PM"
pinnacle-Slc,"3,000,131",LOGOUT,"May 10, 2026, 3:30 PM","100,262",5,5,5,4,0,"May 10, 2026, 5:30 PM"
pinnacle-Slc,"3,000,132",LOGOUT,"May 10, 2026, 3:30 PM","100,263",5,5,5,4,0,"May 10, 2026, 5:30 PM"
pinnacle-Slc,"3,000,132",LOGOUT,"May 10, 2026, 3:30 PM","100,264",5,5,5,4,0,"May 10, 2026, 5:30 PM"
pinnacle-Slc,"3,000,133",LOGIN,"May 10, 2026, 9:00 AM","100,265",5,5,5,4,0,"May 10, 2026, 11:00 AM"
pinnacle-Slc,"3,000,133",LOGIN,"May 10, 2026, 9:00 AM","100,266",5,5,5,4,0,"May 10, 2026, 11:00 AM"
pinnacle-Slc,"3,000,134",LOGIN,"May 10, 2026, 9:00 AM","100,267",5,5,5,4,0,"May 10, 2026, 11:00 AM"
pinnacle-Slc,"3,000,134",LOGIN,"May 10, 2026, 9:00 AM","100,268",5,5,5,4,0,"May 10, 2026, 11:00 AM"
pinnacle-Slc,"3,000,135",LOGOUT,"May 10, 2026, 3:30 PM","100,269",5,5,5,4,0,"May 10, 2026, 5:30 PM"
pinnacle-Slc,"3,000,135",LOGOUT,"May 10, 2026, 3:30 PM","100,270",5,5,5,4,0,"May 10, 2026, 5:30 PM"
pinnacle-Slc,"3,000,136",LOGOUT,"May 10, 2026, 3:30 PM","100,271",5,5,5,4,0,"May 10, 2026, 5:30 PM"
pinnacle-Slc,"3,000,136",LOGOUT,"May 10, 2026, 3:30 PM","100,272",5,5,5,4,0,"May 10, 2026, 5:30 PM"
pinnacle-Slc,"3,000,137",LOGIN,"May 10, 2026, 9:00 AM","100,273",5,5,5,4,0,"May 10, 2026, 11:00 AM"
pinnacle-Slc,"3,000,137",LOGIN,"May 10, 2026, 9:00 AM","100,274",5,5,5,4,0,"May 10, 2026, 11:00 AM"
pinnacle-Slc,"3,000,138",LOGIN,"May 10, 2026, 9:00 AM","100,275",5,5,5,4,0,"May 10, 2026, 11:00 AM"
pinnacle-Slc,"3,000,138",LOGIN,"May 10, 2026, 9:00 AM","100,276",5,5,5,4,0,"May 10, 2026, 11:00 AM"
pinnacle-Slc,"3,000,139",LOGOUT,"May 10, 2026, 3:30 PM","100,277",5,5,5,4,0,"May 10, 2026, 5:30 PM"
pinnacle-Slc,"3,000,139",LOGOUT,"May 10, 2026, 3:30 PM","100,278",5,5,5,4,0,"May 10, 2026, 5:30 PM"
pinnacle-Slc,"3,000,140",LOGOUT,"May 10, 2026, 3:30 PM","100,279",5,5,5,4,0,"May 10, 2026, 5:30 PM"
pinnacle-Slc,"3,000,140",LOGOUT,"May 10, 2026, 3:30 PM","100,280",5,5,5,4,0,"May 10, 2026, 5:30 PM"
pinnacle-Slc,"3,000,141",LOGIN,"May 11, 2026, 9:00 AM","100,281",5,5,5,4,0,"May 11, 2026, 11:00 AM"
pinnacle-Slc,"3,000,141",LOGIN,"May 11, 2026, 9:00 AM","100,282",5,5,5,4,0,"May 11, 2026, 11:00 AM"
pinnacle-Slc,"3,000,142",LOGIN,"May 11, 2026, 9:00 AM","100,283",5,5,5,4,0,"May 11, 2026, 11:00 AM"
pinnacle-Slc,"3,000,142",LOGIN,"May 11, 2026, 9:00 AM","100,284",5,5,5,4,0,"May 11, 2026, 11:00 AM"
pinnacle-Slc,"3,000,143",LOGOUT,"May 11, 2026, 3:30 PM","100,285",5,5,5,4,0,"May 11, 2026, 5:30 PM"
pinnacle-Slc,"3,000,143",LOGOUT,"May 11, 2026, 3:30 PM","100,286",5,5,5,4,0,"May 11, 2026, 5:30 PM"
pinnacle-Slc,"3,000,144",LOGOUT,"May 11, 2026, 3:30 PM","100,287",5,5,5,4,0,"May 11, 2026, 5:30 PM"
pinnacle-Slc,"3,000,144",LOGOUT,"May 11, 2026, 3:30 PM","100,288",5,5,5,4,0,"May 11, 2026, 5:30 PM"
pinnacle-Slc,"3,000,145",LOGIN,"May 11, 2026, 9:00 AM","100,289",5,5,5,4,0,"May 11, 2026, 11:00 AM"
pinnacle-Slc,"3,000,145",LOGIN,"May 11, 2026, 9:00 AM","100,290",5,5,5,4,0,"May 11, 2026, 11:00 AM"
pinnacle-Slc,"3,000,146",LOGIN,"May 11, 2026, 9:00 AM","100,291",5,2,5,4,0,"May 11, 2026, 11:00 AM"
pinnacle-Slc,"3,000,146",LOGIN,"May 11, 2026, 9:00 AM","100,292",5,5,5,4,0,"May 11, 2026, 11:00 AM"
pinnacle-Slc,"3,000,147",LOGOUT,"May 11, 2026, 3:30 PM","100,293",5,5,5,4,0,"May 11, 2026, 5:30 PM"
pinnacle-Slc,"3,000,147",LOGOUT,"May 11, 2026, 3:30 PM","100,294",5,5,5,4,0,"May 11, 2026, 5:30 PM"
pinnacle-Slc,"3,000,148",LOGOUT,"May 11, 2026, 3:30 PM","100,295",5,5,5,4,0,"May 11, 2026, 5:30 PM"
pinnacle-Slc,"3,000,148",LOGOUT,"May 11, 2026, 3:30 PM","100,296",5,5,5,4,0,"May 11, 2026, 5:30 PM"
pinnacle-Slc,"3,000,149",LOGIN,"May 11, 2026, 9:00 AM","100,297",5,5,5,4,0,"May 11, 2026, 11:00 AM"
pinnacle-Slc,"3,000,149",LOGIN,"May 11, 2026, 9:00 AM","100,298",5,5,5,4,0,"May 11, 2026, 11:00 AM"
pinnacle-Slc,"3,000,150",LOGIN,"May 11, 2026, 9:00 AM","100,299",5,5,5,4,0,"May 11, 2026, 11:00 AM"
pinnacle-Slc,"3,000,150",LOGIN,"May 11, 2026, 9:00 AM","100,300",5,5,5,4,0,"May 11, 2026, 11:00 AM"
pinnacle-Slc,"3,000,151",LOGOUT,"May 11, 2026, 3:30 PM","100,301",5,5,5,4,0,"May 11, 2026, 5:30 PM"
pinnacle-Slc,"3,000,151",LOGOUT,"May 11, 2026, 3:30 PM","100,302",5,5,5,4,0,"May 11, 2026, 5:30 PM"
pinnacle-Slc,"3,000,152",LOGOUT,"May 11, 2026, 3:30 PM","100,303",5,5,5,4,0,"May 11, 2026, 5:30 PM"
pinnacle-Slc,"3,000,152",LOGOUT,"May 11, 2026, 3:30 PM","100,304",5,5,5,4,0,"May 11, 2026, 5:30 PM"
pinnacle-Slc,"3,000,153",LOGIN,"May 11, 2026, 9:00 AM","100,305",5,5,5,4,0,"May 11, 2026, 11:00 AM"
pinnacle-Slc,"3,000,153",LOGIN,"May 11, 2026, 9:00 AM","100,306",5,5,5,4,0,"May 11, 2026, 11:00 AM"
pinnacle-Slc,"3,000,154",LOGIN,"May 11, 2026, 9:00 AM","100,307",5,5,5,4,0,"May 11, 2026, 11:00 AM"
pinnacle-Slc,"3,000,154",LOGIN,"May 11, 2026, 9:00 AM","100,308",5,5,5,4,0,"May 11, 2026, 11:00 AM"
pinnacle-Slc,"3,000,155",LOGOUT,"May 11, 2026, 3:30 PM","100,309",5,5,5,4,0,"May 11, 2026, 5:30 PM"
pinnacle-Slc,"3,000,155",LOGOUT,"May 11, 2026, 3:30 PM","100,310",5,5,5,4,0,"May 11, 2026, 5:30 PM"
pinnacle-Slc,"3,000,156",LOGOUT,"May 11, 2026, 3:30 PM","100,311",5,5,5,4,0,"May 11, 2026, 5:30 PM"
pinnacle-Slc,"3,000,156",LOGOUT,"May 11, 2026, 3:30 PM","100,312",5,5,5,4,0,"May 11, 2026, 5:30 PM"
pinnacle-Slc,"3,000,157",LOGIN,"May 11, 2026, 9:00 AM","100,313",5,5,5,4,0,"May 11, 2026, 11:00 AM"
pinnacle-Slc,"3,000,157",LOGIN,"May 11, 2026, 9:00 AM","100,314",5,5,5,4,0,"May 11, 2026, 11:00 AM"
pinnacle-Slc,"3,000,158",LOGIN,"May 11, 2026, 9:00 AM","100,315",5,5,5,4,0,"May 11, 2026, 11:00 AM"
pinnacle-Slc,"3,000,158",LOGIN,"May 11, 2026, 9:00 AM","100,316",5,5,5,4,0,"May 11, 2026, 11:00 AM"
pinnacle-Slc,"3,000,159",LOGOUT,"May 11, 2026, 3:30 PM","100,317",5,5,5,4,0,"May 11, 2026, 5:30 PM"
pinnacle-Slc,"3,000,159",LOGOUT,"May 11, 2026, 3:30 PM","100,318",5,5,5,4,0,"May 11, 2026, 5:30 PM"
pinnacle-Slc,"3,000,160",LOGOUT,"May 11, 2026, 3:30 PM","100,319",5,5,5,4,0,"May 11, 2026, 5:30 PM"
pinnacle-Slc,"3,000,160",LOGOUT,"May 11, 2026, 3:30 PM","100,320",5,5,5,4,0,"May 11, 2026, 5:30 PM"
pinnacle-Slc,"3,000,161",LOGIN,"May 12, 2026, 9:00 AM","100,321",5,5,5,4,0,"May 12, 2026, 11:00 AM"
pinnacle-Slc,"3,000,161",LOGIN,"May 12, 2026, 9:00 AM","100,322",5,5,5,4,0,"May 12, 2026, 11:00 AM"
pinnacle-Slc,"3,000,162",LOGIN,"May 12, 2026, 9:00 AM","100,323",5,5,5,4,0,"May 12, 2026, 11:00 AM"
pinnacle-Slc,"3,000,162",LOGIN,"May 12, 2026, 9:00 AM","100,324",5,5,5,4,0,"May 12, 2026, 11:00 AM"
pinnacle-Slc,"3,000,163",LOGOUT,"May 12, 2026, 3:30 PM","100,325",5,5,5,4,0,"May 12, 2026, 5:30 PM"
pinnacle-Slc,"3,000,163",LOGOUT,"May 12, 2026, 3:30 PM","100,326",5,5,5,4,0,"May 12, 2026, 5:30 PM"
pinnacle-Slc,"3,000,164",LOGOUT,"May 12, 2026, 3:30 PM","100,327",5,5,5,4,0,"May 12, 2026, 5:30 PM"
pinnacle-Slc,"3,000,164",LOGOUT,"May 12, 2026, 3:30 PM","100,328",5,5,5,4,0,"May 12, 2026, 5:30 PM"
pinnacle-Slc,"3,000,165",LOGIN,"May 12, 2026, 9:00 AM","100,329",5,5,5,4,0,"May 12, 2026, 11:00 AM"
pinnacle-Slc,"3,000,165",LOGIN,"May 12, 2026, 9:00 AM","100,330",5,5,5,4,0,"May 12, 2026, 11:00 AM"
pinnacle-Slc,"3,000,166",LOGIN,"May 12, 2026, 9:00 AM","100,331",5,2,5,4,0,"May 12, 2026, 11:00 AM"
pinnacle-Slc,"3,000,166",LOGIN,"May 12, 2026, 9:00 AM","100,332",5,5,5,4,0,"May 12, 2026, 11:00 AM"
pinnacle-Slc,"3,000,167",LOGOUT,"May 12, 2026, 3:30 PM","100,333",5,5,5,4,0,"May 12, 2026, 5:30 PM"
pinnacle-Slc,"3,000,167",LOGOUT,"May 12, 2026, 3:30 PM","100,334",5,5,5,4,0,"May 12, 2026, 5:30 PM"
pinnacle-Slc,"3,000,168",LOGOUT,"May 12, 2026, 3:30 PM","100,335",5,5,5,4,0,"May 12, 2026, 5:30 PM"
pinnacle-Slc,"3,000,168",LOGOUT,"May 12, 2026, 3:30 PM","100,336",5,5,5,4,0,"May 12, 2026, 5:30 PM"
pinnacle-Slc,"3,000,169",LOGIN,"May 12, 2026, 9:00 AM","100,337",5,5,5,4,0,"May 12, 2026, 11:00 AM"
pinnacle-Slc,"3,000,169",LOGIN,"May 12, 2026, 9:00 AM","100,338",5,5,5,4,0,"May 12, 2026, 11:00 AM"
pinnacle-Slc,"3,000,170",LOGIN,"May 12, 2026, 9:00 AM","100,339",5,5,5,4,0,"May 12, 2026, 11:00 AM"
pinnacle-Slc,"3,000,170",LOGIN,"May 12, 2026, 9:00 AM","100,340",5,5,5,4,0,"May 12, 2026, 11:00 AM"
pinnacle-Slc,"3,000,171",LOGOUT,"May 12, 2026, 3:30 PM","100,341",5,5,5,4,0,"May 12, 2026, 5:30 PM"
pinnacle-Slc,"3,000,171",LOGOUT,"May 12, 2026, 3:30 PM","100,342",5,5,5,4,0,"May 12, 2026, 5:30 PM"
pinnacle-Slc,"3,000,172",LOGOUT,"May 12, 2026, 3:30 PM","100,343",5,5,5,4,0,"May 12, 2026, 5:30 PM"
pinnacle-Slc,"3,000,172",LOGOUT,"May 12, 2026, 3:30 PM","100,344",5,5,5,4,0,"May 12, 2026, 5:30 PM"
pinnacle-Slc,"3,000,173",LOGIN,"May 12, 2026, 9:00 AM","100,345",5,5,5,4,0,"May 12, 2026, 11:00 AM"
pinnacle-Slc,"3,000,173",LOGIN,"May 12, 2026, 9:00 AM","100,346",5,5,5,4,0,"May 12, 2026, 11:00 AM"
pinnacle-Slc,"3,000,174",LOGIN,"May 12, 2026, 9:00 AM","100,347",5,5,5,4,0,"May 12, 2026, 11:00 AM"
pinnacle-Slc,"3,000,174",LOGIN,"May 12, 2026, 9:00 AM","100,348",5,5,5,4,0,"May 12, 2026, 11:00 AM"
pinnacle-Slc,"3,000,175",LOGOUT,"May 12, 2026, 3:30 PM","100,349",5,5,5,4,0,"May 12, 2026, 5:30 PM"
pinnacle-Slc,"3,000,175",LOGOUT,"May 12, 2026, 3:30 PM","100,350",5,5,5,4,0,"May 12, 2026, 5:30 PM"
pinnacle-Slc,"3,000,176",LOGOUT,"May 12, 2026, 3:30 PM","100,351",5,5,5,4,0,"May 12, 2026, 5:30 PM"
pinnacle-Slc,"3,000,176",LOGOUT,"May 12, 2026, 3:30 PM","100,352",5,5,5,4,0,"May 12, 2026, 5:30 PM"
pinnacle-Slc,"3,000,177",LOGIN,"May 12, 2026, 9:00 AM","100,353",5,5,5,4,0,"May 12, 2026, 11:00 AM"
pinnacle-Slc,"3,000,177",LOGIN,"May 12, 2026, 9:00 AM","100,354",5,5,5,4,0,"May 12, 2026, 11:00 AM"
pinnacle-Slc,"3,000,178",LOGIN,"May 12, 2026, 9:00 AM","100,355",5,5,5,4,0,"May 12, 2026, 11:00 AM"
pinnacle-Slc,"3,000,178",LOGIN,"May 12, 2026, 9:00 AM","100,356",5,5,5,4,0,"May 12, 2026, 11:00 AM"
pinnacle-Slc,"3,000,179",LOGOUT,"May 12, 2026, 3:30 PM","100,357",5,5,5,4,0,"May 12, 2026, 5:30 PM"
pinnacle-Slc,"3,000,179",LOGOUT,"May 12, 2026, 3:30 PM","100,358",5,5,5,4,0,"May 12, 2026, 5:30 PM"
pinnacle-Slc,"3,000,180",LOGOUT,"May 12, 2026, 3:30 PM","100,359",5,5,5,4,0,"May 12, 2026, 5:30 PM"
pinnacle-Slc,"3,000,180",LOGOUT,"May 12, 2026, 3:30 PM","100,360",5,5,5,4,0,"May 12, 2026, 5:30 PM"
pinnacle-Slc,"3,000,181",LOGIN,"May 13, 2026, 9:00 AM","100,361",5,5,5,4,0,"May 13, 2026, 11:00 AM"
pinnacle-Slc,"3,000,181",LOGIN,"May 13, 2026, 9:00 AM","100,362",5,5,5,4,0,"May 13, 2026, 11:00 AM"
pinnacle-Slc,"3,000,182",LOGIN,"May 13, 2026, 9:00 AM","100,363",5,5,5,4,0,"May 13, 2026, 11:00 AM"
pinnacle-Slc,"3,000,182",LOGIN,"May 13, 2026, 9:00 AM","100,364",5,5,5,4,0,"May 13, 2026, 11:00 AM"
pinnacle-Slc,"3,000,183",LOGOUT,"May 13, 2026, 3:30 PM","100,365",5,5,5,4,0,"May 13, 2026, 5:30 PM"
pinnacle-Slc,"3,000,183",LOGOUT,"May 13, 2026, 3:30 PM","100,366",5,5,5,4,0,"May 13, 2026, 5:30 PM"
pinnacle-Slc,"3,000,184",LOGOUT,"May 13, 2026, 3:30 PM","100,367",5,5,5,4,0,"May 13, 2026, 5:30 PM"
pinnacle-Slc,"3,000,184",LOGOUT,"May 13, 2026, 3:30 PM","100,368",5,5,5,4,0,"May 13, 2026, 5:30 PM"
pinnacle-Slc,"3,000,185",LOGIN,"May 13, 2026, 9:00 AM","100,369",5,5,5,4,0,"May 13, 2026, 11:00 AM"
pinnacle-Slc,"3,000,185",LOGIN,"May 13, 2026, 9:00 AM","100,370",5,5,5,4,0,"May 13, 2026, 11:00 AM"
pinnacle-Slc,"3,000,186",LOGIN,"May 13, 2026, 9:00 AM","100,371",5,2,5,4,0,"May 13, 2026, 11:00 AM"
pinnacle-Slc,"3,000,186",LOGIN,"May 13, 2026, 9:00 AM","100,372",5,5,5,4,0,"May 13, 2026, 11:00 AM"
pinnacle-Slc,"3,000,187",LOGOUT,"May 13, 2026, 3:30 PM","100,373",5,5,5,4,0,"May 13, 2026, 5:30 PM"
pinnacle-Slc,"3,000,187",LOGOUT,"May 13, 2026, 3:30 PM","100,374",5,5,5,4,0,"May 13, 2026, 5:30 PM"
pinnacle-Slc,"3,000,188",LOGOUT,"May 13, 2026, 3:30 PM","100,375",5,5,5,4,0,"May 13, 2026, 5:30 PM"
pinnacle-Slc,"3,000,188",LOGOUT,"May 13, 2026, 3:30 PM","100,376",5,5,5,4,0,"May 13, 2026, 5:30 PM"
pinnacle-Slc,"3,000,189",LOGIN,"May 13, 2026, 9:00 AM","100,377",5,5,5,4,0,"May 13, 2026, 11:00 AM"
pinnacle-Slc,"3,000,189",LOGIN,"May 13, 2026, 9:00 AM","100,378",5,5,5,4,0,"May 13, 2026, 11:00 AM"
pinnacle-Slc,"3,000,190",LOGIN,"May 13, 2026, 9:00 AM","100,379",5,5,5,4,0,"May 13, 2026, 11:00 AM"
pinnacle-Slc,"3,000,190",LOGIN,"May 13, 2026, 9:00 AM","100,380",5,5,5,4,0,"May 13, 2026, 11:00 AM"
pinnacle-Slc,"3,000,191",LOGOUT,"May 13, 2026, 3:30 PM","100,381",5,5,5,4,0,"May 13, 2026, 5:30 PM"
pinnacle-Slc,"3,000,191",LOGOUT,"May 13, 2026, 3:30 PM","100,382",5,5,5,4,0,"May 13, 2026, 5:30 PM"
pinnacle-Slc,"3,000,192",LOGOUT,"May 13, 2026, 3:30 PM","100,383",5,5,5,4,0,"May 13, 2026, 5:30 PM"
pinnacle-Slc,"3,000,192",LOGOUT,"May 13, 2026, 3:30 PM","100,384",5,5,5,4,0,"May 13, 2026, 5:30 PM"
pinnacle-Slc,"3,000,193",LOGIN,"May 13, 2026, 9:00 AM","100,385",5,5,5,4,0,"May 13, 2026, 11:00 AM"
pinnacle-Slc,"3,000,193",LOGIN,"May 13, 2026, 9:00 AM","100,386",5,5,5,4,0,"May 13, 2026, 11:00 AM"
pinnacle-Slc,"3,000,194",LOGIN,"May 13, 2026, 9:00 AM","100,387",5,5,5,4,0,"May 13, 2026, 11:00 AM"
pinnacle-Slc,"3,000,194",LOGIN,"May 13, 2026, 9:00 AM","100,388",5,5,5,4,0,"May 13, 2026, 11:00 AM"
pinnacle-Slc,"3,000,195",LOGOUT,"May 13, 2026, 3:30 PM","100,389",5,5,5,4,0,"May 13, 2026, 5:30 PM"
pinnacle-Slc,"3,000,195",LOGOUT,"May 13, 2026, 3:30 PM","100,390",5,5,5,4,0,"May 13, 2026, 5:30 PM"
pinnacle-Slc,"3,000,196",LOGOUT,"May 13, 2026, 3:30 PM","100,391",5,5,5,4,0,"May 13, 2026, 5:30 PM"
pinnacle-Slc,"3,000,196",LOGOUT,"May 13, 2026, 3:30 PM","100,392",5,5,5,4,0,"May 13, 2026, 5:30 PM"
pinnacle-Slc,"3,000,197",LOGIN,"May 13, 2026, 9:00 AM","100,393",5,5,5,4,0,"May 13, 2026, 11:00 AM"
pinnacle-Slc,"3,000,197",LOGIN,"May 13, 2026, 9:00 AM","100,394",5,5,5,4,0,"May 13, 2026, 11:00 AM"
pinnacle-Slc,"3,000,198",LOGIN,"May 13, 2026, 9:00 AM","100,395",5,5,5,4,0,"May 13, 2026, 11:00 AM"
pinnacle-Slc,"3,000,198",LOGIN,"May 13, 2026, 9:00 AM","100,396",5,5,5,4,0,"May 13, 2026, 11:00 AM"
pinnacle-Slc,"3,000,199",LOGOUT,"May 13, 2026, 3:30 PM","100,397",5,5,5,4,0,"May 13, 2026, 5:30 PM"
pinnacle-Slc,"3,000,199",LOGOUT,"May 13, 2026, 3:30 PM","100,398",5,5,5,4,0,"May 13, 2026, 5:30 PM"
pinnacle-Slc,"3,000,200",LOGOUT,"May 13, 2026, 3:30 PM","100,399",5,5,5,4,0,"May 13, 2026, 5:30 PM"
pinnacle-Slc,"3,000,200",LOGOUT,"May 13, 2026, 3:30 PM","100,400",5,5,5,4,0,"May 13, 2026, 5:30 PM"
pinnacle-Slc,"3,000,201",LOGIN,"May 14, 2026, 9:00 AM","100,401",5,5,5,4,0,"May 14, 2026, 11:00 AM"
pinnacle-Slc,"3,000,201",LOGIN,"May 14, 2026, 9:00 AM","100,402",5,5,5,4,0,"May 14, 2026, 11:00 AM"
pinnacle-Slc,"3,000,202",LOGIN,"May 14, 2026, 9:00 AM","100,403",5,5,5,4,0,"May 14, 2026, 11:00 AM"
pinnacle-Slc,"3,000,202",LOGIN,"May 14, 2026, 9:00 AM","100,404",5,5,5,4,0,"May 14, 2026, 11:00 AM"
pinnacle-Slc,"3,000,203",LOGOUT,"May 14, 2026, 3:30 PM","100,405",5,5,5,4,0,"May 14, 2026, 5:30 PM"
pinnacle-Slc,"3,000,203",LOGOUT,"May 14, 2026, 3:30 PM","100,406",5,5,5,4,0,"May 14, 2026, 5:30 PM"
pinnacle-Slc,"3,000,204",LOGOUT,"May 14, 2026, 3:30 PM","100,407",5,5,5,4,0,"May 14, 2026, 5:30 PM"
pinnacle-Slc,"3,000,204",LOGOUT,"May 14, 2026, 3:30 PM","100,408",5,5,5,4,0,"May 14, 2026, 5:30 PM"
pinnacle-Slc,"3,000,205",LOGIN,"May 14, 2026, 9:00 AM","100,409",5,5,5,4,0,"May 14, 2026, 11:00 AM"
pinnacle-Slc,"3,000,205",LOGIN,"May 14, 2026, 9:00 AM","100,410",5,5,5,4,0,"May 14, 2026, 11:00 AM"
pinnacle-Slc,"3,000,206",LOGIN,"May 14, 2026, 9:00 AM","100,411",5,2,5,4,0,"May 14, 2026, 11:00 AM"
pinnacle-Slc,"3,000,206",LOGIN,"May 14, 2026, 9:00 AM","100,412",5,5,5,4,0,"May 14, 2026, 11:00 AM"
pinnacle-Slc,"3,000,207",LOGOUT,"May 14, 2026, 3:30 PM","100,413",5,5,5,4,0,"May 14, 2026, 5:30 PM"
pinnacle-Slc,"3,000,207",LOGOUT,"May 14, 2026, 3:30 PM","100,414",5,5,5,4,0,"May 14, 2026, 5:30 PM"
pinnacle-Slc,"3,000,208",LOGOUT,"May 14, 2026, 3:30 PM","100,415",5,5,5,4,0,"May 14, 2026, 5:30 PM"
pinnacle-Slc,"3,000,208",LOGOUT,"May 14, 2026, 3:30 PM","100,416",5,5,5,4,0,"May 14, 2026, 5:30 PM"
pinnacle-Slc,"3,000,209",LOGIN,"May 14, 2026, 9:00 AM","100,417",5,5,5,4,0,"May 14, 2026, 11:00 AM"
pinnacle-Slc,"3,000,209",LOGIN,"May 14, 2026, 9:00 AM","100,418",5,5,5,4,0,"May 14, 2026, 11:00 AM"
pinnacle-Slc,"3,000,210",LOGIN,"May 14, 2026, 9:00 AM","100,419",5,5,5,4,0,"May 14, 2026, 11:00 AM"
pinnacle-Slc,"3,000,210",LOGIN,"May 14, 2026, 9:00 AM","100,420",5,5,5,4,0,"May 14, 2026, 11:00 AM"
pinnacle-Slc,"3,000,211",LOGOUT,"May 14, 2026, 3:30 PM","100,421",5,5,5,4,0,"May 14, 2026, 5:30 PM"
pinnacle-Slc,"3,000,211",LOGOUT,"May 14, 2026, 3:30 PM","100,422",5,5,5,4,0,"May 14, 2026, 5:30 PM"
pinnacle-Slc,"3,000,212",LOGOUT,"May 14, 2026, 3:30 PM","100,423",5,5,5,4,0,"May 14, 2026, 5:30 PM"
pinnacle-Slc,"3,000,212",LOGOUT,"May 14, 2026, 3:30 PM","100,424",5,5,5,4,0,"May 14, 2026, 5:30 PM"
pinnacle-Slc,"3,000,213",LOGIN,"May 14, 2026, 9:00 AM","100,425",5,5,5,4,0,"May 14, 2026, 11:00 AM"
pinnacle-Slc,"3,000,213",LOGIN,"May 14, 2026, 9:00 AM","100,426",5,5,5,4,0,"May 14, 2026, 11:00 AM"
pinnacle-Slc,"3,000,214",LOGIN,"May 14, 2026, 9:00 AM","100,427",5,5,5,4,0,"May 14, 2026, 11:00 AM"
pinnacle-Slc,"3,000,214",LOGIN,"May 14, 2026, 9:00 AM","100,428",5,5,5,4,0,"May 14, 2026, 11:00 AM"
pinnacle-Slc,"3,000,215",LOGOUT,"May 14, 2026, 3:30 PM","100,429",5,5,5,4,0,"May 14, 2026, 5:30 PM"
pinnacle-Slc,"3,000,215",LOGOUT,"May 14, 2026, 3:30 PM","100,430",5,5,5,4,0,"May 14, 2026, 5:30 PM"
pinnacle-Slc,"3,000,216",LOGOUT,"May 14, 2026, 3:30 PM","100,431",5,5,5,4,0,"May 14, 2026, 5:30 PM"
pinnacle-Slc,"3,000,216",LOGOUT,"May 14, 2026, 3:30 PM","100,432",5,5,5,4,0,"May 14, 2026, 5:30 PM"
pinnacle-Slc,"3,000,217",LOGIN,"May 14, 2026, 9:00 AM","100,433",5,5,5,4,0,"May 14, 2026, 11:00 AM"
pinnacle-Slc,"3,000,217",LOGIN,"May 14, 2026, 9:00 AM","100,434",5,5,5,4,0,"May 14, 2026, 11:00 AM"
pinnacle-Slc,"3,000,218",LOGIN,"May 14, 2026, 9:00 AM","100,435",5,5,5,4,0,"May 14, 2026, 11:00 AM"
pinnacle-Slc,"3,000,218",LOGIN,"May 14, 2026, 9:00 AM","100,436",5,5,5,4,0,"May 14, 2026, 11:00 AM"
pinnacle-Slc,"3,000,219",LOGOUT,"May 14, 2026, 3:30 PM","100,437",5,5,5,4,0,"May 14, 2026, 5:30 PM"
pinnacle-Slc,"3,000,219",LOGOUT,"May 14, 2026, 3:30 PM","100,438",5,5,5,4,0,"May 14, 2026, 5:30 PM"
pinnacle-Slc,"3,000,220",LOGOUT,"May 14, 2026, 3:30 PM","100,439",5,5,5,4,0,"May 14, 2026, 5:30 PM"
pinnacle-Slc,"3,000,220",LOGOUT,"May 14, 2026, 3:30 PM","100,440",5,5,5,4,0,"May 14, 2026, 5:30 PM"
pinnacle-Slc,"3,000,221",LOGIN,"May 15, 2026, 9:00 AM","100,441",5,5,5,4,0,"May 15, 2026, 11:00 AM"
pinnacle-Slc,"3,000,221",LOGIN,"May 15, 2026, 9:00 AM","100,442",5,5,5,4,0,"May 15, 2026, 11:00 AM"
pinnacle-Slc,"3,000,222",LOGIN,"May 15, 2026, 9:00 AM","100,443",5,5,5,4,0,"May 15, 2026, 11:00 AM"
pinnacle-Slc,"3,000,222",LOGIN,"May 15, 2026, 9:00 AM","100,444",5,5,5,4,0,"May 15, 2026, 11:00 AM"
pinnacle-Slc,"3,000,223",LOGOUT,"May 15, 2026, 3:30 PM","100,445",5,5,5,4,0,"May 15, 2026, 5:30 PM"
pinnacle-Slc,"3,000,223",LOGOUT,"May 15, 2026, 3:30 PM","100,446",5,5,5,4,0,"May 15, 2026, 5:30 PM"
pinnacle-Slc,"3,000,224",LOGOUT,"May 15, 2026, 3:30 PM","100,447",5,5,5,4,0,"May 15, 2026, 5:30 PM"
pinnacle-Slc,"3,000,224",LOGOUT,"May 15, 2026, 3:30 PM","100,448",5,5,5,4,0,"May 15, 2026, 5:30 PM"
pinnacle-Slc,"3,000,225",LOGIN,"May 15, 2026, 9:00 AM","100,449",5,5,5,4,0,"May 15, 2026, 11:00 AM"
pinnacle-Slc,"3,000,225",LOGIN,"May 15, 2026, 9:00 AM","100,450",5,5,5,4,0,"May 15, 2026, 11:00 AM"
pinnacle-Slc,"3,000,226",LOGIN,"May 15, 2026, 9:00 AM","100,451",5,2,5,4,0,"May 15, 2026, 11:00 AM"
pinnacle-Slc,"3,000,226",LOGIN,"May 15, 2026, 9:00 AM","100,452",5,5,5,4,0,"May 15, 2026, 11:00 AM"
pinnacle-Slc,"3,000,227",LOGOUT,"May 15, 2026, 3:30 PM","100,453",5,5,5,4,0,"May 15, 2026, 5:30 PM"
pinnacle-Slc,"3,000,227",LOGOUT,"May 15, 2026, 3:30 PM","100,454",5,5,5,4,0,"May 15, 2026, 5:30 PM"
pinnacle-Slc,"3,000,228",LOGOUT,"May 15, 2026, 3:30 PM","100,455",5,5,5,4,0,"May 15, 2026, 5:30 PM"
pinnacle-Slc,"3,000,228",LOGOUT,"May 15, 2026, 3:30 PM","100,456",5,5,5,4,0,"May 15, 2026, 5:30 PM"
pinnacle-Slc,"3,000,229",LOGIN,"May 15, 2026, 9:00 AM","100,457",5,5,5,4,0,"May 15, 2026, 11:00 AM"
pinnacle-Slc,"3,000,229",LOGIN,"May 15, 2026, 9:00 AM","100,458",5,5,5,4,0,"May 15, 2026, 11:00 AM"
pinnacle-Slc,"3,000,230",LOGIN,"May 15, 2026, 9:00 AM","100,459",5,5,5,4,0,"May 15, 2026, 11:00 AM"
pinnacle-Slc,"3,000,230",LOGIN,"May 15, 2026, 9:00 AM","100,460",5,5,5,4,0,"May 15, 2026, 11:00 AM"
pinnacle-Slc,"3,000,231",LOGOUT,"May 15, 2026, 3:30 PM","100,461",5,5,5,4,0,"May 15, 2026, 5:30 PM"
pinnacle-Slc,"3,000,231",LOGOUT,"May 15, 2026, 3:30 PM","100,462",5,5,5,4,0,"May 15, 2026, 5:30 PM"
pinnacle-Slc,"3,000,232",LOGOUT,"May 15, 2026, 3:30 PM","100,463",5,5,5,4,0,"May 15, 2026, 5:30 PM"
pinnacle-Slc,"3,000,232",LOGOUT,"May 15, 2026, 3:30 PM","100,464",5,5,5,4,0,"May 15, 2026, 5:30 PM"
pinnacle-Slc,"3,000,233",LOGIN,"May 15, 2026, 9:00 AM","100,465",5,5,5,4,0,"May 15, 2026, 11:00 AM"
pinnacle-Slc,"3,000,233",LOGIN,"May 15, 2026, 9:00 AM","100,466",5,5,5,4,0,"May 15, 2026, 11:00 AM"
pinnacle-Slc,"3,000,234",LOGIN,"May 15, 2026, 9:00 AM","100,467",5,5,5,4,0,"May 15, 2026, 11:00 AM"
pinnacle-Slc,"3,000,234",LOGIN,"May 15, 2026, 9:00 AM","100,468",5,5,5,4,0,"May 15, 2026, 11:00 AM"
pinnacle-Slc,"3,000,235",LOGOUT,"May 15, 2026, 3:30 PM","100,469",5,5,5,4,0,"May 15, 2026, 5:30 PM"
pinnacle-Slc,"3,000,235",LOGOUT,"May 15, 2026, 3:30 PM","100,470",5,5,5,4,0,"May 15, 2026, 5:30 PM"
pinnacle-Slc,"3,000,236",LOGOUT,"May 15, 2026, 3:30 PM","100,471",5,5,5,4,0,"May 15, 2026, 5:30 PM"
pinnacle-Slc,"3,000,236",LOGOUT,"May 15, 2026, 3:30 PM","100,472",5,5,5,4,0,"May 15, 2026, 5:30 PM"
pinnacle-Slc,"3,000,237",LOGIN,"May 15, 2026, 9:00 AM","100,473",5,5,5,4,0,"May 15, 2026, 11:00 AM"
pinnacle-Slc,"3,000,237",LOGIN,"May 15, 2026, 9:00 AM","100,474",5,5,5,4,0,"May 15, 2026, 11:00 AM"
pinnacle-Slc,"3,000,238",LOGIN,"May 15, 2026, 9:00 AM","100,475",5,5,5,4,0,"May 15, 2026, 11:00 AM"
pinnacle-Slc,"3,000,238",LOGIN,"May 15, 2026, 9:00 AM","100,476",5,5,5,4,0,"May 15, 2026, 11:00 AM"
pinnacle-Slc,"3,000,239",LOGOUT,"May 15, 2026, 3:30 PM","100,477",5,5,5,4,0,"May 15, 2026, 5:30 PM"
pinnacle-Slc,"3,000,239",LOGOUT,"May 15, 2026, 3:30 PM","100,478",5,5,5,4,0,"May 15, 2026, 5:30 PM"
pinnacle-Slc,"3,000,240",LOGOUT,"May 15, 2026, 3:30 PM","100,479",5,5,5,4,0,"May 15, 2026, 5:30 PM"
pinnacle-Slc,"3,000,240",LOGOUT,"May 15, 2026, 3:30 PM","100,480",5,5,5,4,0,"May 15, 2026, 5:30 PM"
pinnacle-Slc,"3,000,241",LOGIN,"May 16, 2026, 9:00 AM","100,481",5,5,5,4,0,"May 16, 2026, 11:00 AM"
pinnacle-Slc,"3,000,241",LOGIN,"May 16, 2026, 9:00 AM","100,482",5,5,5,4,0,"May 16, 2026, 11:00 AM"
pinnacle-Slc,"3,000,242",LOGIN,"May 16, 2026, 9:00 AM","100,483",5,5,5,4,0,"May 16, 2026, 11:00 AM"
pinnacle-Slc,"3,000,242",LOGIN,"May 16, 2026, 9:00 AM","100,484",5,5,5,4,0,"May 16, 2026, 11:00 AM"
pinnacle-Slc,"3,000,243",LOGOUT,"May 16, 2026, 3:30 PM","100,485",5,5,5,4,0,"May 16, 2026, 5:30 PM"
pinnacle-Slc,"3,000,243",LOGOUT,"May 16, 2026, 3:30 PM","100,486",5,5,5,4,0,"May 16, 2026, 5:30 PM"
pinnacle-Slc,"3,000,244",LOGOUT,"May 16, 2026, 3:30 PM","100,487",5,5,5,4,0,"May 16, 2026, 5:30 PM"
pinnacle-Slc,"3,000,244",LOGOUT,"May 16, 2026, 3:30 PM","100,488",5,5,5,4,0,"May 16, 2026, 5:30 PM"
pinnacle-Slc,"3,000,245",LOGIN,"May 16, 2026, 9:00 AM","100,489",5,5,5,4,0,"May 16, 2026, 11:00 AM"
pinnacle-Slc,"3,000,245",LOGIN,"May 16, 2026, 9:00 AM","100,490",5,5,5,4,0,"May 16, 2026, 11:00 AM"
pinnacle-Slc,"3,000,246",LOGIN,"May 16, 2026, 9:00 AM","100,491",5,2,5,4,0,"May 16, 2026, 11:00 AM"
pinnacle-Slc,"3,000,246",LOGIN,"May 16, 2026, 9:00 AM","100,492",5,5,5,4,0,"May 16, 2026, 11:00 AM"
pinnacle-Slc,"3,000,247",LOGOUT,"May 16, 2026, 3:30 PM","100,493",5,5,5,4,0,"May 16, 2026, 5:30 PM"
pinnacle-Slc,"3,000,247",LOGOUT,"May 16, 2026, 3:30 PM","100,494",5,5,5,4,0,"May 16, 2026, 5:30 PM"
pinnacle-Slc,"3,000,248",LOGOUT,"May 16, 2026, 3:30 PM","100,495",5,5,5,4,0,"May 16, 2026, 5:30 PM"
pinnacle-Slc,"3,000,248",LOGOUT,"May 16, 2026, 3:30 PM","100,496",5,5,5,4,0,"May 16, 2026, 5:30 PM"
pinnacle-Slc,"3,000,249",LOGIN,"May 16, 2026, 9:00 AM","100,497",5,5,5,4,0,"May 16, 2026, 11:00 AM"
pinnacle-Slc,"3,000,249",LOGIN,"May 16, 2026, 9:00 AM","100,498",5,5,5,4,0,"May 16, 2026, 11:00 AM"
pinnacle-Slc,"3,000,250",LOGIN,"May 16, 2026, 9:00 AM","100,499",5,5,5,4,0,"May 16, 2026, 11:00 AM"
pinnacle-Slc,"3,000,250",LOGIN,"May 16, 2026, 9:00 AM","100,500",5,5,5,4,0,"May 16, 2026, 11:00 AM"
pinnacle-Slc,"3,000,251",LOGOUT,"May 16, 2026, 3:30 PM","100,501",5,5,5,4,0,"May 16, 2026, 5:30 PM"
pinnacle-Slc,"3,000,251",LOGOUT,"May 16, 2026, 3:30 PM","100,502",5,5,5,4,0,"May 16, 2026, 5:30 PM"
pinnacle-Slc,"3,000,252",LOGOUT,"May 16, 2026, 3:30 PM","100,503",5,5,5,4,0,"May 16, 2026, 5:30 PM"
pinnacle-Slc,"3,000,252",LOGOUT,"May 16, 2026, 3:30 PM","100,504",5,5,5,4,0,"May 16, 2026, 5:30 PM"
pinnacle-Slc,"3,000,253",LOGIN,"May 16, 2026, 9:00 AM","100,505",5,5,5,4,0,"May 16, 2026, 11:00 AM"
pinnacle-Slc,"3,000,253",LOGIN,"May 16, 2026, 9:00 AM","100,506",5,5,5,4,0,"May 16, 2026, 11:00 AM"
pinnacle-Slc,"3,000,254",LOGIN,"May 16, 2026, 9:00 AM","100,507",5,5,5,4,0,"May 16, 2026, 11:00 AM"
pinnacle-Slc,"3,000,254",LOGIN,"May 16, 2026, 9:00 AM","100,508",5,5,5,4,0,"May 16, 2026, 11:00 AM"
pinnacle-Slc,"3,000,255",LOGOUT,"May 16, 2026, 3:30 PM","100,509",5,5,5,4,0,"May 16, 2026, 5:30 PM"
pinnacle-Slc,"3,000,255",LOGOUT,"May 16, 2026, 3:30 PM","100,510",5,5,5,4,0,"May 16, 2026, 5:30 PM"
pinnacle-Slc,"3,000,256",LOGOUT,"May 16, 2026, 3:30 PM","100,511",5,5,5,4,0,"May 16, 2026, 5:30 PM"
pinnacle-Slc,"3,000,256",LOGOUT,"May 16, 2026, 3:30 PM","100,512",5,5,5,4,0,"May 16, 2026, 5:30 PM"
pinnacle-Slc,"3,000,257",LOGIN,"May 16, 2026, 9:00 AM","100,513",5,5,5,4,0,"May 16, 2026, 11:00 AM"
pinnacle-Slc,"3,000,257",LOGIN,"May 16, 2026, 9:00 AM","100,514",5,5,5,4,0,"May 16, 2026, 11:00 AM"
pinnacle-Slc,"3,000,258",LOGIN,"May 16, 2026, 9:00 AM","100,515",5,5,5,4,0,"May 16, 2026, 11:00 AM"
pinnacle-Slc,"3,000,258",LOGIN,"May 16, 2026, 9:00 AM","100,516",5,5,5,4,0,"May 16, 2026, 11:00 AM"
pinnacle-Slc,"3,000,259",LOGOUT,"May 16, 2026, 3:30 PM","100,517",5,5,5,4,0,"May 16, 2026, 5:30 PM"
pinnacle-Slc,"3,000,259",LOGOUT,"May 16, 2026, 3:30 PM","100,518",5,5,5,4,0,"May 16, 2026, 5:30 PM"
pinnacle-Slc,"3,000,260",LOGOUT,"May 16, 2026, 3:30 PM","100,519",5,5,5,4,0,"May 16, 2026, 5:30 PM"
pinnacle-Slc,"3,000,260",LOGOUT,"May 16, 2026, 3:30 PM","100,520",5,5,5,4,0,"May 16, 2026, 5:30 PM"
pinnacle-Slc,"3,000,261",LOGIN,"May 17, 2026, 9:00 AM","100,521",5,5,5,4,0,"May 17, 2026, 11:00 AM"
pinnacle-Slc,"3,000,261",LOGIN,"May 17, 2026, 9:00 AM","100,522",5,5,5,4,0,"May 17, 2026, 11:00 AM"
pinnacle-Slc,"3,000,262",LOGIN,"May 17, 2026, 9:00 AM","100,523",5,5,5,4,0,"May 17, 2026, 11:00 AM"
pinnacle-Slc,"3,000,262",LOGIN,"May 17, 2026, 9:00 AM","100,524",5,5,5,4,0,"May 17, 2026, 11:00 AM"
pinnacle-Slc,"3,000,263",LOGOUT,"May 17, 2026, 3:30 PM","100,525",5,5,5,4,0,"May 17, 2026, 5:30 PM"
pinnacle-Slc,"3,000,263",LOGOUT,"May 17, 2026, 3:30 PM","100,526",5,5,5,4,0,"May 17, 2026, 5:30 PM"
pinnacle-Slc,"3,000,264",LOGOUT,"May 17, 2026, 3:30 PM","100,527",5,5,5,4,0,"May 17, 2026, 5:30 PM"
pinnacle-Slc,"3,000,264",LOGOUT,"May 17, 2026, 3:30 PM","100,528",5,5,5,4,0,"May 17, 2026, 5:30 PM"
pinnacle-Slc,"3,000,265",LOGIN,"May 17, 2026, 9:00 AM","100,529",5,5,5,4,0,"May 17, 2026, 11:00 AM"
pinnacle-Slc,"3,000,265",LOGIN,"May 17, 2026, 9:00 AM","100,530",5,5,5,4,0,"May 17, 2026, 11:00 AM"
pinnacle-Slc,"3,000,266",LOGIN,"May 17, 2026, 9:00 AM","100,531",5,2,5,4,0,"May 17, 2026, 11:00 AM"
pinnacle-Slc,"3,000,266",LOGIN,"May 17, 2026, 9:00 AM","100,532",5,5,5,4,0,"May 17, 2026, 11:00 AM"
pinnacle-Slc,"3,000,267",LOGOUT,"May 17, 2026, 3:30 PM","100,533",5,5,5,4,0,"May 17, 2026, 5:30 PM"
pinnacle-Slc,"3,000,267",LOGOUT,"May 17, 2026, 3:30 PM","100,534",5,5,5,4,0,"May 17, 2026, 5:30 PM"
pinnacle-Slc,"3,000,268",LOGOUT,"May 17, 2026, 3:30 PM","100,535",5,5,5,4,0,"May 17, 2026, 5:30 PM"
pinnacle-Slc,"3,000,268",LOGOUT,"May 17, 2026, 3:30 PM","100,536",5,5,5,4,0,"May 17, 2026, 5:30 PM"
pinnacle-Slc,"3,000,269",LOGIN,"May 17, 2026, 9:00 AM","100,537",5,5,5,4,0,"May 17, 2026, 11:00 AM"
pinnacle-Slc,"3,000,269",LOGIN,"May 17, 2026, 9:00 AM","100,538",5,5,5,4,0,"May 17, 2026, 11:00 AM"
pinnacle-Slc,"3,000,270",LOGIN,"May 17, 2026, 9:00 AM","100,539",5,5,5,4,0,"May 17, 2026, 11:00 AM"
pinnacle-Slc,"3,000,270",LOGIN,"May 17, 2026, 9:00 AM","100,540",5,5,5,4,0,"May 17, 2026, 11:00 AM"
pinnacle-Slc,"3,000,271",LOGOUT,"May 17, 2026, 3:30 PM","100,541",5,5,5,4,0,"May 17, 2026, 5:30 PM"
pinnacle-Slc,"3,000,271",LOGOUT,"May 17, 2026, 3:30 PM","100,542",5,5,5,4,0,"May 17, 2026, 5:30 PM"
pinnacle-Slc,"3,000,272",LOGOUT,"May 17, 2026, 3:30 PM","100,543",5,5,5,4,0,"May 17, 2026, 5:30 PM"
pinnacle-Slc,"3,000,272",LOGOUT,"May 17, 2026, 3:30 PM","100,544",5,5,5,4,0,"May 17, 2026, 5:30 PM"
pinnacle-Slc,"3,000,273",LOGIN,"May 17, 2026, 9:00 AM","100,545",5,5,5,4,0,"May 17, 2026, 11:00 AM"
pinnacle-Slc,"3,000,273",LOGIN,"May 17, 2026, 9:00 AM","100,546",5,5,5,4,0,"May 17, 2026, 11:00 AM"
pinnacle-Slc,"3,000,274",LOGIN,"May 17, 2026, 9:00 AM","100,547",5,5,5,4,0,"May 17, 2026, 11:00 AM"
pinnacle-Slc,"3,000,274",LOGIN,"May 17, 2026, 9:00 AM","100,548",5,5,5,4,0,"May 17, 2026, 11:00 AM"
pinnacle-Slc,"3,000,275",LOGOUT,"May 17, 2026, 3:30 PM","100,549",5,5,5,4,0,"May 17, 2026, 5:30 PM"
pinnacle-Slc,"3,000,275",LOGOUT,"May 17, 2026, 3:30 PM","100,550",5,5,5,4,0,"May 17, 2026, 5:30 PM"
pinnacle-Slc,"3,000,276",LOGOUT,"May 17, 2026, 3:30 PM","100,551",5,5,5,4,0,"May 17, 2026, 5:30 PM"
pinnacle-Slc,"3,000,276",LOGOUT,"May 17, 2026, 3:30 PM","100,552",5,5,5,4,0,"May 17, 2026, 5:30 PM"
pinnacle-Slc,"3,000,277",LOGIN,"May 17, 2026, 9:00 AM","100,553",5,5,5,4,0,"May 17, 2026, 11:00 AM"
pinnacle-Slc,"3,000,277",LOGIN,"May 17, 2026, 9:00 AM","100,554",5,5,5,4,0,"May 17, 2026, 11:00 AM"
pinnacle-Slc,"3,000,278",LOGIN,"May 17, 2026, 9:00 AM","100,555",5,5,5,4,0,"May 17, 2026, 11:00 AM"
pinnacle-Slc,"3,000,278",LOGIN,"May 17, 2026, 9:00 AM","100,556",5,5,5,4,0,"May 17, 2026, 11:00 AM"
pinnacle-Slc,"3,000,279",LOGOUT,"May 17, 2026, 3:30 PM","100,557",5,5,5,4,0,"May 17, 2026, 5:30 PM"
pinnacle-Slc,"3,000,279",LOGOUT,"May 17, 2026, 3:30 PM","100,558",5,5,5,4,0,"May 17, 2026, 5:30 PM"
pinnacle-Slc,"3,000,280",LOGOUT,"May 17, 2026, 3:30 PM","100,559",5,5,5,4,0,"May 17, 2026, 5:30 PM"
pinnacle-Slc,"3,000,280",LOGOUT,"May 17, 2026, 3:30 PM","100,560",5,5,5,4,0,"May 17, 2026, 5:30 PM"
pinnacle-Slc,"3,000,281",LOGIN,"May 18, 2026, 9:00 AM","100,561",5,5,5,4,0,"May 18, 2026, 11:00 AM"
pinnacle-Slc,"3,000,281",LOGIN,"May 18, 2026, 9:00 AM","100,562",5,5,5,4,0,"May 18, 2026, 11:00 AM"
pinnacle-Slc,"3,000,282",LOGIN,"May 18, 2026, 9:00 AM","100,563",5,5,5,4,0,"May 18, 2026, 11:00 AM"
pinnacle-Slc,"3,000,282",LOGIN,"May 18, 2026, 9:00 AM","100,564",5,5,5,4,0,"May 18, 2026, 11:00 AM"
pinnacle-Slc,"3,000,283",LOGOUT,"May 18, 2026, 3:30 PM","100,565",5,5,5,4,0,"May 18, 2026, 5:30 PM"
pinnacle-Slc,"3,000,283",LOGOUT,"May 18, 2026, 3:30 PM","100,566",5,5,5,4,0,"May 18, 2026, 5:30 PM"
pinnacle-Slc,"3,000,284",LOGOUT,"May 18, 2026, 3:30 PM","100,567",5,5,5,4,0,"May 18, 2026, 5:30 PM"
pinnacle-Slc,"3,000,284",LOGOUT,"May 18, 2026, 3:30 PM","100,568",5,5,5,4,0,"May 18, 2026, 5:30 PM"
pinnacle-Slc,"3,000,285",LOGIN,"May 18, 2026, 9:00 AM","100,569",5,5,5,4,0,"May 18, 2026, 11:00 AM"
pinnacle-Slc,"3,000,285",LOGIN,"May 18, 2026, 9:00 AM","100,570",5,5,5,4,0,"May 18, 2026, 11:00 AM"
pinnacle-Slc,"3,000,286",LOGIN,"May 18, 2026, 9:00 AM","100,571",5,2,5,4,0,"May 18, 2026, 11:00 AM"
pinnacle-Slc,"3,000,286",LOGIN,"May 18, 2026, 9:00 AM","100,572",5,5,5,4,0,"May 18, 2026, 11:00 AM"
pinnacle-Slc,"3,000,287",LOGOUT,"May 18, 2026, 3:30 PM","100,573",5,5,5,4,0,"May 18, 2026, 5:30 PM"
pinnacle-Slc,"3,000,287",LOGOUT,"May 18, 2026, 3:30 PM","100,574",5,5,5,4,0,"May 18, 2026, 5:30 PM"
pinnacle-Slc,"3,000,288",LOGOUT,"May 18, 2026, 3:30 PM","100,575",5,5,5,4,0,"May 18, 2026, 5:30 PM"
pinnacle-Slc,"3,000,288",LOGOUT,"May 18, 2026, 3:30 PM","100,576",5,5,5,4,0,"May 18, 2026, 5:30 PM"
pinnacle-Slc,"3,000,289",LOGIN,"May 18, 2026, 9:00 AM","100,577",5,5,5,4,0,"May 18, 2026, 11:00 AM"
pinnacle-Slc,"3,000,289",LOGIN,"May 18, 2026, 9:00 AM","100,578",5,5,5,4,0,"May 18, 2026, 11:00 AM"
pinnacle-Slc,"3,000,290",LOGIN,"May 18, 2026, 9:00 AM","100,579",5,5,5,4,0,"May 18, 2026, 11:00 AM"
pinnacle-Slc,"3,000,290",LOGIN,"May 18, 2026, 9:00 AM","100,580",5,5,5,4,0,"May 18, 2026, 11:00 AM"
pinnacle-Slc,"3,000,291",LOGOUT,"May 18, 2026, 3:30 PM","100,581",5,5,5,4,0,"May 18, 2026, 5:30 PM"
pinnacle-Slc,"3,000,291",LOGOUT,"May 18, 2026, 3:30 PM","100,582",5,5,5,4,0,"May 18, 2026, 5:30 PM"
pinnacle-Slc,"3,000,292",LOGOUT,"May 18, 2026, 3:30 PM","100,583",5,5,5,4,0,"May 18, 2026, 5:30 PM"
pinnacle-Slc,"3,000,292",LOGOUT,"May 18, 2026, 3:30 PM","100,584",5,5,5,4,0,"May 18, 2026, 5:30 PM"
pinnacle-Slc,"3,000,293",LOGIN,"May 18, 2026, 9:00 AM","100,585",5,5,5,4,0,"May 18, 2026, 11:00 AM"
pinnacle-Slc,"3,000,293",LOGIN,"May 18, 2026, 9:00 AM","100,586",5,5,5,4,0,"May 18, 2026, 11:00 AM"
pinnacle-Slc,"3,000,294",LOGIN,"May 18, 2026, 9:00 AM","100,587",5,5,5,4,0,"May 18, 2026, 11:00 AM"
pinnacle-Slc,"3,000,294",LOGIN,"May 18, 2026, 9:00 AM","100,588",5,5,5,4,0,"May 18, 2026, 11:00 AM"
pinnacle-Slc,"3,000,295",LOGOUT,"May 18, 2026, 3:30 PM","100,589",5,5,5,4,0,"May 18, 2026, 5:30 PM"
pinnacle-Slc,"3,000,295",LOGOUT,"May 18, 2026, 3:30 PM","100,590",5,5,5,4,0,"May 18, 2026, 5:30 PM"
pinnacle-Slc,"3,000,296",LOGOUT,"May 18, 2026, 3:30 PM","100,591",5,5,5,4,0,"May 18, 2026, 5:30 PM"
pinnacle-Slc,"3,000,296",LOGOUT,"May 18, 2026, 3:30 PM","100,592",5,5,5,4,0,"May 18, 2026, 5:30 PM"
pinnacle-Slc,"3,000,297",LOGIN,"May 18, 2026, 9:00 AM","100,593",5,5,5,4,0,"May 18, 2026, 11:00 AM"
pinnacle-Slc,"3,000,297",LOGIN,"May 18, 2026, 9:00 AM","100,594",5,5,5,4,0,"May 18, 2026, 11:00 AM"
pinnacle-Slc,"3,000,298",LOGIN,"May 18, 2026, 9:00 AM","100,595",5,5,5,4,0,"May 18, 2026, 11:00 AM"
pinnacle-Slc,"3,000,298",LOGIN,"May 18, 2026, 9:00 AM","100,596",5,5,5,4,0,"May 18, 2026, 11:00 AM"
pinnacle-Slc,"3,000,299",LOGOUT,"May 18, 2026, 3:30 PM","100,597",5,5,5,4,0,"May 18, 2026, 5:30 PM"
pinnacle-Slc,"3,000,299",LOGOUT,"May 18, 2026, 3:30 PM","100,598",5,5,5,4,0,"May 18, 2026, 5:30 PM"
pinnacle-Slc,"3,000,300",LOGOUT,"May 18, 2026, 3:30 PM","100,599",5,5,5,4,0,"May 18, 2026, 5:30 PM"
pinnacle-Slc,"3,000,300",LOGOUT,"May 18, 2026, 3:30 PM","100,600",5,5,5,4,0,"May 18, 2026, 5:30 PM"
pinnacle-Slc,"3,000,301",LOGIN,"May 19, 2026, 9:00 AM","100,601",5,5,5,4,0,"May 19, 2026, 11:00 AM"
pinnacle-Slc,"3,000,301",LOGIN,"May 19, 2026, 9:00 AM","100,602",5,5,5,4,0,"May 19, 2026, 11:00 AM"
pinnacle-Slc,"3,000,302",LOGIN,"May 19, 2026, 9:00 AM","100,603",5,5,5,4,0,"May 19, 2026, 11:00 AM"
pinnacle-Slc,"3,000,302",LOGIN,"May 19, 2026, 9:00 AM","100,604",5,5,5,4,0,"May 19, 2026, 11:00 AM"
pinnacle-Slc,"3,000,303",LOGOUT,"May 19, 2026, 3:30 PM","100,605",5,5,5,4,0,"May 19, 2026, 5:30 PM"
pinnacle-Slc,"3,000,303",LOGOUT,"May 19, 2026, 3:30 PM","100,606",5,5,5,4,0,"May 19, 2026, 5:30 PM"
pinnacle-Slc,"3,000,304",LOGOUT,"May 19, 2026, 3:30 PM","100,607",5,5,5,4,0,"May 19, 2026, 5:30 PM"
pinnacle-Slc,"3,000,304",LOGOUT,"May 19, 2026, 3:30 PM","100,608",5,5,5,4,0,"May 19, 2026, 5:30 PM"
pinnacle-Slc,"3,000,305",LOGIN,"May 19, 2026, 9:00 AM","100,609",5,5,5,4,0,"May 19, 2026, 11:00 AM"
pinnacle-Slc,"3,000,305",LOGIN,"May 19, 2026, 9:00 AM","100,610",5,5,5,4,0,"May 19, 2026, 11:00 AM"
pinnacle-Slc,"3,000,306",LOGIN,"May 19, 2026, 9:00 AM","100,611",5,2,5,4,0,"May 19, 2026, 11:00 AM"
pinnacle-Slc,"3,000,306",LOGIN,"May 19, 2026, 9:00 AM","100,612",5,5,5,4,0,"May 19, 2026, 11:00 AM"
pinnacle-Slc,"3,000,307",LOGOUT,"May 19, 2026, 3:30 PM","100,613",5,5,5,4,0,"May 19, 2026, 5:30 PM"
pinnacle-Slc,"3,000,307",LOGOUT,"May 19, 2026, 3:30 PM","100,614",5,5,5,4,0,"May 19, 2026, 5:30 PM"
pinnacle-Slc,"3,000,308",LOGOUT,"May 19, 2026, 3:30 PM","100,615",5,5,5,4,0,"May 19, 2026, 5:30 PM"
pinnacle-Slc,"3,000,308",LOGOUT,"May 19, 2026, 3:30 PM","100,616",5,5,5,4,0,"May 19, 2026, 5:30 PM"
pinnacle-Slc,"3,000,309",LOGIN,"May 19, 2026, 9:00 AM","100,617",5,5,5,4,0,"May 19, 2026, 11:00 AM"
pinnacle-Slc,"3,000,309",LOGIN,"May 19, 2026, 9:00 AM","100,618",5,5,5,4,0,"May 19, 2026, 11:00 AM"
pinnacle-Slc,"3,000,310",LOGIN,"May 19, 2026, 9:00 AM","100,619",5,5,5,4,0,"May 19, 2026, 11:00 AM"
pinnacle-Slc,"3,000,310",LOGIN,"May 19, 2026, 9:00 AM","100,620",5,5,5,4,0,"May 19, 2026, 11:00 AM"
pinnacle-Slc,"3,000,311",LOGOUT,"May 19, 2026, 3:30 PM","100,621",5,5,5,4,0,"May 19, 2026, 5:30 PM"
pinnacle-Slc,"3,000,311",LOGOUT,"May 19, 2026, 3:30 PM","100,622",5,5,5,4,0,"May 19, 2026, 5:30 PM"
pinnacle-Slc,"3,000,312",LOGOUT,"May 19, 2026, 3:30 PM","100,623",5,5,5,4,0,"May 19, 2026, 5:30 PM"
pinnacle-Slc,"3,000,312",LOGOUT,"May 19, 2026, 3:30 PM","100,624",5,5,5,4,0,"May 19, 2026, 5:30 PM"
pinnacle-Slc,"3,000,313",LOGIN,"May 19, 2026, 9:00 AM","100,625",5,5,5,4,0,"May 19, 2026, 11:00 AM"
pinnacle-Slc,"3,000,313",LOGIN,"May 19, 2026, 9:00 AM","100,626",5,5,5,4,0,"May 19, 2026, 11:00 AM"
pinnacle-Slc,"3,000,314",LOGIN,"May 19, 2026, 9:00 AM","100,627",5,5,5,4,0,"May 19, 2026, 11:00 AM"
pinnacle-Slc,"3,000,314",LOGIN,"May 19, 2026, 9:00 AM","100,628",5,5,5,4,0,"May 19, 2026, 11:00 AM"
pinnacle-Slc,"3,000,315",LOGOUT,"May 19, 2026, 3:30 PM","100,629",5,5,5,4,0,"May 19, 2026, 5:30 PM"
pinnacle-Slc,"3,000,315",LOGOUT,"May 19, 2026, 3:30 PM","100,630",5,5,5,4,0,"May 19, 2026, 5:30 PM"
pinnacle-Slc,"3,000,316",LOGOUT,"May 19, 2026, 3:30 PM","100,631",5,5,5,4,0,"May 19, 2026, 5:30 PM"
pinnacle-Slc,"3,000,316",LOGOUT,"May 19, 2026, 3:30 PM","100,632",5,5,5,4,0,"May 19, 2026, 5:30 PM"
pinnacle-Slc,"3,000,317",LOGIN,"May 19, 2026, 9:00 AM","100,633",5,5,5,4,0,"May 19, 2026, 11:00 AM"
pinnacle-Slc,"3,000,317",LOGIN,"May 19, 2026, 9:00 AM","100,634",5,5,5,4,0,"May 19, 2026, 11:00 AM"
pinnacle-Slc,"3,000,318",LOGIN,"May 19, 2026, 9:00 AM","100,635",5,5,5,4,0,"May 19, 2026, 11:00 AM"
pinnacle-Slc,"3,000,318",LOGIN,"May 19, 2026, 9:00 AM","100,636",5,5,5,4,0,"May 19, 2026, 11:00 AM"
pinnacle-Slc,"3,000,319",LOGOUT,"May 19, 2026, 3:30 PM","100,637",5,5,5,4,0,"May 19, 2026, 5:30 PM"
pinnacle-Slc,"3,000,319",LOGOUT,"May 19, 2026, 3:30 PM","100,638",5,5,5,4,0,"May 19, 2026, 5:30 PM"
pinnacle-Slc,"3,000,320",LOGOUT,"May 19, 2026, 3:30 PM","100,639",5,5,5,4,0,"May 19, 2026, 5:30 PM"
pinnacle-Slc,"3,000,320",LOGOUT,"May 19, 2026, 3:30 PM","100,640",5,5,5,4,0,"May 19, 2026, 5:30 PM"
pinnacle-Slc,"3,000,321",LOGIN,"May 20, 2026, 9:00 AM","100,641",5,5,5,4,0,"May 20, 2026, 11:00 AM"
pinnacle-Slc,"3,000,321",LOGIN,"May 20, 2026, 9:00 AM","100,642",5,5,5,4,0,"May 20, 2026, 11:00 AM"
pinnacle-Slc,"3,000,322",LOGIN,"May 20, 2026, 9:00 AM","100,643",5,5,5,4,0,"May 20, 2026, 11:00 AM"
pinnacle-Slc,"3,000,322",LOGIN,"May 20, 2026, 9:00 AM","100,644",5,5,5,4,0,"May 20, 2026, 11:00 AM"
pinnacle-Slc,"3,000,323",LOGOUT,"May 20, 2026, 3:30 PM","100,645",5,5,5,4,0,"May 20, 2026, 5:30 PM"
pinnacle-Slc,"3,000,323",LOGOUT,"May 20, 2026, 3:30 PM","100,646",5,5,5,4,0,"May 20, 2026, 5:30 PM"
pinnacle-Slc,"3,000,324",LOGOUT,"May 20, 2026, 3:30 PM","100,647",5,5,5,4,0,"May 20, 2026, 5:30 PM"
pinnacle-Slc,"3,000,324",LOGOUT,"May 20, 2026, 3:30 PM","100,648",5,5,5,4,0,"May 20, 2026, 5:30 PM"
pinnacle-Slc,"3,000,325",LOGIN,"May 20, 2026, 9:00 AM","100,649",5,5,5,4,0,"May 20, 2026, 11:00 AM"
pinnacle-Slc,"3,000,325",LOGIN,"May 20, 2026, 9:00 AM","100,650",5,5,5,4,0,"May 20, 2026, 11:00 AM"
pinnacle-Slc,"3,000,326",LOGIN,"May 20, 2026, 9:00 AM","100,651",5,2,5,4,0,"May 20, 2026, 11:00 AM"
pinnacle-Slc,"3,000,326",LOGIN,"May 20, 2026, 9:00 AM","100,652",5,5,5,4,0,"May 20, 2026, 11:00 AM"
pinnacle-Slc,"3,000,327",LOGOUT,"May 20, 2026, 3:30 PM","100,653",5,5,5,4,0,"May 20, 2026, 5:30 PM"
pinnacle-Slc,"3,000,327",LOGOUT,"May 20, 2026, 3:30 PM","100,654",5,5,5,4,0,"May 20, 2026, 5:30 PM"
pinnacle-Slc,"3,000,328",LOGOUT,"May 20, 2026, 3:30 PM","100,655",5,5,5,4,0,"May 20, 2026, 5:30 PM"
pinnacle-Slc,"3,000,328",LOGOUT,"May 20, 2026, 3:30 PM","100,656",5,5,5,4,0,"May 20, 2026, 5:30 PM"
pinnacle-Slc,"3,000,329",LOGIN,"May 20, 2026, 9:00 AM","100,657",5,5,5,4,0,"May 20, 2026, 11:00 AM"
pinnacle-Slc,"3,000,329",LOGIN,"May 20, 2026, 9:00 AM","100,658",5,5,5,4,0,"May 20, 2026, 11:00 AM"
pinnacle-Slc,"3,000,330",LOGIN,"May 20, 2026, 9:00 AM","100,659",5,5,5,4,0,"May 20, 2026, 11:00 AM"
pinnacle-Slc,"3,000,330",LOGIN,"May 20, 2026, 9:00 AM","100,660",5,5,5,4,0,"May 20, 2026, 11:00 AM"
pinnacle-Slc,"3,000,331",LOGOUT,"May 20, 2026, 3:30 PM","100,661",5,5,5,4,0,"May 20, 2026, 5:30 PM"
pinnacle-Slc,"3,000,331",LOGOUT,"May 20, 2026, 3:30 PM","100,662",5,5,5,4,0,"May 20, 2026, 5:30 PM"
pinnacle-Slc,"3,000,332",LOGOUT,"May 20, 2026, 3:30 PM","100,663",5,5,5,4,0,"May 20, 2026, 5:30 PM"
pinnacle-Slc,"3,000,332",LOGOUT,"May 20, 2026, 3:30 PM","100,664",5,5,5,4,0,"May 20, 2026, 5:30 PM"
pinnacle-Slc,"3,000,333",LOGIN,"May 20, 2026, 9:00 AM","100,665",5,5,5,4,0,"May 20, 2026, 11:00 AM"
pinnacle-Slc,"3,000,333",LOGIN,"May 20, 2026, 9:00 AM","100,666",5,5,5,4,0,"May 20, 2026, 11:00 AM"
pinnacle-Slc,"3,000,334",LOGIN,"May 20, 2026, 9:00 AM","100,667",5,5,5,4,0,"May 20, 2026, 11:00 AM"
pinnacle-Slc,"3,000,334",LOGIN,"May 20, 2026, 9:00 AM","100,668",5,5,5,4,0,"May 20, 2026, 11:00 AM"
pinnacle-Slc,"3,000,335",LOGOUT,"May 20, 2026, 3:30 PM","100,669",5,5,5,4,0,"May 20, 2026, 5:30 PM"
pinnacle-Slc,"3,000,335",LOGOUT,"May 20, 2026, 3:30 PM","100,670",5,5,5,4,0,"May 20, 2026, 5:30 PM"
pinnacle-Slc,"3,000,336",LOGOUT,"May 20, 2026, 3:30 PM","100,671",5,5,5,4,0,"May 20, 2026, 5:30 PM"
pinnacle-Slc,"3,000,336",LOGOUT,"May 20, 2026, 3:30 PM","100,672",5,5,5,4,0,"May 20, 2026, 5:30 PM"
pinnacle-Slc,"3,000,337",LOGIN,"May 20, 2026, 9:00 AM","100,673",5,5,5,4,0,"May 20, 2026, 11:00 AM"
pinnacle-Slc,"3,000,337",LOGIN,"May 20, 2026, 9:00 AM","100,674",5,5,5,4,0,"May 20, 2026, 11:00 AM"
pinnacle-Slc,"3,000,338",LOGIN,"May 20, 2026, 9:00 AM","100,675",5,5,5,4,0,"May 20, 2026, 11:00 AM"
pinnacle-Slc,"3,000,338",LOGIN,"May 20, 2026, 9:00 AM","100,676",5,5,5,4,0,"May 20, 2026, 11:00 AM"
pinnacle-Slc,"3,000,339",LOGOUT,"May 20, 2026, 3:30 PM","100,677",5,5,5,4,0,"May 20, 2026, 5:30 PM"
pinnacle-Slc,"3,000,339",LOGOUT,"May 20, 2026, 3:30 PM","100,678",5,5,5,4,0,"May 20, 2026, 5:30 PM"
pinnacle-Slc,"3,000,340",LOGOUT,"May 20, 2026, 3:30 PM","100,679",5,5,5,4,0,"May 20, 2026, 5:30 PM"
pinnacle-Slc,"3,000,340",LOGOUT,"May 20, 2026, 3:30 PM","100,680",5,5,5,4,0,"May 20, 2026, 5:30 PM"
pinnacle-Slc,"3,000,341",LOGIN,"May 21, 2026, 9:00 AM","100,681",5,5,5,4,0,"May 21, 2026, 11:00 AM"
pinnacle-Slc,"3,000,341",LOGIN,"May 21, 2026, 9:00 AM","100,682",5,5,5,4,0,"May 21, 2026, 11:00 AM"
pinnacle-Slc,"3,000,342",LOGIN,"May 21, 2026, 9:00 AM","100,683",5,5,5,4,0,"May 21, 2026, 11:00 AM"
pinnacle-Slc,"3,000,342",LOGIN,"May 21, 2026, 9:00 AM","100,684",5,5,5,4,0,"May 21, 2026, 11:00 AM"
pinnacle-Slc,"3,000,343",LOGOUT,"May 21, 2026, 3:30 PM","100,685",5,5,5,4,0,"May 21, 2026, 5:30 PM"
pinnacle-Slc,"3,000,343",LOGOUT,"May 21, 2026, 3:30 PM","100,686",5,5,5,4,0,"May 21, 2026, 5:30 PM"
pinnacle-Slc,"3,000,344",LOGOUT,"May 21, 2026, 3:30 PM","100,687",5,5,5,4,0,"May 21, 2026, 5:30 PM"
pinnacle-Slc,"3,000,344",LOGOUT,"May 21, 2026, 3:30 PM","100,688",5,5,5,4,0,"May 21, 2026, 5:30 PM"
pinnacle-Slc,"3,000,345",LOGIN,"May 21, 2026, 9:00 AM","100,689",5,5,5,4,0,"May 21, 2026, 11:00 AM"
pinnacle-Slc,"3,000,345",LOGIN,"May 21, 2026, 9:00 AM","100,690",5,5,5,4,0,"May 21, 2026, 11:00 AM"
pinnacle-Slc,"3,000,346",LOGIN,"May 21, 2026, 9:00 AM","100,691",5,2,5,4,0,"May 21, 2026, 11:00 AM"
pinnacle-Slc,"3,000,346",LOGIN,"May 21, 2026, 9:00 AM","100,692",5,5,5,4,0,"May 21, 2026, 11:00 AM"
pinnacle-Slc,"3,000,347",LOGOUT,"May 21, 2026, 3:30 PM","100,693",5,5,5,4,0,"May 21, 2026, 5:30 PM"
pinnacle-Slc,"3,000,347",LOGOUT,"May 21, 2026, 3:30 PM","100,694",5,5,5,4,0,"May 21, 2026, 5:30 PM"
pinnacle-Slc,"3,000,348",LOGOUT,"May 21, 2026, 3:30 PM","100,695",5,5,5,4,0,"May 21, 2026, 5:30 PM"
pinnacle-Slc,"3,000,348",LOGOUT,"May 21, 2026, 3:30 PM","100,696",5,5,5,4,0,"May 21, 2026, 5:30 PM"
pinnacle-Slc,"3,000,349",LOGIN,"May 21, 2026, 9:00 AM","100,697",5,5,5,4,0,"May 21, 2026, 11:00 AM"
pinnacle-Slc,"3,000,349",LOGIN,"May 21, 2026, 9:00 AM","100,698",5,5,5,4,0,"May 21, 2026, 11:00 AM"
pinnacle-Slc,"3,000,350",LOGIN,"May 21, 2026, 9:00 AM","100,699",5,5,5,4,0,"May 21, 2026, 11:00 AM"
pinnacle-Slc,"3,000,350",LOGIN,"May 21, 2026, 9:00 AM","100,700",5,5,5,4,0,"May 21, 2026, 11:00 AM"
pinnacle-Slc,"3,000,351",LOGOUT,"May 21, 2026, 3:30 PM","100,701",5,5,5,4,0,"May 21, 2026, 5:30 PM"
pinnacle-Slc,"3,000,351",LOGOUT,"May 21, 2026, 3:30 PM","100,702",5,5,5,4,0,"May 21, 2026, 5:30 PM"
pinnacle-Slc,"3,000,352",LOGOUT,"May 21, 2026, 3:30 PM","100,703",5,5,5,4,0,"May 21, 2026, 5:30 PM"
pinnacle-Slc,"3,000,352",LOGOUT,"May 21, 2026, 3:30 PM","100,704",5,5,5,4,0,"May 21, 2026, 5:30 PM"
pinnacle-Slc,"3,000,353",LOGIN,"May 21, 2026, 9:00 AM","100,705",5,5,5,4,0,"May 21, 2026, 11:00 AM"
pinnacle-Slc,"3,000,353",LOGIN,"May 21, 2026, 9:00 AM","100,706",5,5,5,4,0,"May 21, 2026, 11:00 AM"
pinnacle-Slc,"3,000,354",LOGIN,"May 21, 2026, 9:00 AM","100,707",5,5,5,4,0,"May 21, 2026, 11:00 AM"
pinnacle-Slc,"3,000,354",LOGIN,"May 21, 2026, 9:00 AM","100,708",5,5,5,4,0,"May 21, 2026, 11:00 AM"
pinnacle-Slc,"3,000,355",LOGOUT,"May 21, 2026, 3:30 PM","100,709",5,5,5,4,0,"May 21, 2026, 5:30 PM"
pinnacle-Slc,"3,000,355",LOGOUT,"May 21, 2026, 3:30 PM","100,710",5,5,5,4,0,"May 21, 2026, 5:30 PM"
pinnacle-Slc,"3,000,356",LOGOUT,"May 21, 2026, 3:30 PM","100,711",5,5,5,4,0,"May 21, 2026, 5:30 PM"
pinnacle-Slc,"3,000,356",LOGOUT,"May 21, 2026, 3:30 PM","100,712",5,5,5,4,0,"May 21, 2026, 5:30 PM"
pinnacle-Slc,"3,000,357",LOGIN,"May 21, 2026, 9:00 AM","100,713",5,5,5,4,0,"May 21, 2026, 11:00 AM"
pinnacle-Slc,"3,000,357",LOGIN,"May 21, 2026, 9:00 AM","100,714",5,5,5,4,0,"May 21, 2026, 11:00 AM"
pinnacle-Slc,"3,000,358",LOGIN,"May 21, 2026, 9:00 AM","100,715",5,5,5,4,0,"May 21, 2026, 11:00 AM"
pinnacle-Slc,"3,000,358",LOGIN,"May 21, 2026, 9:00 AM","100,716",5,5,5,4,0,"May 21, 2026, 11:00 AM"
pinnacle-Slc,"3,000,359",LOGOUT,"May 21, 2026, 3:30 PM","100,717",5,5,5,4,0,"May 21, 2026, 5:30 PM"
pinnacle-Slc,"3,000,359",LOGOUT,"May 21, 2026, 3:30 PM","100,718",5,5,5,4,0,"May 21, 2026, 5:30 PM"
pinnacle-Slc,"3,000,360",LOGOUT,"May 21, 2026, 3:30 PM","100,719",5,5,5,4,0,"May 21, 2026, 5:30 PM"
pinnacle-Slc,"3,000,360",LOGOUT,"May 21, 2026, 3:30 PM","100,720",5,5,5,4,0,"May 21, 2026, 5:30 PM"
pinnacle-Slc,"3,000,361",LOGIN,"May 22, 2026, 9:00 AM","100,721",5,5,5,4,0,"May 22, 2026, 11:00 AM"
pinnacle-Slc,"3,000,361",LOGIN,"May 22, 2026, 9:00 AM","100,722",5,5,5,4,0,"May 22, 2026, 11:00 AM"
pinnacle-Slc,"3,000,362",LOGIN,"May 22, 2026, 9:00 AM","100,723",5,5,5,4,0,"May 22, 2026, 11:00 AM"
pinnacle-Slc,"3,000,362",LOGIN,"May 22, 2026, 9:00 AM","100,724",5,5,5,4,0,"May 22, 2026, 11:00 AM"
pinnacle-Slc,"3,000,363",LOGOUT,"May 22, 2026, 3:30 PM","100,725",5,5,5,4,0,"May 22, 2026, 5:30 PM"
pinnacle-Slc,"3,000,363",LOGOUT,"May 22, 2026, 3:30 PM","100,726",5,5,5,4,0,"May 22, 2026, 5:30 PM"
pinnacle-Slc,"3,000,364",LOGOUT,"May 22, 2026, 3:30 PM","100,727",5,5,5,4,0,"May 22, 2026, 5:30 PM"
pinnacle-Slc,"3,000,364",LOGOUT,"May 22, 2026, 3:30 PM","100,728",5,5,5,4,0,"May 22, 2026, 5:30 PM"
pinnacle-Slc,"3,000,365",LOGIN,"May 22, 2026, 9:00 AM","100,729",5,5,5,4,0,"May 22, 2026, 11:00 AM"
pinnacle-Slc,"3,000,365",LOGIN,"May 22, 2026, 9:00 AM","100,730",5,5,5,4,0,"May 22, 2026, 11:00 AM"
pinnacle-Slc,"3,000,366",LOGIN,"May 22, 2026, 9:00 AM","100,731",5,2,5,4,0,"May 22, 2026, 11:00 AM"
pinnacle-Slc,"3,000,366",LOGIN,"May 22, 2026, 9:00 AM","100,732",5,5,5,4,0,"May 22, 2026, 11:00 AM"
pinnacle-Slc,"3,000,367",LOGOUT,"May 22, 2026, 3:30 PM","100,733",5,5,5,4,0,"May 22, 2026, 5:30 PM"
pinnacle-Slc,"3,000,367",LOGOUT,"May 22, 2026, 3:30 PM","100,734",5,5,5,4,0,"May 22, 2026, 5:30 PM"
pinnacle-Slc,"3,000,368",LOGOUT,"May 22, 2026, 3:30 PM","100,735",5,5,5,4,0,"May 22, 2026, 5:30 PM"
pinnacle-Slc,"3,000,368",LOGOUT,"May 22, 2026, 3:30 PM","100,736",5,5,5,4,0,"May 22, 2026, 5:30 PM"
pinnacle-Slc,"3,000,369",LOGIN,"May 22, 2026, 9:00 AM","100,737",5,5,5,4,0,"May 22, 2026, 11:00 AM"
pinnacle-Slc,"3,000,369",LOGIN,"May 22, 2026, 9:00 AM","100,738",5,5,5,4,0,"May 22, 2026, 11:00 AM"
pinnacle-Slc,"3,000,370",LOGIN,"May 22, 2026, 9:00 AM","100,739",5,5,5,4,0,"May 22, 2026, 11:00 AM"
pinnacle-Slc,"3,000,370",LOGIN,"May 22, 2026, 9:00 AM","100,740",5,5,5,4,0,"May 22, 2026, 11:00 AM"
pinnacle-Slc,"3,000,371",LOGOUT,"May 22, 2026, 3:30 PM","100,741",5,5,5,4,0,"May 22, 2026, 5:30 PM"
pinnacle-Slc,"3,000,371",LOGOUT,"May 22, 2026, 3:30 PM","100,742",5,5,5,4,0,"May 22, 2026, 5:30 PM"
pinnacle-Slc,"3,000,372",LOGOUT,"May 22, 2026, 3:30 PM","100,743",5,5,5,4,0,"May 22, 2026, 5:30 PM"
pinnacle-Slc,"3,000,372",LOGOUT,"May 22, 2026, 3:30 PM","100,744",5,5,5,4,0,"May 22, 2026, 5:30 PM"
pinnacle-Slc,"3,000,373",LOGIN,"May 22, 2026, 9:00 AM","100,745",5,5,5,4,0,"May 22, 2026, 11:00 AM"
pinnacle-Slc,"3,000,373",LOGIN,"May 22, 2026, 9:00 AM","100,746",5,5,5,4,0,"May 22, 2026, 11:00 AM"
pinnacle-Slc,"3,000,374",LOGIN,"May 22, 2026, 9:00 AM","100,747",5,5,5,4,0,"May 22, 2026, 11:00 AM"
pinnacle-Slc,"3,000,374",LOGIN,"May 22, 2026, 9:00 AM","100,748",5,5,5,4,0,"May 22, 2026, 11:00 AM"
pinnacle-Slc,"3,000,375",LOGOUT,"May 22, 2026, 3:30 PM","100,749",5,5,5,4,0,"May 22, 2026, 5:30 PM"
pinnacle-Slc,"3,000,375",LOGOUT,"May 22, 2026, 3:30 PM","100,750",5,5,5,4,0,"May 22, 2026, 5:30 PM"
pinnacle-Slc,"3,000,376",LOGOUT,"May 22, 2026, 3:30 PM","100,751",5,5,5,4,0,"May 22, 2026, 5:30 PM"
pinnacle-Slc,"3,000,376",LOGOUT,"May 22, 2026, 3:30 PM","100,752",5,5,5,4,0,"May 22, 2026, 5:30 PM"
pinnacle-Slc,"3,000,377",LOGIN,"May 22, 2026, 9:00 AM","100,753",5,5,5,4,0,"May 22, 2026, 11:00 AM"
pinnacle-Slc,"3,000,377",LOGIN,"May 22, 2026, 9:00 AM","100,754",5,5,5,4,0,"May 22, 2026, 11:00 AM"
pinnacle-Slc,"3,000,378",LOGIN,"May 22, 2026, 9:00 AM","100,755",5,5,5,4,0,"May 22, 2026, 11:00 AM"
pinnacle-Slc,"3,000,378",LOGIN,"May 22, 2026, 9:00 AM","100,756",5,5,5,4,0,"May 22, 2026, 11:00 AM"
pinnacle-Slc,"3,000,379",LOGOUT,"May 22, 2026, 3:30 PM","100,757",5,5,5,4,0,"May 22, 2026, 5:30 PM"
pinnacle-Slc,"3,000,379",LOGOUT,"May 22, 2026, 3:30 PM","100,758",5,5,5,4,0,"May 22, 2026, 5:30 PM"
pinnacle-Slc,"3,000,380",LOGOUT,"May 22, 2026, 3:30 PM","100,759",5,5,5,4,0,"May 22, 2026, 5:30 PM"
pinnacle-Slc,"3,000,380",LOGOUT,"May 22, 2026, 3:30 PM","100,760",5,5,5,4,0,"May 22, 2026, 5:30 PM"
pinnacle-Slc,"3,000,381",LOGIN,"May 23, 2026, 9:00 AM","100,761",5,5,5,4,0,"May 23, 2026, 11:00 AM"
pinnacle-Slc,"3,000,381",LOGIN,"May 23, 2026, 9:00 AM","100,762",5,5,5,4,0,"May 23, 2026, 11:00 AM"
pinnacle-Slc,"3,000,382",LOGIN,"May 23, 2026, 9:00 AM","100,763",5,5,5,4,0,"May 23, 2026, 11:00 AM"
pinnacle-Slc,"3,000,382",LOGIN,"May 23, 2026, 9:00 AM","100,764",5,5,5,4,0,"May 23, 2026, 11:00 AM"
pinnacle-Slc,"3,000,383",LOGOUT,"May 23, 2026, 3:30 PM","100,765",5,5,5,4,0,"May 23, 2026, 5:30 PM"
pinnacle-Slc,"3,000,383",LOGOUT,"May 23, 2026, 3:30 PM","100,766",5,5,5,4,0,"May 23, 2026, 5:30 PM"
pinnacle-Slc,"3,000,384",LOGOUT,"May 23, 2026, 3:30 PM","100,767",5,5,5,4,0,"May 23, 2026, 5:30 PM"
pinnacle-Slc,"3,000,384",LOGOUT,"May 23, 2026, 3:30 PM","100,768",5,5,5,4,0,"May 23, 2026, 5:30 PM"
pinnacle-Slc,"3,000,385",LOGIN,"May 23, 2026, 9:00 AM","100,769",5,5,5,4,0,"May 23, 2026, 11:00 AM"
pinnacle-Slc,"3,000,385",LOGIN,"May 23, 2026, 9:00 AM","100,770",5,5,5,4,0,"May 23, 2026, 11:00 AM"
pinnacle-Slc,"3,000,386",LOGIN,"May 23, 2026, 9:00 AM","100,771",5,2,5,4,0,"May 23, 2026, 11:00 AM"
pinnacle-Slc,"3,000,386",LOGIN,"May 23, 2026, 9:00 AM","100,772",5,5,5,4,0,"May 23, 2026, 11:00 AM"
pinnacle-Slc,"3,000,387",LOGOUT,"May 23, 2026, 3:30 PM","100,773",5,5,5,4,0,"May 23, 2026, 5:30 PM"
pinnacle-Slc,"3,000,387",LOGOUT,"May 23, 2026, 3:30 PM","100,774",5,5,5,4,0,"May 23, 2026, 5:30 PM"
pinnacle-Slc,"3,000,388",LOGOUT,"May 23, 2026, 3:30 PM","100,775",5,5,5,4,0,"May 23, 2026, 5:30 PM"
pinnacle-Slc,"3,000,388",LOGOUT,"May 23, 2026, 3:30 PM","100,776",5,5,5,4,0,"May 23, 2026, 5:30 PM"
pinnacle-Slc,"3,000,389",LOGIN,"May 23, 2026, 9:00 AM","100,777",5,5,5,4,0,"May 23, 2026, 11:00 AM"
pinnacle-Slc,"3,000,389",LOGIN,"May 23, 2026, 9:00 AM","100,778",5,5,5,4,0,"May 23, 2026, 11:00 AM"
pinnacle-Slc,"3,000,390",LOGIN,"May 23, 2026, 9:00 AM","100,779",5,5,5,4,0,"May 23, 2026, 11:00 AM"
pinnacle-Slc,"3,000,390",LOGIN,"May 23, 2026, 9:00 AM","100,780",5,5,5,4,0,"May 23, 2026, 11:00 AM"
pinnacle-Slc,"3,000,391",LOGOUT,"May 23, 2026, 3:30 PM","100,781",5,5,5,4,0,"May 23, 2026, 5:30 PM"
pinnacle-Slc,"3,000,391",LOGOUT,"May 23, 2026, 3:30 PM","100,782",5,5,5,4,0,"May 23, 2026, 5:30 PM"
pinnacle-Slc,"3,000,392",LOGOUT,"May 23, 2026, 3:30 PM","100,783",5,5,5,4,0,"May 23, 2026, 5:30 PM"
pinnacle-Slc,"3,000,392",LOGOUT,"May 23, 2026, 3:30 PM","100,784",5,5,5,4,0,"May 23, 2026, 5:30 PM"
pinnacle-Slc,"3,000,393",LOGIN,"May 23, 2026, 9:00 AM","100,785",5,5,5,4,0,"May 23, 2026, 11:00 AM"
pinnacle-Slc,"3,000,393",LOGIN,"May 23, 2026, 9:00 AM","100,786",5,5,5,4,0,"May 23, 2026, 11:00 AM"
pinnacle-Slc,"3,000,394",LOGIN,"May 23, 2026, 9:00 AM","100,787",5,5,5,4,0,"May 23, 2026, 11:00 AM"
pinnacle-Slc,"3,000,394",LOGIN,"May 23, 2026, 9:00 AM","100,788",5,5,5,4,0,"May 23, 2026, 11:00 AM"
pinnacle-Slc,"3,000,395",LOGOUT,"May 23, 2026, 3:30 PM","100,789",5,5,5,4,0,"May 23, 2026, 5:30 PM"
pinnacle-Slc,"3,000,395",LOGOUT,"May 23, 2026, 3:30 PM","100,790",5,5,5,4,0,"May 23, 2026, 5:30 PM"
pinnacle-Slc,"3,000,396",LOGOUT,"May 23, 2026, 3:30 PM","100,791",5,5,5,4,0,"May 23, 2026, 5:30 PM"
pinnacle-Slc,"3,000,396",LOGOUT,"May 23, 2026, 3:30 PM","100,792",5,5,5,4,0,"May 23, 2026, 5:30 PM"
pinnacle-Slc,"3,000,397",LOGIN,"May 23, 2026, 9:00 AM","100,793",5,5,5,4,0,"May 23, 2026, 11:00 AM"
pinnacle-Slc,"3,000,397",LOGIN,"May 23, 2026, 9:00 AM","100,794",5,5,5,4,0,"May 23, 2026, 11:00 AM"
pinnacle-Slc,"3,000,398",LOGIN,"May 23, 2026, 9:00 AM","100,795",5,5,5,4,0,"May 23, 2026, 11:00 AM"
pinnacle-Slc,"3,000,398",LOGIN,"May 23, 2026, 9:00 AM","100,796",5,5,5,4,0,"May 23, 2026, 11:00 AM"
pinnacle-Slc,"3,000,399",LOGOUT,"May 23, 2026, 3:30 PM","100,797",5,5,5,4,0,"May 23, 2026, 5:30 PM"
pinnacle-Slc,"3,000,399",LOGOUT,"May 23, 2026, 3:30 PM","100,798",5,5,5,4,0,"May 23, 2026, 5:30 PM"
pinnacle-Slc,"3,000,400",LOGOUT,"May 23, 2026, 3:30 PM","100,799",5,5,5,4,0,"May 23, 2026, 5:30 PM"
pinnacle-Slc,"3,000,400",LOGOUT,"May 23, 2026, 3:30 PM","100,800",5,5,5,4,0,"May 23, 2026, 5:30 PM"
pinnacle-Slc,"3,000,401",LOGIN,"May 24, 2026, 9:00 AM","100,801",5,5,5,4,0,"May 24, 2026, 11:00 AM"
pinnacle-Slc,"3,000,401",LOGIN,"May 24, 2026, 9:00 AM","100,802",5,5,5,4,0,"May 24, 2026, 11:00 AM"
pinnacle-Slc,"3,000,402",LOGIN,"May 24, 2026, 9:00 AM","100,803",5,5,5,4,0,"May 24, 2026, 11:00 AM"
pinnacle-Slc,"3,000,402",LOGIN,"May 24, 2026, 9:00 AM","100,804",5,5,5,4,0,"May 24, 2026, 11:00 AM"
pinnacle-Slc,"3,000,403",LOGOUT,"May 24, 2026, 3:30 PM","100,805",5,5,5,4,0,"May 24, 2026, 5:30 PM"
pinnacle-Slc,"3,000,403",LOGOUT,"May 24, 2026, 3:30 PM","100,806",5,5,5,4,0,"May 24, 2026, 5:30 PM"
pinnacle-Slc,"3,000,404",LOGOUT,"May 24, 2026, 3:30 PM","100,807",5,5,5,4,0,"May 24, 2026, 5:30 PM"
pinnacle-Slc,"3,000,404",LOGOUT,"May 24, 2026, 3:30 PM","100,808",5,5,5,4,0,"May 24, 2026, 5:30 PM"
pinnacle-Slc,"3,000,405",LOGIN,"May 24, 2026, 9:00 AM","100,809",5,5,5,4,0,"May 24, 2026, 11:00 AM"
pinnacle-Slc,"3,000,405",LOGIN,"May 24, 2026, 9:00 AM","100,810",5,5,5,4,0,"May 24, 2026, 11:00 AM"
pinnacle-Slc,"3,000,406",LOGIN,"May 24, 2026, 9:00 AM","100,811",5,2,5,4,0,"May 24, 2026, 11:00 AM"
pinnacle-Slc,"3,000,406",LOGIN,"May 24, 2026, 9:00 AM","100,812",5,5,5,4,0,"May 24, 2026, 11:00 AM"
pinnacle-Slc,"3,000,407",LOGOUT,"May 24, 2026, 3:30 PM","100,813",5,5,5,4,0,"May 24, 2026, 5:30 PM"
pinnacle-Slc,"3,000,407",LOGOUT,"May 24, 2026, 3:30 PM","100,814",5,5,5,4,0,"May 24, 2026, 5:30 PM"
pinnacle-Slc,"3,000,408",LOGOUT,"May 24, 2026, 3:30 PM","100,815",5,5,5,4,0,"May 24, 2026, 5:30 PM"
pinnacle-Slc,"3,000,408",LOGOUT,"May 24, 2026, 3:30 PM","100,816",5,5,5,4,0,"May 24, 2026, 5:30 PM"
pinnacle-Slc,"3,000,409",LOGIN,"May 24, 2026, 9:00 AM","100,817",5,5,5,4,0,"May 24, 2026, 11:00 AM"
pinnacle-Slc,"3,000,409",LOGIN,"May 24, 2026, 9:00 AM","100,818",5,5,5,4,0,"May 24, 2026, 11:00 AM"
pinnacle-Slc,"3,000,410",LOGIN,"May 24, 2026, 9:00 AM","100,819",5,5,5,4,0,"May 24, 2026, 11:00 AM"
pinnacle-Slc,"3,000,410",LOGIN,"May 24, 2026, 9:00 AM","100,820",5,5,5,4,0,"May 24, 2026, 11:00 AM"
pinnacle-Slc,"3,000,411",LOGOUT,"May 24, 2026, 3:30 PM","100,821",5,5,5,4,0,"May 24, 2026, 5:30 PM"
pinnacle-Slc,"3,000,411",LOGOUT,"May 24, 2026, 3:30 PM","100,822",5,5,5,4,0,"May 24, 2026, 5:30 PM"
pinnacle-Slc,"3,000,412",LOGOUT,"May 24, 2026, 3:30 PM","100,823",5,5,5,4,0,"May 24, 2026, 5:30 PM"
pinnacle-Slc,"3,000,412",LOGOUT,"May 24, 2026, 3:30 PM","100,824",5,5,5,4,0,"May 24, 2026, 5:30 PM"
pinnacle-Slc,"3,000,413",LOGIN,"May 24, 2026, 9:00 AM","100,825",5,5,5,4,0,"May 24, 2026, 11:00 AM"
pinnacle-Slc,"3,000,413",LOGIN,"May 24, 2026, 9:00 AM","100,826",5,5,5,4,0,"May 24, 2026, 11:00 AM"
pinnacle-Slc,"3,000,414",LOGIN,"May 24, 2026, 9:00 AM","100,827",5,5,5,4,0,"May 24, 2026, 11:00 AM"
pinnacle-Slc,"3,000,414",LOGIN,"May 24, 2026, 9:00 AM","100,828",5,5,5,4,0,"May 24, 2026, 11:00 AM"
pinnacle-Slc,"3,000,415",LOGOUT,"May 24, 2026, 3:30 PM","100,829",5,5,5,4,0,"May 24, 2026, 5:30 PM"
pinnacle-Slc,"3,000,415",LOGOUT,"May 24, 2026, 3:30 PM","100,830",5,5,5,4,0,"May 24, 2026, 5:30 PM"
pinnacle-Slc,"3,000,416",LOGOUT,"May 24, 2026, 3:30 PM","100,831",5,5,5,4,0,"May 24, 2026, 5:30 PM"
pinnacle-Slc,"3,000,416",LOGOUT,"May 24, 2026, 3:30 PM","100,832",5,5,5,4,0,"May 24, 2026, 5:30 PM"
pinnacle-Slc,"3,000,417",LOGIN,"May 24, 2026, 9:00 AM","100,833",5,5,5,4,0,"May 24, 2026, 11:00 AM"
pinnacle-Slc,"3,000,417",LOGIN,"May 24, 2026, 9:00 AM","100,834",5,5,5,4,0,"May 24, 2026, 11:00 AM"
pinnacle-Slc,"3,000,418",LOGIN,"May 24, 2026, 9:00 AM","100,835",5,5,5,4,0,"May 24, 2026, 11:00 AM"
pinnacle-Slc,"3,000,418",LOGIN,"May 24, 2026, 9:00 AM","100,836",5,5,5,4,0,"May 24, 2026, 11:00 AM"
pinnacle-Slc,"3,000,419",LOGOUT,"May 24, 2026, 3:30 PM","100,837",5,5,5,4,0,"May 24, 2026, 5:30 PM"
pinnacle-Slc,"3,000,419",LOGOUT,"May 24, 2026, 3:30 PM","100,838",5,5,5,4,0,"May 24, 2026, 5:30 PM"
pinnacle-Slc,"3,000,420",LOGOUT,"May 24, 2026, 3:30 PM","100,839",5,5,5,4,0,"May 24, 2026, 5:30 PM"
pinnacle-Slc,"3,000,420",LOGOUT,"May 24, 2026, 3:30 PM","100,840",5,5,5,4,0,"May 24, 2026, 5:30 PM"
pinnacle-Slc,"3,000,421",LOGIN,"May 25, 2026, 9:00 AM","100,841",5,5,5,4,0,"May 25, 2026, 11:00 AM"
pinnacle-Slc,"3,000,421",LOGIN,"May 25, 2026, 9:00 AM","100,842",5,5,5,4,0,"May 25, 2026, 11:00 AM"
pinnacle-Slc,"3,000,422",LOGIN,"May 25, 2026, 9:00 AM","100,843",5,5,5,4,0,"May 25, 2026, 11:00 AM"
pinnacle-Slc,"3,000,422",LOGIN,"May 25, 2026, 9:00 AM","100,844",5,5,5,4,0,"May 25, 2026, 11:00 AM"
pinnacle-Slc,"3,000,423",LOGOUT,"May 25, 2026, 3:30 PM","100,845",5,5,5,4,0,"May 25, 2026, 5:30 PM"
pinnacle-Slc,"3,000,423",LOGOUT,"May 25, 2026, 3:30 PM","100,846",5,5,5,4,0,"May 25, 2026, 5:30 PM"
pinnacle-Slc,"3,000,424",LOGOUT,"May 25, 2026, 3:30 PM","100,847",5,5,5,4,0,"May 25, 2026, 5:30 PM"
pinnacle-Slc,"3,000,424",LOGOUT,"May 25, 2026, 3:30 PM","100,848",5,5,5,4,0,"May 25, 2026, 5:30 PM"
pinnacle-Slc,"3,000,425",LOGIN,"May 25, 2026, 9:00 AM","100,849",5,5,5,4,0,"May 25, 2026, 11:00 AM"
pinnacle-Slc,"3,000,425",LOGIN,"May 25, 2026, 9:00 AM","100,850",5,5,5,4,0,"May 25, 2026, 11:00 AM"
pinnacle-Slc,"3,000,426",LOGIN,"May 25, 2026, 9:00 AM","100,851",5,2,5,4,0,"May 25, 2026, 11:00 AM"
pinnacle-Slc,"3,000,426",LOGIN,"May 25, 2026, 9:00 AM","100,852",5,5,5,4,0,"May 25, 2026, 11:00 AM"
pinnacle-Slc,"3,000,427",LOGOUT,"May 25, 2026, 3:30 PM","100,853",5,5,5,4,0,"May 25, 2026, 5:30 PM"
pinnacle-Slc,"3,000,427",LOGOUT,"May 25, 2026, 3:30 PM","100,854",5,5,5,4,0,"May 25, 2026, 5:30 PM"
pinnacle-Slc,"3,000,428",LOGOUT,"May 25, 2026, 3:30 PM","100,855",5,5,5,4,0,"May 25, 2026, 5:30 PM"
pinnacle-Slc,"3,000,428",LOGOUT,"May 25, 2026, 3:30 PM","100,856",5,5,5,4,0,"May 25, 2026, 5:30 PM"
pinnacle-Slc,"3,000,429",LOGIN,"May 25, 2026, 9:00 AM","100,857",5,5,5,4,0,"May 25, 2026, 11:00 AM"
pinnacle-Slc,"3,000,429",LOGIN,"May 25, 2026, 9:00 AM","100,858",5,5,5,4,0,"May 25, 2026, 11:00 AM"
pinnacle-Slc,"3,000,430",LOGIN,"May 25, 2026, 9:00 AM","100,859",5,5,5,4,0,"May 25, 2026, 11:00 AM"
pinnacle-Slc,"3,000,430",LOGIN,"May 25, 2026, 9:00 AM","100,860",5,5,5,4,0,"May 25, 2026, 11:00 AM"
pinnacle-Slc,"3,000,431",LOGOUT,"May 25, 2026, 3:30 PM","100,861",5,5,5,4,0,"May 25, 2026, 5:30 PM"
pinnacle-Slc,"3,000,431",LOGOUT,"May 25, 2026, 3:30 PM","100,862",5,5,5,4,0,"May 25, 2026, 5:30 PM"
pinnacle-Slc,"3,000,432",LOGOUT,"May 25, 2026, 3:30 PM","100,863",5,5,5,4,0,"May 25, 2026, 5:30 PM"
pinnacle-Slc,"3,000,432",LOGOUT,"May 25, 2026, 3:30 PM","100,864",5,5,5,4,0,"May 25, 2026, 5:30 PM"
pinnacle-Slc,"3,000,433",LOGIN,"May 25, 2026, 9:00 AM","100,865",5,5,5,4,0,"May 25, 2026, 11:00 AM"
pinnacle-Slc,"3,000,433",LOGIN,"May 25, 2026, 9:00 AM","100,866",5,5,5,4,0,"May 25, 2026, 11:00 AM"
pinnacle-Slc,"3,000,434",LOGIN,"May 25, 2026, 9:00 AM","100,867",5,5,5,4,0,"May 25, 2026, 11:00 AM"
pinnacle-Slc,"3,000,434",LOGIN,"May 25, 2026, 9:00 AM","100,868",5,5,5,4,0,"May 25, 2026, 11:00 AM"
pinnacle-Slc,"3,000,435",LOGOUT,"May 25, 2026, 3:30 PM","100,869",5,5,5,4,0,"May 25, 2026, 5:30 PM"
pinnacle-Slc,"3,000,435",LOGOUT,"May 25, 2026, 3:30 PM","100,870",5,5,5,4,0,"May 25, 2026, 5:30 PM"
pinnacle-Slc,"3,000,436",LOGOUT,"May 25, 2026, 3:30 PM","100,871",5,5,5,4,0,"May 25, 2026, 5:30 PM"
pinnacle-Slc,"3,000,436",LOGOUT,"May 25, 2026, 3:30 PM","100,872",5,5,5,4,0,"May 25, 2026, 5:30 PM"
pinnacle-Slc,"3,000,437",LOGIN,"May 25, 2026, 9:00 AM","100,873",5,5,5,4,0,"May 25, 2026, 11:00 AM"
pinnacle-Slc,"3,000,437",LOGIN,"May 25, 2026, 9:00 AM","100,874",5,5,5,4,0,"May 25, 2026, 11:00 AM"
pinnacle-Slc,"3,000,438",LOGIN,"May 25, 2026, 9:00 AM","100,875",5,5,5,4,0,"May 25, 2026, 11:00 AM"
pinnacle-Slc,"3,000,438",LOGIN,"May 25, 2026, 9:00 AM","100,876",5,5,5,4,0,"May 25, 2026, 11:00 AM"
pinnacle-Slc,"3,000,439",LOGOUT,"May 25, 2026, 3:30 PM","100,877",5,5,5,4,0,"May 25, 2026, 5:30 PM"
pinnacle-Slc,"3,000,439",LOGOUT,"May 25, 2026, 3:30 PM","100,878",5,5,5,4,0,"May 25, 2026, 5:30 PM"
pinnacle-Slc,"3,000,440",LOGOUT,"May 25, 2026, 3:30 PM","100,879",5,5,5,4,0,"May 25, 2026, 5:30 PM"
pinnacle-Slc,"3,000,440",LOGOUT,"May 25, 2026, 3:30 PM","100,880",5,5,5,4,0,"May 25, 2026, 5:30 PM"
pinnacle-Slc,"3,000,441",LOGIN,"May 26, 2026, 9:00 AM","100,881",5,5,5,4,0,"May 26, 2026, 11:00 AM"
pinnacle-Slc,"3,000,441",LOGIN,"May 26, 2026, 9:00 AM","100,882",5,5,5,4,0,"May 26, 2026, 11:00 AM"
pinnacle-Slc,"3,000,442",LOGIN,"May 26, 2026, 9:00 AM","100,883",5,5,5,4,0,"May 26, 2026, 11:00 AM"
pinnacle-Slc,"3,000,442",LOGIN,"May 26, 2026, 9:00 AM","100,884",5,5,5,4,0,"May 26, 2026, 11:00 AM"
pinnacle-Slc,"3,000,443",LOGOUT,"May 26, 2026, 3:30 PM","100,885",5,5,5,4,0,"May 26, 2026, 5:30 PM"
pinnacle-Slc,"3,000,443",LOGOUT,"May 26, 2026, 3:30 PM","100,886",5,5,5,4,0,"May 26, 2026, 5:30 PM"
pinnacle-Slc,"3,000,444",LOGOUT,"May 26, 2026, 3:30 PM","100,887",5,5,5,4,0,"May 26, 2026, 5:30 PM"
pinnacle-Slc,"3,000,444",LOGOUT,"May 26, 2026, 3:30 PM","100,888",5,5,5,4,0,"May 26, 2026, 5:30 PM"
pinnacle-Slc,"3,000,445",LOGIN,"May 26, 2026, 9:00 AM","100,889",5,5,5,4,0,"May 26, 2026, 11:00 AM"
pinnacle-Slc,"3,000,445",LOGIN,"May 26, 2026, 9:00 AM","100,890",5,5,5,4,0,"May 26, 2026, 11:00 AM"
pinnacle-Slc,"3,000,446",LOGIN,"May 26, 2026, 9:00 AM","100,891",5,2,5,4,0,"May 26, 2026, 11:00 AM"
pinnacle-Slc,"3,000,446",LOGIN,"May 26, 2026, 9:00 AM","100,892",5,5,5,4,0,"May 26, 2026, 11:00 AM"
pinnacle-Slc,"3,000,447",LOGOUT,"May 26, 2026, 3:30 PM","100,893",5,5,5,4,0,"May 26, 2026, 5:30 PM"
pinnacle-Slc,"3,000,447",LOGOUT,"May 26, 2026, 3:30 PM","100,894",5,5,5,4,0,"May 26, 2026, 5:30 PM"
pinnacle-Slc,"3,000,448",LOGOUT,"May 26, 2026, 3:30 PM","100,895",5,5,5,4,0,"May 26, 2026, 5:30 PM"
pinnacle-Slc,"3,000,448",LOGOUT,"May 26, 2026, 3:30 PM","100,896",5,5,5,4,0,"May 26, 2026, 5:30 PM"
pinnacle-Slc,"3,000,449",LOGIN,"May 26, 2026, 9:00 AM","100,897",5,5,5,4,0,"May 26, 2026, 11:00 AM"
pinnacle-Slc,"3,000,449",LOGIN,"May 26, 2026, 9:00 AM","100,898",5,5,5,4,0,"May 26, 2026, 11:00 AM"
pinnacle-Slc,"3,000,450",LOGIN,"May 26, 2026, 9:00 AM","100,899",5,5,5,4,0,"May 26, 2026, 11:00 AM"
pinnacle-Slc,"3,000,450",LOGIN,"May 26, 2026, 9:00 AM","100,900",5,5,5,4,0,"May 26, 2026, 11:00 AM"
pinnacle-Slc,"3,000,451",LOGOUT,"May 26, 2026, 3:30 PM","100,901",5,5,5,4,0,"May 26, 2026, 5:30 PM"
pinnacle-Slc,"3,000,451",LOGOUT,"May 26, 2026, 3:30 PM","100,902",5,5,5,4,0,"May 26, 2026, 5:30 PM"
pinnacle-Slc,"3,000,452",LOGOUT,"May 26, 2026, 3:30 PM","100,903",5,5,5,4,0,"May 26, 2026, 5:30 PM"
pinnacle-Slc,"3,000,452",LOGOUT,"May 26, 2026, 3:30 PM","100,904",5,5,5,4,0,"May 26, 2026, 5:30 PM"
pinnacle-Slc,"3,000,453",LOGIN,"May 26, 2026, 9:00 AM","100,905",5,5,5,4,0,"May 26, 2026, 11:00 AM"
pinnacle-Slc,"3,000,453",LOGIN,"May 26, 2026, 9:00 AM","100,906",5,5,5,4,0,"May 26, 2026, 11:00 AM"
pinnacle-Slc,"3,000,454",LOGIN,"May 26, 2026, 9:00 AM","100,907",5,5,5,4,0,"May 26, 2026, 11:00 AM"
pinnacle-Slc,"3,000,454",LOGIN,"May 26, 2026, 9:00 AM","100,908",5,5,5,4,0,"May 26, 2026, 11:00 AM"
pinnacle-Slc,"3,000,455",LOGOUT,"May 26, 2026, 3:30 PM","100,909",5,5,5,4,0,"May 26, 2026, 5:30 PM"
pinnacle-Slc,"3,000,455",LOGOUT,"May 26, 2026, 3:30 PM","100,910",5,5,5,4,0,"May 26, 2026, 5:30 PM"
pinnacle-Slc,"3,000,456",LOGOUT,"May 26, 2026, 3:30 PM","100,911",5,5,5,4,0,"May 26, 2026, 5:30 PM"
pinnacle-Slc,"3,000,456",LOGOUT,"May 26, 2026, 3:30 PM","100,912",5,5,5,4,0,"May 26, 2026, 5:30 PM"
pinnacle-Slc,"3,000,457",LOGIN,"May 26, 2026, 9:00 AM","100,913",5,5,5,4,0,"May 26, 2026, 11:00 AM"
pinnacle-Slc,"3,000,457",LOGIN,"May 26, 2026, 9:00 AM","100,914",5,5,5,4,0,"May 26, 2026, 11:00 AM"
pinnacle-Slc,"3,000,458",LOGIN,"May 26, 2026, 9:00 AM","100,915",5,5,5,4,0,"May 26, 2026, 11:00 AM"
pinnacle-Slc,"3,000,458",LOGIN,"May 26, 2026, 9:00 AM","100,916",5,5,5,4,0,"May 26, 2026, 11:00 AM"
pinnacle-Slc,"3,000,459",LOGOUT,"May 26, 2026, 3:30 PM","100,917",5,5,5,4,0,"May 26, 2026, 5:30 PM"
pinnacle-Slc,"3,000,459",LOGOUT,"May 26, 2026, 3:30 PM","100,918",5,5,5,4,0,"May 26, 2026, 5:30 PM"
pinnacle-Slc,"3,000,460",LOGOUT,"May 26, 2026, 3:30 PM","100,919",5,5,5,4,0,"May 26, 2026, 5:30 PM"
pinnacle-Slc,"3,000,460",LOGOUT,"May 26, 2026, 3:30 PM","100,920",5,5,5,4,0,"May 26, 2026, 5:30 PM"
pinnacle-Slc,"3,000,461",LOGIN,"May 27, 2026, 9:00 AM","100,921",5,5,5,4,0,"May 27, 2026, 11:00 AM"
pinnacle-Slc,"3,000,461",LOGIN,"May 27, 2026, 9:00 AM","100,922",5,5,5,4,0,"May 27, 2026, 11:00 AM"
pinnacle-Slc,"3,000,462",LOGIN,"May 27, 2026, 9:00 AM","100,923",5,5,5,4,0,"May 27, 2026, 11:00 AM"
pinnacle-Slc,"3,000,462",LOGIN,"May 27, 2026, 9:00 AM","100,924",5,5,5,4,0,"May 27, 2026, 11:00 AM"
pinnacle-Slc,"3,000,463",LOGOUT,"May 27, 2026, 3:30 PM","100,925",5,5,5,4,0,"May 27, 2026, 5:30 PM"
pinnacle-Slc,"3,000,463",LOGOUT,"May 27, 2026, 3:30 PM","100,926",5,5,5,4,0,"May 27, 2026, 5:30 PM"
pinnacle-Slc,"3,000,464",LOGOUT,"May 27, 2026, 3:30 PM","100,927",5,5,5,4,0,"May 27, 2026, 5:30 PM"
pinnacle-Slc,"3,000,464",LOGOUT,"May 27, 2026, 3:30 PM","100,928",5,5,5,4,0,"May 27, 2026, 5:30 PM"
pinnacle-Slc,"3,000,465",LOGIN,"May 27, 2026, 9:00 AM","100,929",5,5,5,4,0,"May 27, 2026, 11:00 AM"
pinnacle-Slc,"3,000,465",LOGIN,"May 27, 2026, 9:00 AM","100,930",5,5,5,4,0,"May 27, 2026, 11:00 AM"
pinnacle-Slc,"3,000,466",LOGIN,"May 27, 2026, 9:00 AM","100,931",5,2,5,4,0,"May 27, 2026, 11:00 AM"
pinnacle-Slc,"3,000,466",LOGIN,"May 27, 2026, 9:00 AM","100,932",5,5,5,4,0,"May 27, 2026, 11:00 AM"
pinnacle-Slc,"3,000,467",LOGOUT,"May 27, 2026, 3:30 PM","100,933",5,5,5,4,0,"May 27, 2026, 5:30 PM"
pinnacle-Slc,"3,000,467",LOGOUT,"May 27, 2026, 3:30 PM","100,934",5,5,5,4,0,"May 27, 2026, 5:30 PM"
pinnacle-Slc,"3,000,468",LOGOUT,"May 27, 2026, 3:30 PM","100,935",5,5,5,4,0,"May 27, 2026, 5:30 PM"
pinnacle-Slc,"3,000,468",LOGOUT,"May 27, 2026, 3:30 PM","100,936",5,5,5,4,0,"May 27, 2026, 5:30 PM"
pinnacle-Slc,"3,000,469",LOGIN,"May 27, 2026, 9:00 AM","100,937",5,5,5,4,0,"May 27, 2026, 11:00 AM"
pinnacle-Slc,"3,000,469",LOGIN,"May 27, 2026, 9:00 AM","100,938",5,5,5,4,0,"May 27, 2026, 11:00 AM"
pinnacle-Slc,"3,000,470",LOGIN,"May 27, 2026, 9:00 AM","100,939",5,5,5,4,0,"May 27, 2026, 11:00 AM"
pinnacle-Slc,"3,000,470",LOGIN,"May 27, 2026, 9:00 AM","100,940",5,5,5,4,0,"May 27, 2026, 11:00 AM"
pinnacle-Slc,"3,000,471",LOGOUT,"May 27, 2026, 3:30 PM","100,941",5,5,5,4,0,"May 27, 2026, 5:30 PM"
pinnacle-Slc,"3,000,471",LOGOUT,"May 27, 2026, 3:30 PM","100,942",5,5,5,4,0,"May 27, 2026, 5:30 PM"
pinnacle-Slc,"3,000,472",LOGOUT,"May 27, 2026, 3:30 PM","100,943",5,5,5,4,0,"May 27, 2026, 5:30 PM"
pinnacle-Slc,"3,000,472",LOGOUT,"May 27, 2026, 3:30 PM","100,944",5,5,5,4,0,"May 27, 2026, 5:30 PM"
pinnacle-Slc,"3,000,473",LOGIN,"May 27, 2026, 9:00 AM","100,945",5,5,5,4,0,"May 27, 2026, 11:00 AM"
pinnacle-Slc,"3,000,473",LOGIN,"May 27, 2026, 9:00 AM","100,946",5,5,5,4,0,"May 27, 2026, 11:00 AM"
pinnacle-Slc,"3,000,474",LOGIN,"May 27, 2026, 9:00 AM","100,947",5,5,5,4,0,"May 27, 2026, 11:00 AM"
pinnacle-Slc,"3,000,474",LOGIN,"May 27, 2026, 9:00 AM","100,948",5,5,5,4,0,"May 27, 2026, 11:00 AM"
pinnacle-Slc,"3,000,475",LOGOUT,"May 27, 2026, 3:30 PM","100,949",5,5,5,4,0,"May 27, 2026, 5:30 PM"
pinnacle-Slc,"3,000,475",LOGOUT,"May 27, 2026, 3:30 PM","100,950",5,5,5,4,0,"May 27, 2026, 5:30 PM"
pinnacle-Slc,"3,000,476",LOGOUT,"May 27, 2026, 3:30 PM","100,951",5,5,5,4,0,"May 27, 2026, 5:30 PM"
pinnacle-Slc,"3,000,476",LOGOUT,"May 27, 2026, 3:30 PM","100,952",5,5,5,4,0,"May 27, 2026, 5:30 PM"
pinnacle-Slc,"3,000,477",LOGIN,"May 27, 2026, 9:00 AM","100,953",5,5,5,4,0,"May 27, 2026, 11:00 AM"
pinnacle-Slc,"3,000,477",LOGIN,"May 27, 2026, 9:00 AM","100,954",5,5,5,4,0,"May 27, 2026, 11:00 AM"
pinnacle-Slc,"3,000,478",LOGIN,"May 27, 2026, 9:00 AM","100,955",5,5,5,4,0,"May 27, 2026, 11:00 AM"
pinnacle-Slc,"3,000,478",LOGIN,"May 27, 2026, 9:00 AM","100,956",5,5,5,4,0,"May 27, 2026, 11:00 AM"
pinnacle-Slc,"3,000,479",LOGOUT,"May 27, 2026, 3:30 PM","100,957",5,5,5,4,0,"May 27, 2026, 5:30 PM"
pinnacle-Slc,"3,000,479",LOGOUT,"May 27, 2026, 3:30 PM","100,958",5,5,5,4,0,"May 27, 2026, 5:30 PM"
pinnacle-Slc,"3,000,480",LOGOUT,"May 27, 2026, 3:30 PM","100,959",5,5,5,4,0,"May 27, 2026, 5:30 PM"
pinnacle-Slc,"3,000,480",LOGOUT,"May 27, 2026, 3:30 PM","100,960",5,5,5,4,0,"May 27, 2026, 5:30 PM"
pinnacle-Slc,"3,000,481",LOGIN,"May 28, 2026, 9:00 AM","100,961",5,5,5,4,0,"May 28, 2026, 11:00 AM"
pinnacle-Slc,"3,000,481",LOGIN,"May 28, 2026, 9:00 AM","100,962",5,5,5,4,0,"May 28, 2026, 11:00 AM"
pinnacle-Slc,"3,000,482",LOGIN,"May 28, 2026, 9:00 AM","100,963",5,5,5,4,0,"May 28, 2026, 11:00 AM"
pinnacle-Slc,"3,000,482",LOGIN,"May 28, 2026, 9:00 AM","100,964",5,5,5,4,0,"May 28, 2026, 11:00 AM"
pinnacle-Slc,"3,000,483",LOGOUT,"May 28, 2026, 3:30 PM","100,965",5,5,5,4,0,"May 28, 2026, 5:30 PM"
pinnacle-Slc,"3,000,483",LOGOUT,"May 28, 2026, 3:30 PM","100,966",5,5,5,4,0,"May 28, 2026, 5:30 PM"
pinnacle-Slc,"3,000,484",LOGOUT,"May 28, 2026, 3:30 PM","100,967",5,5,5,4,0,"May 28, 2026, 5:30 PM"
pinnacle-Slc,"3,000,484",LOGOUT,"May 28, 2026, 3:30 PM","100,968",5,5,5,4,0,"May 28, 2026, 5:30 PM"
pinnacle-Slc,"3,000,485",LOGIN,"May 28, 2026, 9:00 AM","100,969",5,5,5,4,0,"May 28, 2026, 11:00 AM"
pinnacle-Slc,"3,000,485",LOGIN,"May 28, 2026, 9:00 AM","100,970",5,5,5,4,0,"May 28, 2026, 11:00 AM"
pinnacle-Slc,"3,000,486",LOGIN,"May 28, 2026, 9:00 AM","100,971",5,2,5,4,0,"May 28, 2026, 11:00 AM"
pinnacle-Slc,"3,000,486",LOGIN,"May 28, 2026, 9:00 AM","100,972",5,5,5,4,0,"May 28, 2026, 11:00 AM"
pinnacle-Slc,"3,000,487",LOGOUT,"May 28, 2026, 3:30 PM","100,973",5,5,5,4,0,"May 28, 2026, 5:30 PM"
pinnacle-Slc,"3,000,487",LOGOUT,"May 28, 2026, 3:30 PM","100,974",5,5,5,4,0,"May 28, 2026, 5:30 PM"
pinnacle-Slc,"3,000,488",LOGOUT,"May 28, 2026, 3:30 PM","100,975",5,5,5,4,0,"May 28, 2026, 5:30 PM"
pinnacle-Slc,"3,000,488",LOGOUT,"May 28, 2026, 3:30 PM","100,976",5,5,5,4,0,"May 28, 2026, 5:30 PM"
pinnacle-Slc,"3,000,489",LOGIN,"May 28, 2026, 9:00 AM","100,977",5,5,5,4,0,"May 28, 2026, 11:00 AM"
pinnacle-Slc,"3,000,489",LOGIN,"May 28, 2026, 9:00 AM","100,978",5,5,5,4,0,"May 28, 2026, 11:00 AM"
pinnacle-Slc,"3,000,490",LOGIN,"May 28, 2026, 9:00 AM","100,979",5,5,5,4,0,"May 28, 2026, 11:00 AM"
pinnacle-Slc,"3,000,490",LOGIN,"May 28, 2026, 9:00 AM","100,980",5,5,5,4,0,"May 28, 2026, 11:00 AM"
pinnacle-Slc,"3,000,491",LOGOUT,"May 28, 2026, 3:30 PM","100,981",5,5,5,4,0,"May 28, 2026, 5:30 PM"
pinnacle-Slc,"3,000,491",LOGOUT,"May 28, 2026, 3:30 PM","100,982",5,5,5,4,0,"May 28, 2026, 5:30 PM"
pinnacle-Slc,"3,000,492",LOGOUT,"May 28, 2026, 3:30 PM","100,983",5,5,5,4,0,"May 28, 2026, 5:30 PM"
pinnacle-Slc,"3,000,492",LOGOUT,"May 28, 2026, 3:30 PM","100,984",5,5,5,4,0,"May 28, 2026, 5:30 PM"
pinnacle-Slc,"3,000,493",LOGIN,"May 28, 2026, 9:00 AM","100,985",5,5,5,4,0,"May 28, 2026, 11:00 AM"
pinnacle-Slc,"3,000,493",LOGIN,"May 28, 2026, 9:00 AM","100,986",5,5,5,4,0,"May 28, 2026, 11:00 AM"
pinnacle-Slc,"3,000,494",LOGIN,"May 28, 2026, 9:00 AM","100,987",5,5,5,4,0,"May 28, 2026, 11:00 AM"
pinnacle-Slc,"3,000,494",LOGIN,"May 28, 2026, 9:00 AM","100,988",5,5,5,4,0,"May 28, 2026, 11:00 AM"
pinnacle-Slc,"3,000,495",LOGOUT,"May 28, 2026, 3:30 PM","100,989",5,5,5,4,0,"May 28, 2026, 5:30 PM"
pinnacle-Slc,"3,000,495",LOGOUT,"May 28, 2026, 3:30 PM","100,990",5,5,5,4,0,"May 28, 2026, 5:30 PM"
pinnacle-Slc,"3,000,496",LOGOUT,"May 28, 2026, 3:30 PM","100,991",5,5,5,4,0,"May 28, 2026, 5:30 PM"
pinnacle-Slc,"3,000,496",LOGOUT,"May 28, 2026, 3:30 PM","100,992",5,5,5,4,0,"May 28, 2026, 5:30 PM"
pinnacle-Slc,"3,000,497",LOGIN,"May 28, 2026, 9:00 AM","100,993",5,5,5,4,0,"May 28, 2026, 11:00 AM"
pinnacle-Slc,"3,000,497",LOGIN,"May 28, 2026, 9:00 AM","100,994",5,5,5,4,0,"May 28, 2026, 11:00 AM"
pinnacle-Slc,"3,000,498",LOGIN,"May 28, 2026, 9:00 AM","100,995",5,5,5,4,0,"May 28, 2026, 11:00 AM"
pinnacle-Slc,"3,000,498",LOGIN,"May 28, 2026, 9:00 AM","100,996",5,5,5,4,0,"May 28, 2026, 11:00 AM"
pinnacle-Slc,"3,000,499",LOGOUT,"May 28, 2026, 3:30 PM","100,997",5,5,5,4,0,"May 28, 2026, 5:30 PM"
pinnacle-Slc,"3,000,499",LOGOUT,"May 28, 2026, 3:30 PM","100,998",5,5,5,4,0,"May 28, 2026, 5:30 PM"
pinnacle-Slc,"3,000,500",LOGOUT,"May 28, 2026, 3:30 PM","100,999",5,5,5,4,0,"May 28, 2026, 5:30 PM"
pinnacle-Slc,"3,000,500",LOGOUT,"May 28, 2026, 3:30 PM","101,000",5,5,5,4,0,"May 28, 2026, 5:30 PM"
pinnacle-Slc,"3,000,501",LOGIN,"May 29, 2026, 9:00 AM","101,001",5,5,5,4,0,"May 29, 2026, 11:00 AM"
pinnacle-Slc,"3,000,501",LOGIN,"May 29, 2026, 9:00 AM","101,002",5,5,5,4,0,"May 29, 2026, 11:00 AM"
pinnacle-Slc,"3,000,502",LOGIN,"May 29, 2026, 9:00 AM","101,003",5,5,5,4,0,"May 29, 2026, 11:00 AM"
pinnacle-Slc,"3,000,502",LOGIN,"May 29, 2026, 9:00 AM","101,004",5,5,5,4,0,"May 29, 2026, 11:00 AM"
pinnacle-Slc,"3,000,503",LOGOUT,"May 29, 2026, 3:30 PM","101,005",5,5,5,4,0,"May 29, 2026, 5:30 PM"
pinnacle-Slc,"3,000,503",LOGOUT,"May 29, 2026, 3:30 PM","101,006",5,5,5,4,0,"May 29, 2026, 5:30 PM"
pinnacle-Slc,"3,000,504",LOGOUT,"May 29, 2026, 3:30 PM","101,007",5,5,5,4,0,"May 29, 2026, 5:30 PM"
pinnacle-Slc,"3,000,504",LOGOUT,"May 29, 2026, 3:30 PM","101,008",5,5,5,4,0,"May 29, 2026, 5:30 PM"
pinnacle-Slc,"3,000,505",LOGIN,"May 29, 2026, 9:00 AM","101,009",5,5,5,4,0,"May 29, 2026, 11:00 AM"
pinnacle-Slc,"3,000,505",LOGIN,"May 29, 2026, 9:00 AM","101,010",5,5,5,4,0,"May 29, 2026, 11:00 AM"
pinnacle-Slc,"3,000,506",LOGIN,"May 29, 2026, 9:00 AM","101,011",5,2,5,4,0,"May 29, 2026, 11:00 AM"
pinnacle-Slc,"3,000,506",LOGIN,"May 29, 2026, 9:00 AM","101,012",5,5,5,4,0,"May 29, 2026, 11:00 AM"
pinnacle-Slc,"3,000,507",LOGOUT,"May 29, 2026, 3:30 PM","101,013",5,5,5,4,0,"May 29, 2026, 5:30 PM"
pinnacle-Slc,"3,000,507",LOGOUT,"May 29, 2026, 3:30 PM","101,014",5,5,5,4,0,"May 29, 2026, 5:30 PM"
pinnacle-Slc,"3,000,508",LOGOUT,"May 29, 2026, 3:30 PM","101,015",5,5,5,4,0,"May 29, 2026, 5:30 PM"
pinnacle-Slc,"3,000,508",LOGOUT,"May 29, 2026, 3:30 PM","101,016",5,5,5,4,0,"May 29, 2026, 5:30 PM"
pinnacle-Slc,"3,000,509",LOGIN,"May 29, 2026, 9:00 AM","101,017",5,5,5,4,0,"May 29, 2026, 11:00 AM"
pinnacle-Slc,"3,000,509",LOGIN,"May 29, 2026, 9:00 AM","101,018",5,5,5,4,0,"May 29, 2026, 11:00 AM"
pinnacle-Slc,"3,000,510",LOGIN,"May 29, 2026, 9:00 AM","101,019",5,5,5,4,0,"May 29, 2026, 11:00 AM"
pinnacle-Slc,"3,000,510",LOGIN,"May 29, 2026, 9:00 AM","101,020",5,5,5,4,0,"May 29, 2026, 11:00 AM"
pinnacle-Slc,"3,000,511",LOGOUT,"May 29, 2026, 3:30 PM","101,021",5,5,5,4,0,"May 29, 2026, 5:30 PM"
pinnacle-Slc,"3,000,511",LOGOUT,"May 29, 2026, 3:30 PM","101,022",5,5,5,4,0,"May 29, 2026, 5:30 PM"
pinnacle-Slc,"3,000,512",LOGOUT,"May 29, 2026, 3:30 PM","101,023",5,5,5,4,0,"May 29, 2026, 5:30 PM"
pinnacle-Slc,"3,000,512",LOGOUT,"May 29, 2026, 3:30 PM","101,024",5,5,5,4,0,"May 29, 2026, 5:30 PM"
pinnacle-Slc,"3,000,513",LOGIN,"May 29, 2026, 9:00 AM","101,025",5,5,5,4,0,"May 29, 2026, 11:00 AM"
pinnacle-Slc,"3,000,513",LOGIN,"May 29, 2026, 9:00 AM","101,026",5,5,5,4,0,"May 29, 2026, 11:00 AM"
pinnacle-Slc,"3,000,514",LOGIN,"May 29, 2026, 9:00 AM","101,027",5,5,5,4,0,"May 29, 2026, 11:00 AM"
pinnacle-Slc,"3,000,514",LOGIN,"May 29, 2026, 9:00 AM","101,028",5,5,5,4,0,"May 29, 2026, 11:00 AM"
pinnacle-Slc,"3,000,515",LOGOUT,"May 29, 2026, 3:30 PM","101,029",5,5,5,4,0,"May 29, 2026, 5:30 PM"
pinnacle-Slc,"3,000,515",LOGOUT,"May 29, 2026, 3:30 PM","101,030",5,5,5,4,0,"May 29, 2026, 5:30 PM"
pinnacle-Slc,"3,000,516",LOGOUT,"May 29, 2026, 3:30 PM","101,031",5,5,5,4,0,"May 29, 2026, 5:30 PM"
pinnacle-Slc,"3,000,516",LOGOUT,"May 29, 2026, 3:30 PM","101,032",5,5,5,4,0,"May 29, 2026, 5:30 PM"
pinnacle-Slc,"3,000,517",LOGIN,"May 29, 2026, 9:00 AM","101,033",5,5,5,4,0,"May 29, 2026, 11:00 AM"
pinnacle-Slc,"3,000,517",LOGIN,"May 29, 2026, 9:00 AM","101,034",5,5,5,4,0,"May 29, 2026, 11:00 AM"
pinnacle-Slc,"3,000,518",LOGIN,"May 29, 2026, 9:00 AM","101,035",5,5,5,4,0,"May 29, 2026, 11:00 AM"
pinnacle-Slc,"3,000,518",LOGIN,"May 29, 2026, 9:00 AM","101,036",5,5,5,4,0,"May 29, 2026, 11:00 AM"
pinnacle-Slc,"3,000,519",LOGOUT,"May 29, 2026, 3:30 PM","101,037",5,5,5,4,0,"May 29, 2026, 5:30 PM"
pinnacle-Slc,"3,000,519",LOGOUT,"May 29, 2026, 3:30 PM","101,038",5,5,5,4,0,"May 29, 2026, 5:30 PM"
pinnacle-Slc,"3,000,520",LOGOUT,"May 29, 2026, 3:30 PM","101,039",5,5,5,4,0,"May 29, 2026, 5:30 PM"
pinnacle-Slc,"3,000,520",LOGOUT,"May 29, 2026, 3:30 PM","101,040",5,5,5,4,0,"May 29, 2026, 5:30 PM"
pinnacle-Slc,"3,000,521",LOGIN,"May 30, 2026, 9:00 AM","101,041",5,5,5,4,0,"May 30, 2026, 11:00 AM"
pinnacle-Slc,"3,000,521",LOGIN,"May 30, 2026, 9:00 AM","101,042",5,5,5,4,0,"May 30, 2026, 11:00 AM"
pinnacle-Slc,"3,000,522",LOGIN,"May 30, 2026, 9:00 AM","101,043",5,5,5,4,0,"May 30, 2026, 11:00 AM"
pinnacle-Slc,"3,000,522",LOGIN,"May 30, 2026, 9:00 AM","101,044",5,5,5,4,0,"May 30, 2026, 11:00 AM"
pinnacle-Slc,"3,000,523",LOGOUT,"May 30, 2026, 3:30 PM","101,045",5,5,5,4,0,"May 30, 2026, 5:30 PM"
pinnacle-Slc,"3,000,523",LOGOUT,"May 30, 2026, 3:30 PM","101,046",5,5,5,4,0,"May 30, 2026, 5:30 PM"
pinnacle-Slc,"3,000,524",LOGOUT,"May 30, 2026, 3:30 PM","101,047",5,5,5,4,0,"May 30, 2026, 5:30 PM"
pinnacle-Slc,"3,000,524",LOGOUT,"May 30, 2026, 3:30 PM","101,048",5,5,5,4,0,"May 30, 2026, 5:30 PM"
pinnacle-Slc,"3,000,525",LOGIN,"May 30, 2026, 9:00 AM","101,049",5,5,5,4,0,"May 30, 2026, 11:00 AM"
pinnacle-Slc,"3,000,525",LOGIN,"May 30, 2026, 9:00 AM","101,050",5,5,5,4,0,"May 30, 2026, 11:00 AM"
pinnacle-Slc,"3,000,526",LOGIN,"May 30, 2026, 9:00 AM","101,051",5,2,5,4,0,"May 30, 2026, 11:00 AM"
pinnacle-Slc,"3,000,526",LOGIN,"May 30, 2026, 9:00 AM","101,052",5,5,5,4,0,"May 30, 2026, 11:00 AM"
pinnacle-Slc,"3,000,527",LOGOUT,"May 30, 2026, 3:30 PM","101,053",5,5,5,4,0,"May 30, 2026, 5:30 PM"
pinnacle-Slc,"3,000,527",LOGOUT,"May 30, 2026, 3:30 PM","101,054",5,5,5,4,0,"May 30, 2026, 5:30 PM"
pinnacle-Slc,"3,000,528",LOGOUT,"May 30, 2026, 3:30 PM","101,055",5,5,5,4,0,"May 30, 2026, 5:30 PM"
pinnacle-Slc,"3,000,528",LOGOUT,"May 30, 2026, 3:30 PM","101,056",5,5,5,4,0,"May 30, 2026, 5:30 PM"
pinnacle-Slc,"3,000,529",LOGIN,"May 30, 2026, 9:00 AM","101,057",5,5,5,4,0,"May 30, 2026, 11:00 AM"
pinnacle-Slc,"3,000,529",LOGIN,"May 30, 2026, 9:00 AM","101,058",5,5,5,4,0,"May 30, 2026, 11:00 AM"
pinnacle-Slc,"3,000,530",LOGIN,"May 30, 2026, 9:00 AM","101,059",5,5,5,4,0,"May 30, 2026, 11:00 AM"
pinnacle-Slc,"3,000,530",LOGIN,"May 30, 2026, 9:00 AM","101,060",5,5,5,4,0,"May 30, 2026, 11:00 AM"
pinnacle-Slc,"3,000,531",LOGOUT,"May 30, 2026, 3:30 PM","101,061",5,5,5,4,0,"May 30, 2026, 5:30 PM"
pinnacle-Slc,"3,000,531",LOGOUT,"May 30, 2026, 3:30 PM","101,062",5,5,5,4,0,"May 30, 2026, 5:30 PM"
pinnacle-Slc,"3,000,532",LOGOUT,"May 30, 2026, 3:30 PM","101,063",5,5,5,4,0,"May 30, 2026, 5:30 PM"
pinnacle-Slc,"3,000,532",LOGOUT,"May 30, 2026, 3:30 PM","101,064",5,5,5,4,0,"May 30, 2026, 5:30 PM"
pinnacle-Slc,"3,000,533",LOGIN,"May 30, 2026, 9:00 AM","101,065",5,5,5,4,0,"May 30, 2026, 11:00 AM"
pinnacle-Slc,"3,000,533",LOGIN,"May 30, 2026, 9:00 AM","101,066",5,5,5,4,0,"May 30, 2026, 11:00 AM"
pinnacle-Slc,"3,000,534",LOGIN,"May 30, 2026, 9:00 AM","101,067",5,5,5,4,0,"May 30, 2026, 11:00 AM"
pinnacle-Slc,"3,000,534",LOGIN,"May 30, 2026, 9:00 AM","101,068",5,5,5,4,0,"May 30, 2026, 11:00 AM"
pinnacle-Slc,"3,000,535",LOGOUT,"May 30, 2026, 3:30 PM","101,069",5,5,5,4,0,"May 30, 2026, 5:30 PM"
pinnacle-Slc,"3,000,535",LOGOUT,"May 30, 2026, 3:30 PM","101,070",5,5,5,4,0,"May 30, 2026, 5:30 PM"
pinnacle-Slc,"3,000,536",LOGOUT,"May 30, 2026, 3:30 PM","101,071",5,5,5,4,0,"May 30, 2026, 5:30 PM"
pinnacle-Slc,"3,000,536",LOGOUT,"May 30, 2026, 3:30 PM","101,072",5,5,5,4,0,"May 30, 2026, 5:30 PM"
pinnacle-Slc,"3,000,537",LOGIN,"May 30, 2026, 9:00 AM","101,073",5,5,5,4,0,"May 30, 2026, 11:00 AM"
pinnacle-Slc,"3,000,537",LOGIN,"May 30, 2026, 9:00 AM","101,074",5,5,5,4,0,"May 30, 2026, 11:00 AM"
pinnacle-Slc,"3,000,538",LOGIN,"May 30, 2026, 9:00 AM","101,075",5,5,5,4,0,"May 30, 2026, 11:00 AM"
pinnacle-Slc,"3,000,538",LOGIN,"May 30, 2026, 9:00 AM","101,076",5,5,5,4,0,"May 30, 2026, 11:00 AM"
pinnacle-Slc,"3,000,539",LOGOUT,"May 30, 2026, 3:30 PM","101,077",5,5,5,4,0,"May 30, 2026, 5:30 PM"
pinnacle-Slc,"3,000,539",LOGOUT,"May 30, 2026, 3:30 PM","101,078",5,5,5,4,0,"May 30, 2026, 5:30 PM"
pinnacle-Slc,"3,000,540",LOGOUT,"May 30, 2026, 3:30 PM","101,079",5,5,5,4,0,"May 30, 2026, 5:30 PM"
pinnacle-Slc,"3,000,540",LOGOUT,"May 30, 2026, 3:30 PM","101,080",5,5,5,4,0,"May 30, 2026, 5:30 PM"
pinnacle-Slc,"3,000,541",LOGIN,"May 31, 2026, 9:00 AM","101,081",5,5,5,4,0,"May 31, 2026, 11:00 AM"
pinnacle-Slc,"3,000,541",LOGIN,"May 31, 2026, 9:00 AM","101,082",5,5,5,4,0,"May 31, 2026, 11:00 AM"
pinnacle-Slc,"3,000,542",LOGIN,"May 31, 2026, 9:00 AM","101,083",5,5,5,4,0,"May 31, 2026, 11:00 AM"
pinnacle-Slc,"3,000,542",LOGIN,"May 31, 2026, 9:00 AM","101,084",5,5,5,4,0,"May 31, 2026, 11:00 AM"
pinnacle-Slc,"3,000,543",LOGOUT,"May 31, 2026, 3:30 PM","101,085",5,5,5,4,0,"May 31, 2026, 5:30 PM"
pinnacle-Slc,"3,000,543",LOGOUT,"May 31, 2026, 3:30 PM","101,086",5,5,5,4,0,"May 31, 2026, 5:30 PM"
pinnacle-Slc,"3,000,544",LOGOUT,"May 31, 2026, 3:30 PM","101,087",5,5,5,4,0,"May 31, 2026, 5:30 PM"
pinnacle-Slc,"3,000,544",LOGOUT,"May 31, 2026, 3:30 PM","101,088",5,5,5,4,0,"May 31, 2026, 5:30 PM"
pinnacle-Slc,"3,000,545",LOGIN,"May 31, 2026, 9:00 AM","101,089",5,5,5,4,0,"May 31, 2026, 11:00 AM"
pinnacle-Slc,"3,000,545",LOGIN,"May 31, 2026, 9:00 AM","101,090",5,5,5,4,0,"May 31, 2026, 11:00 AM"
pinnacle-Slc,"3,000,546",LOGIN,"May 31, 2026, 9:00 AM","101,091",5,2,5,4,0,"May 31, 2026, 11:00 AM"
pinnacle-Slc,"3,000,546",LOGIN,"May 31, 2026, 9:00 AM","101,092",5,5,5,4,0,"May 31, 2026, 11:00 AM"
pinnacle-Slc,"3,000,547",LOGOUT,"May 31, 2026, 3:30 PM","101,093",5,5,5,4,0,"May 31, 2026, 5:30 PM"
pinnacle-Slc,"3,000,547",LOGOUT,"May 31, 2026, 3:30 PM","101,094",5,5,5,4,0,"May 31, 2026, 5:30 PM"
pinnacle-Slc,"3,000,548",LOGOUT,"May 31, 2026, 3:30 PM","101,095",5,5,5,4,0,"May 31, 2026, 5:30 PM"
pinnacle-Slc,"3,000,548",LOGOUT,"May 31, 2026, 3:30 PM","101,096",5,5,5,4,0,"May 31, 2026, 5:30 PM"
pinnacle-Slc,"3,000,549",LOGIN,"May 31, 2026, 9:00 AM","101,097",5,5,5,4,0,"May 31, 2026, 11:00 AM"
pinnacle-Slc,"3,000,549",LOGIN,"May 31, 2026, 9:00 AM","101,098",5,5,5,4,0,"May 31, 2026, 11:00 AM"
pinnacle-Slc,"3,000,550",LOGIN,"May 31, 2026, 9:00 AM","101,099",5,5,5,4,0,"May 31, 2026, 11:00 AM"
pinnacle-Slc,"3,000,550",LOGIN,"May 31, 2026, 9:00 AM","101,100",5,5,5,4,0,"May 31, 2026, 11:00 AM"
pinnacle-Slc,"3,000,551",LOGOUT,"May 31, 2026, 3:30 PM","101,101",5,5,5,4,0,"May 31, 2026, 5:30 PM"
pinnacle-Slc,"3,000,551",LOGOUT,"May 31, 2026, 3:30 PM","101,102",5,5,5,4,0,"May 31, 2026, 5:30 PM"
pinnacle-Slc,"3,000,552",LOGOUT,"May 31, 2026, 3:30 PM","101,103",5,5,5,4,0,"May 31, 2026, 5:30 PM"
pinnacle-Slc,"3,000,552",LOGOUT,"May 31, 2026, 3:30 PM","101,104",5,5,5,4,0,"May 31, 2026, 5:30 PM"
pinnacle-Slc,"3,000,553",LOGIN,"May 31, 2026, 9:00 AM","101,105",5,5,5,4,0,"May 31, 2026, 11:00 AM"
pinnacle-Slc,"3,000,553",LOGIN,"May 31, 2026, 9:00 AM","101,106",5,5,5,4,0,"May 31, 2026, 11:00 AM"
pinnacle-Slc,"3,000,554",LOGIN,"May 31, 2026, 9:00 AM","101,107",5,5,5,4,0,"May 31, 2026, 11:00 AM"
pinnacle-Slc,"3,000,554",LOGIN,"May 31, 2026, 9:00 AM","101,108",5,5,5,4,0,"May 31, 2026, 11:00 AM"
pinnacle-Slc,"3,000,555",LOGOUT,"May 31, 2026, 3:30 PM","101,109",5,5,5,4,0,"May 31, 2026, 5:30 PM"
pinnacle-Slc,"3,000,555",LOGOUT,"May 31, 2026, 3:30 PM","101,110",5,5,5,4,0,"May 31, 2026, 5:30 PM"
pinnacle-Slc,"3,000,556",LOGOUT,"May 31, 2026, 3:30 PM","101,111",5,5,5,4,0,"May 31, 2026, 5:30 PM"
pinnacle-Slc,"3,000,556",LOGOUT,"May 31, 2026, 3:30 PM","101,112",5,5,5,4,0,"May 31, 2026, 5:30 PM"
pinnacle-Slc,"3,000,557",LOGIN,"May 31, 2026, 9:00 AM","101,113",5,5,5,4,0,"May 31, 2026, 11:00 AM"
pinnacle-Slc,"3,000,557",LOGIN,"May 31, 2026, 9:00 AM","101,114",5,5,5,4,0,"May 31, 2026, 11:00 AM"
pinnacle-Slc,"3,000,558",LOGIN,"May 31, 2026, 9:00 AM","101,115",5,5,5,4,0,"May 31, 2026, 11:00 AM"
pinnacle-Slc,"3,000,558",LOGIN,"May 31, 2026, 9:00 AM","101,116",5,5,5,4,0,"May 31, 2026, 11:00 AM"
pinnacle-Slc,"3,000,559",LOGOUT,"May 31, 2026, 3:30 PM","101,117",5,5,5,4,0,"May 31, 2026, 5:30 PM"
pinnacle-Slc,"3,000,559",LOGOUT,"May 31, 2026, 3:30 PM","101,118",5,5,5,4,0,"May 31, 2026, 5:30 PM"
pinnacle-Slc,"3,000,560",LOGOUT,"May 31, 2026, 3:30 PM","101,119",5,5,5,4,0,"May 31, 2026, 5:30 PM"
pinnacle-Slc,"3,000,560",LOGOUT,"May 31, 2026, 3:30 PM","101,120",5,5,5,4,0,"May 31, 2026, 5:30 PM"
pinnacle-Slc,"3,000,561",LOGIN,"June 1, 2026, 9:00 AM","101,121",5,5,5,4,0,"June 1, 2026, 11:00 AM"
pinnacle-Slc,"3,000,561",LOGIN,"June 1, 2026, 9:00 AM","101,122",5,5,5,4,0,"June 1, 2026, 11:00 AM"
pinnacle-Slc,"3,000,562",LOGIN,"June 1, 2026, 9:00 AM","101,123",5,5,5,4,0,"June 1, 2026, 11:00 AM"
pinnacle-Slc,"3,000,562",LOGIN,"June 1, 2026, 9:00 AM","101,124",5,5,5,4,0,"June 1, 2026, 11:00 AM"
pinnacle-Slc,"3,000,563",LOGOUT,"June 1, 2026, 3:30 PM","101,125",5,5,5,4,0,"June 1, 2026, 5:30 PM"
pinnacle-Slc,"3,000,563",LOGOUT,"June 1, 2026, 3:30 PM","101,126",5,5,5,4,0,"June 1, 2026, 5:30 PM"
pinnacle-Slc,"3,000,564",LOGOUT,"June 1, 2026, 3:30 PM","101,127",5,5,5,4,0,"June 1, 2026, 5:30 PM"
pinnacle-Slc,"3,000,564",LOGOUT,"June 1, 2026, 3:30 PM","101,128",5,5,5,4,0,"June 1, 2026, 5:30 PM"
pinnacle-Slc,"3,000,565",LOGIN,"June 1, 2026, 9:00 AM","101,129",5,5,5,4,0,"June 1, 2026, 11:00 AM"
pinnacle-Slc,"3,000,565",LOGIN,"June 1, 2026, 9:00 AM","101,130",5,5,5,4,0,"June 1, 2026, 11:00 AM"
pinnacle-Slc,"3,000,566",LOGIN,"June 1, 2026, 9:00 AM","101,131",5,2,5,4,0,"June 1, 2026, 11:00 AM"
pinnacle-Slc,"3,000,566",LOGIN,"June 1, 2026, 9:00 AM","101,132",5,5,5,4,0,"June 1, 2026, 11:00 AM"
pinnacle-Slc,"3,000,567",LOGOUT,"June 1, 2026, 3:30 PM","101,133",5,5,5,4,0,"June 1, 2026, 5:30 PM"
pinnacle-Slc,"3,000,567",LOGOUT,"June 1, 2026, 3:30 PM","101,134",5,5,5,4,0,"June 1, 2026, 5:30 PM"
pinnacle-Slc,"3,000,568",LOGOUT,"June 1, 2026, 3:30 PM","101,135",5,5,5,4,0,"June 1, 2026, 5:30 PM"
pinnacle-Slc,"3,000,568",LOGOUT,"June 1, 2026, 3:30 PM","101,136",5,5,5,4,0,"June 1, 2026, 5:30 PM"
pinnacle-Slc,"3,000,569",LOGIN,"June 1, 2026, 9:00 AM","101,137",5,5,5,4,0,"June 1, 2026, 11:00 AM"
pinnacle-Slc,"3,000,569",LOGIN,"June 1, 2026, 9:00 AM","101,138",5,5,5,4,0,"June 1, 2026, 11:00 AM"
pinnacle-Slc,"3,000,570",LOGIN,"June 1, 2026, 9:00 AM","101,139",5,5,5,4,0,"June 1, 2026, 11:00 AM"
pinnacle-Slc,"3,000,570",LOGIN,"June 1, 2026, 9:00 AM","101,140",5,5,5,4,0,"June 1, 2026, 11:00 AM"
pinnacle-Slc,"3,000,571",LOGOUT,"June 1, 2026, 3:30 PM","101,141",5,5,5,4,0,"June 1, 2026, 5:30 PM"
pinnacle-Slc,"3,000,571",LOGOUT,"June 1, 2026, 3:30 PM","101,142",5,5,5,4,0,"June 1, 2026, 5:30 PM"
pinnacle-Slc,"3,000,572",LOGOUT,"June 1, 2026, 3:30 PM","101,143",5,5,5,4,0,"June 1, 2026, 5:30 PM"
pinnacle-Slc,"3,000,572",LOGOUT,"June 1, 2026, 3:30 PM","101,144",5,5,5,4,0,"June 1, 2026, 5:30 PM"
pinnacle-Slc,"3,000,573",LOGIN,"June 1, 2026, 9:00 AM","101,145",5,5,5,4,0,"June 1, 2026, 11:00 AM"
pinnacle-Slc,"3,000,573",LOGIN,"June 1, 2026, 9:00 AM","101,146",5,5,5,4,0,"June 1, 2026, 11:00 AM"
pinnacle-Slc,"3,000,574",LOGIN,"June 1, 2026, 9:00 AM","101,147",5,5,5,4,0,"June 1, 2026, 11:00 AM"
pinnacle-Slc,"3,000,574",LOGIN,"June 1, 2026, 9:00 AM","101,148",5,5,5,4,0,"June 1, 2026, 11:00 AM"
pinnacle-Slc,"3,000,575",LOGOUT,"June 1, 2026, 3:30 PM","101,149",5,5,5,4,0,"June 1, 2026, 5:30 PM"
pinnacle-Slc,"3,000,575",LOGOUT,"June 1, 2026, 3:30 PM","101,150",5,5,5,4,0,"June 1, 2026, 5:30 PM"
pinnacle-Slc,"3,000,576",LOGOUT,"June 1, 2026, 3:30 PM","101,151",5,5,5,4,0,"June 1, 2026, 5:30 PM"
pinnacle-Slc,"3,000,576",LOGOUT,"June 1, 2026, 3:30 PM","101,152",5,5,5,4,0,"June 1, 2026, 5:30 PM"
pinnacle-Slc,"3,000,577",LOGIN,"June 1, 2026, 9:00 AM","101,153",5,5,5,4,0,"June 1, 2026, 11:00 AM"
pinnacle-Slc,"3,000,577",LOGIN,"June 1, 2026, 9:00 AM","101,154",5,5,5,4,0,"June 1, 2026, 11:00 AM"
pinnacle-Slc,"3,000,578",LOGIN,"June 1, 2026, 9:00 AM","101,155",5,5,5,4,0,"June 1, 2026, 11:00 AM"
pinnacle-Slc,"3,000,578",LOGIN,"June 1, 2026, 9:00 AM","101,156",5,5,5,4,0,"June 1, 2026, 11:00 AM"
pinnacle-Slc,"3,000,579",LOGOUT,"June 1, 2026, 3:30 PM","101,157",5,5,5,4,0,"June 1, 2026, 5:30 PM"
pinnacle-Slc,"3,000,579",LOGOUT,"June 1, 2026, 3:30 PM","101,158",5,5,5,4,0,"June 1, 2026, 5:30 PM"
pinnacle-Slc,"3,000,580",LOGOUT,"June 1, 2026, 3:30 PM","101,159",5,5,5,4,0,"June 1, 2026, 5:30 PM"
pinnacle-Slc,"3,000,580",LOGOUT,"June 1, 2026, 3:30 PM","101,160",5,5,5,4,0,"June 1, 2026, 5:30 PM"
pinnacle-Slc,"3,000,581",LOGIN,"June 2, 2026, 9:00 AM","101,161",5,5,5,4,0,"June 2, 2026, 11:00 AM"
pinnacle-Slc,"3,000,581",LOGIN,"June 2, 2026, 9:00 AM","101,162",5,5,5,4,0,"June 2, 2026, 11:00 AM"
pinnacle-Slc,"3,000,582",LOGIN,"June 2, 2026, 9:00 AM","101,163",5,5,5,4,0,"June 2, 2026, 11:00 AM"
pinnacle-Slc,"3,000,582",LOGIN,"June 2, 2026, 9:00 AM","101,164",5,5,5,4,0,"June 2, 2026, 11:00 AM"
pinnacle-Slc,"3,000,583",LOGOUT,"June 2, 2026, 3:30 PM","101,165",5,5,5,4,0,"June 2, 2026, 5:30 PM"
pinnacle-Slc,"3,000,583",LOGOUT,"June 2, 2026, 3:30 PM","101,166",5,5,5,4,0,"June 2, 2026, 5:30 PM"
pinnacle-Slc,"3,000,584",LOGOUT,"June 2, 2026, 3:30 PM","101,167",5,5,5,4,0,"June 2, 2026, 5:30 PM"
pinnacle-Slc,"3,000,584",LOGOUT,"June 2, 2026, 3:30 PM","101,168",5,5,5,4,0,"June 2, 2026, 5:30 PM"
pinnacle-Slc,"3,000,585",LOGIN,"June 2, 2026, 9:00 AM","101,169",5,5,5,4,0,"June 2, 2026, 11:00 AM"
pinnacle-Slc,"3,000,585",LOGIN,"June 2, 2026, 9:00 AM","101,170",5,5,5,4,0,"June 2, 2026, 11:00 AM"
pinnacle-Slc,"3,000,586",LOGIN,"June 2, 2026, 9:00 AM","101,171",5,2,5,4,0,"June 2, 2026, 11:00 AM"
pinnacle-Slc,"3,000,586",LOGIN,"June 2, 2026, 9:00 AM","101,172",5,5,5,4,0,"June 2, 2026, 11:00 AM"
pinnacle-Slc,"3,000,587",LOGOUT,"June 2, 2026, 3:30 PM","101,173",5,5,5,4,0,"June 2, 2026, 5:30 PM"
pinnacle-Slc,"3,000,587",LOGOUT,"June 2, 2026, 3:30 PM","101,174",5,5,5,4,0,"June 2, 2026, 5:30 PM"
pinnacle-Slc,"3,000,588",LOGOUT,"June 2, 2026, 3:30 PM","101,175",5,5,5,4,0,"June 2, 2026, 5:30 PM"
pinnacle-Slc,"3,000,588",LOGOUT,"June 2, 2026, 3:30 PM","101,176",5,5,5,4,0,"June 2, 2026, 5:30 PM"
pinnacle-Slc,"3,000,589",LOGIN,"June 2, 2026, 9:00 AM","101,177",5,5,5,4,0,"June 2, 2026, 11:00 AM"
pinnacle-Slc,"3,000,589",LOGIN,"June 2, 2026, 9:00 AM","101,178",5,5,5,4,0,"June 2, 2026, 11:00 AM"
pinnacle-Slc,"3,000,590",LOGIN,"June 2, 2026, 9:00 AM","101,179",5,5,5,4,0,"June 2, 2026, 11:00 AM"
pinnacle-Slc,"3,000,590",LOGIN,"June 2, 2026, 9:00 AM","101,180",5,5,5,4,0,"June 2, 2026, 11:00 AM"
pinnacle-Slc,"3,000,591",LOGOUT,"June 2, 2026, 3:30 PM","101,181",5,5,5,4,0,"June 2, 2026, 5:30 PM"
pinnacle-Slc,"3,000,591",LOGOUT,"June 2, 2026, 3:30 PM","101,182",5,5,5,4,0,"June 2, 2026, 5:30 PM"
pinnacle-Slc,"3,000,592",LOGOUT,"June 2, 2026, 3:30 PM","101,183",5,5,5,4,0,"June 2, 2026, 5:30 PM"
pinnacle-Slc,"3,000,592",LOGOUT,"June 2, 2026, 3:30 PM","101,184",5,5,5,4,0,"June 2, 2026, 5:30 PM"
pinnacle-Slc,"3,000,593",LOGIN,"June 2, 2026, 9:00 AM","101,185",5,5,5,4,0,"June 2, 2026, 11:00 AM"
pinnacle-Slc,"3,000,593",LOGIN,"June 2, 2026, 9:00 AM","101,186",5,5,5,4,0,"June 2, 2026, 11:00 AM"
pinnacle-Slc,"3,000,594",LOGIN,"June 2, 2026, 9:00 AM","101,187",5,5,5,4,0,"June 2, 2026, 11:00 AM"
pinnacle-Slc,"3,000,594",LOGIN,"June 2, 2026, 9:00 AM","101,188",5,5,5,4,0,"June 2, 2026, 11:00 AM"
pinnacle-Slc,"3,000,595",LOGOUT,"June 2, 2026, 3:30 PM","101,189",5,5,5,4,0,"June 2, 2026, 5:30 PM"
pinnacle-Slc,"3,000,595",LOGOUT,"June 2, 2026, 3:30 PM","101,190",5,5,5,4,0,"June 2, 2026, 5:30 PM"
pinnacle-Slc,"3,000,596",LOGOUT,"June 2, 2026, 3:30 PM","101,191",5,5,5,4,0,"June 2, 2026, 5:30 PM"
pinnacle-Slc,"3,000,596",LOGOUT,"June 2, 2026, 3:30 PM","101,192",5,5,5,4,0,"June 2, 2026, 5:30 PM"
pinnacle-Slc,"3,000,597",LOGIN,"June 2, 2026, 9:00 AM","101,193",5,5,5,4,0,"June 2, 2026, 11:00 AM"
pinnacle-Slc,"3,000,597",LOGIN,"June 2, 2026, 9:00 AM","101,194",5,5,5,4,0,"June 2, 2026, 11:00 AM"
pinnacle-Slc,"3,000,598",LOGIN,"June 2, 2026, 9:00 AM","101,195",5,5,5,4,0,"June 2, 2026, 11:00 AM"
pinnacle-Slc,"3,000,598",LOGIN,"June 2, 2026, 9:00 AM","101,196",5,5,5,4,0,"June 2, 2026, 11:00 AM"
pinnacle-Slc,"3,000,599",LOGOUT,"June 2, 2026, 3:30 PM","101,197",5,5,5,4,0,"June 2, 2026, 5:30 PM"
pinnacle-Slc,"3,000,599",LOGOUT,"June 2, 2026, 3:30 PM","101,198",5,5,5,4,0,"June 2, 2026, 5:30 PM"
pinnacle-Slc,"3,000,600",LOGOUT,"June 2, 2026, 3:30 PM","101,199",5,5,5,4,0,"June 2, 2026, 5:30 PM"
pinnacle-Slc,"3,000,600",LOGOUT,"June 2, 2026, 3:30 PM","101,200",5,5,5,4,0,"June 2, 2026, 5:30 PM"
pinnacle-Slc,"3,000,601",LOGIN,"June 3, 2026, 9:00 AM","101,201",5,5,5,4,0,"June 3, 2026, 11:00 AM"
pinnacle-Slc,"3,000,601",LOGIN,"June 3, 2026, 9:00 AM","101,202",5,5,5,4,0,"June 3, 2026, 11:00 AM"
pinnacle-Slc,"3,000,602",LOGIN,"June 3, 2026, 9:00 AM","101,203",5,5,5,4,0,"June 3, 2026, 11:00 AM"
pinnacle-Slc,"3,000,602",LOGIN,"June 3, 2026, 9:00 AM","101,204",5,5,5,4,0,"June 3, 2026, 11:00 AM"
pinnacle-Slc,"3,000,603",LOGOUT,"June 3, 2026, 3:30 PM","101,205",5,5,5,4,0,"June 3, 2026, 5:30 PM"
pinnacle-Slc,"3,000,603",LOGOUT,"June 3, 2026, 3:30 PM","101,206",5,5,5,4,0,"June 3, 2026, 5:30 PM"
pinnacle-Slc,"3,000,604",LOGOUT,"June 3, 2026, 3:30 PM","101,207",5,5,5,4,0,"June 3, 2026, 5:30 PM"
pinnacle-Slc,"3,000,604",LOGOUT,"June 3, 2026, 3:30 PM","101,208",5,5,5,4,0,"June 3, 2026, 5:30 PM"
pinnacle-Slc,"3,000,605",LOGIN,"June 3, 2026, 9:00 AM","101,209",5,5,5,4,0,"June 3, 2026, 11:00 AM"
pinnacle-Slc,"3,000,605",LOGIN,"June 3, 2026, 9:00 AM","101,210",5,5,5,4,0,"June 3, 2026, 11:00 AM"
pinnacle-Slc,"3,000,606",LOGIN,"June 3, 2026, 9:00 AM","101,211",5,2,5,4,0,"June 3, 2026, 11:00 AM"
pinnacle-Slc,"3,000,606",LOGIN,"June 3, 2026, 9:00 AM","101,212",5,5,5,4,0,"June 3, 2026, 11:00 AM"
pinnacle-Slc,"3,000,607",LOGOUT,"June 3, 2026, 3:30 PM","101,213",5,5,5,4,0,"June 3, 2026, 5:30 PM"
pinnacle-Slc,"3,000,607",LOGOUT,"June 3, 2026, 3:30 PM","101,214",5,5,5,4,0,"June 3, 2026, 5:30 PM"
pinnacle-Slc,"3,000,608",LOGOUT,"June 3, 2026, 3:30 PM","101,215",5,5,5,4,0,"June 3, 2026, 5:30 PM"
pinnacle-Slc,"3,000,608",LOGOUT,"June 3, 2026, 3:30 PM","101,216",5,5,5,4,0,"June 3, 2026, 5:30 PM"
pinnacle-Slc,"3,000,609",LOGIN,"June 3, 2026, 9:00 AM","101,217",5,5,5,4,0,"June 3, 2026, 11:00 AM"
pinnacle-Slc,"3,000,609",LOGIN,"June 3, 2026, 9:00 AM","101,218",5,5,5,4,0,"June 3, 2026, 11:00 AM"
pinnacle-Slc,"3,000,610",LOGIN,"June 3, 2026, 9:00 AM","101,219",5,5,5,4,0,"June 3, 2026, 11:00 AM"
pinnacle-Slc,"3,000,610",LOGIN,"June 3, 2026, 9:00 AM","101,220",5,5,5,4,0,"June 3, 2026, 11:00 AM"
pinnacle-Slc,"3,000,611",LOGOUT,"June 3, 2026, 3:30 PM","101,221",5,5,5,4,0,"June 3, 2026, 5:30 PM"
pinnacle-Slc,"3,000,611",LOGOUT,"June 3, 2026, 3:30 PM","101,222",5,5,5,4,0,"June 3, 2026, 5:30 PM"
pinnacle-Slc,"3,000,612",LOGOUT,"June 3, 2026, 3:30 PM","101,223",5,5,5,4,0,"June 3, 2026, 5:30 PM"
pinnacle-Slc,"3,000,612",LOGOUT,"June 3, 2026, 3:30 PM","101,224",5,5,5,4,0,"June 3, 2026, 5:30 PM"
pinnacle-Slc,"3,000,613",LOGIN,"June 3, 2026, 9:00 AM","101,225",5,5,5,4,0,"June 3, 2026, 11:00 AM"
pinnacle-Slc,"3,000,613",LOGIN,"June 3, 2026, 9:00 AM","101,226",5,5,5,4,0,"June 3, 2026, 11:00 AM"
pinnacle-Slc,"3,000,614",LOGIN,"June 3, 2026, 9:00 AM","101,227",5,5,5,4,0,"June 3, 2026, 11:00 AM"
pinnacle-Slc,"3,000,614",LOGIN,"June 3, 2026, 9:00 AM","101,228",5,5,5,4,0,"June 3, 2026, 11:00 AM"
pinnacle-Slc,"3,000,615",LOGOUT,"June 3, 2026, 3:30 PM","101,229",5,5,5,4,0,"June 3, 2026, 5:30 PM"
pinnacle-Slc,"3,000,615",LOGOUT,"June 3, 2026, 3:30 PM","101,230",5,5,5,4,0,"June 3, 2026, 5:30 PM"
pinnacle-Slc,"3,000,616",LOGOUT,"June 3, 2026, 3:30 PM","101,231",5,5,5,4,0,"June 3, 2026, 5:30 PM"
pinnacle-Slc,"3,000,616",LOGOUT,"June 3, 2026, 3:30 PM","101,232",5,5,5,4,0,"June 3, 2026, 5:30 PM"
pinnacle-Slc,"3,000,617",LOGIN,"June 3, 2026, 9:00 AM","101,233",5,5,5,4,0,"June 3, 2026, 11:00 AM"
pinnacle-Slc,"3,000,617",LOGIN,"June 3, 2026, 9:00 AM","101,234",5,5,5,4,0,"June 3, 2026, 11:00 AM"
pinnacle-Slc,"3,000,618",LOGIN,"June 3, 2026, 9:00 AM","101,235",5,5,5,4,0,"June 3, 2026, 11:00 AM"
pinnacle-Slc,"3,000,618",LOGIN,"June 3, 2026, 9:00 AM","101,236",5,5,5,4,0,"June 3, 2026, 11:00 AM"
pinnacle-Slc,"3,000,619",LOGOUT,"June 3, 2026, 3:30 PM","101,237",5,5,5,4,0,"June 3, 2026, 5:30 PM"
pinnacle-Slc,"3,000,619",LOGOUT,"June 3, 2026, 3:30 PM","101,238",5,5,5,4,0,"June 3, 2026, 5:30 PM"
pinnacle-Slc,"3,000,620",LOGOUT,"June 3, 2026, 3:30 PM","101,239",5,5,5,4,0,"June 3, 2026, 5:30 PM"
pinnacle-Slc,"3,000,620",LOGOUT,"June 3, 2026, 3:30 PM","101,240",5,5,5,4,0,"June 3, 2026, 5:30 PM"
pinnacle-Slc,"3,000,621",LOGIN,"June 4, 2026, 9:00 AM","101,241",5,5,5,4,0,"June 4, 2026, 11:00 AM"
pinnacle-Slc,"3,000,621",LOGIN,"June 4, 2026, 9:00 AM","101,242",5,5,5,4,0,"June 4, 2026, 11:00 AM"
pinnacle-Slc,"3,000,622",LOGIN,"June 4, 2026, 9:00 AM","101,243",5,5,5,4,0,"June 4, 2026, 11:00 AM"
pinnacle-Slc,"3,000,622",LOGIN,"June 4, 2026, 9:00 AM","101,244",5,5,5,4,0,"June 4, 2026, 11:00 AM"
pinnacle-Slc,"3,000,623",LOGOUT,"June 4, 2026, 3:30 PM","101,245",5,5,5,4,0,"June 4, 2026, 5:30 PM"
pinnacle-Slc,"3,000,623",LOGOUT,"June 4, 2026, 3:30 PM","101,246",5,5,5,4,0,"June 4, 2026, 5:30 PM"
pinnacle-Slc,"3,000,624",LOGOUT,"June 4, 2026, 3:30 PM","101,247",5,5,5,4,0,"June 4, 2026, 5:30 PM"
pinnacle-Slc,"3,000,624",LOGOUT,"June 4, 2026, 3:30 PM","101,248",5,5,5,4,0,"June 4, 2026, 5:30 PM"
pinnacle-Slc,"3,000,625",LOGIN,"June 4, 2026, 9:00 AM","101,249",5,5,5,4,0,"June 4, 2026, 11:00 AM"
pinnacle-Slc,"3,000,625",LOGIN,"June 4, 2026, 9:00 AM","101,250",5,5,5,4,0,"June 4, 2026, 11:00 AM"
pinnacle-Slc,"3,000,626",LOGIN,"June 4, 2026, 9:00 AM","101,251",5,2,5,4,0,"June 4, 2026, 11:00 AM"
pinnacle-Slc,"3,000,626",LOGIN,"June 4, 2026, 9:00 AM","101,252",5,5,5,4,0,"June 4, 2026, 11:00 AM"
pinnacle-Slc,"3,000,627",LOGOUT,"June 4, 2026, 3:30 PM","101,253",5,5,5,4,0,"June 4, 2026, 5:30 PM"
pinnacle-Slc,"3,000,627",LOGOUT,"June 4, 2026, 3:30 PM","101,254",5,5,5,4,0,"June 4, 2026, 5:30 PM"
pinnacle-Slc,"3,000,628",LOGOUT,"June 4, 2026, 3:30 PM","101,255",5,5,5,4,0,"June 4, 2026, 5:30 PM"
pinnacle-Slc,"3,000,628",LOGOUT,"June 4, 2026, 3:30 PM","101,256",5,5,5,4,0,"June 4, 2026, 5:30 PM"
pinnacle-Slc,"3,000,629",LOGIN,"June 4, 2026, 9:00 AM","101,257",5,5,5,4,0,"June 4, 2026, 11:00 AM"
pinnacle-Slc,"3,000,629",LOGIN,"June 4, 2026, 9:00 AM","101,258",5,5,5,4,0,"June 4, 2026, 11:00 AM"
pinnacle-Slc,"3,000,630",LOGIN,"June 4, 2026, 9:00 AM","101,259",5,5,5,4,0,"June 4, 2026, 11:00 AM"
pinnacle-Slc,"3,000,630",LOGIN,"June 4, 2026, 9:00 AM","101,260",5,5,5,4,0,"June 4, 2026, 11:00 AM"
pinnacle-Slc,"3,000,631",LOGOUT,"June 4, 2026, 3:30 PM","101,261",5,5,5,4,0,"June 4, 2026, 5:30 PM"
pinnacle-Slc,"3,000,631",LOGOUT,"June 4, 2026, 3:30 PM","101,262",5,5,5,4,0,"June 4, 2026, 5:30 PM"
pinnacle-Slc,"3,000,632",LOGOUT,"June 4, 2026, 3:30 PM","101,263",5,5,5,4,0,"June 4, 2026, 5:30 PM"
pinnacle-Slc,"3,000,632",LOGOUT,"June 4, 2026, 3:30 PM","101,264",5,5,5,4,0,"June 4, 2026, 5:30 PM"
pinnacle-Slc,"3,000,633",LOGIN,"June 4, 2026, 9:00 AM","101,265",5,5,5,4,0,"June 4, 2026, 11:00 AM"
pinnacle-Slc,"3,000,633",LOGIN,"June 4, 2026, 9:00 AM","101,266",5,5,5,4,0,"June 4, 2026, 11:00 AM"
pinnacle-Slc,"3,000,634",LOGIN,"June 4, 2026, 9:00 AM","101,267",5,5,5,4,0,"June 4, 2026, 11:00 AM"
pinnacle-Slc,"3,000,634",LOGIN,"June 4, 2026, 9:00 AM","101,268",5,5,5,4,0,"June 4, 2026, 11:00 AM"
pinnacle-Slc,"3,000,635",LOGOUT,"June 4, 2026, 3:30 PM","101,269",5,5,5,4,0,"June 4, 2026, 5:30 PM"
pinnacle-Slc,"3,000,635",LOGOUT,"June 4, 2026, 3:30 PM","101,270",5,5,5,4,0,"June 4, 2026, 5:30 PM"
pinnacle-Slc,"3,000,636",LOGOUT,"June 4, 2026, 3:30 PM","101,271",5,5,5,4,0,"June 4, 2026, 5:30 PM"
pinnacle-Slc,"3,000,636",LOGOUT,"June 4, 2026, 3:30 PM","101,272",5,5,5,4,0,"June 4, 2026, 5:30 PM"
pinnacle-Slc,"3,000,637",LOGIN,"June 4, 2026, 9:00 AM","101,273",5,5,5,4,0,"June 4, 2026, 11:00 AM"
pinnacle-Slc,"3,000,637",LOGIN,"June 4, 2026, 9:00 AM","101,274",5,5,5,4,0,"June 4, 2026, 11:00 AM"
pinnacle-Slc,"3,000,638",LOGIN,"June 4, 2026, 9:00 AM","101,275",5,5,5,4,0,"June 4, 2026, 11:00 AM"
pinnacle-Slc,"3,000,638",LOGIN,"June 4, 2026, 9:00 AM","101,276",5,5,5,4,0,"June 4, 2026, 11:00 AM"
pinnacle-Slc,"3,000,639",LOGOUT,"June 4, 2026, 3:30 PM","101,277",5,5,5,4,0,"June 4, 2026, 5:30 PM"
pinnacle-Slc,"3,000,639",LOGOUT,"June 4, 2026, 3:30 PM","101,278",5,5,5,4,0,"June 4, 2026, 5:30 PM"
pinnacle-Slc,"3,000,640",LOGOUT,"June 4, 2026, 3:30 PM","101,279",5,5,5,4,0,"June 4, 2026, 5:30 PM"
pinnacle-Slc,"3,000,640",LOGOUT,"June 4, 2026, 3:30 PM","101,280",5,5,5,4,0,"June 4, 2026, 5:30 PM"
pinnacle-Slc,"3,000,641",LOGIN,"June 5, 2026, 9:00 AM","101,281",5,5,5,4,0,"June 5, 2026, 11:00 AM"
pinnacle-Slc,"3,000,641",LOGIN,"June 5, 2026, 9:00 AM","101,282",5,5,5,4,0,"June 5, 2026, 11:00 AM"
pinnacle-Slc,"3,000,642",LOGIN,"June 5, 2026, 9:00 AM","101,283",5,5,5,4,0,"June 5, 2026, 11:00 AM"
pinnacle-Slc,"3,000,642",LOGIN,"June 5, 2026, 9:00 AM","101,284",5,5,5,4,0,"June 5, 2026, 11:00 AM"
pinnacle-Slc,"3,000,643",LOGOUT,"June 5, 2026, 3:30 PM","101,285",5,5,5,4,0,"June 5, 2026, 5:30 PM"
pinnacle-Slc,"3,000,643",LOGOUT,"June 5, 2026, 3:30 PM","101,286",5,5,5,4,0,"June 5, 2026, 5:30 PM"
pinnacle-Slc,"3,000,644",LOGOUT,"June 5, 2026, 3:30 PM","101,287",5,5,5,4,0,"June 5, 2026, 5:30 PM"
pinnacle-Slc,"3,000,644",LOGOUT,"June 5, 2026, 3:30 PM","101,288",5,5,5,4,0,"June 5, 2026, 5:30 PM"
pinnacle-Slc,"3,000,645",LOGIN,"June 5, 2026, 9:00 AM","101,289",5,5,5,4,0,"June 5, 2026, 11:00 AM"
pinnacle-Slc,"3,000,645",LOGIN,"June 5, 2026, 9:00 AM","101,290",5,5,5,4,0,"June 5, 2026, 11:00 AM"
pinnacle-Slc,"3,000,646",LOGIN,"June 5, 2026, 9:00 AM","101,291",5,2,5,4,0,"June 5, 2026, 11:00 AM"
pinnacle-Slc,"3,000,646",LOGIN,"June 5, 2026, 9:00 AM","101,292",5,5,5,4,0,"June 5, 2026, 11:00 AM"
pinnacle-Slc,"3,000,647",LOGOUT,"June 5, 2026, 3:30 PM","101,293",5,5,5,4,0,"June 5, 2026, 5:30 PM"
pinnacle-Slc,"3,000,647",LOGOUT,"June 5, 2026, 3:30 PM","101,294",5,5,5,4,0,"June 5, 2026, 5:30 PM"
pinnacle-Slc,"3,000,648",LOGOUT,"June 5, 2026, 3:30 PM","101,295",5,5,5,4,0,"June 5, 2026, 5:30 PM"
pinnacle-Slc,"3,000,648",LOGOUT,"June 5, 2026, 3:30 PM","101,296",5,5,5,4,0,"June 5, 2026, 5:30 PM"
pinnacle-Slc,"3,000,649",LOGIN,"June 5, 2026, 9:00 AM","101,297",5,5,5,4,0,"June 5, 2026, 11:00 AM"
pinnacle-Slc,"3,000,649",LOGIN,"June 5, 2026, 9:00 AM","101,298",5,5,5,4,0,"June 5, 2026, 11:00 AM"
pinnacle-Slc,"3,000,650",LOGIN,"June 5, 2026, 9:00 AM","101,299",5,5,5,4,0,"June 5, 2026, 11:00 AM"
pinnacle-Slc,"3,000,650",LOGIN,"June 5, 2026, 9:00 AM","101,300",5,5,5,4,0,"June 5, 2026, 11:00 AM"
pinnacle-Slc,"3,000,651",LOGOUT,"June 5, 2026, 3:30 PM","101,301",5,5,5,4,0,"June 5, 2026, 5:30 PM"
pinnacle-Slc,"3,000,651",LOGOUT,"June 5, 2026, 3:30 PM","101,302",5,5,5,4,0,"June 5, 2026, 5:30 PM"
pinnacle-Slc,"3,000,652",LOGOUT,"June 5, 2026, 3:30 PM","101,303",5,5,5,4,0,"June 5, 2026, 5:30 PM"
pinnacle-Slc,"3,000,652",LOGOUT,"June 5, 2026, 3:30 PM","101,304",5,5,5,4,0,"June 5, 2026, 5:30 PM"
pinnacle-Slc,"3,000,653",LOGIN,"June 5, 2026, 9:00 AM","101,305",5,5,5,4,0,"June 5, 2026, 11:00 AM"
pinnacle-Slc,"3,000,653",LOGIN,"June 5, 2026, 9:00 AM","101,306",5,5,5,4,0,"June 5, 2026, 11:00 AM"
pinnacle-Slc,"3,000,654",LOGIN,"June 5, 2026, 9:00 AM","101,307",5,5,5,4,0,"June 5, 2026, 11:00 AM"
pinnacle-Slc,"3,000,654",LOGIN,"June 5, 2026, 9:00 AM","101,308",5,5,5,4,0,"June 5, 2026, 11:00 AM"
pinnacle-Slc,"3,000,655",LOGOUT,"June 5, 2026, 3:30 PM","101,309",5,5,5,4,0,"June 5, 2026, 5:30 PM"
pinnacle-Slc,"3,000,655",LOGOUT,"June 5, 2026, 3:30 PM","101,310",5,5,5,4,0,"June 5, 2026, 5:30 PM"
pinnacle-Slc,"3,000,656",LOGOUT,"June 5, 2026, 3:30 PM","101,311",5,5,5,4,0,"June 5, 2026, 5:30 PM"
pinnacle-Slc,"3,000,656",LOGOUT,"June 5, 2026, 3:30 PM","101,312",5,5,5,4,0,"June 5, 2026, 5:30 PM"
pinnacle-Slc,"3,000,657",LOGIN,"June 5, 2026, 9:00 AM","101,313",5,5,5,4,0,"June 5, 2026, 11:00 AM"
pinnacle-Slc,"3,000,657",LOGIN,"June 5, 2026, 9:00 AM","101,314",5,5,5,4,0,"June 5, 2026, 11:00 AM"
pinnacle-Slc,"3,000,658",LOGIN,"June 5, 2026, 9:00 AM","101,315",5,5,5,4,0,"June 5, 2026, 11:00 AM"
pinnacle-Slc,"3,000,658",LOGIN,"June 5, 2026, 9:00 AM","101,316",5,5,5,4,0,"June 5, 2026, 11:00 AM"
pinnacle-Slc,"3,000,659",LOGOUT,"June 5, 2026, 3:30 PM","101,317",5,5,5,4,0,"June 5, 2026, 5:30 PM"
pinnacle-Slc,"3,000,659",LOGOUT,"June 5, 2026, 3:30 PM","101,318",5,5,5,4,0,"June 5, 2026, 5:30 PM"
pinnacle-Slc,"3,000,660",LOGOUT,"June 5, 2026, 3:30 PM","101,319",5,5,5,4,0,"June 5, 2026, 5:30 PM"
pinnacle-Slc,"3,000,660",LOGOUT,"June 5, 2026, 3:30 PM","101,320",5,5,5,4,0,"June 5, 2026, 5:30 PM"
pinnacle-Slc,"3,000,661",LOGIN,"June 6, 2026, 9:00 AM","101,321",5,5,5,4,0,"June 6, 2026, 11:00 AM"
pinnacle-Slc,"3,000,661",LOGIN,"June 6, 2026, 9:00 AM","101,322",5,5,5,4,0,"June 6, 2026, 11:00 AM"
pinnacle-Slc,"3,000,662",LOGIN,"June 6, 2026, 9:00 AM","101,323",5,5,5,4,0,"June 6, 2026, 11:00 AM"
pinnacle-Slc,"3,000,662",LOGIN,"June 6, 2026, 9:00 AM","101,324",5,5,5,4,0,"June 6, 2026, 11:00 AM"
pinnacle-Slc,"3,000,663",LOGOUT,"June 6, 2026, 3:30 PM","101,325",5,5,5,4,0,"June 6, 2026, 5:30 PM"
pinnacle-Slc,"3,000,663",LOGOUT,"June 6, 2026, 3:30 PM","101,326",5,5,5,4,0,"June 6, 2026, 5:30 PM"
pinnacle-Slc,"3,000,664",LOGOUT,"June 6, 2026, 3:30 PM","101,327",5,5,5,4,0,"June 6, 2026, 5:30 PM"
pinnacle-Slc,"3,000,664",LOGOUT,"June 6, 2026, 3:30 PM","101,328",5,5,5,4,0,"June 6, 2026, 5:30 PM"
pinnacle-Slc,"3,000,665",LOGIN,"June 6, 2026, 9:00 AM","101,329",5,5,5,4,0,"June 6, 2026, 11:00 AM"
pinnacle-Slc,"3,000,665",LOGIN,"June 6, 2026, 9:00 AM","101,330",5,5,5,4,0,"June 6, 2026, 11:00 AM"
pinnacle-Slc,"3,000,666",LOGIN,"June 6, 2026, 9:00 AM","101,331",5,2,5,4,0,"June 6, 2026, 11:00 AM"
pinnacle-Slc,"3,000,666",LOGIN,"June 6, 2026, 9:00 AM","101,332",5,5,5,4,0,"June 6, 2026, 11:00 AM"
pinnacle-Slc,"3,000,667",LOGOUT,"June 6, 2026, 3:30 PM","101,333",5,5,5,4,0,"June 6, 2026, 5:30 PM"
pinnacle-Slc,"3,000,667",LOGOUT,"June 6, 2026, 3:30 PM","101,334",5,5,5,4,0,"June 6, 2026, 5:30 PM"
pinnacle-Slc,"3,000,668",LOGOUT,"June 6, 2026, 3:30 PM","101,335",5,5,5,4,0,"June 6, 2026, 5:30 PM"
pinnacle-Slc,"3,000,668",LOGOUT,"June 6, 2026, 3:30 PM","101,336",5,5,5,4,0,"June 6, 2026, 5:30 PM"
pinnacle-Slc,"3,000,669",LOGIN,"June 6, 2026, 9:00 AM","101,337",5,5,5,4,0,"June 6, 2026, 11:00 AM"
pinnacle-Slc,"3,000,669",LOGIN,"June 6, 2026, 9:00 AM","101,338",5,5,5,4,0,"June 6, 2026, 11:00 AM"
pinnacle-Slc,"3,000,670",LOGIN,"June 6, 2026, 9:00 AM","101,339",5,5,5,4,0,"June 6, 2026, 11:00 AM"
pinnacle-Slc,"3,000,670",LOGIN,"June 6, 2026, 9:00 AM","101,340",5,5,5,4,0,"June 6, 2026, 11:00 AM"
pinnacle-Slc,"3,000,671",LOGOUT,"June 6, 2026, 3:30 PM","101,341",5,5,5,4,0,"June 6, 2026, 5:30 PM"
pinnacle-Slc,"3,000,671",LOGOUT,"June 6, 2026, 3:30 PM","101,342",5,5,5,4,0,"June 6, 2026, 5:30 PM"
pinnacle-Slc,"3,000,672",LOGOUT,"June 6, 2026, 3:30 PM","101,343",5,5,5,4,0,"June 6, 2026, 5:30 PM"
pinnacle-Slc,"3,000,672",LOGOUT,"June 6, 2026, 3:30 PM","101,344",5,5,5,4,0,"June 6, 2026, 5:30 PM"
pinnacle-Slc,"3,000,673",LOGIN,"June 6, 2026, 9:00 AM","101,345",5,5,5,4,0,"June 6, 2026, 11:00 AM"
pinnacle-Slc,"3,000,673",LOGIN,"June 6, 2026, 9:00 AM","101,346",5,5,5,4,0,"June 6, 2026, 11:00 AM"
pinnacle-Slc,"3,000,674",LOGIN,"June 6, 2026, 9:00 AM","101,347",5,5,5,4,0,"June 6, 2026, 11:00 AM"
pinnacle-Slc,"3,000,674",LOGIN,"June 6, 2026, 9:00 AM","101,348",5,5,5,4,0,"June 6, 2026, 11:00 AM"
pinnacle-Slc,"3,000,675",LOGOUT,"June 6, 2026, 3:30 PM","101,349",5,5,5,4,0,"June 6, 2026, 5:30 PM"
pinnacle-Slc,"3,000,675",LOGOUT,"June 6, 2026, 3:30 PM","101,350",5,5,5,4,0,"June 6, 2026, 5:30 PM"
pinnacle-Slc,"3,000,676",LOGOUT,"June 6, 2026, 3:30 PM","101,351",5,5,5,4,0,"June 6, 2026, 5:30 PM"
pinnacle-Slc,"3,000,676",LOGOUT,"June 6, 2026, 3:30 PM","101,352",5,5,5,4,0,"June 6, 2026, 5:30 PM"
pinnacle-Slc,"3,000,677",LOGIN,"June 6, 2026, 9:00 AM","101,353",5,5,5,4,0,"June 6, 2026, 11:00 AM"
pinnacle-Slc,"3,000,677",LOGIN,"June 6, 2026, 9:00 AM","101,354",5,5,5,4,0,"June 6, 2026, 11:00 AM"
pinnacle-Slc,"3,000,678",LOGIN,"June 6, 2026, 9:00 AM","101,355",5,5,5,4,0,"June 6, 2026, 11:00 AM"
pinnacle-Slc,"3,000,678",LOGIN,"June 6, 2026, 9:00 AM","101,356",5,5,5,4,0,"June 6, 2026, 11:00 AM"
pinnacle-Slc,"3,000,679",LOGOUT,"June 6, 2026, 3:30 PM","101,357",5,5,5,4,0,"June 6, 2026, 5:30 PM"
pinnacle-Slc,"3,000,679",LOGOUT,"June 6, 2026, 3:30 PM","101,358",5,5,5,4,0,"June 6, 2026, 5:30 PM"
pinnacle-Slc,"3,000,680",LOGOUT,"June 6, 2026, 3:30 PM","101,359",5,5,5,4,0,"June 6, 2026, 5:30 PM"
pinnacle-Slc,"3,000,680",LOGOUT,"June 6, 2026, 3:30 PM","101,360",5,5,5,4,0,"June 6, 2026, 5:30 PM"
pinnacle-Slc,"3,000,681",LOGIN,"June 7, 2026, 9:00 AM","101,361",5,5,5,4,0,"June 7, 2026, 11:00 AM"
pinnacle-Slc,"3,000,681",LOGIN,"June 7, 2026, 9:00 AM","101,362",5,5,5,4,0,"June 7, 2026, 11:00 AM"
pinnacle-Slc,"3,000,682",LOGIN,"June 7, 2026, 9:00 AM","101,363",5,5,5,4,0,"June 7, 2026, 11:00 AM"
pinnacle-Slc,"3,000,682",LOGIN,"June 7, 2026, 9:00 AM","101,364",5,5,5,4,0,"June 7, 2026, 11:00 AM"
pinnacle-Slc,"3,000,683",LOGOUT,"June 7, 2026, 3:30 PM","101,365",5,5,5,4,0,"June 7, 2026, 5:30 PM"
pinnacle-Slc,"3,000,683",LOGOUT,"June 7, 2026, 3:30 PM","101,366",5,5,5,4,0,"June 7, 2026, 5:30 PM"
pinnacle-Slc,"3,000,684",LOGOUT,"June 7, 2026, 3:30 PM","101,367",5,5,5,4,0,"June 7, 2026, 5:30 PM"
pinnacle-Slc,"3,000,684",LOGOUT,"June 7, 2026, 3:30 PM","101,368",5,5,5,4,0,"June 7, 2026, 5:30 PM"
pinnacle-Slc,"3,000,685",LOGIN,"June 7, 2026, 9:00 AM","101,369",5,5,5,4,0,"June 7, 2026, 11:00 AM"
pinnacle-Slc,"3,000,685",LOGIN,"June 7, 2026, 9:00 AM","101,370",5,5,5,4,0,"June 7, 2026, 11:00 AM"
pinnacle-Slc,"3,000,686",LOGIN,"June 7, 2026, 9:00 AM","101,371",5,2,5,4,0,"June 7, 2026, 11:00 AM"
pinnacle-Slc,"3,000,686",LOGIN,"June 7, 2026, 9:00 AM","101,372",5,5,5,4,0,"June 7, 2026, 11:00 AM"
pinnacle-Slc,"3,000,687",LOGOUT,"June 7, 2026, 3:30 PM","101,373",5,5,5,4,0,"June 7, 2026, 5:30 PM"
pinnacle-Slc,"3,000,687",LOGOUT,"June 7, 2026, 3:30 PM","101,374",5,5,5,4,0,"June 7, 2026, 5:30 PM"
pinnacle-Slc,"3,000,688",LOGOUT,"June 7, 2026, 3:30 PM","101,375",5,5,5,4,0,"June 7, 2026, 5:30 PM"
pinnacle-Slc,"3,000,688",LOGOUT,"June 7, 2026, 3:30 PM","101,376",5,5,5,4,0,"June 7, 2026, 5:30 PM"
pinnacle-Slc,"3,000,689",LOGIN,"June 7, 2026, 9:00 AM","101,377",5,5,5,4,0,"June 7, 2026, 11:00 AM"
pinnacle-Slc,"3,000,689",LOGIN,"June 7, 2026, 9:00 AM","101,378",5,5,5,4,0,"June 7, 2026, 11:00 AM"
pinnacle-Slc,"3,000,690",LOGIN,"June 7, 2026, 9:00 AM","101,379",5,5,5,4,0,"June 7, 2026, 11:00 AM"
pinnacle-Slc,"3,000,690",LOGIN,"June 7, 2026, 9:00 AM","101,380",5,5,5,4,0,"June 7, 2026, 11:00 AM"
pinnacle-Slc,"3,000,691",LOGOUT,"June 7, 2026, 3:30 PM","101,381",5,5,5,4,0,"June 7, 2026, 5:30 PM"
pinnacle-Slc,"3,000,691",LOGOUT,"June 7, 2026, 3:30 PM","101,382",5,5,5,4,0,"June 7, 2026, 5:30 PM"
pinnacle-Slc,"3,000,692",LOGOUT,"June 7, 2026, 3:30 PM","101,383",5,5,5,4,0,"June 7, 2026, 5:30 PM"
pinnacle-Slc,"3,000,692",LOGOUT,"June 7, 2026, 3:30 PM","101,384",5,5,5,4,0,"June 7, 2026, 5:30 PM"
pinnacle-Slc,"3,000,693",LOGIN,"June 7, 2026, 9:00 AM","101,385",5,5,5,4,0,"June 7, 2026, 11:00 AM"
pinnacle-Slc,"3,000,693",LOGIN,"June 7, 2026, 9:00 AM","101,386",5,5,5,4,0,"June 7, 2026, 11:00 AM"
pinnacle-Slc,"3,000,694",LOGIN,"June 7, 2026, 9:00 AM","101,387",5,5,5,4,0,"June 7, 2026, 11:00 AM"
pinnacle-Slc,"3,000,694",LOGIN,"June 7, 2026, 9:00 AM","101,388",5,5,5,4,0,"June 7, 2026, 11:00 AM"
pinnacle-Slc,"3,000,695",LOGOUT,"June 7, 2026, 3:30 PM","101,389",5,5,5,4,0,"June 7, 2026, 5:30 PM"
pinnacle-Slc,"3,000,695",LOGOUT,"June 7, 2026, 3:30 PM","101,390",5,5,5,4,0,"June 7, 2026, 5:30 PM"
pinnacle-Slc,"3,000,696",LOGOUT,"June 7, 2026, 3:30 PM","101,391",5,5,5,4,0,"June 7, 2026, 5:30 PM"
pinnacle-Slc,"3,000,696",LOGOUT,"June 7, 2026, 3:30 PM","101,392",5,5,5,4,0,"June 7, 2026, 5:30 PM"
pinnacle-Slc,"3,000,697",LOGIN,"June 7, 2026, 9:00 AM","101,393",5,5,5,4,0,"June 7, 2026, 11:00 AM"
pinnacle-Slc,"3,000,697",LOGIN,"June 7, 2026, 9:00 AM","101,394",5,5,5,4,0,"June 7, 2026, 11:00 AM"
pinnacle-Slc,"3,000,698",LOGIN,"June 7, 2026, 9:00 AM","101,395",5,5,5,4,0,"June 7, 2026, 11:00 AM"
pinnacle-Slc,"3,000,698",LOGIN,"June 7, 2026, 9:00 AM","101,396",5,5,5,4,0,"June 7, 2026, 11:00 AM"
pinnacle-Slc,"3,000,699",LOGOUT,"June 7, 2026, 3:30 PM","101,397",5,5,5,4,0,"June 7, 2026, 5:30 PM"
pinnacle-Slc,"3,000,699",LOGOUT,"June 7, 2026, 3:30 PM","101,398",5,5,5,4,0,"June 7, 2026, 5:30 PM"
pinnacle-Slc,"3,000,700",LOGOUT,"June 7, 2026, 3:30 PM","101,399",5,5,5,4,0,"June 7, 2026, 5:30 PM"
pinnacle-Slc,"3,000,700",LOGOUT,"June 7, 2026, 3:30 PM","101,400",5,5,5,4,0,"June 7, 2026, 5:30 PM"
orbit-Slc,"1,200,020",LOGIN,"May 5, 2026, 10:00 AM","500,000",4,4,4,4,3,"May 5, 2026, 12:00 PM"
orbit-Slc,"1,200,021",LOGIN,"May 5, 2026, 10:00 AM","500,001",4,4,4,4,3,"May 5, 2026, 12:00 PM"
