tenant_id,delay_id,trip_id,recorded_at_utc,delay_stage,delay_minutes,delay_reason,source,disputed_flag
TNT_001,DLY_TRP_0000008,TRP_0000008,2026-06-08T07:09:00.000Z,ARRIVAL,37,WEATHER,GPS,false
TNT_002,DLY_TRP_0000010,TRP_0000010,2026-06-10T22:28:00.000Z,ARRIVAL,26,TRAFFIC,GPS,true
TNT_003,DLY_TRP_0000021,TRP_0000021,2026-06-21T23:06:00.000Z,ARRIVAL,45,TRAFFIC,VENDOR,false
TNT_001,DLY_TRP_0000027,TRP_0000027,2026-06-27T09:37:00.000Z,ARRIVAL,45,TRAFFIC,GPS,false
TNT_001,DLY_TRP_0000031,TRP_0000031,2026-07-01T07:13:00.000Z,ARRIVAL,49,TRAFFIC,GPS,false
TNT_001,DLY_TRP_0000038,TRP_0000038,2026-07-08T22:22:00.000Z,ARRIVAL,24,TRAFFIC,GPS,false
TNT_001,DLY_TRP_0000051,TRP_0000051,2026-07-21T06:44:00.000Z,ARRIVAL,49,TRAFFIC,GPS,false
TNT_002,DLY_TRP_0000055,TRP_0000055,2026-07-25T14:24:00.000Z,ARRIVAL,15,VEHICLE_ISSUE,VENDOR,false
TNT_001,DLY_TRP_0000061,TRP_0000061,2026-07-31T09:15:00.000Z,ARRIVAL,11,WEATHER,GPS,false
TNT_001,DLY_TRP_0000063,TRP_0000063,2026-08-02T22:57:00.000Z,ARRIVAL,20,TRAFFIC,GPS,false
TNT_002,DLY_TRP_0000068,TRP_0000068,2026-08-07T09:57:00.000Z,ARRIVAL,50,WEATHER,GPS,false
TNT_003,DLY_TRP_0000069,TRP_0000069,2026-08-08T09:27:00.000Z,ARRIVAL,13,TRAFFIC,VENDOR,false
TNT_001,DLY_TRP_0000072,TRP_0000072,2026-08-11T10:06:00.000Z,ARRIVAL,46,WEATHER,GPS,false
TNT_001,DLY_TRP_0000073,TRP_0000073,2026-08-12T22:42:00.000Z,ARRIVAL,40,VEHICLE_ISSUE,VENDOR,false
TNT_003,DLY_TRP_0000080,TRP_0000080,2026-08-19T06:25:00.000Z,ARRIVAL,21,TRAFFIC,GPS,false
TNT_003,DLY_TRP_0000086,TRP_0000086,2026-08-25T14:37:00.000Z,ARRIVAL,22,ROUTE_DEVIATION,GPS,false
TNT_002,DLY_TRP_0000095,TRP_0000095,2026-06-05T14:26:00.000Z,ARRIVAL,43,TRAFFIC,GPS,false
TNT_001,DLY_TRP_0000098,TRP_0000098,2026-06-08T22:32:00.000Z,ARRIVAL,39,WEATHER,GPS,false
TNT_001,DLY_TRP_0000102,TRP_0000102,2026-06-12T09:31:00.000Z,ARRIVAL,42,TRAFFIC,GPS,false
TNT_001,DLY_TRP_0000103,TRP_0000103,2026-06-13T06:43:00.000Z,ARRIVAL,56,VEHICLE_ISSUE,VENDOR,false
TNT_001,DLY_TRP_0000115,TRP_0000115,2026-06-25T06:28:00.000Z,ARRIVAL,30,TRAFFIC,VENDOR,false
TNT_001,DLY_TRP_0000129,TRP_0000129,2026-07-09T22:19:00.000Z,ARRIVAL,24,TRAFFIC,OPS,false
TNT_001,DLY_TRP_0000135,TRP_0000135,2026-07-15T06:34:00.000Z,ARRIVAL,52,DRIVER_LATE,OPS,false
TNT_001,DLY_TRP_0000148,TRP_0000148,2026-07-28T08:45:00.000Z,ARRIVAL,16,TRAFFIC,GPS,false
TNT_003,DLY_TRP_0000152,TRP_0000152,2026-08-01T09:20:00.000Z,ARRIVAL,30,TRAFFIC,GPS,false
TNT_001,DLY_TRP_0000158,TRP_0000158,2026-08-07T09:47:00.000Z,ARRIVAL,16,WEATHER,GPS,false
TNT_002,DLY_TRP_0000164,TRP_0000164,2026-08-13T14:23:00.000Z,ARRIVAL,49,ROUTE_DEVIATION,VENDOR,false
TNT_003,DLY_TRP_0000168,TRP_0000168,2026-08-17T06:28:00.000Z,ARRIVAL,32,TRAFFIC,VENDOR,false
TNT_002,DLY_TRP_0000170,TRP_0000170,2026-08-19T06:15:00.000Z,ARRIVAL,32,TRAFFIC,GPS,false
TNT_001,DLY_TRP_0000171,TRP_0000171,2026-08-20T14:23:00.000Z,ARRIVAL,22,WEATHER,OPS,false
TNT_002,DLY_TRP_0000192,TRP_0000192,2026-06-12T22:01:00.000Z,ARRIVAL,11,ROUTE_DEVIATION,VENDOR,false
TNT_001,DLY_TRP_0000193,TRP_0000193,2026-06-13T06:01:00.000Z,ARRIVAL,17,ROUTE_DEVIATION,GPS,false
TNT_001,DLY_TRP_0000201,TRP_0000201,2026-06-21T09:05:00.000Z,ARRIVAL,25,TRAFFIC,OPS,false
TNT_003,DLY_TRP_0000214,TRP_0000214,2026-07-04T15:05:00.000Z,ARRIVAL,53,TRAFFIC,GPS,false
TNT_001,DLY_TRP_0000219,TRP_0000219,2026-07-09T06:59:00.000Z,ARRIVAL,39,DRIVER_LATE,VENDOR,false
TNT_001,DLY_TRP_0000247,TRP_0000247,2026-08-06T06:57:00.000Z,ARRIVAL,56,DRIVER_LATE,VENDOR,false
TNT_002,DLY_TRP_0000256,TRP_0000256,2026-08-15T09:29:00.000Z,ARRIVAL,45,TRAFFIC,VENDOR,false
TNT_002,DLY_TRP_0000263,TRP_0000263,2026-08-22T22:37:00.000Z,ARRIVAL,13,DRIVER_LATE,GPS,false
TNT_001,DLY_TRP_0000267,TRP_0000267,2026-08-26T07:10:00.000Z,ARRIVAL,19,WEATHER,OPS,false
TNT_001,DLY_TRP_0000274,TRP_0000274,2026-06-04T23:00:00.000Z,ARRIVAL,54,VEHICLE_ISSUE,VENDOR,false
TNT_001,DLY_TRP_0000280,TRP_0000280,2026-06-10T10:06:00.000Z,ARRIVAL,15,DRIVER_LATE,VENDOR,false
TNT_001,DLY_TRP_0000285,TRP_0000285,2026-06-15T14:55:00.000Z,ARRIVAL,45,ROUTE_DEVIATION,GPS,false
TNT_001,DLY_TRP_0000286,TRP_0000286,2026-06-16T09:29:00.000Z,ARRIVAL,25,DRIVER_LATE,GPS,false
TNT_001,DLY_TRP_0000300,TRP_0000300,2026-06-30T06:11:00.000Z,ARRIVAL,18,DRIVER_LATE,OPS,false
TNT_002,DLY_TRP_0000301,TRP_0000301,2026-07-01T14:41:00.000Z,ARRIVAL,25,WEATHER,GPS,false
TNT_002,DLY_TRP_0000302,TRP_0000302,2026-07-02T09:49:00.000Z,ARRIVAL,36,TRAFFIC,VENDOR,false
TNT_001,DLY_TRP_0000306,TRP_0000306,2026-07-06T09:36:00.000Z,ARRIVAL,21,TRAFFIC,GPS,false
TNT_001,DLY_TRP_0000336,TRP_0000336,2026-08-05T06:18:00.000Z,ARRIVAL,32,ROUTE_DEVIATION,OPS,false
TNT_002,DLY_TRP_0000346,TRP_0000346,2026-08-15T09:18:00.000Z,ARRIVAL,37,TRAFFIC,GPS,false
TNT_001,DLY_TRP_0000348,TRP_0000348,2026-08-17T07:20:00.000Z,ARRIVAL,39,WEATHER,OPS,false
TNT_001,DLY_TRP_0000358,TRP_0000358,2026-08-27T22:37:00.000Z,ARRIVAL,58,VEHICLE_ISSUE,GPS,false
TNT_003,DLY_TRP_0000364,TRP_0000364,2026-06-04T22:15:00.000Z,ARRIVAL,21,ROUTE_DEVIATION,GPS,false
TNT_001,DLY_TRP_0000377,TRP_0000377,2026-06-17T22:36:00.000Z,ARRIVAL,36,TRAFFIC,GPS,false
TNT_001,DLY_TRP_0000381,TRP_0000381,2026-06-21T07:38:00.000Z,ARRIVAL,48,TRAFFIC,GPS,false
TNT_002,DLY_TRP_0000386,TRP_0000386,2026-06-26T14:14:00.000Z,ARRIVAL,48,DRIVER_LATE,GPS,false
TNT_001,DLY_TRP_0000389,TRP_0000389,2026-06-29T15:10:00.000Z,ARRIVAL,30,VEHICLE_ISSUE,VENDOR,false
TNT_001,DLY_TRP_0000401,TRP_0000401,2026-07-11T14:30:00.000Z,ARRIVAL,15,WEATHER,GPS,false
TNT_003,DLY_TRP_0000412,TRP_0000412,2026-07-22T09:40:00.000Z,ARRIVAL,18,TRAFFIC,OPS,false
TNT_002,DLY_TRP_0000422,TRP_0000422,2026-08-01T14:26:00.000Z,ARRIVAL,18,VEHICLE_ISSUE,GPS,false
TNT_002,DLY_TRP_0000426,TRP_0000426,2026-08-05T06:32:00.000Z,ARRIVAL,53,TRAFFIC,GPS,false
TNT_001,DLY_TRP_0000433,TRP_0000433,2026-08-12T09:31:00.000Z,ARRIVAL,15,DRIVER_LATE,OPS,false
TNT_003,DLY_TRP_0000435,TRP_0000435,2026-08-14T22:31:00.000Z,ARRIVAL,44,TRAFFIC,GPS,false
TNT_001,DLY_TRP_0000437,TRP_0000437,2026-08-16T09:44:00.000Z,ARRIVAL,27,ROUTE_DEVIATION,GPS,false
TNT_001,DLY_TRP_0000439,TRP_0000439,2026-08-18T13:59:00.000Z,ARRIVAL,19,DRIVER_LATE,VENDOR,true
TNT_001,DLY_TRP_0000445,TRP_0000445,2026-08-24T07:03:00.000Z,ARRIVAL,46,TRAFFIC,GPS,false
TNT_003,DLY_TRP_0000452,TRP_0000452,2026-06-02T14:20:00.000Z,ARRIVAL,40,ROUTE_DEVIATION,VENDOR,false
TNT_001,DLY_TRP_0000461,TRP_0000461,2026-06-11T15:28:00.000Z,ARRIVAL,54,DRIVER_LATE,OPS,false
TNT_003,DLY_TRP_0000462,TRP_0000462,2026-06-12T06:52:00.000Z,ARRIVAL,52,TRAFFIC,GPS,false
TNT_001,DLY_TRP_0000469,TRP_0000469,2026-06-19T06:26:00.000Z,ARRIVAL,46,TRAFFIC,VENDOR,false
TNT_002,DLY_TRP_0000474,TRP_0000474,2026-06-24T06:19:00.000Z,ARRIVAL,48,VEHICLE_ISSUE,GPS,false
TNT_002,DLY_TRP_0000486,TRP_0000486,2026-07-06T14:37:00.000Z,ARRIVAL,50,DRIVER_LATE,GPS,false
TNT_001,DLY_TRP_0000491,TRP_0000491,2026-07-11T06:42:00.000Z,ARRIVAL,42,TRAFFIC,GPS,false
TNT_001,DLY_TRP_0000501,TRP_0000501,2026-07-21T06:09:00.000Z,ARRIVAL,12,VEHICLE_ISSUE,GPS,false
TNT_001,DLY_TRP_0000506,TRP_0000506,2026-07-26T22:30:00.000Z,ARRIVAL,38,DRIVER_LATE,GPS,false
TNT_001,DLY_TRP_0000508,TRP_0000508,2026-07-28T10:13:00.000Z,ARRIVAL,48,TRAFFIC,GPS,false
TNT_002,DLY_TRP_0000515,TRP_0000515,2026-08-04T09:46:00.000Z,ARRIVAL,17,DRIVER_LATE,GPS,false
TNT_003,DLY_TRP_0000527,TRP_0000527,2026-08-16T15:02:00.000Z,ARRIVAL,55,WEATHER,GPS,false
TNT_002,DLY_TRP_0000528,TRP_0000528,2026-08-17T22:49:00.000Z,ARRIVAL,56,ROUTE_DEVIATION,GPS,false
TNT_001,DLY_TRP_0000535,TRP_0000535,2026-08-24T09:10:00.000Z,ARRIVAL,29,DRIVER_LATE,VENDOR,false
TNT_001,DLY_TRP_0000537,TRP_0000537,2026-08-26T23:01:00.000Z,ARRIVAL,58,VEHICLE_ISSUE,OPS,false
TNT_002,DLY_TRP_0000538,TRP_0000538,2026-08-27T06:03:00.000Z,ARRIVAL,16,TRAFFIC,VENDOR,false
TNT_001,DLY_TRP_0000539,TRP_0000539,2026-08-28T22:18:00.000Z,ARRIVAL,38,DRIVER_LATE,GPS,false
TNT_001,DLY_TRP_0000566,TRP_0000566,2026-06-26T14:19:00.000Z,ARRIVAL,19,TRAFFIC,GPS,false
TNT_003,DLY_TRP_0000571,TRP_0000571,2026-07-01T15:11:00.000Z,ARRIVAL,58,TRAFFIC,GPS,false
TNT_003,DLY_TRP_0000573,TRP_0000573,2026-07-03T06:47:00.000Z,ARRIVAL,41,TRAFFIC,GPS,false
TNT_001,DLY_TRP_0000585,TRP_0000585,2026-07-15T23:04:00.000Z,ARRIVAL,33,VEHICLE_ISSUE,VENDOR,false
TNT_001,DLY_TRP_0000590,TRP_0000590,2026-07-20T06:11:00.000Z,ARRIVAL,12,DRIVER_LATE,GPS,true
TNT_002,DLY_TRP_0000591,TRP_0000591,2026-07-21T06:41:00.000Z,ARRIVAL,19,DRIVER_LATE,GPS,false
TNT_003,DLY_TRP_0000603,TRP_0000603,2026-08-02T06:18:00.000Z,ARRIVAL,24,TRAFFIC,OPS,false
TNT_001,DLY_TRP_0000606,TRP_0000606,2026-08-05T09:59:00.000Z,ARRIVAL,47,TRAFFIC,VENDOR,false
TNT_001,DLY_TRP_0000616,TRP_0000616,2026-08-15T10:25:00.000Z,ARRIVAL,51,TRAFFIC,GPS,false
TNT_003,DLY_TRP_0000627,TRP_0000627,2026-08-26T10:21:00.000Z,ARRIVAL,36,ROUTE_DEVIATION,GPS,false
TNT_001,DLY_TRP_0000631,TRP_0000631,2026-06-01T15:17:00.000Z,ARRIVAL,40,TRAFFIC,GPS,false
TNT_002,DLY_TRP_0000634,TRP_0000634,2026-06-04T22:34:00.000Z,ARRIVAL,56,WEATHER,VENDOR,false
TNT_002,DLY_TRP_0000636,TRP_0000636,2026-06-06T22:28:00.000Z,ARRIVAL,31,TRAFFIC,VENDOR,false
TNT_002,DLY_TRP_0000652,TRP_0000652,2026-06-22T09:09:00.000Z,ARRIVAL,38,VEHICLE_ISSUE,GPS,false
TNT_002,DLY_TRP_0000655,TRP_0000655,2026-06-25T23:02:00.000Z,ARRIVAL,52,DRIVER_LATE,GPS,false
TNT_001,DLY_TRP_0000661,TRP_0000661,2026-07-01T09:56:00.000Z,ARRIVAL,56,WEATHER,GPS,false
TNT_001,DLY_TRP_0000666,TRP_0000666,2026-07-06T09:01:00.000Z,ARRIVAL,16,TRAFFIC,GPS,false
TNT_001,DLY_TRP_0000693,TRP_0000693,2026-08-02T23:26:00.000Z,ARRIVAL,49,TRAFFIC,GPS,false
TNT_002,DLY_TRP_0000694,TRP_0000694,2026-08-03T09:07:00.000Z,ARRIVAL,28,DRIVER_LATE,GPS,false
TNT_002,DLY_TRP_0000695,TRP_0000695,2026-08-04T06:35:00.000Z,ARRIVAL,18,DRIVER_LATE,VENDOR,false
TNT_001,DLY_TRP_0000705,TRP_0000705,2026-08-14T06:57:00.000Z,ARRIVAL,50,DRIVER_LATE,OPS,false
TNT_001,DLY_TRP_0000727,TRP_0000727,2026-06-07T23:18:00.000Z,ARRIVAL,35,ROUTE_DEVIATION,VENDOR,false
TNT_003,DLY_TRP_0000728,TRP_0000728,2026-06-08T14:21:00.000Z,ARRIVAL,35,TRAFFIC,VENDOR,false
TNT_002,DLY_TRP_0000731,TRP_0000731,2026-06-11T10:36:00.000Z,ARRIVAL,55,TRAFFIC,GPS,false
TNT_003,DLY_TRP_0000737,TRP_0000737,2026-06-17T06:49:00.000Z,ARRIVAL,43,VEHICLE_ISSUE,GPS,false
TNT_001,DLY_TRP_0000743,TRP_0000743,2026-06-23T22:13:00.000Z,ARRIVAL,16,VEHICLE_ISSUE,GPS,false
TNT_002,DLY_TRP_0000753,TRP_0000753,2026-07-03T09:08:00.000Z,ARRIVAL,20,DRIVER_LATE,OPS,false
TNT_001,DLY_TRP_0000755,TRP_0000755,2026-07-05T09:21:00.000Z,ARRIVAL,41,TRAFFIC,VENDOR,false
TNT_001,DLY_TRP_0000763,TRP_0000763,2026-07-13T22:20:00.000Z,ARRIVAL,14,TRAFFIC,GPS,false
TNT_001,DLY_TRP_0000771,TRP_0000771,2026-07-21T22:49:00.000Z,ARRIVAL,37,ROUTE_DEVIATION,GPS,false
TNT_001,DLY_TRP_0000773,TRP_0000773,2026-07-23T22:38:00.000Z,ARRIVAL,18,WEATHER,GPS,false
TNT_003,DLY_TRP_0000777,TRP_0000777,2026-07-27T09:04:00.000Z,ARRIVAL,27,DRIVER_LATE,GPS,false
TNT_001,DLY_TRP_0000781,TRP_0000781,2026-07-31T10:08:00.000Z,ARRIVAL,52,ROUTE_DEVIATION,VENDOR,false
TNT_001,DLY_TRP_0000782,TRP_0000782,2026-08-01T22:55:00.000Z,ARRIVAL,16,ROUTE_DEVIATION,GPS,false
TNT_001,DLY_TRP_0000809,TRP_0000809,2026-08-28T22:54:00.000Z,ARRIVAL,52,TRAFFIC,GPS,false
TNT_002,DLY_TRP_0000810,TRP_0000810,2026-08-29T15:46:00.000Z,ARRIVAL,57,TRAFFIC,OPS,false
TNT_003,DLY_TRP_0000821,TRP_0000821,2026-06-11T14:45:00.000Z,ARRIVAL,14,ROUTE_DEVIATION,GPS,false
TNT_003,DLY_TRP_0000831,TRP_0000831,2026-06-21T09:32:00.000Z,ARRIVAL,15,TRAFFIC,GPS,false
TNT_001,DLY_TRP_0000832,TRP_0000832,2026-06-22T06:00:00.000Z,ARRIVAL,18,TRAFFIC,GPS,false
TNT_002,DLY_TRP_0000835,TRP_0000835,2026-06-25T06:36:00.000Z,ARRIVAL,24,TRAFFIC,VENDOR,false
TNT_003,DLY_TRP_0000843,TRP_0000843,2026-07-03T09:30:00.000Z,ARRIVAL,36,WEATHER,VENDOR,false
TNT_001,DLY_TRP_0000846,TRP_0000846,2026-07-06T10:02:00.000Z,ARRIVAL,43,TRAFFIC,GPS,false
TNT_001,DLY_TRP_0000847,TRP_0000847,2026-07-07T14:38:00.000Z,ARRIVAL,17,WEATHER,GPS,false
TNT_001,DLY_TRP_0000848,TRP_0000848,2026-07-08T21:50:00.000Z,ARRIVAL,27,DRIVER_LATE,GPS,false
TNT_002,DLY_TRP_0000858,TRP_0000858,2026-07-18T10:04:00.000Z,ARRIVAL,58,WEATHER,OPS,false
TNT_002,DLY_TRP_0000861,TRP_0000861,2026-07-21T14:17:00.000Z,ARRIVAL,33,TRAFFIC,GPS,false
TNT_003,DLY_TRP_0000868,TRP_0000868,2026-07-28T06:15:00.000Z,ARRIVAL,38,TRAFFIC,OPS,false
TNT_003,DLY_TRP_0000869,TRP_0000869,2026-07-29T09:24:00.000Z,ARRIVAL,27,DRIVER_LATE,VENDOR,false
TNT_003,DLY_TRP_0000875,TRP_0000875,2026-08-04T06:23:00.000Z,ARRIVAL,47,ROUTE_DEVIATION,GPS,false
TNT_001,DLY_TRP_0000881,TRP_0000881,2026-08-10T14:39:00.000Z,ARRIVAL,18,TRAFFIC,GPS,false
TNT_001,DLY_TRP_0000885,TRP_0000885,2026-08-14T22:43:00.000Z,ARRIVAL,26,TRAFFIC,OPS,false
TNT_001,DLY_TRP_0000889,TRP_0000889,2026-08-18T09:31:00.000Z,ARRIVAL,27,ROUTE_DEVIATION,OPS,false
TNT_002,DLY_TRP_0000893,TRP_0000893,2026-08-22T15:11:00.000Z,ARRIVAL,37,TRAFFIC,GPS,false
TNT_001,DLY_TRP_0000894,TRP_0000894,2026-08-23T22:46:00.000Z,ARRIVAL,28,VEHICLE_ISSUE,GPS,true
TNT_001,DLY_TRP_0000898,TRP_0000898,2026-08-27T09:56:00.000Z,ARRIVAL,48,TRAFFIC,GPS,false
TNT_001,DLY_TRP_0000909,TRP_0000909,2026-06-09T14:20:00.000Z,ARRIVAL,46,WEATHER,GPS,false
TNT_001,DLY_TRP_0000910,TRP_0000910,2026-06-10T05:58:00.000Z,ARRIVAL,37,ROUTE_DEVIATION,GPS,false
TNT_001,DLY_TRP_0000911,TRP_0000911,2026-06-11T14:27:00.000Z,ARRIVAL,30,TRAFFIC,GPS,false
TNT_001,DLY_TRP_0000916,TRP_0000916,2026-06-16T14:16:00.000Z,ARRIVAL,30,WEATHER,GPS,false
TNT_001,DLY_TRP_0000917,TRP_0000917,2026-06-17T10:37:00.000Z,ARRIVAL,37,WEATHER,GPS,false
TNT_001,DLY_TRP_0000926,TRP_0000926,2026-06-26T15:00:00.000Z,ARRIVAL,23,TRAFFIC,OPS,false
TNT_001,DLY_TRP_0000935,TRP_0000935,2026-07-05T06:11:00.000Z,ARRIVAL,16,DRIVER_LATE,VENDOR,false
TNT_001,DLY_TRP_0000943,TRP_0000943,2026-07-13T14:49:00.000Z,ARRIVAL,49,TRAFFIC,GPS,false
TNT_002,DLY_TRP_0000951,TRP_0000951,2026-07-21T23:06:00.000Z,ARRIVAL,56,TRAFFIC,VENDOR,false
TNT_002,DLY_TRP_0000953,TRP_0000953,2026-07-23T09:17:00.000Z,ARRIVAL,32,TRAFFIC,OPS,false
TNT_003,DLY_TRP_0000955,TRP_0000955,2026-07-25T22:18:00.000Z,ARRIVAL,11,WEATHER,GPS,false
TNT_001,DLY_TRP_0000974,TRP_0000974,2026-08-13T21:42:00.000Z,ARRIVAL,11,TRAFFIC,OPS,false
TNT_003,DLY_TRP_0000978,TRP_0000978,2026-08-17T22:09:00.000Z,ARRIVAL,12,TRAFFIC,OPS,false
TNT_001,DLY_TRP_0000991,TRP_0000991,2026-06-01T21:57:00.000Z,ARRIVAL,13,WEATHER,VENDOR,false
TNT_001,DLY_TRP_0000995,TRP_0000995,2026-06-05T14:34:00.000Z,ARRIVAL,27,TRAFFIC,GPS,false
TNT_003,DLY_TRP_0000999,TRP_0000999,2026-06-09T09:15:00.000Z,ARRIVAL,22,ROUTE_DEVIATION,GPS,false
TNT_001,DLY_TRP_0001013,TRP_0001013,2026-06-23T22:39:00.000Z,ARRIVAL,35,DRIVER_LATE,GPS,false
TNT_001,DLY_TRP_0001014,TRP_0001014,2026-06-24T14:09:00.000Z,ARRIVAL,18,DRIVER_LATE,GPS,false
TNT_001,DLY_TRP_0001015,TRP_0001015,2026-06-25T09:16:00.000Z,ARRIVAL,30,WEATHER,GPS,false
TNT_001,DLY_TRP_0001016,TRP_0001016,2026-06-26T10:07:00.000Z,ARRIVAL,54,DRIVER_LATE,VENDOR,false
TNT_002,DLY_TRP_0001024,TRP_0001024,2026-07-04T22:17:00.000Z,ARRIVAL,27,DRIVER_LATE,GPS,false
TNT_001,DLY_TRP_0001025,TRP_0001025,2026-07-05T22:50:00.000Z,ARRIVAL,25,ROUTE_DEVIATION,GPS,false
TNT_002,DLY_TRP_0001026,TRP_0001026,2026-07-06T07:03:00.000Z,ARRIVAL,42,WEATHER,VENDOR,false
TNT_001,DLY_TRP_0001027,TRP_0001027,2026-07-07T10:33:00.000Z,ARRIVAL,15,TRAFFIC,GPS,false
TNT_003,DLY_TRP_0001028,TRP_0001028,2026-07-08T09:58:00.000Z,ARRIVAL,26,VEHICLE_ISSUE,GPS,false
TNT_003,DLY_TRP_0001035,TRP_0001035,2026-07-15T14:57:00.000Z,ARRIVAL,50,VEHICLE_ISSUE,VENDOR,false
TNT_001,DLY_TRP_0001037,TRP_0001037,2026-07-17T09:47:00.000Z,ARRIVAL,44,TRAFFIC,GPS,false
TNT_002,DLY_TRP_0001041,TRP_0001041,2026-07-21T05:42:00.000Z,ARRIVAL,17,DRIVER_LATE,VENDOR,false
TNT_002,DLY_TRP_0001056,TRP_0001056,2026-08-05T09:33:00.000Z,ARRIVAL,47,DRIVER_LATE,VENDOR,false
TNT_003,DLY_TRP_0001057,TRP_0001057,2026-08-06T07:05:00.000Z,ARRIVAL,55,WEATHER,GPS,false
TNT_001,DLY_TRP_0001058,TRP_0001058,2026-08-07T23:42:00.000Z,ARRIVAL,40,WEATHER,VENDOR,true
TNT_001,DLY_TRP_0001060,TRP_0001060,2026-08-09T22:24:00.000Z,ARRIVAL,41,VEHICLE_ISSUE,VENDOR,false
TNT_001,DLY_TRP_0001062,TRP_0001062,2026-08-11T09:51:00.000Z,ARRIVAL,55,ROUTE_DEVIATION,GPS,false
TNT_002,DLY_TRP_0001073,TRP_0001073,2026-08-22T22:44:00.000Z,ARRIVAL,51,DRIVER_LATE,GPS,false
TNT_001,DLY_TRP_0001078,TRP_0001078,2026-08-27T06:14:00.000Z,ARRIVAL,18,VEHICLE_ISSUE,VENDOR,true
TNT_001,DLY_TRP_0001084,TRP_0001084,2026-06-04T09:30:00.000Z,ARRIVAL,32,ROUTE_DEVIATION,VENDOR,false
TNT_001,DLY_TRP_0001087,TRP_0001087,2026-06-07T10:23:00.000Z,ARRIVAL,54,WEATHER,GPS,false
TNT_001,DLY_TRP_0001094,TRP_0001094,2026-06-14T09:50:00.000Z,ARRIVAL,44,DRIVER_LATE,OPS,false
TNT_002,DLY_TRP_0001096,TRP_0001096,2026-06-16T06:00:00.000Z,ARRIVAL,13,TRAFFIC,GPS,false
TNT_002,DLY_TRP_0001098,TRP_0001098,2026-06-18T22:25:00.000Z,ARRIVAL,31,VEHICLE_ISSUE,GPS,false
TNT_001,DLY_TRP_0001107,TRP_0001107,2026-06-27T22:49:00.000Z,ARRIVAL,25,WEATHER,GPS,false
TNT_001,DLY_TRP_0001108,TRP_0001108,2026-06-28T07:04:00.000Z,ARRIVAL,42,TRAFFIC,VENDOR,false
TNT_001,DLY_TRP_0001116,TRP_0001116,2026-07-06T15:39:00.000Z,ARRIVAL,55,VEHICLE_ISSUE,OPS,false
TNT_001,DLY_TRP_0001127,TRP_0001127,2026-07-17T14:54:00.000Z,ARRIVAL,20,DRIVER_LATE,OPS,false
TNT_001,DLY_TRP_0001131,TRP_0001131,2026-07-21T22:43:00.000Z,ARRIVAL,33,VEHICLE_ISSUE,GPS,true
TNT_003,DLY_TRP_0001138,TRP_0001138,2026-07-28T14:38:00.000Z,ARRIVAL,49,DRIVER_LATE,VENDOR,false
TNT_001,DLY_TRP_0001146,TRP_0001146,2026-08-05T06:18:00.000Z,ARRIVAL,44,VEHICLE_ISSUE,VENDOR,false
TNT_001,DLY_TRP_0001147,TRP_0001147,2026-08-06T09:32:00.000Z,ARRIVAL,41,TRAFFIC,GPS,false
TNT_001,DLY_TRP_0001149,TRP_0001149,2026-08-08T14:15:00.000Z,ARRIVAL,41,VEHICLE_ISSUE,GPS,false
TNT_001,DLY_TRP_0001154,TRP_0001154,2026-08-13T06:36:00.000Z,ARRIVAL,25,WEATHER,VENDOR,false
TNT_002,DLY_TRP_0001161,TRP_0001161,2026-08-20T14:44:00.000Z,ARRIVAL,27,WEATHER,OPS,false
TNT_001,DLY_TRP_0001174,TRP_0001174,2026-06-04T09:50:00.000Z,ARRIVAL,56,VEHICLE_ISSUE,OPS,false
TNT_001,DLY_TRP_0001176,TRP_0001176,2026-06-06T22:44:00.000Z,ARRIVAL,39,VEHICLE_ISSUE,GPS,false
TNT_002,DLY_TRP_0001177,TRP_0001177,2026-06-07T22:33:00.000Z,ARRIVAL,45,VEHICLE_ISSUE,GPS,false
TNT_001,DLY_TRP_0001180,TRP_0001180,2026-06-10T14:50:00.000Z,ARRIVAL,43,TRAFFIC,OPS,false
TNT_002,DLY_TRP_0001181,TRP_0001181,2026-06-11T06:24:00.000Z,ARRIVAL,26,TRAFFIC,GPS,false
TNT_002,DLY_TRP_0001188,TRP_0001188,2026-06-18T06:34:00.000Z,ARRIVAL,50,WEATHER,GPS,false
TNT_001,DLY_TRP_0001189,TRP_0001189,2026-06-19T14:58:00.000Z,ARRIVAL,58,VEHICLE_ISSUE,GPS,false
TNT_001,DLY_TRP_0001204,TRP_0001204,2026-07-04T09:41:00.000Z,ARRIVAL,48,WEATHER,VENDOR,false
TNT_003,DLY_TRP_0001209,TRP_0001209,2026-07-09T09:32:00.000Z,ARRIVAL,27,WEATHER,GPS,false
TNT_001,DLY_TRP_0001221,TRP_0001221,2026-07-21T09:42:00.000Z,ARRIVAL,39,TRAFFIC,GPS,false
TNT_001,DLY_TRP_0001223,TRP_0001223,2026-07-23T14:14:00.000Z,ARRIVAL,15,WEATHER,GPS,false
TNT_001,DLY_TRP_0001224,TRP_0001224,2026-07-24T14:45:00.000Z,ARRIVAL,40,ROUTE_DEVIATION,GPS,false
TNT_001,DLY_TRP_0001231,TRP_0001231,2026-07-31T22:58:00.000Z,ARRIVAL,42,ROUTE_DEVIATION,GPS,true
TNT_003,DLY_TRP_0001233,TRP_0001233,2026-08-02T09:28:00.000Z,ARRIVAL,35,TRAFFIC,OPS,false
TNT_001,DLY_TRP_0001239,TRP_0001239,2026-08-08T09:43:00.000Z,ARRIVAL,46,WEATHER,VENDOR,false
TNT_001,DLY_TRP_0001241,TRP_0001241,2026-08-10T09:39:00.000Z,ARRIVAL,55,TRAFFIC,GPS,false
TNT_001,DLY_TRP_0001247,TRP_0001247,2026-08-16T09:49:00.000Z,ARRIVAL,30,WEATHER,GPS,false
TNT_001,DLY_TRP_0001250,TRP_0001250,2026-08-19T15:03:00.000Z,ARRIVAL,43,DRIVER_LATE,GPS,false
TNT_003,DLY_TRP_0001251,TRP_0001251,2026-08-20T06:34:00.000Z,ARRIVAL,18,WEATHER,GPS,false
TNT_001,DLY_TRP_0001253,TRP_0001253,2026-08-22T09:13:00.000Z,ARRIVAL,33,DRIVER_LATE,GPS,false
TNT_001,DLY_TRP_0001255,TRP_0001255,2026-08-24T14:38:00.000Z,ARRIVAL,31,TRAFFIC,VENDOR,false
TNT_001,DLY_TRP_0001265,TRP_0001265,2026-06-05T22:32:00.000Z,ARRIVAL,37,WEATHER,GPS,false
TNT_001,DLY_TRP_0001270,TRP_0001270,2026-06-10T14:32:00.000Z,ARRIVAL,56,TRAFFIC,OPS,false
TNT_001,DLY_TRP_0001273,TRP_0001273,2026-06-13T21:49:00.000Z,ARRIVAL,24,DRIVER_LATE,GPS,false
TNT_002,DLY_TRP_0001290,TRP_0001290,2026-06-30T09:25:00.000Z,ARRIVAL,37,VEHICLE_ISSUE,GPS,false
TNT_001,DLY_TRP_0001320,TRP_0001320,2026-07-30T23:02:00.000Z,ARRIVAL,55,TRAFFIC,VENDOR,false
TNT_001,DLY_TRP_0001327,TRP_0001327,2026-08-06T06:11:00.000Z,ARRIVAL,34,TRAFFIC,GPS,false
TNT_002,DLY_TRP_0001339,TRP_0001339,2026-08-18T14:23:00.000Z,ARRIVAL,20,WEATHER,GPS,false
TNT_002,DLY_TRP_0001348,TRP_0001348,2026-08-27T09:17:00.000Z,ARRIVAL,12,VEHICLE_ISSUE,GPS,false
TNT_001,DLY_TRP_0001350,TRP_0001350,2026-08-29T23:05:00.000Z,ARRIVAL,49,TRAFFIC,GPS,false
TNT_003,DLY_TRP_0001353,TRP_0001353,2026-06-03T14:27:00.000Z,ARRIVAL,51,TRAFFIC,GPS,false
TNT_001,DLY_TRP_0001354,TRP_0001354,2026-06-04T09:54:00.000Z,ARRIVAL,30,TRAFFIC,GPS,false
TNT_002,DLY_TRP_0001375,TRP_0001375,2026-06-25T07:15:00.000Z,ARRIVAL,15,DRIVER_LATE,GPS,false
TNT_002,DLY_TRP_0001380,TRP_0001380,2026-06-30T06:02:00.000Z,ARRIVAL,25,WEATHER,GPS,false
TNT_002,DLY_TRP_0001382,TRP_0001382,2026-07-02T14:28:00.000Z,ARRIVAL,40,ROUTE_DEVIATION,OPS,false
TNT_002,DLY_TRP_0001384,TRP_0001384,2026-07-04T06:02:00.000Z,ARRIVAL,14,TRAFFIC,GPS,false
TNT_001,DLY_TRP_0001394,TRP_0001394,2026-07-14T06:39:00.000Z,ARRIVAL,34,WEATHER,OPS,false
TNT_001,DLY_TRP_0001402,TRP_0001402,2026-07-22T09:54:00.000Z,ARRIVAL,46,TRAFFIC,GPS,false
TNT_001,DLY_TRP_0001403,TRP_0001403,2026-07-23T06:45:00.000Z,ARRIVAL,24,DRIVER_LATE,GPS,false
TNT_002,DLY_TRP_0001405,TRP_0001405,2026-07-25T09:33:00.000Z,ARRIVAL,54,VEHICLE_ISSUE,VENDOR,false
TNT_001,DLY_TRP_0001408,TRP_0001408,2026-07-28T10:11:00.000Z,ARRIVAL,51,TRAFFIC,GPS,false
TNT_001,DLY_TRP_0001415,TRP_0001415,2026-08-04T06:18:00.000Z,ARRIVAL,20,WEATHER,GPS,false
TNT_003,DLY_TRP_0001426,TRP_0001426,2026-08-15T14:31:00.000Z,ARRIVAL,21,DRIVER_LATE,OPS,false
TNT_001,DLY_TRP_0001430,TRP_0001430,2026-08-19T09:34:00.000Z,ARRIVAL,38,WEATHER,VENDOR,false
TNT_002,DLY_TRP_0001434,TRP_0001434,2026-08-23T06:18:00.000Z,ARRIVAL,13,TRAFFIC,VENDOR,false
TNT_001,DLY_TRP_0001450,TRP_0001450,2026-06-10T09:37:00.000Z,ARRIVAL,19,WEATHER,VENDOR,false
TNT_002,DLY_TRP_0001453,TRP_0001453,2026-06-13T22:41:00.000Z,ARRIVAL,12,DRIVER_LATE,VENDOR,false
TNT_001,DLY_TRP_0001457,TRP_0001457,2026-06-17T15:07:00.000Z,ARRIVAL,58,TRAFFIC,OPS,false
TNT_001,DLY_TRP_0001459,TRP_0001459,2026-06-19T06:54:00.000Z,ARRIVAL,24,VEHICLE_ISSUE,VENDOR,false
TNT_001,DLY_TRP_0001460,TRP_0001460,2026-06-20T06:14:00.000Z,ARRIVAL,24,TRAFFIC,GPS,false
TNT_001,DLY_TRP_0001464,TRP_0001464,2026-06-24T15:10:00.000Z,ARRIVAL,39,ROUTE_DEVIATION,OPS,false
TNT_001,DLY_TRP_0001466,TRP_0001466,2026-06-26T14:48:00.000Z,ARRIVAL,22,ROUTE_DEVIATION,VENDOR,false
TNT_001,DLY_TRP_0001476,TRP_0001476,2026-07-06T06:42:00.000Z,ARRIVAL,43,DRIVER_LATE,GPS,false
TNT_001,DLY_TRP_0001478,TRP_0001478,2026-07-08T15:04:00.000Z,ARRIVAL,24,ROUTE_DEVIATION,OPS,false
TNT_001,DLY_TRP_0001501,TRP_0001501,2026-07-31T22:43:00.000Z,ARRIVAL,18,DRIVER_LATE,GPS,false
TNT_003,DLY_TRP_0001527,TRP_0001527,2026-08-26T10:27:00.000Z,ARRIVAL,50,TRAFFIC,GPS,false
TNT_003,DLY_TRP_0001537,TRP_0001537,2026-06-07T13:43:00.000Z,ARRIVAL,15,WEATHER,GPS,false
TNT_001,DLY_TRP_0001557,TRP_0001557,2026-06-27T09:30:00.000Z,ARRIVAL,27,TRAFFIC,GPS,false
TNT_001,DLY_TRP_0001564,TRP_0001564,2026-07-04T22:46:00.000Z,ARRIVAL,23,TRAFFIC,GPS,false
TNT_002,DLY_TRP_0001575,TRP_0001575,2026-07-15T09:57:00.000Z,ARRIVAL,55,TRAFFIC,GPS,false
TNT_002,DLY_TRP_0001578,TRP_0001578,2026-07-18T22:26:00.000Z,ARRIVAL,36,WEATHER,OPS,false
TNT_001,DLY_TRP_0001584,TRP_0001584,2026-07-24T14:35:00.000Z,ARRIVAL,58,TRAFFIC,GPS,false
TNT_001,DLY_TRP_0001586,TRP_0001586,2026-07-26T06:44:00.000Z,ARRIVAL,12,WEATHER,VENDOR,false
TNT_001,DLY_TRP_0001587,TRP_0001587,2026-07-27T14:07:00.000Z,ARRIVAL,20,WEATHER,GPS,false
TNT_002,DLY_TRP_0001593,TRP_0001593,2026-08-02T09:28:00.000Z,ARRIVAL,27,WEATHER,GPS,false
TNT_001,DLY_TRP_0001612,TRP_0001612,2026-08-21T22:28:00.000Z,ARRIVAL,32,TRAFFIC,GPS,false
TNT_001,DLY_TRP_0001613,TRP_0001613,2026-08-22T14:33:00.000Z,ARRIVAL,29,TRAFFIC,OPS,false
TNT_001,DLY_TRP_0001618,TRP_0001618,2026-08-27T14:00:00.000Z,ARRIVAL,14,DRIVER_LATE,VENDOR,false
TNT_001,DLY_TRP_0001635,TRP_0001635,2026-06-15T22:10:00.000Z,ARRIVAL,15,VEHICLE_ISSUE,GPS,false
TNT_002,DLY_TRP_0001642,TRP_0001642,2026-06-22T15:07:00.000Z,ARRIVAL,57,WEATHER,VENDOR,false
TNT_001,DLY_TRP_0001660,TRP_0001660,2026-07-10T09:46:00.000Z,ARRIVAL,11,DRIVER_LATE,GPS,false
TNT_001,DLY_TRP_0001673,TRP_0001673,2026-07-23T09:28:00.000Z,ARRIVAL,15,ROUTE_DEVIATION,GPS,false
TNT_002,DLY_TRP_0001674,TRP_0001674,2026-07-24T09:45:00.000Z,ARRIVAL,57,DRIVER_LATE,GPS,false
TNT_001,DLY_TRP_0001687,TRP_0001687,2026-08-06T22:53:00.000Z,ARRIVAL,23,TRAFFIC,GPS,false
TNT_001,DLY_TRP_0001701,TRP_0001701,2026-08-20T15:24:00.000Z,ARRIVAL,52,TRAFFIC,VENDOR,false
TNT_002,DLY_TRP_0001707,TRP_0001707,2026-08-26T09:39:00.000Z,ARRIVAL,36,DRIVER_LATE,GPS,false
TNT_003,DLY_TRP_0001716,TRP_0001716,2026-06-06T09:41:00.000Z,ARRIVAL,43,DRIVER_LATE,OPS,false
TNT_003,DLY_TRP_0001718,TRP_0001718,2026-06-08T23:09:00.000Z,ARRIVAL,46,DRIVER_LATE,OPS,false
TNT_001,DLY_TRP_0001723,TRP_0001723,2026-06-13T23:35:00.000Z,ARRIVAL,34,VEHICLE_ISSUE,OPS,false
TNT_001,DLY_TRP_0001729,TRP_0001729,2026-06-19T06:53:00.000Z,ARRIVAL,49,TRAFFIC,GPS,false
TNT_001,DLY_TRP_0001732,TRP_0001732,2026-06-22T09:01:00.000Z,ARRIVAL,28,ROUTE_DEVIATION,GPS,false
TNT_001,DLY_TRP_0001753,TRP_0001753,2026-07-13T07:06:00.000Z,ARRIVAL,53,VEHICLE_ISSUE,VENDOR,false
TNT_002,DLY_TRP_0001777,TRP_0001777,2026-08-06T07:14:00.000Z,ARRIVAL,43,TRAFFIC,GPS,false
TNT_001,DLY_TRP_0001779,TRP_0001779,2026-08-08T09:54:00.000Z,ARRIVAL,45,WEATHER,GPS,false
TNT_001,DLY_TRP_0001782,TRP_0001782,2026-08-11T09:12:00.000Z,ARRIVAL,42,WEATHER,OPS,false
TNT_002,DLY_TRP_0001786,TRP_0001786,2026-08-15T23:05:00.000Z,ARRIVAL,45,TRAFFIC,GPS,false
TNT_002,DLY_TRP_0001794,TRP_0001794,2026-08-23T21:41:00.000Z,ARRIVAL,14,TRAFFIC,VENDOR,true
TNT_001,DLY_TRP_0001796,TRP_0001796,2026-08-25T22:28:00.000Z,ARRIVAL,38,TRAFFIC,GPS,false
TNT_002,DLY_TRP_0001805,TRP_0001805,2026-06-05T09:27:00.000Z,ARRIVAL,23,TRAFFIC,GPS,false
TNT_001,DLY_TRP_0001811,TRP_0001811,2026-06-11T06:56:00.000Z,ARRIVAL,56,WEATHER,GPS,false
TNT_002,DLY_TRP_0001817,TRP_0001817,2026-06-17T06:04:00.000Z,ARRIVAL,11,WEATHER,OPS,false
TNT_001,DLY_TRP_0001823,TRP_0001823,2026-06-23T09:56:00.000Z,ARRIVAL,52,ROUTE_DEVIATION,VENDOR,false
TNT_001,DLY_TRP_0001842,TRP_0001842,2026-07-12T07:40:00.000Z,ARRIVAL,48,TRAFFIC,GPS,false
TNT_003,DLY_TRP_0001844,TRP_0001844,2026-07-14T22:49:00.000Z,ARRIVAL,35,DRIVER_LATE,VENDOR,false
TNT_001,DLY_TRP_0001848,TRP_0001848,2026-07-18T09:39:00.000Z,ARRIVAL,58,WEATHER,GPS,false
TNT_001,DLY_TRP_0001849,TRP_0001849,2026-07-19T09:55:00.000Z,ARRIVAL,58,TRAFFIC,GPS,false
TNT_002,DLY_TRP_0001864,TRP_0001864,2026-08-03T14:33:00.000Z,ARRIVAL,15,WEATHER,VENDOR,false
TNT_003,DLY_TRP_0001872,TRP_0001872,2026-08-11T06:51:00.000Z,ARRIVAL,55,DRIVER_LATE,GPS,false
TNT_002,DLY_TRP_0001876,TRP_0001876,2026-08-15T09:53:00.000Z,ARRIVAL,56,TRAFFIC,GPS,false
TNT_002,DLY_TRP_0001877,TRP_0001877,2026-08-16T10:19:00.000Z,ARRIVAL,54,VEHICLE_ISSUE,OPS,false
TNT_001,DLY_TRP_0001886,TRP_0001886,2026-08-25T14:43:00.000Z,ARRIVAL,39,VEHICLE_ISSUE,GPS,false
TNT_001,DLY_TRP_0001887,TRP_0001887,2026-08-26T08:44:00.000Z,ARRIVAL,13,DRIVER_LATE,GPS,false
TNT_001,DLY_TRP_0001889,TRP_0001889,2026-08-28T14:50:00.000Z,ARRIVAL,45,TRAFFIC,GPS,false
TNT_002,DLY_TRP_0001895,TRP_0001895,2026-06-05T22:16:00.000Z,ARRIVAL,13,ROUTE_DEVIATION,OPS,false
TNT_001,DLY_TRP_0001897,TRP_0001897,2026-06-07T10:01:00.000Z,ARRIVAL,28,TRAFFIC,GPS,false
TNT_001,DLY_TRP_0001906,TRP_0001906,2026-06-16T10:00:00.000Z,ARRIVAL,33,DRIVER_LATE,VENDOR,false
TNT_003,DLY_TRP_0001913,TRP_0001913,2026-06-23T14:32:00.000Z,ARRIVAL,26,VEHICLE_ISSUE,GPS,false
TNT_001,DLY_TRP_0001914,TRP_0001914,2026-06-24T07:22:00.000Z,ARRIVAL,54,DRIVER_LATE,GPS,false
TNT_001,DLY_TRP_0001916,TRP_0001916,2026-06-26T22:52:00.000Z,ARRIVAL,56,VEHICLE_ISSUE,GPS,false
TNT_001,DLY_TRP_0001926,TRP_0001926,2026-07-06T23:23:00.000Z,ARRIVAL,58,DRIVER_LATE,GPS,false
TNT_001,DLY_TRP_0001928,TRP_0001928,2026-07-08T10:08:00.000Z,ARRIVAL,19,VEHICLE_ISSUE,GPS,false
TNT_002,DLY_TRP_0001942,TRP_0001942,2026-07-22T09:35:00.000Z,ARRIVAL,56,ROUTE_DEVIATION,GPS,false
TNT_001,DLY_TRP_0001947,TRP_0001947,2026-07-27T05:47:00.000Z,ARRIVAL,17,TRAFFIC,VENDOR,false
TNT_003,DLY_TRP_0001950,TRP_0001950,2026-07-30T15:13:00.000Z,ARRIVAL,57,TRAFFIC,GPS,false
TNT_001,DLY_TRP_0001953,TRP_0001953,2026-08-02T06:05:00.000Z,ARRIVAL,17,TRAFFIC,GPS,false
TNT_001,DLY_TRP_0001963,TRP_0001963,2026-08-12T22:29:00.000Z,ARRIVAL,44,WEATHER,GPS,false
TNT_001,DLY_TRP_0001975,TRP_0001975,2026-08-24T23:10:00.000Z,ARRIVAL,52,TRAFFIC,VENDOR,false
TNT_001,DLY_TRP_0001977,TRP_0001977,2026-08-26T22:21:00.000Z,ARRIVAL,23,VEHICLE_ISSUE,GPS,false
TNT_003,DLY_TRP_0001978,TRP_0001978,2026-08-27T15:08:00.000Z,ARRIVAL,50,TRAFFIC,GPS,false
TNT_001,DLY_TRP_0001982,TRP_0001982,2026-06-02T10:20:00.000Z,ARRIVAL,50,TRAFFIC,VENDOR,false
TNT_001,DLY_TRP_0001983,TRP_0001983,2026-06-03T06:39:00.000Z,ARRIVAL,52,ROUTE_DEVIATION,GPS,false
TNT_001,DLY_TRP_0001989,TRP_0001989,2026-06-09T06:34:00.000Z,ARRIVAL,24,WEATHER,GPS,false
TNT_001,DLY_TRP_0001991,TRP_0001991,2026-06-11T10:09:00.000Z,ARRIVAL,48,WEATHER,GPS,false
TNT_001,DLY_TRP_0001994,TRP_0001994,2026-06-14T09:31:00.000Z,ARRIVAL,21,DRIVER_LATE,GPS,false
TNT_001,DLY_TRP_0002018,TRP_0002018,2026-07-08T14:20:00.000Z,ARRIVAL,44,TRAFFIC,GPS,false
TNT_001,DLY_TRP_0002031,TRP_0002031,2026-07-21T06:19:00.000Z,ARRIVAL,50,WEATHER,OPS,false
TNT_001,DLY_TRP_0002034,TRP_0002034,2026-07-24T09:55:00.000Z,ARRIVAL,58,WEATHER,GPS,false
TNT_002,DLY_TRP_0002049,TRP_0002049,2026-08-08T09:56:00.000Z,ARRIVAL,52,TRAFFIC,GPS,false
TNT_002,DLY_TRP_0002063,TRP_0002063,2026-08-22T09:58:00.000Z,ARRIVAL,54,TRAFFIC,GPS,false
TNT_001,DLY_TRP_0002066,TRP_0002066,2026-08-25T06:24:00.000Z,ARRIVAL,15,VEHICLE_ISSUE,VENDOR,false
TNT_001,DLY_TRP_0002070,TRP_0002070,2026-08-29T22:52:00.000Z,ARRIVAL,52,TRAFFIC,GPS,false
TNT_001,DLY_TRP_0002071,TRP_0002071,2026-06-01T09:28:00.000Z,ARRIVAL,56,WEATHER,GPS,false
TNT_001,DLY_TRP_0002073,TRP_0002073,2026-06-03T06:31:00.000Z,ARRIVAL,25,TRAFFIC,GPS,false
TNT_001,DLY_TRP_0002074,TRP_0002074,2026-06-04T09:44:00.000Z,ARRIVAL,22,WEATHER,VENDOR,false
TNT_001,DLY_TRP_0002081,TRP_0002081,2026-06-11T22:35:00.000Z,ARRIVAL,50,TRAFFIC,GPS,false
TNT_002,DLY_TRP_0002083,TRP_0002083,2026-06-13T09:30:00.000Z,ARRIVAL,46,WEATHER,GPS,false
TNT_001,DLY_TRP_0002086,TRP_0002086,2026-06-16T10:11:00.000Z,ARRIVAL,38,TRAFFIC,VENDOR,false
TNT_002,DLY_TRP_0002095,TRP_0002095,2026-06-25T06:33:00.000Z,ARRIVAL,21,ROUTE_DEVIATION,VENDOR,false
TNT_003,DLY_TRP_0002098,TRP_0002098,2026-06-28T09:49:00.000Z,ARRIVAL,42,TRAFFIC,OPS,false
TNT_002,DLY_TRP_0002099,TRP_0002099,2026-06-29T06:12:00.000Z,ARRIVAL,26,TRAFFIC,GPS,false
TNT_002,DLY_TRP_0002108,TRP_0002108,2026-07-08T22:46:00.000Z,ARRIVAL,48,VEHICLE_ISSUE,GPS,false
TNT_001,DLY_TRP_0002112,TRP_0002112,2026-07-12T09:36:00.000Z,ARRIVAL,51,DRIVER_LATE,OPS,false
TNT_001,DLY_TRP_0002127,TRP_0002127,2026-07-27T15:08:00.000Z,ARRIVAL,46,VEHICLE_ISSUE,VENDOR,false
TNT_001,DLY_TRP_0002128,TRP_0002128,2026-07-28T14:47:00.000Z,ARRIVAL,22,TRAFFIC,OPS,false
TNT_001,DLY_TRP_0002137,TRP_0002137,2026-08-06T09:53:00.000Z,ARRIVAL,42,TRAFFIC,GPS,false
TNT_003,DLY_TRP_0002144,TRP_0002144,2026-08-13T06:57:00.000Z,ARRIVAL,45,DRIVER_LATE,GPS,false
TNT_002,DLY_TRP_0002153,TRP_0002153,2026-08-22T22:29:00.000Z,ARRIVAL,36,DRIVER_LATE,GPS,false
TNT_002,DLY_TRP_0002156,TRP_0002156,2026-08-25T06:45:00.000Z,ARRIVAL,51,TRAFFIC,VENDOR,false
TNT_002,DLY_TRP_0002161,TRP_0002161,2026-06-01T15:10:00.000Z,ARRIVAL,57,TRAFFIC,VENDOR,false
TNT_001,DLY_TRP_0002164,TRP_0002164,2026-06-04T07:17:00.000Z,ARRIVAL,21,ROUTE_DEVIATION,VENDOR,false
TNT_003,DLY_TRP_0002167,TRP_0002167,2026-06-07T09:45:00.000Z,ARRIVAL,44,TRAFFIC,GPS,false
TNT_001,DLY_TRP_0002175,TRP_0002175,2026-06-15T14:05:00.000Z,ARRIVAL,12,DRIVER_LATE,GPS,false
TNT_002,DLY_TRP_0002179,TRP_0002179,2026-06-19T09:30:00.000Z,ARRIVAL,45,TRAFFIC,GPS,false
TNT_001,DLY_TRP_0002181,TRP_0002181,2026-06-21T21:49:00.000Z,ARRIVAL,20,TRAFFIC,GPS,false
TNT_001,DLY_TRP_0002189,TRP_0002189,2026-06-29T10:32:00.000Z,ARRIVAL,58,DRIVER_LATE,OPS,false
TNT_003,DLY_TRP_0002192,TRP_0002192,2026-07-02T23:40:00.000Z,ARRIVAL,44,VEHICLE_ISSUE,VENDOR,false
TNT_002,DLY_TRP_0002197,TRP_0002197,2026-07-07T09:45:00.000Z,ARRIVAL,51,DRIVER_LATE,OPS,false
TNT_002,DLY_TRP_0002208,TRP_0002208,2026-07-18T09:36:00.000Z,ARRIVAL,30,DRIVER_LATE,GPS,false
TNT_001,DLY_TRP_0002211,TRP_0002211,2026-07-21T22:49:00.000Z,ARRIVAL,54,DRIVER_LATE,GPS,true
TNT_002,DLY_TRP_0002225,TRP_0002225,2026-08-04T14:40:00.000Z,ARRIVAL,44,TRAFFIC,OPS,false
TNT_002,DLY_TRP_0002235,TRP_0002235,2026-08-14T06:31:00.000Z,ARRIVAL,44,WEATHER,GPS,false
TNT_003,DLY_TRP_0002239,TRP_0002239,2026-08-18T06:33:00.000Z,ARRIVAL,20,TRAFFIC,OPS,false
TNT_002,DLY_TRP_0002244,TRP_0002244,2026-08-23T09:44:00.000Z,ARRIVAL,42,TRAFFIC,OPS,false
TNT_003,DLY_TRP_0002248,TRP_0002248,2026-08-27T06:47:00.000Z,ARRIVAL,18,TRAFFIC,VENDOR,false
TNT_003,DLY_TRP_0002261,TRP_0002261,2026-06-11T09:33:00.000Z,ARRIVAL,56,DRIVER_LATE,GPS,false
TNT_001,DLY_TRP_0002267,TRP_0002267,2026-06-17T09:33:00.000Z,ARRIVAL,12,WEATHER,OPS,false
TNT_002,DLY_TRP_0002269,TRP_0002269,2026-06-19T05:46:00.000Z,ARRIVAL,14,DRIVER_LATE,VENDOR,false
TNT_002,DLY_TRP_0002277,TRP_0002277,2026-06-27T22:53:00.000Z,ARRIVAL,40,TRAFFIC,OPS,false
TNT_001,DLY_TRP_0002281,TRP_0002281,2026-07-01T09:28:00.000Z,ARRIVAL,24,DRIVER_LATE,VENDOR,false
TNT_002,DLY_TRP_0002305,TRP_0002305,2026-07-25T09:02:00.000Z,ARRIVAL,19,DRIVER_LATE,GPS,false
TNT_002,DLY_TRP_0002308,TRP_0002308,2026-07-28T05:58:00.000Z,ARRIVAL,30,ROUTE_DEVIATION,GPS,false
TNT_001,DLY_TRP_0002310,TRP_0002310,2026-07-30T23:15:00.000Z,ARRIVAL,58,DRIVER_LATE,GPS,false
TNT_003,DLY_TRP_0002314,TRP_0002314,2026-08-03T21:51:00.000Z,ARRIVAL,11,WEATHER,GPS,false
TNT_001,DLY_TRP_0002316,TRP_0002316,2026-08-05T10:20:00.000Z,ARRIVAL,57,TRAFFIC,GPS,false
TNT_001,DLY_TRP_0002320,TRP_0002320,2026-08-09T08:57:00.000Z,ARRIVAL,13,TRAFFIC,GPS,false
TNT_001,DLY_TRP_0002323,TRP_0002323,2026-08-12T09:28:00.000Z,ARRIVAL,19,TRAFFIC,OPS,false
TNT_001,DLY_TRP_0002331,TRP_0002331,2026-08-20T09:20:00.000Z,ARRIVAL,51,WEATHER,GPS,false
TNT_001,DLY_TRP_0002336,TRP_0002336,2026-08-25T09:56:00.000Z,ARRIVAL,56,DRIVER_LATE,GPS,false
TNT_002,DLY_TRP_0002342,TRP_0002342,2026-06-02T09:36:00.000Z,ARRIVAL,15,ROUTE_DEVIATION,GPS,false
TNT_001,DLY_TRP_0002347,TRP_0002347,2026-06-07T07:51:00.000Z,ARRIVAL,39,TRAFFIC,GPS,false
TNT_001,DLY_TRP_0002354,TRP_0002354,2026-06-14T06:29:00.000Z,ARRIVAL,13,ROUTE_DEVIATION,GPS,false
TNT_002,DLY_TRP_0002355,TRP_0002355,2026-06-15T14:36:00.000Z,ARRIVAL,44,TRAFFIC,GPS,false
TNT_003,DLY_TRP_0002358,TRP_0002358,2026-06-18T09:57:00.000Z,ARRIVAL,50,ROUTE_DEVIATION,VENDOR,false
TNT_001,DLY_TRP_0002363,TRP_0002363,2026-06-23T23:00:00.000Z,ARRIVAL,43,DRIVER_LATE,VENDOR,false
TNT_002,DLY_TRP_0002365,TRP_0002365,2026-06-25T06:57:00.000Z,ARRIVAL,49,WEATHER,VENDOR,false
TNT_001,DLY_TRP_0002381,TRP_0002381,2026-07-11T14:44:00.000Z,ARRIVAL,50,VEHICLE_ISSUE,OPS,false
TNT_001,DLY_TRP_0002383,TRP_0002383,2026-07-13T23:13:00.000Z,ARRIVAL,39,WEATHER,GPS,false
TNT_002,DLY_TRP_0002387,TRP_0002387,2026-07-17T09:06:00.000Z,ARRIVAL,15,TRAFFIC,VENDOR,false
TNT_002,DLY_TRP_0002389,TRP_0002389,2026-07-19T07:15:00.000Z,ARRIVAL,58,TRAFFIC,GPS,false
TNT_001,DLY_TRP_0002410,TRP_0002410,2026-08-09T13:57:00.000Z,ARRIVAL,13,WEATHER,GPS,false
TNT_001,DLY_TRP_0002413,TRP_0002413,2026-08-12T10:06:00.000Z,ARRIVAL,51,ROUTE_DEVIATION,VENDOR,false
TNT_001,DLY_TRP_0002416,TRP_0002416,2026-08-15T09:10:00.000Z,ARRIVAL,48,WEATHER,VENDOR,false
TNT_001,DLY_TRP_0002420,TRP_0002420,2026-08-19T14:14:00.000Z,ARRIVAL,31,ROUTE_DEVIATION,GPS,false
TNT_001,DLY_TRP_0002425,TRP_0002425,2026-08-24T14:49:00.000Z,ARRIVAL,51,WEATHER,VENDOR,false
TNT_001,DLY_TRP_0002430,TRP_0002430,2026-08-29T09:56:00.000Z,ARRIVAL,56,VEHICLE_ISSUE,VENDOR,false
TNT_002,DLY_TRP_0002434,TRP_0002434,2026-06-04T09:47:00.000Z,ARRIVAL,42,DRIVER_LATE,GPS,false
TNT_001,DLY_TRP_0002436,TRP_0002436,2026-06-06T14:39:00.000Z,ARRIVAL,53,TRAFFIC,VENDOR,false
TNT_001,DLY_TRP_0002441,TRP_0002441,2026-06-11T07:11:00.000Z,ARRIVAL,48,TRAFFIC,GPS,false
TNT_002,DLY_TRP_0002459,TRP_0002459,2026-06-29T14:12:00.000Z,ARRIVAL,26,DRIVER_LATE,GPS,false
TNT_001,DLY_TRP_0002465,TRP_0002465,2026-07-05T22:33:00.000Z,ARRIVAL,37,TRAFFIC,GPS,false
TNT_002,DLY_TRP_0002468,TRP_0002468,2026-07-08T06:20:00.000Z,ARRIVAL,45,TRAFFIC,GPS,false
TNT_001,DLY_TRP_0002472,TRP_0002472,2026-07-12T15:12:00.000Z,ARRIVAL,48,ROUTE_DEVIATION,VENDOR,false
TNT_003,DLY_TRP_0002473,TRP_0002473,2026-07-13T07:21:00.000Z,ARRIVAL,49,WEATHER,GPS,false
TNT_001,DLY_TRP_0002492,TRP_0002492,2026-08-01T22:40:00.000Z,ARRIVAL,35,DRIVER_LATE,OPS,false
TNT_001,DLY_TRP_0002505,TRP_0002505,2026-08-14T07:08:00.000Z,ARRIVAL,48,DRIVER_LATE,GPS,false
TNT_002,DLY_TRP_0002513,TRP_0002513,2026-08-22T14:01:00.000Z,ARRIVAL,14,VEHICLE_ISSUE,GPS,false
TNT_003,DLY_TRP_0002521,TRP_0002521,2026-06-01T09:33:00.000Z,ARRIVAL,44,TRAFFIC,GPS,false
TNT_002,DLY_TRP_0002525,TRP_0002525,2026-06-05T14:43:00.000Z,ARRIVAL,24,WEATHER,GPS,false
TNT_001,DLY_TRP_0002530,TRP_0002530,2026-06-10T10:09:00.000Z,ARRIVAL,29,TRAFFIC,GPS,false
TNT_003,DLY_TRP_0002541,TRP_0002541,2026-06-21T23:39:00.000Z,ARRIVAL,49,VEHICLE_ISSUE,GPS,false
TNT_003,DLY_TRP_0002547,TRP_0002547,2026-06-27T14:43:00.000Z,ARRIVAL,32,VEHICLE_ISSUE,VENDOR,false
TNT_003,DLY_TRP_0002553,TRP_0002553,2026-07-03T14:44:00.000Z,ARRIVAL,22,TRAFFIC,GPS,true
TNT_001,DLY_TRP_0002560,TRP_0002560,2026-07-10T14:27:00.000Z,ARRIVAL,31,TRAFFIC,GPS,false
TNT_001,DLY_TRP_0002565,TRP_0002565,2026-07-15T22:35:00.000Z,ARRIVAL,45,WEATHER,GPS,false
TNT_003,DLY_TRP_0002568,TRP_0002568,2026-07-18T06:46:00.000Z,ARRIVAL,26,DRIVER_LATE,GPS,false
TNT_002,DLY_TRP_0002577,TRP_0002577,2026-07-27T09:22:00.000Z,ARRIVAL,38,TRAFFIC,GPS,false
TNT_003,DLY_TRP_0002578,TRP_0002578,2026-07-28T15:04:00.000Z,ARRIVAL,27,ROUTE_DEVIATION,GPS,false
TNT_001,DLY_TRP_0002596,TRP_0002596,2026-08-15T10:34:00.000Z,ARRIVAL,35,WEATHER,GPS,false
TNT_002,DLY_TRP_0002597,TRP_0002597,2026-08-16T06:49:00.000Z,ARRIVAL,51,TRAFFIC,GPS,false
TNT_001,DLY_TRP_0002599,TRP_0002599,2026-08-18T10:03:00.000Z,ARRIVAL,53,TRAFFIC,VENDOR,false
TNT_001,DLY_TRP_0002606,TRP_0002606,2026-08-25T22:47:00.000Z,ARRIVAL,38,VEHICLE_ISSUE,GPS,false
TNT_001,DLY_TRP_0002607,TRP_0002607,2026-08-26T14:37:00.000Z,ARRIVAL,32,TRAFFIC,VENDOR,false
TNT_001,DLY_TRP_0002610,TRP_0002610,2026-08-29T23:24:00.000Z,ARRIVAL,56,DRIVER_LATE,OPS,false
TNT_001,DLY_TRP_0002613,TRP_0002613,2026-06-03T09:17:00.000Z,ARRIVAL,26,VEHICLE_ISSUE,GPS,false
TNT_001,DLY_TRP_0002621,TRP_0002621,2026-06-11T22:38:00.000Z,ARRIVAL,22,DRIVER_LATE,OPS,false
TNT_001,DLY_TRP_0002622,TRP_0002622,2026-06-12T06:02:00.000Z,ARRIVAL,11,WEATHER,GPS,false
TNT_003,DLY_TRP_0002628,TRP_0002628,2026-06-18T09:54:00.000Z,ARRIVAL,40,ROUTE_DEVIATION,GPS,false
TNT_002,DLY_TRP_0002630,TRP_0002630,2026-06-20T09:27:00.000Z,ARRIVAL,28,ROUTE_DEVIATION,GPS,false
TNT_002,DLY_TRP_0002639,TRP_0002639,2026-06-29T14:50:00.000Z,ARRIVAL,50,VEHICLE_ISSUE,OPS,false
TNT_002,DLY_TRP_0002645,TRP_0002645,2026-07-05T14:32:00.000Z,ARRIVAL,40,VEHICLE_ISSUE,GPS,false
TNT_001,DLY_TRP_0002653,TRP_0002653,2026-07-13T06:22:00.000Z,ARRIVAL,31,VEHICLE_ISSUE,VENDOR,false
TNT_001,DLY_TRP_0002668,TRP_0002668,2026-07-28T23:06:00.000Z,ARRIVAL,35,TRAFFIC,OPS,false
TNT_002,DLY_TRP_0002673,TRP_0002673,2026-08-02T07:04:00.000Z,ARRIVAL,57,ROUTE_DEVIATION,OPS,false
TNT_001,DLY_TRP_0002682,TRP_0002682,2026-08-11T22:01:00.000Z,ARRIVAL,17,DRIVER_LATE,GPS,false
TNT_002,DLY_TRP_0002695,TRP_0002695,2026-08-24T14:28:00.000Z,ARRIVAL,30,TRAFFIC,OPS,false
TNT_001,DLY_TRP_0002699,TRP_0002699,2026-08-28T07:07:00.000Z,ARRIVAL,57,WEATHER,GPS,false
TNT_001,DLY_TRP_0002715,TRP_0002715,2026-06-15T14:27:00.000Z,ARRIVAL,48,TRAFFIC,VENDOR,false
TNT_003,DLY_TRP_0002730,TRP_0002730,2026-06-30T14:20:00.000Z,ARRIVAL,23,TRAFFIC,GPS,false
TNT_001,DLY_TRP_0002738,TRP_0002738,2026-07-08T06:12:00.000Z,ARRIVAL,13,VEHICLE_ISSUE,GPS,false
TNT_001,DLY_TRP_0002752,TRP_0002752,2026-07-22T14:13:00.000Z,ARRIVAL,27,VEHICLE_ISSUE,GPS,false
TNT_001,DLY_TRP_0002754,TRP_0002754,2026-07-24T14:55:00.000Z,ARRIVAL,34,WEATHER,GPS,false
TNT_001,DLY_TRP_0002761,TRP_0002761,2026-07-31T10:26:00.000Z,ARRIVAL,46,VEHICLE_ISSUE,GPS,false
TNT_002,DLY_TRP_0002767,TRP_0002767,2026-08-06T08:49:00.000Z,ARRIVAL,23,TRAFFIC,GPS,false
TNT_001,DLY_TRP_0002777,TRP_0002777,2026-08-16T22:08:00.000Z,ARRIVAL,24,TRAFFIC,GPS,false
TNT_001,DLY_TRP_0002779,TRP_0002779,2026-08-18T09:41:00.000Z,ARRIVAL,13,TRAFFIC,GPS,false
TNT_001,DLY_TRP_0002781,TRP_0002781,2026-08-20T10:35:00.000Z,ARRIVAL,52,DRIVER_LATE,VENDOR,false
TNT_001,DLY_TRP_0002784,TRP_0002784,2026-08-23T23:08:00.000Z,ARRIVAL,47,ROUTE_DEVIATION,GPS,false
TNT_003,DLY_TRP_0002804,TRP_0002804,2026-06-14T09:46:00.000Z,ARRIVAL,43,VEHICLE_ISSUE,OPS,false
TNT_001,DLY_TRP_0002806,TRP_0002806,2026-06-16T06:49:00.000Z,ARRIVAL,35,DRIVER_LATE,OPS,false
TNT_003,DLY_TRP_0002807,TRP_0002807,2026-06-17T22:50:00.000Z,ARRIVAL,41,TRAFFIC,GPS,false
TNT_001,DLY_TRP_0002811,TRP_0002811,2026-06-21T22:07:00.000Z,ARRIVAL,24,TRAFFIC,GPS,false
TNT_001,DLY_TRP_0002814,TRP_0002814,2026-06-24T06:31:00.000Z,ARRIVAL,11,DRIVER_LATE,GPS,false
TNT_001,DLY_TRP_0002815,TRP_0002815,2026-06-25T23:18:00.000Z,ARRIVAL,56,TRAFFIC,GPS,false
TNT_001,DLY_TRP_0002817,TRP_0002817,2026-06-27T07:32:00.000Z,ARRIVAL,57,DRIVER_LATE,OPS,false
TNT_001,DLY_TRP_0002819,TRP_0002819,2026-06-29T14:38:00.000Z,ARRIVAL,41,TRAFFIC,VENDOR,false
TNT_003,DLY_TRP_0002822,TRP_0002822,2026-07-02T09:50:00.000Z,ARRIVAL,50,WEATHER,GPS,false
TNT_001,DLY_TRP_0002825,TRP_0002825,2026-07-05T06:09:00.000Z,ARRIVAL,11,VEHICLE_ISSUE,GPS,false
TNT_002,DLY_TRP_0002829,TRP_0002829,2026-07-09T09:07:00.000Z,ARRIVAL,25,TRAFFIC,GPS,false
TNT_003,DLY_TRP_0002839,TRP_0002839,2026-07-19T09:25:00.000Z,ARRIVAL,11,TRAFFIC,OPS,false
TNT_001,DLY_TRP_0002848,TRP_0002848,2026-07-28T09:32:00.000Z,ARRIVAL,28,TRAFFIC,VENDOR,false
TNT_001,DLY_TRP_0002855,TRP_0002855,2026-08-04T22:35:00.000Z,ARRIVAL,49,ROUTE_DEVIATION,VENDOR,false
TNT_002,DLY_TRP_0002860,TRP_0002860,2026-08-09T06:06:00.000Z,ARRIVAL,28,DRIVER_LATE,VENDOR,false
TNT_003,DLY_TRP_0002863,TRP_0002863,2026-08-12T22:19:00.000Z,ARRIVAL,37,DRIVER_LATE,OPS,false
TNT_001,DLY_TRP_0002868,TRP_0002868,2026-08-17T22:46:00.000Z,ARRIVAL,18,TRAFFIC,GPS,false
TNT_002,DLY_TRP_0002869,TRP_0002869,2026-08-18T06:34:00.000Z,ARRIVAL,31,TRAFFIC,GPS,false
TNT_001,DLY_TRP_0002876,TRP_0002876,2026-08-25T22:21:00.000Z,ARRIVAL,22,DRIVER_LATE,GPS,false
TNT_003,DLY_TRP_0002898,TRP_0002898,2026-06-18T14:55:00.000Z,ARRIVAL,54,WEATHER,VENDOR,false
TNT_002,DLY_TRP_0002899,TRP_0002899,2026-06-19T09:18:00.000Z,ARRIVAL,41,TRAFFIC,GPS,false
TNT_001,DLY_TRP_0002903,TRP_0002903,2026-06-23T09:00:00.000Z,ARRIVAL,16,VEHICLE_ISSUE,GPS,false
TNT_001,DLY_TRP_0002908,TRP_0002908,2026-06-28T06:14:00.000Z,ARRIVAL,14,VEHICLE_ISSUE,VENDOR,false
TNT_001,DLY_TRP_0002916,TRP_0002916,2026-07-06T14:28:00.000Z,ARRIVAL,54,TRAFFIC,GPS,false
TNT_001,DLY_TRP_0002928,TRP_0002928,2026-07-18T14:55:00.000Z,ARRIVAL,42,DRIVER_LATE,VENDOR,false
TNT_001,DLY_TRP_0002937,TRP_0002937,2026-07-27T22:25:00.000Z,ARRIVAL,22,TRAFFIC,GPS,false
TNT_003,DLY_TRP_0002939,TRP_0002939,2026-07-29T21:51:00.000Z,ARRIVAL,14,VEHICLE_ISSUE,GPS,false
TNT_003,DLY_TRP_0002940,TRP_0002940,2026-07-30T22:15:00.000Z,ARRIVAL,11,ROUTE_DEVIATION,GPS,false
TNT_001,DLY_TRP_0002941,TRP_0002941,2026-07-31T06:05:00.000Z,ARRIVAL,12,ROUTE_DEVIATION,GPS,false
TNT_001,DLY_TRP_0002953,TRP_0002953,2026-08-12T06:51:00.000Z,ARRIVAL,26,VEHICLE_ISSUE,GPS,false
TNT_002,DLY_TRP_0002961,TRP_0002961,2026-08-20T22:29:00.000Z,ARRIVAL,46,VEHICLE_ISSUE,GPS,false
TNT_001,DLY_TRP_0002962,TRP_0002962,2026-08-21T22:02:00.000Z,ARRIVAL,23,WEATHER,VENDOR,false
TNT_002,DLY_TRP_0002967,TRP_0002967,2026-08-26T22:40:00.000Z,ARRIVAL,46,VEHICLE_ISSUE,VENDOR,false
TNT_001,DLY_TRP_0002984,TRP_0002984,2026-06-14T22:36:00.000Z,ARRIVAL,43,TRAFFIC,VENDOR,false
TNT_001,DLY_TRP_0002987,TRP_0002987,2026-06-17T22:16:00.000Z,ARRIVAL,30,WEATHER,GPS,false
TNT_001,DLY_TRP_0002991,TRP_0002991,2026-06-21T22:23:00.000Z,ARRIVAL,23,DRIVER_LATE,GPS,false
TNT_002,DLY_TRP_0002992,TRP_0002992,2026-06-22T14:12:00.000Z,ARRIVAL,45,DRIVER_LATE,GPS,false
TNT_001,DLY_TRP_0002994,TRP_0002994,2026-06-24T21:41:00.000Z,ARRIVAL,16,DRIVER_LATE,OPS,false
TNT_002,DLY_TRP_0002995,TRP_0002995,2026-06-25T06:47:00.000Z,ARRIVAL,53,DRIVER_LATE,GPS,false
TNT_001,DLY_TRP_0003005,TRP_0003005,2026-07-05T09:38:00.000Z,ARRIVAL,19,TRAFFIC,GPS,false
TNT_001,DLY_TRP_0003010,TRP_0003010,2026-07-10T09:17:00.000Z,ARRIVAL,22,DRIVER_LATE,GPS,false
TNT_003,DLY_TRP_0003017,TRP_0003017,2026-07-17T06:22:00.000Z,ARRIVAL,54,TRAFFIC,VENDOR,false
TNT_003,DLY_TRP_0003021,TRP_0003021,2026-07-21T09:13:00.000Z,ARRIVAL,16,VEHICLE_ISSUE,GPS,false
TNT_001,DLY_TRP_0003035,TRP_0003035,2026-08-04T07:01:00.000Z,ARRIVAL,45,VEHICLE_ISSUE,GPS,false
TNT_003,DLY_TRP_0003040,TRP_0003040,2026-08-09T09:20:00.000Z,ARRIVAL,17,WEATHER,OPS,false
TNT_003,DLY_TRP_0003046,TRP_0003046,2026-08-15T06:09:00.000Z,ARRIVAL,21,WEATHER,GPS,false
TNT_001,DLY_TRP_0003050,TRP_0003050,2026-08-19T06:42:00.000Z,ARRIVAL,56,ROUTE_DEVIATION,GPS,false
TNT_002,DLY_TRP_0003056,TRP_0003056,2026-08-25T06:31:00.000Z,ARRIVAL,16,TRAFFIC,GPS,false
TNT_001,DLY_TRP_0003058,TRP_0003058,2026-08-27T10:04:00.000Z,ARRIVAL,38,WEATHER,GPS,false
TNT_001,DLY_TRP_0003060,TRP_0003060,2026-08-29T06:08:00.000Z,ARRIVAL,19,WEATHER,OPS,false
TNT_001,DLY_TRP_0003075,TRP_0003075,2026-06-15T14:44:00.000Z,ARRIVAL,41,TRAFFIC,OPS,false
TNT_001,DLY_TRP_0003076,TRP_0003076,2026-06-16T09:25:00.000Z,ARRIVAL,11,TRAFFIC,GPS,false
TNT_003,DLY_TRP_0003084,TRP_0003084,2026-06-24T09:05:00.000Z,ARRIVAL,19,TRAFFIC,VENDOR,true
TNT_001,DLY_TRP_0003088,TRP_0003088,2026-06-28T06:56:00.000Z,ARRIVAL,55,WEATHER,GPS,false
TNT_001,DLY_TRP_0003100,TRP_0003100,2026-07-10T14:44:00.000Z,ARRIVAL,15,VEHICLE_ISSUE,OPS,false
TNT_001,DLY_TRP_0003102,TRP_0003102,2026-07-12T22:24:00.000Z,ARRIVAL,24,WEATHER,GPS,false
TNT_001,DLY_TRP_0003103,TRP_0003103,2026-07-13T14:20:00.000Z,ARRIVAL,15,ROUTE_DEVIATION,VENDOR,false
TNT_002,DLY_TRP_0003110,TRP_0003110,2026-07-20T09:17:00.000Z,ARRIVAL,25,WEATHER,VENDOR,false
TNT_002,DLY_TRP_0003124,TRP_0003124,2026-08-03T06:33:00.000Z,ARRIVAL,36,WEATHER,VENDOR,false
TNT_002,DLY_TRP_0003125,TRP_0003125,2026-08-04T09:17:00.000Z,ARRIVAL,26,TRAFFIC,OPS,false
TNT_002,DLY_TRP_0003131,TRP_0003131,2026-08-10T14:17:00.000Z,ARRIVAL,16,WEATHER,OPS,false
TNT_001,DLY_TRP_0003136,TRP_0003136,2026-08-15T09:25:00.000Z,ARRIVAL,27,TRAFFIC,GPS,false
TNT_001,DLY_TRP_0003139,TRP_0003139,2026-08-18T06:51:00.000Z,ARRIVAL,26,WEATHER,VENDOR,false
TNT_001,DLY_TRP_0003141,TRP_0003141,2026-08-20T06:34:00.000Z,ARRIVAL,26,WEATHER,OPS,false
TNT_001,DLY_TRP_0003146,TRP_0003146,2026-08-25T06:49:00.000Z,ARRIVAL,49,TRAFFIC,VENDOR,false
TNT_001,DLY_TRP_0003148,TRP_0003148,2026-08-27T23:06:00.000Z,ARRIVAL,53,TRAFFIC,GPS,false
TNT_001,DLY_TRP_0003150,TRP_0003150,2026-08-29T10:09:00.000Z,ARRIVAL,33,VEHICLE_ISSUE,OPS,false
TNT_002,DLY_TRP_0003157,TRP_0003157,2026-06-07T10:05:00.000Z,ARRIVAL,49,ROUTE_DEVIATION,GPS,false
TNT_001,DLY_TRP_0003166,TRP_0003166,2026-06-16T06:21:00.000Z,ARRIVAL,46,ROUTE_DEVIATION,GPS,false
TNT_001,DLY_TRP_0003177,TRP_0003177,2026-06-27T10:26:00.000Z,ARRIVAL,48,TRAFFIC,VENDOR,false
TNT_003,DLY_TRP_0003179,TRP_0003179,2026-06-29T09:48:00.000Z,ARRIVAL,45,TRAFFIC,GPS,false
TNT_002,DLY_TRP_0003181,TRP_0003181,2026-07-01T09:26:00.000Z,ARRIVAL,17,TRAFFIC,VENDOR,false
TNT_001,DLY_TRP_0003183,TRP_0003183,2026-07-03T09:44:00.000Z,ARRIVAL,37,WEATHER,VENDOR,false
TNT_001,DLY_TRP_0003193,TRP_0003193,2026-07-13T06:39:00.000Z,ARRIVAL,38,TRAFFIC,GPS,false
TNT_001,DLY_TRP_0003196,TRP_0003196,2026-07-16T07:09:00.000Z,ARRIVAL,43,VEHICLE_ISSUE,GPS,false
TNT_002,DLY_TRP_0003210,TRP_0003210,2026-07-30T06:47:00.000Z,ARRIVAL,54,DRIVER_LATE,GPS,false
TNT_001,DLY_TRP_0003220,TRP_0003220,2026-08-09T10:35:00.000Z,ARRIVAL,39,WEATHER,GPS,false
TNT_002,DLY_TRP_0003225,TRP_0003225,2026-08-14T09:35:00.000Z,ARRIVAL,53,TRAFFIC,GPS,false
TNT_001,DLY_TRP_0003233,TRP_0003233,2026-08-22T09:18:00.000Z,ARRIVAL,33,TRAFFIC,GPS,false
TNT_001,DLY_TRP_0003235,TRP_0003235,2026-08-24T10:20:00.000Z,ARRIVAL,54,DRIVER_LATE,OPS,false
TNT_002,DLY_TRP_0003254,TRP_0003254,2026-06-14T06:04:00.000Z,ARRIVAL,12,TRAFFIC,GPS,false
TNT_001,DLY_TRP_0003281,TRP_0003281,2026-07-11T09:49:00.000Z,ARRIVAL,45,TRAFFIC,GPS,false
TNT_001,DLY_TRP_0003295,TRP_0003295,2026-07-25T07:11:00.000Z,ARRIVAL,55,TRAFFIC,VENDOR,false
TNT_001,DLY_TRP_0003318,TRP_0003318,2026-08-17T06:56:00.000Z,ARRIVAL,41,ROUTE_DEVIATION,GPS,false
TNT_001,DLY_TRP_0003326,TRP_0003326,2026-08-25T06:50:00.000Z,ARRIVAL,21,TRAFFIC,GPS,false
TNT_001,DLY_TRP_0003339,TRP_0003339,2026-06-09T07:17:00.000Z,ARRIVAL,45,TRAFFIC,GPS,false
TNT_003,DLY_TRP_0003340,TRP_0003340,2026-06-10T07:00:00.000Z,ARRIVAL,29,DRIVER_LATE,VENDOR,false
TNT_001,DLY_TRP_0003341,TRP_0003341,2026-06-11T06:19:00.000Z,ARRIVAL,18,TRAFFIC,VENDOR,false
TNT_002,DLY_TRP_0003342,TRP_0003342,2026-06-12T14:55:00.000Z,ARRIVAL,57,WEATHER,GPS,false
TNT_001,DLY_TRP_0003344,TRP_0003344,2026-06-14T07:17:00.000Z,ARRIVAL,45,WEATHER,OPS,false
TNT_001,DLY_TRP_0003353,TRP_0003353,2026-06-23T14:12:00.000Z,ARRIVAL,21,ROUTE_DEVIATION,GPS,false
TNT_002,DLY_TRP_0003369,TRP_0003369,2026-07-09T09:53:00.000Z,ARRIVAL,50,DRIVER_LATE,OPS,false
TNT_001,DLY_TRP_0003377,TRP_0003377,2026-07-17T07:14:00.000Z,ARRIVAL,52,VEHICLE_ISSUE,GPS,false
TNT_002,DLY_TRP_0003382,TRP_0003382,2026-07-22T09:35:00.000Z,ARRIVAL,42,TRAFFIC,GPS,false
TNT_002,DLY_TRP_0003384,TRP_0003384,2026-07-24T06:47:00.000Z,ARRIVAL,30,WEATHER,VENDOR,false
TNT_001,DLY_TRP_0003388,TRP_0003388,2026-07-28T09:56:00.000Z,ARRIVAL,51,ROUTE_DEVIATION,GPS,false
TNT_001,DLY_TRP_0003393,TRP_0003393,2026-08-02T06:15:00.000Z,ARRIVAL,22,ROUTE_DEVIATION,GPS,false
TNT_001,DLY_TRP_0003396,TRP_0003396,2026-08-05T09:37:00.000Z,ARRIVAL,47,TRAFFIC,VENDOR,false
TNT_002,DLY_TRP_0003399,TRP_0003399,2026-08-08T05:52:00.000Z,ARRIVAL,26,VEHICLE_ISSUE,GPS,false
TNT_001,DLY_TRP_0003400,TRP_0003400,2026-08-09T09:36:00.000Z,ARRIVAL,14,ROUTE_DEVIATION,GPS,false
TNT_003,DLY_TRP_0003412,TRP_0003412,2026-08-21T10:04:00.000Z,ARRIVAL,51,DRIVER_LATE,GPS,false
TNT_002,DLY_TRP_0003428,TRP_0003428,2026-06-08T06:11:00.000Z,ARRIVAL,11,TRAFFIC,GPS,false
TNT_001,DLY_TRP_0003430,TRP_0003430,2026-06-10T14:20:00.000Z,ARRIVAL,39,DRIVER_LATE,VENDOR,false
TNT_001,DLY_TRP_0003438,TRP_0003438,2026-06-18T06:34:00.000Z,ARRIVAL,31,ROUTE_DEVIATION,VENDOR,false
TNT_002,DLY_TRP_0003452,TRP_0003452,2026-07-02T09:17:00.000Z,ARRIVAL,22,TRAFFIC,VENDOR,false
TNT_001,DLY_TRP_0003460,TRP_0003460,2026-07-10T10:23:00.000Z,ARRIVAL,50,VEHICLE_ISSUE,GPS,false
TNT_003,DLY_TRP_0003469,TRP_0003469,2026-07-19T22:38:00.000Z,ARRIVAL,41,DRIVER_LATE,GPS,false
TNT_001,DLY_TRP_0003474,TRP_0003474,2026-07-24T15:21:00.000Z,ARRIVAL,45,ROUTE_DEVIATION,GPS,false
TNT_001,DLY_TRP_0003481,TRP_0003481,2026-07-31T09:05:00.000Z,ARRIVAL,17,TRAFFIC,GPS,false
TNT_002,DLY_TRP_0003489,TRP_0003489,2026-08-08T10:05:00.000Z,ARRIVAL,38,TRAFFIC,GPS,false
TNT_002,DLY_TRP_0003491,TRP_0003491,2026-08-10T14:57:00.000Z,ARRIVAL,46,WEATHER,GPS,false
TNT_002,DLY_TRP_0003496,TRP_0003496,2026-08-15T22:31:00.000Z,ARRIVAL,53,WEATHER,OPS,false
TNT_002,DLY_TRP_0003503,TRP_0003503,2026-08-22T22:06:00.000Z,ARRIVAL,30,DRIVER_LATE,GPS,false
TNT_001,DLY_TRP_0003505,TRP_0003505,2026-08-24T14:21:00.000Z,ARRIVAL,16,ROUTE_DEVIATION,GPS,false
TNT_001,DLY_TRP_0003510,TRP_0003510,2026-08-29T23:00:00.000Z,ARRIVAL,42,DRIVER_LATE,GPS,false
TNT_001,DLY_TRP_0003511,TRP_0003511,2026-06-01T23:16:00.000Z,ARRIVAL,42,TRAFFIC,GPS,false
TNT_001,DLY_TRP_0003513,TRP_0003513,2026-06-03T14:34:00.000Z,ARRIVAL,20,WEATHER,OPS,false
TNT_001,DLY_TRP_0003516,TRP_0003516,2026-06-06T22:23:00.000Z,ARRIVAL,40,TRAFFIC,VENDOR,false
TNT_002,DLY_TRP_0003522,TRP_0003522,2026-06-12T09:40:00.000Z,ARRIVAL,35,DRIVER_LATE,GPS,false
TNT_001,DLY_TRP_0003529,TRP_0003529,2026-06-19T06:36:00.000Z,ARRIVAL,15,WEATHER,GPS,false
TNT_001,DLY_TRP_0003543,TRP_0003543,2026-07-03T09:25:00.000Z,ARRIVAL,26,TRAFFIC,GPS,false
TNT_002,DLY_TRP_0003544,TRP_0003544,2026-07-04T06:56:00.000Z,ARRIVAL,58,DRIVER_LATE,GPS,false
TNT_002,DLY_TRP_0003548,TRP_0003548,2026-07-08T15:03:00.000Z,ARRIVAL,55,TRAFFIC,VENDOR,false
TNT_002,DLY_TRP_0003557,TRP_0003557,2026-07-17T22:54:00.000Z,ARRIVAL,43,WEATHER,VENDOR,false
TNT_003,DLY_TRP_0003564,TRP_0003564,2026-07-24T09:45:00.000Z,ARRIVAL,29,WEATHER,GPS,false
TNT_001,DLY_TRP_0003566,TRP_0003566,2026-07-26T15:09:00.000Z,ARRIVAL,50,WEATHER,VENDOR,false
TNT_002,DLY_TRP_0003572,TRP_0003572,2026-08-01T09:39:00.000Z,ARRIVAL,46,VEHICLE_ISSUE,VENDOR,false
TNT_001,DLY_TRP_0003578,TRP_0003578,2026-08-07T06:55:00.000Z,ARRIVAL,44,ROUTE_DEVIATION,GPS,false
TNT_001,DLY_TRP_0003604,TRP_0003604,2026-06-04T09:08:00.000Z,ARRIVAL,15,TRAFFIC,GPS,false
TNT_001,DLY_TRP_0003611,TRP_0003611,2026-06-11T09:30:00.000Z,ARRIVAL,56,WEATHER,GPS,false
TNT_001,DLY_TRP_0003622,TRP_0003622,2026-06-22T14:09:00.000Z,ARRIVAL,12,WEATHER,OPS,false
TNT_001,DLY_TRP_0003634,TRP_0003634,2026-07-04T07:42:00.000Z,ARRIVAL,52,WEATHER,GPS,false
TNT_002,DLY_TRP_0003643,TRP_0003643,2026-07-13T09:22:00.000Z,ARRIVAL,40,DRIVER_LATE,VENDOR,false
TNT_001,DLY_TRP_0003645,TRP_0003645,2026-07-15T15:53:00.000Z,ARRIVAL,45,TRAFFIC,GPS,false
TNT_002,DLY_TRP_0003652,TRP_0003652,2026-07-22T14:10:00.000Z,ARRIVAL,30,ROUTE_DEVIATION,GPS,false
TNT_001,DLY_TRP_0003658,TRP_0003658,2026-07-28T07:09:00.000Z,ARRIVAL,31,DRIVER_LATE,GPS,false
TNT_001,DLY_TRP_0003662,TRP_0003662,2026-08-01T06:56:00.000Z,ARRIVAL,37,ROUTE_DEVIATION,GPS,false
TNT_002,DLY_TRP_0003664,TRP_0003664,2026-08-03T14:08:00.000Z,ARRIVAL,11,VEHICLE_ISSUE,GPS,false
TNT_001,DLY_TRP_0003679,TRP_0003679,2026-08-18T23:11:00.000Z,ARRIVAL,52,VEHICLE_ISSUE,VENDOR,false
TNT_002,DLY_TRP_0003684,TRP_0003684,2026-08-23T09:26:00.000Z,ARRIVAL,28,WEATHER,OPS,false
TNT_002,DLY_TRP_0003702,TRP_0003702,2026-06-12T22:44:00.000Z,ARRIVAL,54,DRIVER_LATE,GPS,false
TNT_002,DLY_TRP_0003704,TRP_0003704,2026-06-14T22:29:00.000Z,ARRIVAL,16,WEATHER,GPS,false
TNT_001,DLY_TRP_0003706,TRP_0003706,2026-06-16T14:26:00.000Z,ARRIVAL,27,TRAFFIC,GPS,false
TNT_001,DLY_TRP_0003713,TRP_0003713,2026-06-23T05:57:00.000Z,ARRIVAL,20,ROUTE_DEVIATION,GPS,false
TNT_003,DLY_TRP_0003725,TRP_0003725,2026-07-05T09:09:00.000Z,ARRIVAL,11,TRAFFIC,GPS,false
TNT_001,DLY_TRP_0003737,TRP_0003737,2026-07-17T14:21:00.000Z,ARRIVAL,24,WEATHER,GPS,false
TNT_002,DLY_TRP_0003738,TRP_0003738,2026-07-18T22:34:00.000Z,ARRIVAL,18,TRAFFIC,VENDOR,false
TNT_002,DLY_TRP_0003744,TRP_0003744,2026-07-24T22:21:00.000Z,ARRIVAL,32,TRAFFIC,GPS,false
TNT_001,DLY_TRP_0003772,TRP_0003772,2026-08-21T06:48:00.000Z,ARRIVAL,40,ROUTE_DEVIATION,VENDOR,false
TNT_001,DLY_TRP_0003774,TRP_0003774,2026-08-23T07:57:00.000Z,ARRIVAL,58,TRAFFIC,VENDOR,false
TNT_003,DLY_TRP_0003775,TRP_0003775,2026-08-24T10:07:00.000Z,ARRIVAL,48,VEHICLE_ISSUE,GPS,false
TNT_001,DLY_TRP_0003784,TRP_0003784,2026-06-04T09:31:00.000Z,ARRIVAL,39,ROUTE_DEVIATION,OPS,false
TNT_002,DLY_TRP_0003786,TRP_0003786,2026-06-06T14:54:00.000Z,ARRIVAL,57,TRAFFIC,GPS,false
TNT_002,DLY_TRP_0003795,TRP_0003795,2026-06-15T09:15:00.000Z,ARRIVAL,15,VEHICLE_ISSUE,GPS,false
TNT_003,DLY_TRP_0003811,TRP_0003811,2026-07-01T22:53:00.000Z,ARRIVAL,49,TRAFFIC,GPS,false
TNT_001,DLY_TRP_0003813,TRP_0003813,2026-07-03T10:06:00.000Z,ARRIVAL,50,TRAFFIC,VENDOR,false
TNT_001,DLY_TRP_0003823,TRP_0003823,2026-07-13T14:26:00.000Z,ARRIVAL,38,TRAFFIC,OPS,false
TNT_002,DLY_TRP_0003829,TRP_0003829,2026-07-19T06:45:00.000Z,ARRIVAL,33,TRAFFIC,OPS,false
TNT_002,DLY_TRP_0003837,TRP_0003837,2026-07-27T09:41:00.000Z,ARRIVAL,24,WEATHER,GPS,false
TNT_003,DLY_TRP_0003839,TRP_0003839,2026-07-29T21:55:00.000Z,ARRIVAL,12,ROUTE_DEVIATION,VENDOR,false
TNT_001,DLY_TRP_0003851,TRP_0003851,2026-08-10T09:36:00.000Z,ARRIVAL,23,DRIVER_LATE,GPS,false
TNT_001,DLY_TRP_0003853,TRP_0003853,2026-08-12T22:07:00.000Z,ARRIVAL,23,TRAFFIC,GPS,false
TNT_002,DLY_TRP_0003854,TRP_0003854,2026-08-13T09:29:00.000Z,ARRIVAL,53,ROUTE_DEVIATION,GPS,false
TNT_001,DLY_TRP_0003859,TRP_0003859,2026-08-18T14:39:00.000Z,ARRIVAL,37,TRAFFIC,VENDOR,false
TNT_001,DLY_TRP_0003868,TRP_0003868,2026-08-27T22:12:00.000Z,ARRIVAL,38,TRAFFIC,GPS,false
TNT_001,DLY_TRP_0003873,TRP_0003873,2026-06-03T22:09:00.000Z,ARRIVAL,13,TRAFFIC,GPS,false
TNT_002,DLY_TRP_0003875,TRP_0003875,2026-06-05T22:25:00.000Z,ARRIVAL,46,ROUTE_DEVIATION,GPS,false
TNT_001,DLY_TRP_0003887,TRP_0003887,2026-06-17T07:21:00.000Z,ARRIVAL,44,TRAFFIC,GPS,false
TNT_002,DLY_TRP_0003891,TRP_0003891,2026-06-21T09:19:00.000Z,ARRIVAL,22,TRAFFIC,GPS,false
TNT_001,DLY_TRP_0003892,TRP_0003892,2026-06-22T22:35:00.000Z,ARRIVAL,18,TRAFFIC,OPS,false
TNT_001,DLY_TRP_0003894,TRP_0003894,2026-06-24T21:48:00.000Z,ARRIVAL,14,DRIVER_LATE,GPS,false
TNT_001,DLY_TRP_0003900,TRP_0003900,2026-06-30T09:27:00.000Z,ARRIVAL,30,WEATHER,GPS,false
TNT_001,DLY_TRP_0003905,TRP_0003905,2026-07-05T10:33:00.000Z,ARRIVAL,55,DRIVER_LATE,GPS,false
TNT_003,DLY_TRP_0003913,TRP_0003913,2026-07-13T14:20:00.000Z,ARRIVAL,19,TRAFFIC,VENDOR,false
TNT_001,DLY_TRP_0003917,TRP_0003917,2026-07-17T15:34:00.000Z,ARRIVAL,51,WEATHER,GPS,false
TNT_001,DLY_TRP_0003920,TRP_0003920,2026-07-20T22:44:00.000Z,ARRIVAL,20,ROUTE_DEVIATION,OPS,false
TNT_001,DLY_TRP_0003935,TRP_0003935,2026-08-04T14:25:00.000Z,ARRIVAL,11,TRAFFIC,GPS,false
TNT_002,DLY_TRP_0003943,TRP_0003943,2026-08-12T22:04:00.000Z,ARRIVAL,25,WEATHER,GPS,false
TNT_001,DLY_TRP_0003949,TRP_0003949,2026-08-18T15:02:00.000Z,ARRIVAL,38,WEATHER,GPS,false
TNT_001,DLY_TRP_0003953,TRP_0003953,2026-08-22T14:43:00.000Z,ARRIVAL,16,WEATHER,GPS,false
TNT_001,DLY_TRP_0003955,TRP_0003955,2026-08-24T22:35:00.000Z,ARRIVAL,26,DRIVER_LATE,GPS,false
TNT_001,DLY_TRP_0003957,TRP_0003957,2026-08-26T22:58:00.000Z,ARRIVAL,18,DRIVER_LATE,GPS,false
TNT_001,DLY_TRP_0003961,TRP_0003961,2026-06-01T06:52:00.000Z,ARRIVAL,13,WEATHER,GPS,false
TNT_002,DLY_TRP_0003980,TRP_0003980,2026-06-20T22:36:00.000Z,ARRIVAL,56,WEATHER,VENDOR,false
TNT_001,DLY_TRP_0004008,TRP_0004008,2026-07-18T22:56:00.000Z,ARRIVAL,36,VEHICLE_ISSUE,OPS,false
TNT_001,DLY_TRP_0004012,TRP_0004012,2026-07-22T09:50:00.000Z,ARRIVAL,14,WEATHER,OPS,false
TNT_002,DLY_TRP_0004018,TRP_0004018,2026-07-28T14:09:00.000Z,ARRIVAL,26,WEATHER,GPS,false
TNT_001,DLY_TRP_0004019,TRP_0004019,2026-07-29T09:47:00.000Z,ARRIVAL,37,TRAFFIC,GPS,false
TNT_003,DLY_TRP_0004034,TRP_0004034,2026-08-13T15:07:00.000Z,ARRIVAL,35,TRAFFIC,VENDOR,false
TNT_001,DLY_TRP_0004039,TRP_0004039,2026-08-18T07:25:00.000Z,ARRIVAL,58,TRAFFIC,GPS,false
TNT_002,DLY_TRP_0004040,TRP_0004040,2026-08-19T09:28:00.000Z,ARRIVAL,48,TRAFFIC,GPS,false
TNT_003,DLY_TRP_0004058,TRP_0004058,2026-06-08T10:15:00.000Z,ARRIVAL,19,WEATHER,GPS,false
TNT_002,DLY_TRP_0004062,TRP_0004062,2026-06-12T14:47:00.000Z,ARRIVAL,31,TRAFFIC,VENDOR,false
TNT_002,DLY_TRP_0004067,TRP_0004067,2026-06-17T15:41:00.000Z,ARRIVAL,52,ROUTE_DEVIATION,GPS,false
TNT_001,DLY_TRP_0004074,TRP_0004074,2026-06-24T06:41:00.000Z,ARRIVAL,45,WEATHER,VENDOR,false
TNT_001,DLY_TRP_0004095,TRP_0004095,2026-07-15T06:41:00.000Z,ARRIVAL,14,WEATHER,GPS,false
TNT_001,DLY_TRP_0004106,TRP_0004106,2026-07-26T08:50:00.000Z,ARRIVAL,11,WEATHER,GPS,false
TNT_001,DLY_TRP_0004127,TRP_0004127,2026-08-16T15:05:00.000Z,ARRIVAL,48,VEHICLE_ISSUE,GPS,false
TNT_001,DLY_TRP_0004134,TRP_0004134,2026-08-23T09:10:00.000Z,ARRIVAL,38,TRAFFIC,GPS,false
TNT_003,DLY_TRP_0004142,TRP_0004142,2026-06-02T10:10:00.000Z,ARRIVAL,56,ROUTE_DEVIATION,GPS,false
TNT_001,DLY_TRP_0004144,TRP_0004144,2026-06-04T09:30:00.000Z,ARRIVAL,25,DRIVER_LATE,OPS,false
TNT_002,DLY_TRP_0004150,TRP_0004150,2026-06-10T14:30:00.000Z,ARRIVAL,53,VEHICLE_ISSUE,GPS,false
TNT_002,DLY_TRP_0004151,TRP_0004151,2026-06-11T06:31:00.000Z,ARRIVAL,35,VEHICLE_ISSUE,OPS,false
TNT_002,DLY_TRP_0004153,TRP_0004153,2026-06-13T09:10:00.000Z,ARRIVAL,35,TRAFFIC,VENDOR,false
TNT_002,DLY_TRP_0004156,TRP_0004156,2026-06-16T09:12:00.000Z,ARRIVAL,32,VEHICLE_ISSUE,OPS,false
TNT_002,DLY_TRP_0004167,TRP_0004167,2026-06-27T22:41:00.000Z,ARRIVAL,35,DRIVER_LATE,VENDOR,false
TNT_001,DLY_TRP_0004175,TRP_0004175,2026-07-05T14:31:00.000Z,ARRIVAL,30,TRAFFIC,GPS,false
TNT_002,DLY_TRP_0004187,TRP_0004187,2026-07-17T09:10:00.000Z,ARRIVAL,20,VEHICLE_ISSUE,GPS,false
TNT_002,DLY_TRP_0004194,TRP_0004194,2026-07-24T14:25:00.000Z,ARRIVAL,21,TRAFFIC,VENDOR,false
TNT_001,DLY_TRP_0004208,TRP_0004208,2026-08-07T06:35:00.000Z,ARRIVAL,47,TRAFFIC,OPS,false
TNT_001,DLY_TRP_0004212,TRP_0004212,2026-08-11T09:40:00.000Z,ARRIVAL,27,DRIVER_LATE,OPS,false
TNT_003,DLY_TRP_0004217,TRP_0004217,2026-08-16T07:03:00.000Z,ARRIVAL,53,TRAFFIC,VENDOR,false
TNT_001,DLY_TRP_0004226,TRP_0004226,2026-08-25T09:52:00.000Z,ARRIVAL,56,TRAFFIC,GPS,false
TNT_001,DLY_TRP_0004236,TRP_0004236,2026-06-06T21:53:00.000Z,ARRIVAL,31,DRIVER_LATE,VENDOR,false
TNT_001,DLY_TRP_0004269,TRP_0004269,2026-07-09T10:02:00.000Z,ARRIVAL,34,DRIVER_LATE,VENDOR,false
TNT_003,DLY_TRP_0004276,TRP_0004276,2026-07-16T06:44:00.000Z,ARRIVAL,41,TRAFFIC,VENDOR,false
TNT_001,DLY_TRP_0004282,TRP_0004282,2026-07-22T08:50:00.000Z,ARRIVAL,19,VEHICLE_ISSUE,GPS,false
TNT_002,DLY_TRP_0004288,TRP_0004288,2026-07-28T14:58:00.000Z,ARRIVAL,55,WEATHER,GPS,false
TNT_001,DLY_TRP_0004309,TRP_0004309,2026-08-18T22:05:00.000Z,ARRIVAL,24,VEHICLE_ISSUE,GPS,false
TNT_001,DLY_TRP_0004319,TRP_0004319,2026-08-28T22:56:00.000Z,ARRIVAL,51,DRIVER_LATE,GPS,false
TNT_002,DLY_TRP_0004331,TRP_0004331,2026-06-11T09:40:00.000Z,ARRIVAL,36,WEATHER,OPS,false
TNT_001,DLY_TRP_0004338,TRP_0004338,2026-06-18T09:13:00.000Z,ARRIVAL,29,TRAFFIC,OPS,false
TNT_002,DLY_TRP_0004340,TRP_0004340,2026-06-20T14:40:00.000Z,ARRIVAL,17,VEHICLE_ISSUE,VENDOR,false
TNT_002,DLY_TRP_0004351,TRP_0004351,2026-07-01T06:50:00.000Z,ARRIVAL,55,DRIVER_LATE,GPS,false
TNT_001,DLY_TRP_0004359,TRP_0004359,2026-07-09T22:41:00.000Z,ARRIVAL,28,DRIVER_LATE,GPS,false
TNT_001,DLY_TRP_0004366,TRP_0004366,2026-07-16T06:22:00.000Z,ARRIVAL,32,TRAFFIC,GPS,false
TNT_003,DLY_TRP_0004368,TRP_0004368,2026-07-18T09:45:00.000Z,ARRIVAL,35,ROUTE_DEVIATION,VENDOR,false
TNT_003,DLY_TRP_0004378,TRP_0004378,2026-07-28T09:36:00.000Z,ARRIVAL,53,WEATHER,OPS,false
TNT_001,DLY_TRP_0004380,TRP_0004380,2026-07-30T09:34:00.000Z,ARRIVAL,44,TRAFFIC,GPS,false
TNT_003,DLY_TRP_0004383,TRP_0004383,2026-08-02T09:49:00.000Z,ARRIVAL,25,DRIVER_LATE,GPS,false
TNT_001,DLY_TRP_0004387,TRP_0004387,2026-08-06T14:45:00.000Z,ARRIVAL,31,VEHICLE_ISSUE,GPS,false
TNT_001,DLY_TRP_0004395,TRP_0004395,2026-08-14T14:38:00.000Z,ARRIVAL,40,WEATHER,GPS,false
TNT_001,DLY_TRP_0004397,TRP_0004397,2026-08-16T08:43:00.000Z,ARRIVAL,12,TRAFFIC,GPS,false
TNT_001,DLY_TRP_0004401,TRP_0004401,2026-08-20T22:00:00.000Z,ARRIVAL,13,ROUTE_DEVIATION,VENDOR,false
TNT_001,DLY_TRP_0004416,TRP_0004416,2026-06-06T07:29:00.000Z,ARRIVAL,16,DRIVER_LATE,GPS,false
TNT_001,DLY_TRP_0004433,TRP_0004433,2026-06-23T22:34:00.000Z,ARRIVAL,37,TRAFFIC,GPS,false
TNT_001,DLY_TRP_0004436,TRP_0004436,2026-06-26T10:29:00.000Z,ARRIVAL,29,ROUTE_DEVIATION,GPS,false
TNT_001,DLY_TRP_0004437,TRP_0004437,2026-06-27T14:36:00.000Z,ARRIVAL,32,TRAFFIC,GPS,false
TNT_002,DLY_TRP_0004438,TRP_0004438,2026-06-28T14:13:00.000Z,ARRIVAL,35,VEHICLE_ISSUE,GPS,false
TNT_001,DLY_TRP_0004455,TRP_0004455,2026-07-15T23:02:00.000Z,ARRIVAL,11,TRAFFIC,GPS,false
TNT_001,DLY_TRP_0004462,TRP_0004462,2026-07-22T14:55:00.000Z,ARRIVAL,49,TRAFFIC,GPS,false
TNT_001,DLY_TRP_0004468,TRP_0004468,2026-07-28T15:40:00.000Z,ARRIVAL,57,VEHICLE_ISSUE,OPS,false
TNT_003,DLY_TRP_0004476,TRP_0004476,2026-08-05T06:59:00.000Z,ARRIVAL,57,TRAFFIC,VENDOR,false
TNT_001,DLY_TRP_0004482,TRP_0004482,2026-08-11T07:00:00.000Z,ARRIVAL,31,WEATHER,GPS,false
TNT_001,DLY_TRP_0004492,TRP_0004492,2026-08-21T14:49:00.000Z,ARRIVAL,31,DRIVER_LATE,OPS,false
TNT_001,DLY_TRP_0004505,TRP_0004505,2026-06-05T09:20:00.000Z,ARRIVAL,49,TRAFFIC,GPS,false
TNT_001,DLY_TRP_0004506,TRP_0004506,2026-06-06T06:26:00.000Z,ARRIVAL,38,TRAFFIC,GPS,false
TNT_001,DLY_TRP_0004507,TRP_0004507,2026-06-07T09:43:00.000Z,ARRIVAL,30,WEATHER,GPS,false
TNT_001,DLY_TRP_0004512,TRP_0004512,2026-06-12T22:36:00.000Z,ARRIVAL,41,WEATHER,GPS,false
TNT_001,DLY_TRP_0004516,TRP_0004516,2026-06-16T09:30:00.000Z,ARRIVAL,20,TRAFFIC,GPS,false
TNT_003,DLY_TRP_0004518,TRP_0004518,2026-06-18T07:28:00.000Z,ARRIVAL,57,WEATHER,GPS,false
TNT_002,DLY_TRP_0004519,TRP_0004519,2026-06-19T09:11:00.000Z,ARRIVAL,23,WEATHER,GPS,false
TNT_002,DLY_TRP_0004529,TRP_0004529,2026-06-29T06:43:00.000Z,ARRIVAL,58,TRAFFIC,OPS,false
TNT_003,DLY_TRP_0004531,TRP_0004531,2026-07-01T15:21:00.000Z,ARRIVAL,49,TRAFFIC,VENDOR,false
TNT_001,DLY_TRP_0004533,TRP_0004533,2026-07-03T10:09:00.000Z,ARRIVAL,53,TRAFFIC,GPS,false
TNT_001,DLY_TRP_0004535,TRP_0004535,2026-07-05T22:43:00.000Z,ARRIVAL,23,TRAFFIC,OPS,false
TNT_001,DLY_TRP_0004541,TRP_0004541,2026-07-11T14:59:00.000Z,ARRIVAL,40,WEATHER,GPS,false
TNT_002,DLY_TRP_0004569,TRP_0004569,2026-08-08T09:15:00.000Z,ARRIVAL,13,TRAFFIC,GPS,false
TNT_002,DLY_TRP_0004575,TRP_0004575,2026-08-14T23:16:00.000Z,ARRIVAL,51,WEATHER,GPS,true
TNT_001,DLY_TRP_0004582,TRP_0004582,2026-08-21T06:25:00.000Z,ARRIVAL,25,VEHICLE_ISSUE,GPS,false
TNT_003,DLY_TRP_0004587,TRP_0004587,2026-08-26T14:43:00.000Z,ARRIVAL,47,VEHICLE_ISSUE,VENDOR,false
TNT_002,DLY_TRP_0004588,TRP_0004588,2026-08-27T22:20:00.000Z,ARRIVAL,14,WEATHER,GPS,false
TNT_003,DLY_TRP_0004591,TRP_0004591,2026-06-01T06:33:00.000Z,ARRIVAL,49,TRAFFIC,GPS,false
TNT_001,DLY_TRP_0004592,TRP_0004592,2026-06-02T14:59:00.000Z,ARRIVAL,45,VEHICLE_ISSUE,GPS,false
TNT_001,DLY_TRP_0004596,TRP_0004596,2026-06-06T14:10:00.000Z,ARRIVAL,42,TRAFFIC,VENDOR,false
TNT_001,DLY_TRP_0004603,TRP_0004603,2026-06-13T22:53:00.000Z,ARRIVAL,35,TRAFFIC,GPS,false
TNT_002,DLY_TRP_0004613,TRP_0004613,2026-06-23T09:46:00.000Z,ARRIVAL,24,WEATHER,OPS,false
TNT_003,DLY_TRP_0004614,TRP_0004614,2026-06-24T10:33:00.000Z,ARRIVAL,57,TRAFFIC,GPS,false
TNT_001,DLY_TRP_0004618,TRP_0004618,2026-06-28T09:42:00.000Z,ARRIVAL,48,TRAFFIC,VENDOR,false
TNT_001,DLY_TRP_0004626,TRP_0004626,2026-07-06T21:57:00.000Z,ARRIVAL,13,TRAFFIC,VENDOR,false
TNT_001,DLY_TRP_0004629,TRP_0004629,2026-07-09T21:53:00.000Z,ARRIVAL,12,TRAFFIC,OPS,false
TNT_001,DLY_TRP_0004646,TRP_0004646,2026-07-26T14:37:00.000Z,ARRIVAL,57,DRIVER_LATE,GPS,false
TNT_002,DLY_TRP_0004648,TRP_0004648,2026-07-28T14:30:00.000Z,ARRIVAL,44,VEHICLE_ISSUE,GPS,false
TNT_001,DLY_TRP_0004654,TRP_0004654,2026-08-03T09:43:00.000Z,ARRIVAL,57,TRAFFIC,GPS,false
TNT_001,DLY_TRP_0004664,TRP_0004664,2026-08-13T23:17:00.000Z,ARRIVAL,56,TRAFFIC,GPS,false
TNT_001,DLY_TRP_0004675,TRP_0004675,2026-08-24T14:23:00.000Z,ARRIVAL,24,ROUTE_DEVIATION,VENDOR,false
TNT_001,DLY_TRP_0004677,TRP_0004677,2026-08-26T10:05:00.000Z,ARRIVAL,53,DRIVER_LATE,GPS,false
TNT_003,DLY_TRP_0004686,TRP_0004686,2026-06-06T22:52:00.000Z,ARRIVAL,49,ROUTE_DEVIATION,OPS,false
TNT_001,DLY_TRP_0004699,TRP_0004699,2026-06-19T09:55:00.000Z,ARRIVAL,56,ROUTE_DEVIATION,GPS,false
TNT_003,DLY_TRP_0004716,TRP_0004716,2026-07-06T22:23:00.000Z,ARRIVAL,35,DRIVER_LATE,VENDOR,false
TNT_001,DLY_TRP_0004726,TRP_0004726,2026-07-16T10:04:00.000Z,ARRIVAL,51,WEATHER,GPS,false
TNT_002,DLY_TRP_0004728,TRP_0004728,2026-07-18T13:56:00.000Z,ARRIVAL,26,TRAFFIC,VENDOR,false
TNT_001,DLY_TRP_0004729,TRP_0004729,2026-07-19T06:41:00.000Z,ARRIVAL,21,DRIVER_LATE,GPS,false
TNT_001,DLY_TRP_0004745,TRP_0004745,2026-08-04T06:43:00.000Z,ARRIVAL,14,WEATHER,OPS,false
TNT_003,DLY_TRP_0004752,TRP_0004752,2026-08-11T14:38:00.000Z,ARRIVAL,18,DRIVER_LATE,GPS,false
TNT_002,DLY_TRP_0004753,TRP_0004753,2026-08-12T09:34:00.000Z,ARRIVAL,53,TRAFFIC,OPS,false
TNT_002,DLY_TRP_0004755,TRP_0004755,2026-08-14T09:23:00.000Z,ARRIVAL,16,TRAFFIC,GPS,false
TNT_002,DLY_TRP_0004762,TRP_0004762,2026-08-21T22:21:00.000Z,ARRIVAL,13,TRAFFIC,GPS,false
TNT_002,DLY_TRP_0004770,TRP_0004770,2026-08-29T14:23:00.000Z,ARRIVAL,19,DRIVER_LATE,GPS,false
TNT_003,DLY_TRP_0004773,TRP_0004773,2026-06-03T07:31:00.000Z,ARRIVAL,48,DRIVER_LATE,OPS,false
TNT_001,DLY_TRP_0004776,TRP_0004776,2026-06-06T23:03:00.000Z,ARRIVAL,45,VEHICLE_ISSUE,GPS,false
TNT_002,DLY_TRP_0004777,TRP_0004777,2026-06-07T22:37:00.000Z,ARRIVAL,43,DRIVER_LATE,GPS,false
TNT_001,DLY_TRP_0004778,TRP_0004778,2026-06-08T06:26:00.000Z,ARRIVAL,31,ROUTE_DEVIATION,VENDOR,false
TNT_002,DLY_TRP_0004780,TRP_0004780,2026-06-10T22:53:00.000Z,ARRIVAL,39,DRIVER_LATE,GPS,false
TNT_002,DLY_TRP_0004786,TRP_0004786,2026-06-16T09:12:00.000Z,ARRIVAL,42,TRAFFIC,VENDOR,false
TNT_001,DLY_TRP_0004788,TRP_0004788,2026-06-18T14:13:00.000Z,ARRIVAL,13,TRAFFIC,OPS,false
TNT_003,DLY_TRP_0004794,TRP_0004794,2026-06-24T09:38:00.000Z,ARRIVAL,19,TRAFFIC,GPS,false
TNT_001,DLY_TRP_0004833,TRP_0004833,2026-08-02T14:08:00.000Z,ARRIVAL,12,DRIVER_LATE,OPS,false
TNT_001,DLY_TRP_0004834,TRP_0004834,2026-08-03T14:42:00.000Z,ARRIVAL,45,ROUTE_DEVIATION,GPS,false
TNT_001,DLY_TRP_0004843,TRP_0004843,2026-08-12T15:36:00.000Z,ARRIVAL,36,DRIVER_LATE,GPS,false
TNT_002,DLY_TRP_0004850,TRP_0004850,2026-08-19T09:08:00.000Z,ARRIVAL,14,WEATHER,GPS,false
TNT_001,DLY_TRP_0004871,TRP_0004871,2026-06-11T09:22:00.000Z,ARRIVAL,20,ROUTE_DEVIATION,GPS,false
TNT_002,DLY_TRP_0004872,TRP_0004872,2026-06-12T22:09:00.000Z,ARRIVAL,24,TRAFFIC,GPS,false
TNT_001,DLY_TRP_0004874,TRP_0004874,2026-06-14T22:37:00.000Z,ARRIVAL,52,TRAFFIC,GPS,false
TNT_001,DLY_TRP_0004876,TRP_0004876,2026-06-16T15:13:00.000Z,ARRIVAL,48,TRAFFIC,GPS,false
TNT_003,DLY_TRP_0004891,TRP_0004891,2026-07-01T22:30:00.000Z,ARRIVAL,25,TRAFFIC,GPS,false
TNT_002,DLY_TRP_0004898,TRP_0004898,2026-07-08T07:28:00.000Z,ARRIVAL,55,WEATHER,GPS,false
TNT_003,DLY_TRP_0004914,TRP_0004914,2026-07-24T07:11:00.000Z,ARRIVAL,57,ROUTE_DEVIATION,VENDOR,false
TNT_001,DLY_TRP_0004929,TRP_0004929,2026-08-08T06:12:00.000Z,ARRIVAL,21,VEHICLE_ISSUE,GPS,false
TNT_002,DLY_TRP_0004943,TRP_0004943,2026-08-22T06:58:00.000Z,ARRIVAL,54,TRAFFIC,GPS,false
TNT_002,DLY_TRP_0004952,TRP_0004952,2026-06-02T06:40:00.000Z,ARRIVAL,36,ROUTE_DEVIATION,OPS,false
TNT_001,DLY_TRP_0004956,TRP_0004956,2026-06-06T07:39:00.000Z,ARRIVAL,57,TRAFFIC,OPS,false
TNT_001,DLY_TRP_0004959,TRP_0004959,2026-06-09T09:48:00.000Z,ARRIVAL,44,TRAFFIC,VENDOR,false
TNT_003,DLY_TRP_0004962,TRP_0004962,2026-06-12T07:36:00.000Z,ARRIVAL,57,VEHICLE_ISSUE,VENDOR,false
TNT_002,DLY_TRP_0004966,TRP_0004966,2026-06-16T14:25:00.000Z,ARRIVAL,24,WEATHER,GPS,false
TNT_003,DLY_TRP_0004976,TRP_0004976,2026-06-26T07:05:00.000Z,ARRIVAL,24,TRAFFIC,GPS,false
TNT_001,DLY_TRP_0004977,TRP_0004977,2026-06-27T14:19:00.000Z,ARRIVAL,15,TRAFFIC,GPS,false
TNT_001,DLY_TRP_0004978,TRP_0004978,2026-06-28T14:59:00.000Z,ARRIVAL,18,WEATHER,OPS,false
TNT_002,DLY_TRP_0004982,TRP_0004982,2026-07-02T07:05:00.000Z,ARRIVAL,29,TRAFFIC,GPS,false
TNT_001,DLY_TRP_0004983,TRP_0004983,2026-07-03T09:36:00.000Z,ARRIVAL,21,ROUTE_DEVIATION,OPS,false
TNT_001,DLY_TRP_0004992,TRP_0004992,2026-07-12T22:02:00.000Z,ARRIVAL,12,VEHICLE_ISSUE,GPS,false
TNT_002,DLY_TRP_0005003,TRP_0005003,2026-07-23T09:21:00.000Z,ARRIVAL,45,VEHICLE_ISSUE,GPS,false
TNT_001,DLY_TRP_0005009,TRP_0005009,2026-07-29T10:02:00.000Z,ARRIVAL,56,DRIVER_LATE,OPS,false
TNT_001,DLY_TRP_0005024,TRP_0005024,2026-08-13T09:49:00.000Z,ARRIVAL,27,TRAFFIC,VENDOR,false
TNT_001,DLY_TRP_0005029,TRP_0005029,2026-08-18T23:08:00.000Z,ARRIVAL,36,DRIVER_LATE,VENDOR,false
TNT_002,DLY_TRP_0005035,TRP_0005035,2026-08-24T10:05:00.000Z,ARRIVAL,48,VEHICLE_ISSUE,GPS,false
TNT_001,DLY_TRP_0005039,TRP_0005039,2026-08-28T23:03:00.000Z,ARRIVAL,45,DRIVER_LATE,GPS,false
TNT_002,DLY_TRP_0005042,TRP_0005042,2026-06-02T23:02:00.000Z,ARRIVAL,56,WEATHER,GPS,false
TNT_003,DLY_TRP_0005054,TRP_0005054,2026-06-14T14:37:00.000Z,ARRIVAL,38,WEATHER,VENDOR,false
TNT_002,DLY_TRP_0005059,TRP_0005059,2026-06-19T06:56:00.000Z,ARRIVAL,54,TRAFFIC,GPS,true
TNT_001,DLY_TRP_0005060,TRP_0005060,2026-06-20T06:37:00.000Z,ARRIVAL,24,TRAFFIC,GPS,false
TNT_001,DLY_TRP_0005064,TRP_0005064,2026-06-24T14:56:00.000Z,ARRIVAL,42,WEATHER,GPS,false
TNT_001,DLY_TRP_0005070,TRP_0005070,2026-06-30T07:31:00.000Z,ARRIVAL,44,ROUTE_DEVIATION,VENDOR,false
TNT_001,DLY_TRP_0005084,TRP_0005084,2026-07-14T10:30:00.000Z,ARRIVAL,55,ROUTE_DEVIATION,OPS,false
TNT_001,DLY_TRP_0005085,TRP_0005085,2026-07-15T06:30:00.000Z,ARRIVAL,16,TRAFFIC,VENDOR,false
TNT_001,DLY_TRP_0005107,TRP_0005107,2026-08-06T21:38:00.000Z,ARRIVAL,12,TRAFFIC,GPS,false
TNT_001,DLY_TRP_0005110,TRP_0005110,2026-08-09T06:19:00.000Z,ARRIVAL,16,TRAFFIC,OPS,false
TNT_002,DLY_TRP_0005118,TRP_0005118,2026-08-17T09:59:00.000Z,ARRIVAL,30,DRIVER_LATE,OPS,false
TNT_002,DLY_TRP_0005124,TRP_0005124,2026-08-23T22:38:00.000Z,ARRIVAL,30,TRAFFIC,GPS,false
TNT_001,DLY_TRP_0005129,TRP_0005129,2026-08-28T22:16:00.000Z,ARRIVAL,42,DRIVER_LATE,GPS,false
TNT_001,DLY_TRP_0005130,TRP_0005130,2026-08-29T15:34:00.000Z,ARRIVAL,39,WEATHER,GPS,false
TNT_003,DLY_TRP_0005135,TRP_0005135,2026-06-05T22:30:00.000Z,ARRIVAL,47,ROUTE_DEVIATION,GPS,false
TNT_001,DLY_TRP_0005143,TRP_0005143,2026-06-13T22:22:00.000Z,ARRIVAL,11,WEATHER,OPS,false
TNT_002,DLY_TRP_0005148,TRP_0005148,2026-06-18T23:15:00.000Z,ARRIVAL,48,WEATHER,GPS,false
TNT_001,DLY_TRP_0005150,TRP_0005150,2026-06-20T23:13:00.000Z,ARRIVAL,56,TRAFFIC,VENDOR,false
TNT_002,DLY_TRP_0005156,TRP_0005156,2026-06-26T09:20:00.000Z,ARRIVAL,26,TRAFFIC,VENDOR,false
TNT_002,DLY_TRP_0005159,TRP_0005159,2026-06-29T06:48:00.000Z,ARRIVAL,56,TRAFFIC,GPS,false
TNT_003,DLY_TRP_0005164,TRP_0005164,2026-07-04T14:32:00.000Z,ARRIVAL,57,VEHICLE_ISSUE,GPS,false
TNT_001,DLY_TRP_0005172,TRP_0005172,2026-07-12T06:21:00.000Z,ARRIVAL,21,TRAFFIC,VENDOR,false
TNT_002,DLY_TRP_0005179,TRP_0005179,2026-07-19T14:43:00.000Z,ARRIVAL,37,DRIVER_LATE,GPS,false
TNT_001,DLY_TRP_0005193,TRP_0005193,2026-08-02T06:33:00.000Z,ARRIVAL,32,DRIVER_LATE,VENDOR,false
TNT_003,DLY_TRP_0005194,TRP_0005194,2026-08-03T09:37:00.000Z,ARRIVAL,56,WEATHER,OPS,false
TNT_003,DLY_TRP_0005200,TRP_0005200,2026-08-09T22:31:00.000Z,ARRIVAL,57,WEATHER,VENDOR,false
TNT_003,DLY_TRP_0005215,TRP_0005215,2026-08-24T15:21:00.000Z,ARRIVAL,53,TRAFFIC,VENDOR,false
TNT_001,DLY_TRP_0005217,TRP_0005217,2026-08-26T22:21:00.000Z,ARRIVAL,18,DRIVER_LATE,VENDOR,false
TNT_001,DLY_TRP_0005227,TRP_0005227,2026-06-07T22:38:00.000Z,ARRIVAL,25,TRAFFIC,GPS,false
TNT_002,DLY_TRP_0005240,TRP_0005240,2026-06-20T08:59:00.000Z,ARRIVAL,12,TRAFFIC,GPS,true
TNT_002,DLY_TRP_0005245,TRP_0005245,2026-06-25T10:20:00.000Z,ARRIVAL,55,DRIVER_LATE,VENDOR,false
TNT_001,DLY_TRP_0005282,TRP_0005282,2026-08-01T09:49:00.000Z,ARRIVAL,21,DRIVER_LATE,GPS,false
TNT_001,DLY_TRP_0005290,TRP_0005290,2026-08-09T07:02:00.000Z,ARRIVAL,50,WEATHER,GPS,false
TNT_001,DLY_TRP_0005305,TRP_0005305,2026-08-24T22:22:00.000Z,ARRIVAL,27,DRIVER_LATE,GPS,false
TNT_001,DLY_TRP_0005311,TRP_0005311,2026-06-01T06:20:00.000Z,ARRIVAL,31,WEATHER,GPS,false
TNT_003,DLY_TRP_0005323,TRP_0005323,2026-06-13T10:00:00.000Z,ARRIVAL,20,WEATHER,VENDOR,false
TNT_003,DLY_TRP_0005350,TRP_0005350,2026-07-10T14:27:00.000Z,ARRIVAL,18,WEATHER,GPS,false
TNT_001,DLY_TRP_0005351,TRP_0005351,2026-07-11T10:04:00.000Z,ARRIVAL,38,WEATHER,GPS,false
TNT_002,DLY_TRP_0005366,TRP_0005366,2026-07-26T07:48:00.000Z,ARRIVAL,42,TRAFFIC,GPS,false
TNT_002,DLY_TRP_0005367,TRP_0005367,2026-07-27T06:11:00.000Z,ARRIVAL,11,DRIVER_LATE,OPS,false
TNT_001,DLY_TRP_0005369,TRP_0005369,2026-07-29T07:33:00.000Z,ARRIVAL,51,TRAFFIC,OPS,false
TNT_002,DLY_TRP_0005371,TRP_0005371,2026-07-31T09:35:00.000Z,ARRIVAL,35,WEATHER,VENDOR,false
TNT_002,DLY_TRP_0005379,TRP_0005379,2026-08-08T09:49:00.000Z,ARRIVAL,35,WEATHER,VENDOR,false
TNT_001,DLY_TRP_0005391,TRP_0005391,2026-08-20T09:58:00.000Z,ARRIVAL,25,VEHICLE_ISSUE,OPS,false
TNT_002,DLY_TRP_0005392,TRP_0005392,2026-08-21T23:07:00.000Z,ARRIVAL,45,WEATHER,GPS,false
TNT_001,DLY_TRP_0005394,TRP_0005394,2026-08-23T06:34:00.000Z,ARRIVAL,26,ROUTE_DEVIATION,OPS,false
TNT_003,DLY_TRP_0005403,TRP_0005403,2026-06-03T10:10:00.000Z,ARRIVAL,57,DRIVER_LATE,GPS,false
TNT_001,DLY_TRP_0005407,TRP_0005407,2026-06-07T09:35:00.000Z,ARRIVAL,15,WEATHER,OPS,false
TNT_002,DLY_TRP_0005417,TRP_0005417,2026-06-17T09:38:00.000Z,ARRIVAL,31,DRIVER_LATE,GPS,false
TNT_001,DLY_TRP_0005432,TRP_0005432,2026-07-02T07:42:00.000Z,ARRIVAL,46,DRIVER_LATE,GPS,false
TNT_001,DLY_TRP_0005438,TRP_0005438,2026-07-08T09:16:00.000Z,ARRIVAL,45,WEATHER,GPS,false
TNT_002,DLY_TRP_0005444,TRP_0005444,2026-07-14T06:17:00.000Z,ARRIVAL,32,ROUTE_DEVIATION,GPS,false
TNT_001,DLY_TRP_0005445,TRP_0005445,2026-07-15T15:09:00.000Z,ARRIVAL,21,TRAFFIC,GPS,false
TNT_003,DLY_TRP_0005448,TRP_0005448,2026-07-18T14:47:00.000Z,ARRIVAL,41,VEHICLE_ISSUE,VENDOR,false
TNT_001,DLY_TRP_0005452,TRP_0005452,2026-07-22T10:15:00.000Z,ARRIVAL,36,TRAFFIC,GPS,false
TNT_001,DLY_TRP_0005453,TRP_0005453,2026-07-23T07:36:00.000Z,ARRIVAL,45,TRAFFIC,VENDOR,false
TNT_002,DLY_TRP_0005469,TRP_0005469,2026-08-08T22:33:00.000Z,ARRIVAL,51,TRAFFIC,GPS,false
TNT_002,DLY_TRP_0005475,TRP_0005475,2026-08-14T06:46:00.000Z,ARRIVAL,49,WEATHER,VENDOR,false
TNT_001,DLY_TRP_0005482,TRP_0005482,2026-08-21T07:03:00.000Z,ARRIVAL,44,TRAFFIC,VENDOR,false
TNT_001,DLY_TRP_0005484,TRP_0005484,2026-08-23T23:04:00.000Z,ARRIVAL,30,VEHICLE_ISSUE,GPS,false
TNT_001,DLY_TRP_0005486,TRP_0005486,2026-08-25T14:51:00.000Z,ARRIVAL,53,VEHICLE_ISSUE,GPS,false
TNT_001,DLY_TRP_0005488,TRP_0005488,2026-08-27T23:21:00.000Z,ARRIVAL,54,TRAFFIC,OPS,false
TNT_001,DLY_TRP_0005538,TRP_0005538,2026-07-18T22:28:00.000Z,ARRIVAL,43,TRAFFIC,GPS,false
TNT_001,DLY_TRP_0005544,TRP_0005544,2026-07-24T08:57:00.000Z,ARRIVAL,15,WEATHER,VENDOR,false
TNT_003,DLY_TRP_0005551,TRP_0005551,2026-07-31T09:47:00.000Z,ARRIVAL,28,VEHICLE_ISSUE,GPS,false
TNT_001,DLY_TRP_0005572,TRP_0005572,2026-08-21T22:26:00.000Z,ARRIVAL,46,TRAFFIC,GPS,false
TNT_001,DLY_TRP_0005580,TRP_0005580,2026-08-29T07:20:00.000Z,ARRIVAL,33,TRAFFIC,VENDOR,false
TNT_002,DLY_TRP_0005581,TRP_0005581,2026-06-01T14:24:00.000Z,ARRIVAL,55,WEATHER,GPS,false
TNT_003,DLY_TRP_0005586,TRP_0005586,2026-06-06T14:31:00.000Z,ARRIVAL,32,ROUTE_DEVIATION,GPS,false
TNT_001,DLY_TRP_0005589,TRP_0005589,2026-06-09T09:18:00.000Z,ARRIVAL,26,VEHICLE_ISSUE,GPS,true
TNT_003,DLY_TRP_0005614,TRP_0005614,2026-07-04T14:43:00.000Z,ARRIVAL,54,TRAFFIC,GPS,false
TNT_002,DLY_TRP_0005616,TRP_0005616,2026-07-06T06:36:00.000Z,ARRIVAL,34,DRIVER_LATE,GPS,false
TNT_001,DLY_TRP_0005617,TRP_0005617,2026-07-07T23:13:00.000Z,ARRIVAL,34,TRAFFIC,GPS,false
TNT_001,DLY_TRP_0005624,TRP_0005624,2026-07-14T06:20:00.000Z,ARRIVAL,24,TRAFFIC,GPS,false
TNT_001,DLY_TRP_0005627,TRP_0005627,2026-07-17T14:04:00.000Z,ARRIVAL,30,DRIVER_LATE,GPS,false
TNT_002,DLY_TRP_0005629,TRP_0005629,2026-07-19T09:41:00.000Z,ARRIVAL,38,WEATHER,GPS,false
TNT_002,DLY_TRP_0005632,TRP_0005632,2026-07-22T09:54:00.000Z,ARRIVAL,38,ROUTE_DEVIATION,GPS,false
TNT_001,DLY_TRP_0005638,TRP_0005638,2026-07-28T09:44:00.000Z,ARRIVAL,53,TRAFFIC,GPS,false
TNT_003,DLY_TRP_0005641,TRP_0005641,2026-07-31T06:58:00.000Z,ARRIVAL,52,DRIVER_LATE,VENDOR,false
TNT_001,DLY_TRP_0005665,TRP_0005665,2026-08-24T22:35:00.000Z,ARRIVAL,31,DRIVER_LATE,GPS,false
TNT_002,DLY_TRP_0005677,TRP_0005677,2026-06-07T09:47:00.000Z,ARRIVAL,23,ROUTE_DEVIATION,GPS,false
TNT_001,DLY_TRP_0005680,TRP_0005680,2026-06-10T14:24:00.000Z,ARRIVAL,37,ROUTE_DEVIATION,OPS,false
TNT_003,DLY_TRP_0005686,TRP_0005686,2026-06-16T22:14:00.000Z,ARRIVAL,41,DRIVER_LATE,GPS,false
TNT_002,DLY_TRP_0005690,TRP_0005690,2026-06-20T06:53:00.000Z,ARRIVAL,35,TRAFFIC,VENDOR,false
TNT_001,DLY_TRP_0005707,TRP_0005707,2026-07-07T09:35:00.000Z,ARRIVAL,22,WEATHER,GPS,false
TNT_001,DLY_TRP_0005710,TRP_0005710,2026-07-10T10:33:00.000Z,ARRIVAL,52,TRAFFIC,VENDOR,false
TNT_002,DLY_TRP_0005716,TRP_0005716,2026-07-16T06:59:00.000Z,ARRIVAL,54,TRAFFIC,GPS,false
TNT_002,DLY_TRP_0005719,TRP_0005719,2026-07-19T06:51:00.000Z,ARRIVAL,40,TRAFFIC,GPS,false
TNT_001,DLY_TRP_0005722,TRP_0005722,2026-07-22T06:18:00.000Z,ARRIVAL,22,VEHICLE_ISSUE,GPS,false
TNT_001,DLY_TRP_0005725,TRP_0005725,2026-07-25T15:20:00.000Z,ARRIVAL,47,TRAFFIC,GPS,false
TNT_001,DLY_TRP_0005730,TRP_0005730,2026-07-30T07:32:00.000Z,ARRIVAL,54,DRIVER_LATE,GPS,false
TNT_002,DLY_TRP_0005735,TRP_0005735,2026-08-04T06:17:00.000Z,ARRIVAL,47,TRAFFIC,VENDOR,false
TNT_001,DLY_TRP_0005739,TRP_0005739,2026-08-08T22:44:00.000Z,ARRIVAL,36,DRIVER_LATE,GPS,false
TNT_001,DLY_TRP_0005744,TRP_0005744,2026-08-13T22:18:00.000Z,ARRIVAL,27,WEATHER,OPS,false
TNT_001,DLY_TRP_0005747,TRP_0005747,2026-08-16T10:01:00.000Z,ARRIVAL,27,TRAFFIC,VENDOR,false
TNT_001,DLY_TRP_0005751,TRP_0005751,2026-08-20T06:21:00.000Z,ARRIVAL,12,ROUTE_DEVIATION,VENDOR,false
TNT_001,DLY_TRP_0005758,TRP_0005758,2026-08-27T13:45:00.000Z,ARRIVAL,14,TRAFFIC,VENDOR,true
TNT_001,DLY_TRP_0005760,TRP_0005760,2026-08-29T22:51:00.000Z,ARRIVAL,46,VEHICLE_ISSUE,GPS,false
TNT_001,DLY_TRP_0005762,TRP_0005762,2026-06-02T06:35:00.000Z,ARRIVAL,58,TRAFFIC,GPS,false
TNT_003,DLY_TRP_0005786,TRP_0005786,2026-06-26T06:59:00.000Z,ARRIVAL,23,ROUTE_DEVIATION,OPS,false
TNT_003,DLY_TRP_0005790,TRP_0005790,2026-06-30T09:42:00.000Z,ARRIVAL,54,TRAFFIC,GPS,false
TNT_003,DLY_TRP_0005796,TRP_0005796,2026-07-06T07:00:00.000Z,ARRIVAL,43,ROUTE_DEVIATION,GPS,false
TNT_003,DLY_TRP_0005814,TRP_0005814,2026-07-24T07:11:00.000Z,ARRIVAL,54,TRAFFIC,OPS,false
TNT_002,DLY_TRP_0005816,TRP_0005816,2026-07-26T08:57:00.000Z,ARRIVAL,19,TRAFFIC,GPS,false
TNT_002,DLY_TRP_0005832,TRP_0005832,2026-08-11T14:03:00.000Z,ARRIVAL,37,ROUTE_DEVIATION,GPS,false
TNT_001,DLY_TRP_0005835,TRP_0005835,2026-08-14T22:34:00.000Z,ARRIVAL,14,TRAFFIC,GPS,false
TNT_001,DLY_TRP_0005873,TRP_0005873,2026-06-23T23:40:00.000Z,ARRIVAL,55,WEATHER,GPS,false
TNT_001,DLY_TRP_0005877,TRP_0005877,2026-06-27T14:31:00.000Z,ARRIVAL,41,DRIVER_LATE,GPS,false
TNT_001,DLY_TRP_0005880,TRP_0005880,2026-06-30T09:28:00.000Z,ARRIVAL,42,WEATHER,OPS,false
TNT_003,DLY_TRP_0005888,TRP_0005888,2026-07-08T14:38:00.000Z,ARRIVAL,35,VEHICLE_ISSUE,VENDOR,false
TNT_002,DLY_TRP_0005889,TRP_0005889,2026-07-09T08:51:00.000Z,ARRIVAL,14,TRAFFIC,GPS,false
TNT_003,DLY_TRP_0005890,TRP_0005890,2026-07-10T15:08:00.000Z,ARRIVAL,40,DRIVER_LATE,OPS,false
TNT_001,DLY_TRP_0005898,TRP_0005898,2026-07-18T06:11:00.000Z,ARRIVAL,51,VEHICLE_ISSUE,GPS,false
TNT_001,DLY_TRP_0005900,TRP_0005900,2026-07-20T10:01:00.000Z,ARRIVAL,37,ROUTE_DEVIATION,GPS,false
TNT_001,DLY_TRP_0005901,TRP_0005901,2026-07-21T07:06:00.000Z,ARRIVAL,47,ROUTE_DEVIATION,GPS,false
TNT_001,DLY_TRP_0005903,TRP_0005903,2026-07-23T15:09:00.000Z,ARRIVAL,53,TRAFFIC,GPS,false
TNT_001,DLY_TRP_0005908,TRP_0005908,2026-07-28T06:53:00.000Z,ARRIVAL,56,ROUTE_DEVIATION,GPS,false
TNT_001,DLY_TRP_0005909,TRP_0005909,2026-07-29T09:55:00.000Z,ARRIVAL,54,WEATHER,OPS,false
TNT_001,DLY_TRP_0005915,TRP_0005915,2026-08-04T10:11:00.000Z,ARRIVAL,48,TRAFFIC,GPS,false
TNT_001,DLY_TRP_0005921,TRP_0005921,2026-08-10T06:46:00.000Z,ARRIVAL,25,ROUTE_DEVIATION,OPS,false
TNT_003,DLY_TRP_0005926,TRP_0005926,2026-08-15T09:33:00.000Z,ARRIVAL,42,TRAFFIC,VENDOR,false
TNT_002,DLY_TRP_0005928,TRP_0005928,2026-08-17T22:19:00.000Z,ARRIVAL,16,TRAFFIC,GPS,false
TNT_001,DLY_TRP_0005931,TRP_0005931,2026-08-20T09:36:00.000Z,ARRIVAL,28,WEATHER,VENDOR,false
TNT_001,DLY_TRP_0005936,TRP_0005936,2026-08-25T06:35:00.000Z,ARRIVAL,40,TRAFFIC,GPS,false
TNT_001,DLY_TRP_0005939,TRP_0005939,2026-08-28T14:47:00.000Z,ARRIVAL,26,TRAFFIC,GPS,false
TNT_003,DLY_TRP_0005953,TRP_0005953,2026-06-13T06:47:00.000Z,ARRIVAL,37,TRAFFIC,GPS,false
TNT_002,DLY_TRP_0005974,TRP_0005974,2026-07-04T22:13:00.000Z,ARRIVAL,20,WEATHER,OPS,false
TNT_001,DLY_TRP_0005975,TRP_0005975,2026-07-05T09:03:00.000Z,ARRIVAL,28,TRAFFIC,GPS,false
TNT_003,DLY_TRP_0005977,TRP_0005977,2026-07-07T22:37:00.000Z,ARRIVAL,43,WEATHER,GPS,false
TNT_001,DLY_TRP_0005978,TRP_0005978,2026-07-08T10:22:00.000Z,ARRIVAL,57,TRAFFIC,OPS,false
TNT_001,DLY_TRP_0005985,TRP_0005985,2026-07-15T14:47:00.000Z,ARRIVAL,55,TRAFFIC,GPS,false
TNT_002,DLY_TRP_0005999,TRP_0005999,2026-07-29T06:10:00.000Z,ARRIVAL,14,ROUTE_DEVIATION,VENDOR,false
TNT_002,DLY_TRP_0006000,TRP_0006000,2026-07-30T10:09:00.000Z,ARRIVAL,55,DRIVER_LATE,GPS,false
TNT_001,DLY_TRP_0006002,TRP_0006002,2026-08-01T06:18:00.000Z,ARRIVAL,36,TRAFFIC,GPS,false
TNT_001,DLY_TRP_0006025,TRP_0006025,2026-08-24T23:20:00.000Z,ARRIVAL,56,TRAFFIC,VENDOR,false
TNT_001,DLY_TRP_0006027,TRP_0006027,2026-08-26T14:26:00.000Z,ARRIVAL,28,WEATHER,OPS,false
TNT_001,DLY_TRP_0006030,TRP_0006030,2026-08-29T15:13:00.000Z,ARRIVAL,39,DRIVER_LATE,GPS,false
TNT_001,DLY_TRP_0006039,TRP_0006039,2026-06-09T06:52:00.000Z,ARRIVAL,41,DRIVER_LATE,OPS,false
TNT_001,DLY_TRP_0006049,TRP_0006049,2026-06-19T14:33:00.000Z,ARRIVAL,39,ROUTE_DEVIATION,OPS,false
TNT_002,DLY_TRP_0006058,TRP_0006058,2026-06-28T14:58:00.000Z,ARRIVAL,50,VEHICLE_ISSUE,OPS,false
TNT_001,DLY_TRP_0006060,TRP_0006060,2026-06-30T06:52:00.000Z,ARRIVAL,49,ROUTE_DEVIATION,VENDOR,false
TNT_001,DLY_TRP_0006064,TRP_0006064,2026-07-04T13:59:00.000Z,ARRIVAL,11,ROUTE_DEVIATION,GPS,false
TNT_001,DLY_TRP_0006071,TRP_0006071,2026-07-11T10:23:00.000Z,ARRIVAL,58,WEATHER,VENDOR,false
TNT_001,DLY_TRP_0006072,TRP_0006072,2026-07-12T07:04:00.000Z,ARRIVAL,34,VEHICLE_ISSUE,OPS,false
TNT_002,DLY_TRP_0006082,TRP_0006082,2026-07-22T14:22:00.000Z,ARRIVAL,29,TRAFFIC,GPS,false
TNT_001,DLY_TRP_0006089,TRP_0006089,2026-07-29T23:13:00.000Z,ARRIVAL,52,TRAFFIC,OPS,false
TNT_001,DLY_TRP_0006104,TRP_0006104,2026-08-13T22:45:00.000Z,ARRIVAL,13,VEHICLE_ISSUE,GPS,false
TNT_003,DLY_TRP_0006112,TRP_0006112,2026-08-21T09:49:00.000Z,ARRIVAL,33,VEHICLE_ISSUE,GPS,false
TNT_002,DLY_TRP_0006130,TRP_0006130,2026-06-10T09:17:00.000Z,ARRIVAL,18,DRIVER_LATE,VENDOR,false
TNT_001,DLY_TRP_0006139,TRP_0006139,2026-06-19T06:08:00.000Z,ARRIVAL,32,WEATHER,GPS,false
TNT_002,DLY_TRP_0006148,TRP_0006148,2026-06-28T06:42:00.000Z,ARRIVAL,30,TRAFFIC,VENDOR,false
TNT_002,DLY_TRP_0006149,TRP_0006149,2026-06-29T22:22:00.000Z,ARRIVAL,44,TRAFFIC,GPS,false
TNT_003,DLY_TRP_0006150,TRP_0006150,2026-06-30T14:33:00.000Z,ARRIVAL,48,VEHICLE_ISSUE,OPS,false
TNT_001,DLY_TRP_0006152,TRP_0006152,2026-07-02T06:29:00.000Z,ARRIVAL,46,ROUTE_DEVIATION,VENDOR,false
TNT_001,DLY_TRP_0006155,TRP_0006155,2026-07-05T14:26:00.000Z,ARRIVAL,37,DRIVER_LATE,GPS,false
TNT_002,DLY_TRP_0006164,TRP_0006164,2026-07-14T10:17:00.000Z,ARRIVAL,57,DRIVER_LATE,GPS,false
TNT_002,DLY_TRP_0006192,TRP_0006192,2026-08-11T14:20:00.000Z,ARRIVAL,38,WEATHER,GPS,false
TNT_001,DLY_TRP_0006193,TRP_0006193,2026-08-12T06:56:00.000Z,ARRIVAL,31,TRAFFIC,GPS,false
TNT_001,DLY_TRP_0006202,TRP_0006202,2026-08-21T07:11:00.000Z,ARRIVAL,44,ROUTE_DEVIATION,VENDOR,false
TNT_003,DLY_TRP_0006205,TRP_0006205,2026-08-24T09:41:00.000Z,ARRIVAL,27,TRAFFIC,OPS,false
TNT_003,DLY_TRP_0006218,TRP_0006218,2026-06-08T14:43:00.000Z,ARRIVAL,46,TRAFFIC,GPS,false
TNT_001,DLY_TRP_0006219,TRP_0006219,2026-06-09T10:09:00.000Z,ARRIVAL,43,ROUTE_DEVIATION,GPS,false
TNT_003,DLY_TRP_0006226,TRP_0006226,2026-06-16T06:28:00.000Z,ARRIVAL,29,VEHICLE_ISSUE,GPS,false
TNT_001,DLY_TRP_0006229,TRP_0006229,2026-06-19T10:02:00.000Z,ARRIVAL,38,ROUTE_DEVIATION,OPS,false
TNT_001,DLY_TRP_0006232,TRP_0006232,2026-06-22T09:38:00.000Z,ARRIVAL,41,TRAFFIC,OPS,false
TNT_001,DLY_TRP_0006243,TRP_0006243,2026-07-03T09:29:00.000Z,ARRIVAL,28,WEATHER,GPS,false
TNT_001,DLY_TRP_0006246,TRP_0006246,2026-07-06T22:15:00.000Z,ARRIVAL,12,TRAFFIC,GPS,true
TNT_001,DLY_TRP_0006248,TRP_0006248,2026-07-08T09:46:00.000Z,ARRIVAL,42,WEATHER,OPS,true
TNT_001,DLY_TRP_0006251,TRP_0006251,2026-07-11T09:25:00.000Z,ARRIVAL,43,ROUTE_DEVIATION,OPS,false
TNT_001,DLY_TRP_0006256,TRP_0006256,2026-07-16T07:23:00.000Z,ARRIVAL,32,VEHICLE_ISSUE,OPS,false
TNT_001,DLY_TRP_0006267,TRP_0006267,2026-07-27T22:49:00.000Z,ARRIVAL,46,ROUTE_DEVIATION,GPS,false
TNT_001,DLY_TRP_0006295,TRP_0006295,2026-08-24T14:27:00.000Z,ARRIVAL,28,DRIVER_LATE,GPS,false
TNT_001,DLY_TRP_0006299,TRP_0006299,2026-08-28T23:00:00.000Z,ARRIVAL,55,DRIVER_LATE,GPS,false
TNT_001,DLY_TRP_0006300,TRP_0006300,2026-08-29T14:35:00.000Z,ARRIVAL,22,WEATHER,GPS,false
TNT_001,DLY_TRP_0006301,TRP_0006301,2026-06-01T09:52:00.000Z,ARRIVAL,48,WEATHER,GPS,false
TNT_002,DLY_TRP_0006309,TRP_0006309,2026-06-09T10:17:00.000Z,ARRIVAL,58,TRAFFIC,GPS,false
TNT_001,DLY_TRP_0006324,TRP_0006324,2026-06-24T14:37:00.000Z,ARRIVAL,52,DRIVER_LATE,VENDOR,false
TNT_001,DLY_TRP_0006334,TRP_0006334,2026-07-04T14:55:00.000Z,ARRIVAL,57,DRIVER_LATE,VENDOR,false
TNT_001,DLY_TRP_0006339,TRP_0006339,2026-07-09T09:45:00.000Z,ARRIVAL,34,TRAFFIC,VENDOR,false
TNT_001,DLY_TRP_0006343,TRP_0006343,2026-07-13T23:12:00.000Z,ARRIVAL,54,WEATHER,GPS,false
TNT_002,DLY_TRP_0006346,TRP_0006346,2026-07-16T06:16:00.000Z,ARRIVAL,44,DRIVER_LATE,GPS,false
TNT_001,DLY_TRP_0006357,TRP_0006357,2026-07-27T09:58:00.000Z,ARRIVAL,41,WEATHER,GPS,false
TNT_002,DLY_TRP_0006383,TRP_0006383,2026-08-22T06:10:00.000Z,ARRIVAL,17,DRIVER_LATE,GPS,false
TNT_001,DLY_TRP_0006386,TRP_0006386,2026-08-26T00:05:00.000Z,ARRIVAL,54,DRIVER_LATE,VENDOR,false
TNT_001,DLY_TRP_0006387,TRP_0006387,2026-08-26T22:06:00.000Z,ARRIVAL,19,TRAFFIC,VENDOR,false
TNT_001,DLY_TRP_0006388,TRP_0006388,2026-08-27T21:53:00.000Z,ARRIVAL,27,ROUTE_DEVIATION,GPS,false
TNT_001,DLY_TRP_0006389,TRP_0006389,2026-08-28T22:36:00.000Z,ARRIVAL,24,DRIVER_LATE,GPS,false
TNT_001,DLY_TRP_0006390,TRP_0006390,2026-08-29T06:48:00.000Z,ARRIVAL,36,DRIVER_LATE,GPS,false
TNT_002,DLY_TRP_0006400,TRP_0006400,2026-06-10T09:33:00.000Z,ARRIVAL,33,VEHICLE_ISSUE,GPS,false
TNT_002,DLY_TRP_0006406,TRP_0006406,2026-06-16T09:59:00.000Z,ARRIVAL,28,TRAFFIC,GPS,false
TNT_001,DLY_TRP_0006410,TRP_0006410,2026-06-20T14:44:00.000Z,ARRIVAL,21,DRIVER_LATE,GPS,false
TNT_003,DLY_TRP_0006423,TRP_0006423,2026-07-03T14:52:00.000Z,ARRIVAL,30,TRAFFIC,GPS,false
TNT_001,DLY_TRP_0006429,TRP_0006429,2026-07-09T10:21:00.000Z,ARRIVAL,37,DRIVER_LATE,VENDOR,false
TNT_001,DLY_TRP_0006443,TRP_0006443,2026-07-23T07:10:00.000Z,ARRIVAL,50,TRAFFIC,GPS,false
TNT_003,DLY_TRP_0006448,TRP_0006448,2026-07-28T06:44:00.000Z,ARRIVAL,28,TRAFFIC,GPS,false
TNT_001,DLY_TRP_0006460,TRP_0006460,2026-08-09T09:54:00.000Z,ARRIVAL,15,WEATHER,OPS,false
TNT_002,DLY_TRP_0006468,TRP_0006468,2026-08-17T09:30:00.000Z,ARRIVAL,49,ROUTE_DEVIATION,GPS,false
TNT_001,DLY_TRP_0006471,TRP_0006471,2026-08-20T09:38:00.000Z,ARRIVAL,51,TRAFFIC,GPS,false
TNT_001,DLY_TRP_0006478,TRP_0006478,2026-08-27T05:50:00.000Z,ARRIVAL,24,TRAFFIC,VENDOR,true
TNT_001,DLY_TRP_0006483,TRP_0006483,2026-06-03T10:07:00.000Z,ARRIVAL,28,TRAFFIC,GPS,false
TNT_002,DLY_TRP_0006486,TRP_0006486,2026-06-06T23:00:00.000Z,ARRIVAL,41,WEATHER,GPS,false
TNT_003,DLY_TRP_0006490,TRP_0006490,2026-06-10T09:26:00.000Z,ARRIVAL,33,TRAFFIC,GPS,false
TNT_002,DLY_TRP_0006491,TRP_0006491,2026-06-11T09:12:00.000Z,ARRIVAL,18,WEATHER,GPS,false
TNT_001,DLY_TRP_0006495,TRP_0006495,2026-06-15T22:17:00.000Z,ARRIVAL,18,TRAFFIC,GPS,false
TNT_001,DLY_TRP_0006499,TRP_0006499,2026-06-19T06:53:00.000Z,ARRIVAL,55,TRAFFIC,GPS,false
TNT_002,DLY_TRP_0006504,TRP_0006504,2026-06-24T09:45:00.000Z,ARRIVAL,36,TRAFFIC,VENDOR,false
TNT_001,DLY_TRP_0006514,TRP_0006514,2026-07-04T22:41:00.000Z,ARRIVAL,37,DRIVER_LATE,GPS,false
TNT_002,DLY_TRP_0006519,TRP_0006519,2026-07-09T14:08:00.000Z,ARRIVAL,20,VEHICLE_ISSUE,GPS,false
TNT_002,DLY_TRP_0006522,TRP_0006522,2026-07-12T14:31:00.000Z,ARRIVAL,56,DRIVER_LATE,GPS,false
TNT_002,DLY_TRP_0006523,TRP_0006523,2026-07-13T14:29:00.000Z,ARRIVAL,53,TRAFFIC,VENDOR,false
TNT_001,DLY_TRP_0006530,TRP_0006530,2026-07-20T06:50:00.000Z,ARRIVAL,48,WEATHER,GPS,false
TNT_002,DLY_TRP_0006532,TRP_0006532,2026-07-22T05:54:00.000Z,ARRIVAL,13,DRIVER_LATE,VENDOR,false
TNT_001,DLY_TRP_0006534,TRP_0006534,2026-07-24T22:04:00.000Z,ARRIVAL,13,DRIVER_LATE,OPS,false
TNT_002,DLY_TRP_0006548,TRP_0006548,2026-08-07T09:04:00.000Z,ARRIVAL,31,VEHICLE_ISSUE,GPS,false
TNT_002,DLY_TRP_0006564,TRP_0006564,2026-08-23T09:26:00.000Z,ARRIVAL,47,TRAFFIC,OPS,false
TNT_001,DLY_TRP_0006581,TRP_0006581,2026-06-11T22:41:00.000Z,ARRIVAL,31,TRAFFIC,OPS,false
TNT_002,DLY_TRP_0006589,TRP_0006589,2026-06-19T06:26:00.000Z,ARRIVAL,16,WEATHER,GPS,false
TNT_002,DLY_TRP_0006592,TRP_0006592,2026-06-22T22:42:00.000Z,ARRIVAL,40,DRIVER_LATE,GPS,false
TNT_001,DLY_TRP_0006602,TRP_0006602,2026-07-02T09:39:00.000Z,ARRIVAL,36,ROUTE_DEVIATION,GPS,false
TNT_001,DLY_TRP_0006623,TRP_0006623,2026-07-23T22:55:00.000Z,ARRIVAL,49,VEHICLE_ISSUE,VENDOR,false
TNT_001,DLY_TRP_0006628,TRP_0006628,2026-07-28T09:22:00.000Z,ARRIVAL,13,VEHICLE_ISSUE,OPS,false
TNT_002,DLY_TRP_0006633,TRP_0006633,2026-08-02T21:47:00.000Z,ARRIVAL,15,WEATHER,GPS,false
TNT_003,DLY_TRP_0006644,TRP_0006644,2026-08-13T07:16:00.000Z,ARRIVAL,49,TRAFFIC,GPS,false
TNT_002,DLY_TRP_0006649,TRP_0006649,2026-08-18T14:43:00.000Z,ARRIVAL,28,TRAFFIC,VENDOR,false
TNT_001,DLY_TRP_0006655,TRP_0006655,2026-08-24T14:38:00.000Z,ARRIVAL,36,TRAFFIC,GPS,false
TNT_001,DLY_TRP_0006657,TRP_0006657,2026-08-26T22:59:00.000Z,ARRIVAL,27,VEHICLE_ISSUE,OPS,false
TNT_003,DLY_TRP_0006658,TRP_0006658,2026-08-27T09:32:00.000Z,ARRIVAL,41,WEATHER,VENDOR,false
TNT_003,DLY_TRP_0006661,TRP_0006661,2026-06-01T10:06:00.000Z,ARRIVAL,36,ROUTE_DEVIATION,VENDOR,false
TNT_001,DLY_TRP_0006662,TRP_0006662,2026-06-02T09:16:00.000Z,ARRIVAL,17,TRAFFIC,GPS,false
TNT_003,DLY_TRP_0006669,TRP_0006669,2026-06-09T14:29:00.000Z,ARRIVAL,25,TRAFFIC,GPS,false
TNT_002,DLY_TRP_0006672,TRP_0006672,2026-06-12T09:15:00.000Z,ARRIVAL,39,WEATHER,VENDOR,false
TNT_001,DLY_TRP_0006678,TRP_0006678,2026-06-18T14:40:00.000Z,ARRIVAL,35,WEATHER,GPS,false
TNT_001,DLY_TRP_0006679,TRP_0006679,2026-06-19T15:23:00.000Z,ARRIVAL,55,TRAFFIC,GPS,false
TNT_002,DLY_TRP_0006696,TRP_0006696,2026-07-06T06:10:00.000Z,ARRIVAL,15,TRAFFIC,OPS,false
TNT_001,DLY_TRP_0006703,TRP_0006703,2026-07-13T07:10:00.000Z,ARRIVAL,54,TRAFFIC,OPS,false
TNT_001,DLY_TRP_0006707,TRP_0006707,2026-07-17T07:27:00.000Z,ARRIVAL,51,TRAFFIC,GPS,false
TNT_001,DLY_TRP_0006710,TRP_0006710,2026-07-20T22:49:00.000Z,ARRIVAL,17,WEATHER,VENDOR,false
TNT_003,DLY_TRP_0006723,TRP_0006723,2026-08-02T10:11:00.000Z,ARRIVAL,52,TRAFFIC,GPS,false
TNT_002,DLY_TRP_0006730,TRP_0006730,2026-08-09T09:46:00.000Z,ARRIVAL,37,ROUTE_DEVIATION,OPS,false
TNT_001,DLY_TRP_0006731,TRP_0006731,2026-08-10T22:27:00.000Z,ARRIVAL,27,VEHICLE_ISSUE,GPS,false
TNT_001,DLY_TRP_0006735,TRP_0006735,2026-08-14T08:46:00.000Z,ARRIVAL,20,WEATHER,VENDOR,false
TNT_001,DLY_TRP_0006737,TRP_0006737,2026-08-16T06:29:00.000Z,ARRIVAL,29,DRIVER_LATE,GPS,false
TNT_001,DLY_TRP_0006749,TRP_0006749,2026-08-28T10:05:00.000Z,ARRIVAL,43,ROUTE_DEVIATION,VENDOR,false
TNT_001,DLY_TRP_0006753,TRP_0006753,2026-06-03T22:26:00.000Z,ARRIVAL,19,VEHICLE_ISSUE,GPS,false
TNT_002,DLY_TRP_0006771,TRP_0006771,2026-06-21T22:43:00.000Z,ARRIVAL,28,WEATHER,VENDOR,false
TNT_001,DLY_TRP_0006773,TRP_0006773,2026-06-23T23:26:00.000Z,ARRIVAL,41,TRAFFIC,VENDOR,false
TNT_002,DLY_TRP_0006775,TRP_0006775,2026-06-25T14:15:00.000Z,ARRIVAL,36,WEATHER,GPS,false
TNT_001,DLY_TRP_0006793,TRP_0006793,2026-07-13T11:09:00.000Z,ARRIVAL,57,TRAFFIC,OPS,false
TNT_002,DLY_TRP_0006794,TRP_0006794,2026-07-14T10:15:00.000Z,ARRIVAL,42,ROUTE_DEVIATION,VENDOR,false
TNT_001,DLY_TRP_0006796,TRP_0006796,2026-07-16T22:45:00.000Z,ARRIVAL,54,TRAFFIC,GPS,false
TNT_001,DLY_TRP_0006798,TRP_0006798,2026-07-18T11:01:00.000Z,ARRIVAL,29,TRAFFIC,GPS,false
TNT_001,DLY_TRP_0006799,TRP_0006799,2026-07-19T09:16:00.000Z,ARRIVAL,33,DRIVER_LATE,VENDOR,false
TNT_001,DLY_TRP_0006809,TRP_0006809,2026-07-29T10:09:00.000Z,ARRIVAL,58,TRAFFIC,GPS,false
TNT_001,DLY_TRP_0006811,TRP_0006811,2026-07-31T14:16:00.000Z,ARRIVAL,26,DRIVER_LATE,GPS,false
TNT_003,DLY_TRP_0006824,TRP_0006824,2026-08-13T06:46:00.000Z,ARRIVAL,34,TRAFFIC,GPS,false
TNT_002,DLY_TRP_0006825,TRP_0006825,2026-08-14T14:20:00.000Z,ARRIVAL,42,TRAFFIC,GPS,false
TNT_001,DLY_TRP_0006827,TRP_0006827,2026-08-16T23:14:00.000Z,ARRIVAL,38,TRAFFIC,GPS,false
TNT_003,DLY_TRP_0006833,TRP_0006833,2026-08-22T23:01:00.000Z,ARRIVAL,49,TRAFFIC,GPS,false
TNT_001,DLY_TRP_0006834,TRP_0006834,2026-08-23T22:28:00.000Z,ARRIVAL,27,TRAFFIC,GPS,false
TNT_001,DLY_TRP_0006835,TRP_0006835,2026-08-24T22:37:00.000Z,ARRIVAL,48,TRAFFIC,GPS,false
TNT_003,DLY_TRP_0006836,TRP_0006836,2026-08-25T14:52:00.000Z,ARRIVAL,42,ROUTE_DEVIATION,OPS,false
TNT_001,DLY_TRP_0006837,TRP_0006837,2026-08-26T22:09:00.000Z,ARRIVAL,19,DRIVER_LATE,GPS,false
TNT_002,DLY_TRP_0006857,TRP_0006857,2026-06-17T09:43:00.000Z,ARRIVAL,42,ROUTE_DEVIATION,VENDOR,false
TNT_002,DLY_TRP_0006862,TRP_0006862,2026-06-22T14:18:00.000Z,ARRIVAL,31,TRAFFIC,GPS,false
TNT_001,DLY_TRP_0006871,TRP_0006871,2026-07-01T09:17:00.000Z,ARRIVAL,27,DRIVER_LATE,OPS,false
TNT_001,DLY_TRP_0006877,TRP_0006877,2026-07-07T09:42:00.000Z,ARRIVAL,30,WEATHER,VENDOR,false
TNT_001,DLY_TRP_0006879,TRP_0006879,2026-07-09T22:08:00.000Z,ARRIVAL,13,TRAFFIC,OPS,false
TNT_003,DLY_TRP_0006932,TRP_0006932,2026-06-02T09:55:00.000Z,ARRIVAL,58,TRAFFIC,VENDOR,false
TNT_001,DLY_TRP_0006937,TRP_0006937,2026-06-07T22:10:00.000Z,ARRIVAL,25,TRAFFIC,VENDOR,false
TNT_001,DLY_TRP_0006950,TRP_0006950,2026-06-20T09:32:00.000Z,ARRIVAL,17,WEATHER,GPS,false
TNT_002,DLY_TRP_0006951,TRP_0006951,2026-06-21T08:54:00.000Z,ARRIVAL,15,TRAFFIC,GPS,false
TNT_001,DLY_TRP_0006953,TRP_0006953,2026-06-23T09:16:00.000Z,ARRIVAL,24,TRAFFIC,GPS,false
TNT_002,DLY_TRP_0006954,TRP_0006954,2026-06-24T14:50:00.000Z,ARRIVAL,57,TRAFFIC,GPS,false
TNT_001,DLY_TRP_0006957,TRP_0006957,2026-06-27T14:56:00.000Z,ARRIVAL,32,ROUTE_DEVIATION,GPS,false
TNT_001,DLY_TRP_0006958,TRP_0006958,2026-06-28T09:48:00.000Z,ARRIVAL,47,TRAFFIC,VENDOR,false
TNT_003,DLY_TRP_0006965,TRP_0006965,2026-07-05T14:36:00.000Z,ARRIVAL,41,TRAFFIC,VENDOR,false
TNT_001,DLY_TRP_0006977,TRP_0006977,2026-07-17T14:30:00.000Z,ARRIVAL,31,DRIVER_LATE,GPS,false
TNT_003,DLY_TRP_0006990,TRP_0006990,2026-07-30T07:08:00.000Z,ARRIVAL,47,DRIVER_LATE,GPS,false
TNT_003,DLY_TRP_0007007,TRP_0007007,2026-08-16T22:54:00.000Z,ARRIVAL,27,DRIVER_LATE,GPS,false
TNT_001,DLY_TRP_0007009,TRP_0007009,2026-08-18T06:14:00.000Z,ARRIVAL,18,TRAFFIC,GPS,false
TNT_003,DLY_TRP_0007017,TRP_0007017,2026-08-26T07:25:00.000Z,ARRIVAL,31,VEHICLE_ISSUE,VENDOR,false
TNT_002,DLY_TRP_0007020,TRP_0007020,2026-08-29T10:38:00.000Z,ARRIVAL,50,ROUTE_DEVIATION,GPS,false
TNT_001,DLY_TRP_0007026,TRP_0007026,2026-06-06T06:58:00.000Z,ARRIVAL,57,VEHICLE_ISSUE,VENDOR,false
TNT_003,DLY_TRP_0007027,TRP_0007027,2026-06-07T09:44:00.000Z,ARRIVAL,31,DRIVER_LATE,OPS,false
TNT_002,DLY_TRP_0007029,TRP_0007029,2026-06-09T14:39:00.000Z,ARRIVAL,45,ROUTE_DEVIATION,GPS,false
TNT_001,DLY_TRP_0007032,TRP_0007032,2026-06-12T08:57:00.000Z,ARRIVAL,16,TRAFFIC,GPS,false
TNT_001,DLY_TRP_0007034,TRP_0007034,2026-06-14T07:11:00.000Z,ARRIVAL,55,WEATHER,GPS,false
TNT_001,DLY_TRP_0007040,TRP_0007040,2026-06-20T06:22:00.000Z,ARRIVAL,28,TRAFFIC,GPS,false
TNT_001,DLY_TRP_0007043,TRP_0007043,2026-06-23T07:10:00.000Z,ARRIVAL,41,TRAFFIC,OPS,false
TNT_002,DLY_TRP_0007044,TRP_0007044,2026-06-24T10:20:00.000Z,ARRIVAL,58,ROUTE_DEVIATION,OPS,false
TNT_001,DLY_TRP_0007045,TRP_0007045,2026-06-25T14:21:00.000Z,ARRIVAL,31,TRAFFIC,GPS,false
TNT_001,DLY_TRP_0007060,TRP_0007060,2026-07-10T22:04:00.000Z,ARRIVAL,15,TRAFFIC,GPS,false
TNT_001,DLY_TRP_0007063,TRP_0007063,2026-07-13T22:38:00.000Z,ARRIVAL,50,TRAFFIC,GPS,false
TNT_002,DLY_TRP_0007070,TRP_0007070,2026-07-20T07:00:00.000Z,ARRIVAL,57,ROUTE_DEVIATION,GPS,false
TNT_001,DLY_TRP_0007073,TRP_0007073,2026-07-23T22:24:00.000Z,ARRIVAL,18,ROUTE_DEVIATION,GPS,false
TNT_002,DLY_TRP_0007078,TRP_0007078,2026-07-28T14:54:00.000Z,ARRIVAL,43,WEATHER,VENDOR,false
TNT_003,DLY_TRP_0007081,TRP_0007081,2026-07-31T05:54:00.000Z,ARRIVAL,11,DRIVER_LATE,VENDOR,false
TNT_001,DLY_TRP_0007087,TRP_0007087,2026-08-06T09:01:00.000Z,ARRIVAL,26,TRAFFIC,VENDOR,false
TNT_002,DLY_TRP_0007094,TRP_0007094,2026-08-13T09:49:00.000Z,ARRIVAL,52,DRIVER_LATE,GPS,false
TNT_001,DLY_TRP_0007095,TRP_0007095,2026-08-14T09:25:00.000Z,ARRIVAL,52,DRIVER_LATE,GPS,false
TNT_002,DLY_TRP_0007104,TRP_0007104,2026-08-23T22:36:00.000Z,ARRIVAL,40,TRAFFIC,GPS,false
TNT_001,DLY_TRP_0007105,TRP_0007105,2026-08-24T09:55:00.000Z,ARRIVAL,22,TRAFFIC,OPS,false
TNT_001,DLY_TRP_0007109,TRP_0007109,2026-08-28T06:41:00.000Z,ARRIVAL,29,TRAFFIC,VENDOR,false
TNT_001,DLY_TRP_0007113,TRP_0007113,2026-06-03T07:02:00.000Z,ARRIVAL,52,DRIVER_LATE,OPS,false
TNT_003,DLY_TRP_0007117,TRP_0007117,2026-06-07T14:56:00.000Z,ARRIVAL,41,VEHICLE_ISSUE,VENDOR,false
TNT_003,DLY_TRP_0007120,TRP_0007120,2026-06-10T22:37:00.000Z,ARRIVAL,24,ROUTE_DEVIATION,GPS,false
TNT_003,DLY_TRP_0007124,TRP_0007124,2026-06-14T05:58:00.000Z,ARRIVAL,23,WEATHER,GPS,false
TNT_002,DLY_TRP_0007128,TRP_0007128,2026-06-18T14:14:00.000Z,ARRIVAL,27,TRAFFIC,GPS,false
TNT_001,DLY_TRP_0007132,TRP_0007132,2026-06-22T22:44:00.000Z,ARRIVAL,39,ROUTE_DEVIATION,GPS,false
TNT_001,DLY_TRP_0007145,TRP_0007145,2026-07-05T09:32:00.000Z,ARRIVAL,23,VEHICLE_ISSUE,GPS,false
TNT_001,DLY_TRP_0007157,TRP_0007157,2026-07-17T22:16:00.000Z,ARRIVAL,13,DRIVER_LATE,GPS,false
TNT_001,DLY_TRP_0007160,TRP_0007160,2026-07-20T14:25:00.000Z,ARRIVAL,11,WEATHER,GPS,false
TNT_002,DLY_TRP_0007170,TRP_0007170,2026-07-30T09:43:00.000Z,ARRIVAL,44,VEHICLE_ISSUE,GPS,false
TNT_003,DLY_TRP_0007175,TRP_0007175,2026-08-04T06:33:00.000Z,ARRIVAL,20,TRAFFIC,GPS,false
TNT_003,DLY_TRP_0007180,TRP_0007180,2026-08-09T06:17:00.000Z,ARRIVAL,32,TRAFFIC,OPS,false
TNT_002,DLY_TRP_0007188,TRP_0007188,2026-08-17T22:04:00.000Z,ARRIVAL,19,TRAFFIC,GPS,false
TNT_001,DLY_TRP_0007192,TRP_0007192,2026-08-21T06:19:00.000Z,ARRIVAL,28,DRIVER_LATE,GPS,false
TNT_001,DLY_TRP_0007200,TRP_0007200,2026-08-29T09:45:00.000Z,ARRIVAL,13,WEATHER,GPS,false
TNT_001,DLY_TRP_0007208,TRP_0007208,2026-06-08T09:36:00.000Z,ARRIVAL,22,TRAFFIC,GPS,false
TNT_002,DLY_TRP_0007210,TRP_0007210,2026-06-10T06:37:00.000Z,ARRIVAL,56,TRAFFIC,VENDOR,true
TNT_002,DLY_TRP_0007217,TRP_0007217,2026-06-17T09:29:00.000Z,ARRIVAL,37,ROUTE_DEVIATION,VENDOR,false
TNT_001,DLY_TRP_0007221,TRP_0007221,2026-06-21T09:33:00.000Z,ARRIVAL,30,ROUTE_DEVIATION,OPS,false
TNT_002,DLY_TRP_0007233,TRP_0007233,2026-07-03T09:45:00.000Z,ARRIVAL,51,WEATHER,VENDOR,false
TNT_003,DLY_TRP_0007235,TRP_0007235,2026-07-05T09:11:00.000Z,ARRIVAL,37,DRIVER_LATE,GPS,false
TNT_001,DLY_TRP_0007239,TRP_0007239,2026-07-09T23:04:00.000Z,ARRIVAL,44,DRIVER_LATE,VENDOR,false
TNT_001,DLY_TRP_0007245,TRP_0007245,2026-07-15T10:16:00.000Z,ARRIVAL,56,ROUTE_DEVIATION,GPS,false
TNT_001,DLY_TRP_0007246,TRP_0007246,2026-07-16T21:50:00.000Z,ARRIVAL,21,DRIVER_LATE,VENDOR,false
TNT_001,DLY_TRP_0007252,TRP_0007252,2026-07-22T23:11:00.000Z,ARRIVAL,43,TRAFFIC,GPS,false
TNT_003,DLY_TRP_0007268,TRP_0007268,2026-08-07T14:32:00.000Z,ARRIVAL,48,WEATHER,VENDOR,false
TNT_002,DLY_TRP_0007274,TRP_0007274,2026-08-13T09:42:00.000Z,ARRIVAL,37,VEHICLE_ISSUE,GPS,false
TNT_002,DLY_TRP_0007285,TRP_0007285,2026-08-24T06:42:00.000Z,ARRIVAL,38,TRAFFIC,GPS,false
TNT_002,DLY_TRP_0007288,TRP_0007288,2026-08-27T09:15:00.000Z,ARRIVAL,45,DRIVER_LATE,OPS,false
TNT_001,DLY_TRP_0007294,TRP_0007294,2026-06-04T10:12:00.000Z,ARRIVAL,46,DRIVER_LATE,GPS,false
TNT_001,DLY_TRP_0007298,TRP_0007298,2026-06-08T06:37:00.000Z,ARRIVAL,54,DRIVER_LATE,GPS,false
TNT_002,DLY_TRP_0007300,TRP_0007300,2026-06-10T09:44:00.000Z,ARRIVAL,46,VEHICLE_ISSUE,GPS,true
TNT_001,DLY_TRP_0007301,TRP_0007301,2026-06-11T14:46:00.000Z,ARRIVAL,11,ROUTE_DEVIATION,GPS,false
TNT_002,DLY_TRP_0007302,TRP_0007302,2026-06-12T22:35:00.000Z,ARRIVAL,51,WEATHER,VENDOR,false
TNT_001,DLY_TRP_0007310,TRP_0007310,2026-06-20T14:57:00.000Z,ARRIVAL,55,DRIVER_LATE,OPS,false
TNT_001,DLY_TRP_0007311,TRP_0007311,2026-06-21T06:26:00.000Z,ARRIVAL,35,DRIVER_LATE,VENDOR,false
TNT_001,DLY_TRP_0007342,TRP_0007342,2026-07-22T23:19:00.000Z,ARRIVAL,43,TRAFFIC,GPS,false
TNT_001,DLY_TRP_0007350,TRP_0007350,2026-07-30T22:32:00.000Z,ARRIVAL,41,DRIVER_LATE,GPS,false
TNT_001,DLY_TRP_0007355,TRP_0007355,2026-08-04T06:44:00.000Z,ARRIVAL,25,TRAFFIC,VENDOR,false
TNT_001,DLY_TRP_0007372,TRP_0007372,2026-08-21T23:29:00.000Z,ARRIVAL,44,WEATHER,VENDOR,false
TNT_001,DLY_TRP_0007373,TRP_0007373,2026-08-22T14:02:00.000Z,ARRIVAL,24,TRAFFIC,GPS,false
TNT_001,DLY_TRP_0007374,TRP_0007374,2026-08-23T14:34:00.000Z,ARRIVAL,43,DRIVER_LATE,VENDOR,false
TNT_001,DLY_TRP_0007381,TRP_0007381,2026-06-01T10:03:00.000Z,ARRIVAL,38,VEHICLE_ISSUE,GPS,false
TNT_001,DLY_TRP_0007385,TRP_0007385,2026-06-05T07:19:00.000Z,ARRIVAL,58,DRIVER_LATE,VENDOR,false
TNT_002,DLY_TRP_0007404,TRP_0007404,2026-06-24T07:16:00.000Z,ARRIVAL,58,WEATHER,VENDOR,false
TNT_001,DLY_TRP_0007411,TRP_0007411,2026-07-01T09:46:00.000Z,ARRIVAL,46,TRAFFIC,GPS,false
TNT_001,DLY_TRP_0007420,TRP_0007420,2026-07-10T10:10:00.000Z,ARRIVAL,52,ROUTE_DEVIATION,GPS,false
TNT_001,DLY_TRP_0007427,TRP_0007427,2026-07-17T14:44:00.000Z,ARRIVAL,45,TRAFFIC,GPS,false
TNT_003,DLY_TRP_0007431,TRP_0007431,2026-07-21T09:50:00.000Z,ARRIVAL,41,WEATHER,GPS,false
TNT_001,DLY_TRP_0007434,TRP_0007434,2026-07-24T14:16:00.000Z,ARRIVAL,16,WEATHER,GPS,false
TNT_001,DLY_TRP_0007461,TRP_0007461,2026-08-20T09:57:00.000Z,ARRIVAL,50,DRIVER_LATE,VENDOR,false
TNT_001,DLY_TRP_0007471,TRP_0007471,2026-06-01T09:35:00.000Z,ARRIVAL,16,TRAFFIC,VENDOR,false
TNT_001,DLY_TRP_0007474,TRP_0007474,2026-06-04T07:27:00.000Z,ARRIVAL,55,TRAFFIC,GPS,false
TNT_001,DLY_TRP_0007480,TRP_0007480,2026-06-10T09:59:00.000Z,ARRIVAL,37,DRIVER_LATE,GPS,false
TNT_001,DLY_TRP_0007483,TRP_0007483,2026-06-13T08:44:00.000Z,ARRIVAL,14,DRIVER_LATE,GPS,false
TNT_001,DLY_TRP_0007490,TRP_0007490,2026-06-20T15:32:00.000Z,ARRIVAL,55,TRAFFIC,GPS,false
TNT_002,DLY_TRP_0007511,TRP_0007511,2026-07-11T22:25:00.000Z,ARRIVAL,55,DRIVER_LATE,GPS,false
TNT_001,DLY_TRP_0007516,TRP_0007516,2026-07-16T14:40:00.000Z,ARRIVAL,50,VEHICLE_ISSUE,VENDOR,false
TNT_001,DLY_TRP_0007517,TRP_0007517,2026-07-17T07:20:00.000Z,ARRIVAL,45,TRAFFIC,GPS,false
TNT_001,DLY_TRP_0007531,TRP_0007531,2026-07-31T09:47:00.000Z,ARRIVAL,41,DRIVER_LATE,GPS,false
TNT_001,DLY_TRP_0007538,TRP_0007538,2026-08-07T22:46:00.000Z,ARRIVAL,50,WEATHER,OPS,true
TNT_003,DLY_TRP_0007539,TRP_0007539,2026-08-08T07:05:00.000Z,ARRIVAL,50,WEATHER,GPS,false
TNT_001,DLY_TRP_0007556,TRP_0007556,2026-08-25T06:31:00.000Z,ARRIVAL,15,WEATHER,OPS,false
TNT_001,DLY_TRP_0007557,TRP_0007557,2026-08-26T15:16:00.000Z,ARRIVAL,47,DRIVER_LATE,OPS,false
TNT_001,DLY_TRP_0007560,TRP_0007560,2026-08-29T22:45:00.000Z,ARRIVAL,21,TRAFFIC,GPS,false
TNT_003,DLY_TRP_0007570,TRP_0007570,2026-06-10T10:08:00.000Z,ARRIVAL,29,ROUTE_DEVIATION,GPS,false
TNT_001,DLY_TRP_0007576,TRP_0007576,2026-06-16T06:43:00.000Z,ARRIVAL,28,DRIVER_LATE,GPS,false
TNT_001,DLY_TRP_0007578,TRP_0007578,2026-06-18T14:37:00.000Z,ARRIVAL,31,WEATHER,OPS,false
TNT_001,DLY_TRP_0007586,TRP_0007586,2026-06-26T09:22:00.000Z,ARRIVAL,43,ROUTE_DEVIATION,GPS,false
TNT_001,DLY_TRP_0007588,TRP_0007588,2026-06-28T09:22:00.000Z,ARRIVAL,37,WEATHER,VENDOR,false
TNT_001,DLY_TRP_0007590,TRP_0007590,2026-06-30T22:14:00.000Z,ARRIVAL,38,DRIVER_LATE,GPS,false
TNT_003,DLY_TRP_0007594,TRP_0007594,2026-07-04T09:34:00.000Z,ARRIVAL,56,WEATHER,GPS,false
TNT_001,DLY_TRP_0007602,TRP_0007602,2026-07-12T07:03:00.000Z,ARRIVAL,28,ROUTE_DEVIATION,GPS,false
TNT_001,DLY_TRP_0007603,TRP_0007603,2026-07-13T09:50:00.000Z,ARRIVAL,33,DRIVER_LATE,VENDOR,false
TNT_001,DLY_TRP_0007608,TRP_0007608,2026-07-18T14:13:00.000Z,ARRIVAL,20,VEHICLE_ISSUE,GPS,false
TNT_001,DLY_TRP_0007612,TRP_0007612,2026-07-22T23:02:00.000Z,ARRIVAL,57,WEATHER,VENDOR,false
TNT_001,DLY_TRP_0007644,TRP_0007644,2026-08-23T22:36:00.000Z,ARRIVAL,21,VEHICLE_ISSUE,GPS,false
TNT_001,DLY_TRP_0007647,TRP_0007647,2026-08-26T22:35:00.000Z,ARRIVAL,44,ROUTE_DEVIATION,GPS,true
TNT_001,DLY_TRP_0007661,TRP_0007661,2026-06-11T09:30:00.000Z,ARRIVAL,13,TRAFFIC,OPS,false
TNT_002,DLY_TRP_0007662,TRP_0007662,2026-06-12T06:58:00.000Z,ARRIVAL,51,VEHICLE_ISSUE,GPS,false
TNT_001,DLY_TRP_0007686,TRP_0007686,2026-07-06T09:53:00.000Z,ARRIVAL,43,VEHICLE_ISSUE,GPS,false
TNT_002,DLY_TRP_0007720,TRP_0007720,2026-08-09T09:46:00.000Z,ARRIVAL,15,DRIVER_LATE,GPS,false
TNT_001,DLY_TRP_0007731,TRP_0007731,2026-08-20T14:52:00.000Z,ARRIVAL,56,WEATHER,VENDOR,false
TNT_001,DLY_TRP_0007734,TRP_0007734,2026-08-23T22:12:00.000Z,ARRIVAL,44,TRAFFIC,GPS,false
TNT_001,DLY_TRP_0007735,TRP_0007735,2026-08-24T22:31:00.000Z,ARRIVAL,21,TRAFFIC,GPS,false
TNT_002,DLY_TRP_0007740,TRP_0007740,2026-08-29T09:20:00.000Z,ARRIVAL,16,DRIVER_LATE,VENDOR,false
TNT_002,DLY_TRP_0007753,TRP_0007753,2026-06-13T09:32:00.000Z,ARRIVAL,40,WEATHER,GPS,false
TNT_001,DLY_TRP_0007765,TRP_0007765,2026-06-25T09:38:00.000Z,ARRIVAL,47,WEATHER,GPS,false
TNT_002,DLY_TRP_0007771,TRP_0007771,2026-07-01T14:05:00.000Z,ARRIVAL,17,WEATHER,VENDOR,false
TNT_002,DLY_TRP_0007780,TRP_0007780,2026-07-10T14:41:00.000Z,ARRIVAL,37,TRAFFIC,GPS,false
TNT_001,DLY_TRP_0007785,TRP_0007785,2026-07-15T14:25:00.000Z,ARRIVAL,35,WEATHER,GPS,false
TNT_001,DLY_TRP_0007790,TRP_0007790,2026-07-20T10:06:00.000Z,ARRIVAL,58,TRAFFIC,GPS,false
TNT_002,DLY_TRP_0007792,TRP_0007792,2026-07-22T14:54:00.000Z,ARRIVAL,46,ROUTE_DEVIATION,GPS,false
TNT_002,DLY_TRP_0007798,TRP_0007798,2026-07-28T09:39:00.000Z,ARRIVAL,11,TRAFFIC,VENDOR,false
TNT_001,DLY_TRP_0007809,TRP_0007809,2026-08-08T09:58:00.000Z,ARRIVAL,54,WEATHER,GPS,false
TNT_001,DLY_TRP_0007819,TRP_0007819,2026-08-18T14:45:00.000Z,ARRIVAL,12,TRAFFIC,VENDOR,false
TNT_001,DLY_TRP_0007824,TRP_0007824,2026-08-23T06:57:00.000Z,ARRIVAL,38,TRAFFIC,OPS,false
TNT_001,DLY_TRP_0007827,TRP_0007827,2026-08-26T07:41:00.000Z,ARRIVAL,22,WEATHER,GPS,false
TNT_001,DLY_TRP_0007829,TRP_0007829,2026-08-28T22:28:00.000Z,ARRIVAL,48,VEHICLE_ISSUE,VENDOR,false
TNT_003,DLY_TRP_0007832,TRP_0007832,2026-06-02T14:34:00.000Z,ARRIVAL,13,VEHICLE_ISSUE,OPS,true
TNT_001,DLY_TRP_0007835,TRP_0007835,2026-06-05T10:11:00.000Z,ARRIVAL,40,DRIVER_LATE,VENDOR,true
TNT_001,DLY_TRP_0007848,TRP_0007848,2026-06-18T10:12:00.000Z,ARRIVAL,47,TRAFFIC,GPS,false
TNT_003,DLY_TRP_0007850,TRP_0007850,2026-06-20T14:44:00.000Z,ARRIVAL,33,ROUTE_DEVIATION,VENDOR,false
TNT_002,DLY_TRP_0007855,TRP_0007855,2026-06-25T08:55:00.000Z,ARRIVAL,23,TRAFFIC,GPS,false
TNT_001,DLY_TRP_0007860,TRP_0007860,2026-06-30T06:57:00.000Z,ARRIVAL,22,WEATHER,GPS,false
TNT_001,DLY_TRP_0007863,TRP_0007863,2026-07-03T07:02:00.000Z,ARRIVAL,46,WEATHER,GPS,false
TNT_001,DLY_TRP_0007872,TRP_0007872,2026-07-12T14:46:00.000Z,ARRIVAL,49,TRAFFIC,GPS,false
TNT_002,DLY_TRP_0007874,TRP_0007874,2026-07-14T14:19:00.000Z,ARRIVAL,13,DRIVER_LATE,GPS,false
TNT_002,DLY_TRP_0007878,TRP_0007878,2026-07-18T14:23:00.000Z,ARRIVAL,29,VEHICLE_ISSUE,GPS,false
TNT_003,DLY_TRP_0007883,TRP_0007883,2026-07-23T22:51:00.000Z,ARRIVAL,35,DRIVER_LATE,GPS,false
TNT_003,DLY_TRP_0007884,TRP_0007884,2026-07-24T14:55:00.000Z,ARRIVAL,56,VEHICLE_ISSUE,OPS,false
TNT_001,DLY_TRP_0007897,TRP_0007897,2026-08-06T22:06:00.000Z,ARRIVAL,46,WEATHER,GPS,false
TNT_001,DLY_TRP_0007898,TRP_0007898,2026-08-07T14:22:00.000Z,ARRIVAL,18,ROUTE_DEVIATION,VENDOR,true
TNT_001,DLY_TRP_0007901,TRP_0007901,2026-08-10T09:19:00.000Z,ARRIVAL,46,TRAFFIC,OPS,false
TNT_002,DLY_TRP_0007910,TRP_0007910,2026-08-19T08:39:00.000Z,ARRIVAL,19,TRAFFIC,VENDOR,false
TNT_001,DLY_TRP_0007913,TRP_0007913,2026-08-22T22:42:00.000Z,ARRIVAL,34,TRAFFIC,GPS,false
TNT_002,DLY_TRP_0007917,TRP_0007917,2026-08-26T09:11:00.000Z,ARRIVAL,36,DRIVER_LATE,GPS,false
TNT_001,DLY_TRP_0007920,TRP_0007920,2026-08-29T06:03:00.000Z,ARRIVAL,13,WEATHER,OPS,false
TNT_002,DLY_TRP_0007924,TRP_0007924,2026-06-04T21:52:00.000Z,ARRIVAL,13,DRIVER_LATE,GPS,false
TNT_001,DLY_TRP_0007931,TRP_0007931,2026-06-11T14:25:00.000Z,ARRIVAL,30,DRIVER_LATE,GPS,false
TNT_002,DLY_TRP_0007939,TRP_0007939,2026-06-19T14:45:00.000Z,ARRIVAL,45,DRIVER_LATE,GPS,false
TNT_001,DLY_TRP_0007943,TRP_0007943,2026-06-23T09:10:00.000Z,ARRIVAL,14,WEATHER,GPS,false
TNT_001,DLY_TRP_0007944,TRP_0007944,2026-06-24T14:56:00.000Z,ARRIVAL,57,TRAFFIC,GPS,false
TNT_002,DLY_TRP_0007951,TRP_0007951,2026-07-01T08:49:00.000Z,ARRIVAL,21,VEHICLE_ISSUE,GPS,false
TNT_003,DLY_TRP_0007955,TRP_0007955,2026-07-05T09:38:00.000Z,ARRIVAL,25,DRIVER_LATE,GPS,false
TNT_001,DLY_TRP_0007962,TRP_0007962,2026-07-12T22:03:00.000Z,ARRIVAL,20,WEATHER,GPS,false
TNT_001,DLY_TRP_0007964,TRP_0007964,2026-07-14T09:12:00.000Z,ARRIVAL,18,TRAFFIC,GPS,false
TNT_001,DLY_TRP_0007973,TRP_0007973,2026-07-23T14:32:00.000Z,ARRIVAL,47,WEATHER,GPS,false
TNT_002,DLY_TRP_0007974,TRP_0007974,2026-07-24T10:03:00.000Z,ARRIVAL,21,WEATHER,GPS,false
TNT_002,DLY_TRP_0007989,TRP_0007989,2026-08-08T14:29:00.000Z,ARRIVAL,29,WEATHER,GPS,false
TNT_002,DLY_TRP_0008000,TRP_0008000,2026-08-19T22:43:00.000Z,ARRIVAL,40,TRAFFIC,VENDOR,false
TNT_001,DLY_TRP_0008004,TRP_0008004,2026-08-23T22:23:00.000Z,ARRIVAL,29,TRAFFIC,GPS,false
TNT_002,DLY_TRP_0008005,TRP_0008005,2026-08-24T09:49:00.000Z,ARRIVAL,53,ROUTE_DEVIATION,GPS,false
TNT_003,DLY_TRP_0008013,TRP_0008013,2026-06-03T23:25:00.000Z,ARRIVAL,45,TRAFFIC,GPS,false
TNT_002,DLY_TRP_0008030,TRP_0008030,2026-06-20T14:59:00.000Z,ARRIVAL,33,VEHICLE_ISSUE,VENDOR,false
TNT_001,DLY_TRP_0008035,TRP_0008035,2026-06-25T15:25:00.000Z,ARRIVAL,48,DRIVER_LATE,GPS,false
TNT_002,DLY_TRP_0008045,TRP_0008045,2026-07-05T14:23:00.000Z,ARRIVAL,46,DRIVER_LATE,GPS,false
TNT_001,DLY_TRP_0008053,TRP_0008053,2026-07-13T14:31:00.000Z,ARRIVAL,38,TRAFFIC,GPS,false
TNT_001,DLY_TRP_0008060,TRP_0008060,2026-07-20T10:38:00.000Z,ARRIVAL,57,TRAFFIC,OPS,false
TNT_001,DLY_TRP_0008061,TRP_0008061,2026-07-21T10:14:00.000Z,ARRIVAL,50,WEATHER,GPS,false
TNT_002,DLY_TRP_0008065,TRP_0008065,2026-07-25T14:40:00.000Z,ARRIVAL,57,TRAFFIC,GPS,false
TNT_002,DLY_TRP_0008066,TRP_0008066,2026-07-26T07:00:00.000Z,ARRIVAL,50,DRIVER_LATE,GPS,false
TNT_001,DLY_TRP_0008068,TRP_0008068,2026-07-28T22:04:00.000Z,ARRIVAL,20,VEHICLE_ISSUE,OPS,false
TNT_003,DLY_TRP_0008075,TRP_0008075,2026-08-04T06:39:00.000Z,ARRIVAL,43,TRAFFIC,VENDOR,false
TNT_003,DLY_TRP_0008076,TRP_0008076,2026-08-05T09:46:00.000Z,ARRIVAL,35,WEATHER,VENDOR,false
TNT_002,DLY_TRP_0008084,TRP_0008084,2026-08-13T22:44:00.000Z,ARRIVAL,50,TRAFFIC,GPS,false
TNT_002,DLY_TRP_0008090,TRP_0008090,2026-08-19T06:03:00.000Z,ARRIVAL,38,DRIVER_LATE,GPS,false
TNT_001,DLY_TRP_0008091,TRP_0008091,2026-08-20T07:02:00.000Z,ARRIVAL,37,WEATHER,OPS,false
TNT_001,DLY_TRP_0008095,TRP_0008095,2026-08-24T22:34:00.000Z,ARRIVAL,38,DRIVER_LATE,VENDOR,false
TNT_001,DLY_TRP_0008098,TRP_0008098,2026-08-27T22:34:00.000Z,ARRIVAL,22,ROUTE_DEVIATION,VENDOR,false
TNT_001,DLY_TRP_0008104,TRP_0008104,2026-06-04T09:52:00.000Z,ARRIVAL,58,ROUTE_DEVIATION,VENDOR,false
TNT_001,DLY_TRP_0008109,TRP_0008109,2026-06-09T09:39:00.000Z,ARRIVAL,53,VEHICLE_ISSUE,VENDOR,false
TNT_001,DLY_TRP_0008111,TRP_0008111,2026-06-11T09:57:00.000Z,ARRIVAL,49,VEHICLE_ISSUE,OPS,false
TNT_003,DLY_TRP_0008117,TRP_0008117,2026-06-17T09:43:00.000Z,ARRIVAL,38,DRIVER_LATE,GPS,false
TNT_001,DLY_TRP_0008124,TRP_0008124,2026-06-24T09:38:00.000Z,ARRIVAL,50,TRAFFIC,OPS,false
TNT_003,DLY_TRP_0008139,TRP_0008139,2026-07-09T22:49:00.000Z,ARRIVAL,36,WEATHER,OPS,false
TNT_001,DLY_TRP_0008145,TRP_0008145,2026-07-15T10:12:00.000Z,ARRIVAL,41,TRAFFIC,GPS,false
TNT_001,DLY_TRP_0008148,TRP_0008148,2026-07-18T10:24:00.000Z,ARRIVAL,53,TRAFFIC,GPS,false
TNT_003,DLY_TRP_0008153,TRP_0008153,2026-07-23T06:25:00.000Z,ARRIVAL,44,TRAFFIC,GPS,false
TNT_001,DLY_TRP_0008171,TRP_0008171,2026-08-10T09:51:00.000Z,ARRIVAL,45,TRAFFIC,GPS,false
TNT_001,DLY_TRP_0008180,TRP_0008180,2026-08-19T14:36:00.000Z,ARRIVAL,52,DRIVER_LATE,OPS,false
TNT_001,DLY_TRP_0008181,TRP_0008181,2026-08-20T14:55:00.000Z,ARRIVAL,34,TRAFFIC,GPS,false
TNT_001,DLY_TRP_0008187,TRP_0008187,2026-08-26T06:41:00.000Z,ARRIVAL,55,DRIVER_LATE,VENDOR,false
TNT_001,DLY_TRP_0008189,TRP_0008189,2026-08-28T07:04:00.000Z,ARRIVAL,36,ROUTE_DEVIATION,VENDOR,false
TNT_001,DLY_TRP_0008200,TRP_0008200,2026-06-10T13:54:00.000Z,ARRIVAL,18,ROUTE_DEVIATION,GPS,false
TNT_002,DLY_TRP_0008204,TRP_0008204,2026-06-14T23:05:00.000Z,ARRIVAL,49,VEHICLE_ISSUE,GPS,false
TNT_001,DLY_TRP_0008215,TRP_0008215,2026-06-25T07:18:00.000Z,ARRIVAL,27,TRAFFIC,VENDOR,false
TNT_002,DLY_TRP_0008221,TRP_0008221,2026-07-01T06:30:00.000Z,ARRIVAL,34,TRAFFIC,VENDOR,false
TNT_002,DLY_TRP_0008223,TRP_0008223,2026-07-03T09:51:00.000Z,ARRIVAL,42,TRAFFIC,OPS,false
TNT_003,DLY_TRP_0008236,TRP_0008236,2026-07-16T06:02:00.000Z,ARRIVAL,11,ROUTE_DEVIATION,GPS,false
TNT_001,DLY_TRP_0008242,TRP_0008242,2026-07-22T15:23:00.000Z,ARRIVAL,46,WEATHER,VENDOR,false
TNT_001,DLY_TRP_0008249,TRP_0008249,2026-07-29T22:28:00.000Z,ARRIVAL,26,ROUTE_DEVIATION,GPS,false
TNT_002,DLY_TRP_0008261,TRP_0008261,2026-08-10T06:35:00.000Z,ARRIVAL,56,TRAFFIC,GPS,false
TNT_001,DLY_TRP_0008263,TRP_0008263,2026-08-12T14:36:00.000Z,ARRIVAL,32,VEHICLE_ISSUE,GPS,false
TNT_001,DLY_TRP_0008265,TRP_0008265,2026-08-14T09:03:00.000Z,ARRIVAL,11,DRIVER_LATE,GPS,false
TNT_003,DLY_TRP_0008268,TRP_0008268,2026-08-17T14:56:00.000Z,ARRIVAL,49,TRAFFIC,GPS,false
TNT_001,DLY_TRP_0008275,TRP_0008275,2026-08-24T10:38:00.000Z,ARRIVAL,45,WEATHER,OPS,false
TNT_002,DLY_TRP_0008290,TRP_0008290,2026-06-10T06:11:00.000Z,ARRIVAL,35,WEATHER,GPS,false
TNT_002,DLY_TRP_0008293,TRP_0008293,2026-06-13T09:44:00.000Z,ARRIVAL,47,DRIVER_LATE,GPS,false
TNT_001,DLY_TRP_0008297,TRP_0008297,2026-06-17T14:37:00.000Z,ARRIVAL,39,VEHICLE_ISSUE,OPS,false
TNT_001,DLY_TRP_0008298,TRP_0008298,2026-06-18T22:35:00.000Z,ARRIVAL,47,TRAFFIC,GPS,false
TNT_001,DLY_TRP_0008299,TRP_0008299,2026-06-19T14:48:00.000Z,ARRIVAL,27,TRAFFIC,GPS,false
TNT_001,DLY_TRP_0008307,TRP_0008307,2026-06-27T09:30:00.000Z,ARRIVAL,13,DRIVER_LATE,GPS,false
TNT_001,DLY_TRP_0008308,TRP_0008308,2026-06-28T14:13:00.000Z,ARRIVAL,39,TRAFFIC,GPS,true
TNT_001,DLY_TRP_0008313,TRP_0008313,2026-07-03T22:36:00.000Z,ARRIVAL,23,VEHICLE_ISSUE,GPS,false
TNT_002,DLY_TRP_0008320,TRP_0008320,2026-07-10T21:43:00.000Z,ARRIVAL,12,ROUTE_DEVIATION,GPS,false
TNT_001,DLY_TRP_0008327,TRP_0008327,2026-07-17T08:50:00.000Z,ARRIVAL,14,WEATHER,VENDOR,false
TNT_002,DLY_TRP_0008354,TRP_0008354,2026-08-13T22:03:00.000Z,ARRIVAL,30,ROUTE_DEVIATION,OPS,false
TNT_002,DLY_TRP_0008357,TRP_0008357,2026-08-16T05:56:00.000Z,ARRIVAL,15,VEHICLE_ISSUE,VENDOR,false
TNT_001,DLY_TRP_0008368,TRP_0008368,2026-08-27T07:05:00.000Z,ARRIVAL,28,DRIVER_LATE,GPS,false
TNT_001,DLY_TRP_0008385,TRP_0008385,2026-06-15T22:46:00.000Z,ARRIVAL,12,WEATHER,GPS,false
TNT_001,DLY_TRP_0008388,TRP_0008388,2026-06-18T14:05:00.000Z,ARRIVAL,13,TRAFFIC,GPS,false
TNT_001,DLY_TRP_0008389,TRP_0008389,2026-06-19T06:52:00.000Z,ARRIVAL,47,WEATHER,GPS,false
TNT_001,DLY_TRP_0008393,TRP_0008393,2026-06-23T15:22:00.000Z,ARRIVAL,44,TRAFFIC,GPS,false
TNT_003,DLY_TRP_0008394,TRP_0008394,2026-06-24T09:56:00.000Z,ARRIVAL,52,TRAFFIC,VENDOR,false
TNT_001,DLY_TRP_0008402,TRP_0008402,2026-07-02T06:10:00.000Z,ARRIVAL,21,DRIVER_LATE,GPS,false
TNT_002,DLY_TRP_0008409,TRP_0008409,2026-07-09T10:06:00.000Z,ARRIVAL,57,TRAFFIC,VENDOR,false
TNT_001,DLY_TRP_0008423,TRP_0008423,2026-07-23T10:35:00.000Z,ARRIVAL,45,TRAFFIC,VENDOR,false
TNT_001,DLY_TRP_0008431,TRP_0008431,2026-07-31T10:14:00.000Z,ARRIVAL,56,ROUTE_DEVIATION,VENDOR,false
TNT_003,DLY_TRP_0008434,TRP_0008434,2026-08-03T09:15:00.000Z,ARRIVAL,28,TRAFFIC,GPS,false
TNT_001,DLY_TRP_0008435,TRP_0008435,2026-08-04T14:31:00.000Z,ARRIVAL,13,TRAFFIC,GPS,false
TNT_003,DLY_TRP_0008445,TRP_0008445,2026-08-14T08:03:00.000Z,ARRIVAL,53,TRAFFIC,GPS,false
TNT_001,DLY_TRP_0008449,TRP_0008449,2026-08-18T09:43:00.000Z,ARRIVAL,14,TRAFFIC,GPS,false
TNT_002,DLY_TRP_0008450,TRP_0008450,2026-08-19T09:38:00.000Z,ARRIVAL,44,WEATHER,GPS,false
TNT_001,DLY_TRP_0008460,TRP_0008460,2026-08-29T09:49:00.000Z,ARRIVAL,29,DRIVER_LATE,GPS,false
TNT_002,DLY_TRP_0008472,TRP_0008472,2026-06-12T14:24:00.000Z,ARRIVAL,51,WEATHER,GPS,false
TNT_002,DLY_TRP_0008492,TRP_0008492,2026-07-02T08:56:00.000Z,ARRIVAL,30,TRAFFIC,GPS,false
TNT_001,DLY_TRP_0008495,TRP_0008495,2026-07-05T15:19:00.000Z,ARRIVAL,58,TRAFFIC,VENDOR,false
TNT_001,DLY_TRP_0008505,TRP_0008505,2026-07-15T10:40:00.000Z,ARRIVAL,51,TRAFFIC,GPS,false
TNT_003,DLY_TRP_0008513,TRP_0008513,2026-07-23T07:04:00.000Z,ARRIVAL,38,ROUTE_DEVIATION,GPS,true
TNT_001,DLY_TRP_0008527,TRP_0008527,2026-08-06T09:30:00.000Z,ARRIVAL,16,WEATHER,GPS,false
TNT_001,DLY_TRP_0008528,TRP_0008528,2026-08-07T07:29:00.000Z,ARRIVAL,47,WEATHER,VENDOR,false
TNT_001,DLY_TRP_0008534,TRP_0008534,2026-08-13T09:09:00.000Z,ARRIVAL,33,DRIVER_LATE,GPS,false
TNT_001,DLY_TRP_0008543,TRP_0008543,2026-08-22T10:08:00.000Z,ARRIVAL,47,DRIVER_LATE,GPS,false
TNT_002,DLY_TRP_0008547,TRP_0008547,2026-08-26T23:10:00.000Z,ARRIVAL,52,VEHICLE_ISSUE,VENDOR,false
TNT_003,DLY_TRP_0008554,TRP_0008554,2026-06-04T15:17:00.000Z,ARRIVAL,35,ROUTE_DEVIATION,VENDOR,false
TNT_001,DLY_TRP_0008555,TRP_0008555,2026-06-05T07:05:00.000Z,ARRIVAL,56,VEHICLE_ISSUE,GPS,false
TNT_001,DLY_TRP_0008568,TRP_0008568,2026-06-18T10:21:00.000Z,ARRIVAL,52,ROUTE_DEVIATION,GPS,false
TNT_001,DLY_TRP_0008585,TRP_0008585,2026-07-05T22:25:00.000Z,ARRIVAL,22,DRIVER_LATE,GPS,false
TNT_001,DLY_TRP_0008591,TRP_0008591,2026-07-11T09:14:00.000Z,ARRIVAL,27,DRIVER_LATE,VENDOR,false
TNT_002,DLY_TRP_0008603,TRP_0008603,2026-07-23T09:14:00.000Z,ARRIVAL,47,ROUTE_DEVIATION,VENDOR,false
TNT_001,DLY_TRP_0008605,TRP_0008605,2026-07-25T06:37:00.000Z,ARRIVAL,31,WEATHER,GPS,false
TNT_002,DLY_TRP_0008615,TRP_0008615,2026-08-04T09:00:00.000Z,ARRIVAL,17,ROUTE_DEVIATION,OPS,false
TNT_002,DLY_TRP_0008626,TRP_0008626,2026-08-15T05:58:00.000Z,ARRIVAL,18,TRAFFIC,OPS,false
TNT_002,DLY_TRP_0008632,TRP_0008632,2026-08-21T06:48:00.000Z,ARRIVAL,39,TRAFFIC,GPS,false
TNT_002,DLY_TRP_0008639,TRP_0008639,2026-08-28T06:25:00.000Z,ARRIVAL,27,TRAFFIC,GPS,false
TNT_002,DLY_TRP_0008643,TRP_0008643,2026-06-03T09:39:00.000Z,ARRIVAL,24,TRAFFIC,OPS,false
TNT_002,DLY_TRP_0008644,TRP_0008644,2026-06-04T09:06:00.000Z,ARRIVAL,26,TRAFFIC,GPS,false
TNT_003,DLY_TRP_0008649,TRP_0008649,2026-06-09T22:43:00.000Z,ARRIVAL,27,TRAFFIC,OPS,false
TNT_001,DLY_TRP_0008652,TRP_0008652,2026-06-12T09:35:00.000Z,ARRIVAL,50,ROUTE_DEVIATION,GPS,false
TNT_001,DLY_TRP_0008653,TRP_0008653,2026-06-13T15:30:00.000Z,ARRIVAL,42,TRAFFIC,GPS,false
TNT_001,DLY_TRP_0008655,TRP_0008655,2026-06-15T06:51:00.000Z,ARRIVAL,37,TRAFFIC,VENDOR,false
TNT_002,DLY_TRP_0008662,TRP_0008662,2026-06-22T14:21:00.000Z,ARRIVAL,28,TRAFFIC,GPS,false
TNT_001,DLY_TRP_0008664,TRP_0008664,2026-06-24T06:42:00.000Z,ARRIVAL,31,DRIVER_LATE,VENDOR,false
TNT_003,DLY_TRP_0008665,TRP_0008665,2026-06-25T06:44:00.000Z,ARRIVAL,38,WEATHER,GPS,false
TNT_002,DLY_TRP_0008666,TRP_0008666,2026-06-26T14:36:00.000Z,ARRIVAL,18,TRAFFIC,VENDOR,false
TNT_001,DLY_TRP_0008670,TRP_0008670,2026-06-30T22:26:00.000Z,ARRIVAL,17,ROUTE_DEVIATION,GPS,true
TNT_001,DLY_TRP_0008673,TRP_0008673,2026-07-03T06:44:00.000Z,ARRIVAL,28,TRAFFIC,GPS,false
TNT_002,DLY_TRP_0008676,TRP_0008676,2026-07-06T22:10:00.000Z,ARRIVAL,25,WEATHER,VENDOR,false
TNT_003,DLY_TRP_0008677,TRP_0008677,2026-07-07T09:48:00.000Z,ARRIVAL,37,DRIVER_LATE,VENDOR,false
TNT_001,DLY_TRP_0008684,TRP_0008684,2026-07-14T08:53:00.000Z,ARRIVAL,13,TRAFFIC,VENDOR,false
TNT_003,DLY_TRP_0008691,TRP_0008691,2026-07-21T06:49:00.000Z,ARRIVAL,13,TRAFFIC,GPS,false
TNT_001,DLY_TRP_0008693,TRP_0008693,2026-07-23T09:47:00.000Z,ARRIVAL,19,ROUTE_DEVIATION,GPS,false
TNT_002,DLY_TRP_0008699,TRP_0008699,2026-07-29T09:44:00.000Z,ARRIVAL,58,ROUTE_DEVIATION,VENDOR,false
TNT_001,DLY_TRP_0008713,TRP_0008713,2026-08-12T06:45:00.000Z,ARRIVAL,18,VEHICLE_ISSUE,GPS,false
TNT_002,DLY_TRP_0008716,TRP_0008716,2026-08-15T22:48:00.000Z,ARRIVAL,41,VEHICLE_ISSUE,GPS,false
TNT_001,DLY_TRP_0008722,TRP_0008722,2026-08-21T14:59:00.000Z,ARRIVAL,40,WEATHER,VENDOR,false
TNT_001,DLY_TRP_0008724,TRP_0008724,2026-08-23T23:07:00.000Z,ARRIVAL,53,ROUTE_DEVIATION,VENDOR,false
TNT_001,DLY_TRP_0008727,TRP_0008727,2026-08-26T22:23:00.000Z,ARRIVAL,20,ROUTE_DEVIATION,GPS,false
TNT_002,DLY_TRP_0008741,TRP_0008741,2026-06-11T22:41:00.000Z,ARRIVAL,32,TRAFFIC,OPS,false
TNT_001,DLY_TRP_0008770,TRP_0008770,2026-07-10T13:59:00.000Z,ARRIVAL,27,ROUTE_DEVIATION,GPS,false
TNT_001,DLY_TRP_0008774,TRP_0008774,2026-07-14T07:00:00.000Z,ARRIVAL,36,TRAFFIC,VENDOR,false
TNT_001,DLY_TRP_0008801,TRP_0008801,2026-08-10T14:34:00.000Z,ARRIVAL,20,ROUTE_DEVIATION,VENDOR,false
TNT_002,DLY_TRP_0008803,TRP_0008803,2026-08-12T09:46:00.000Z,ARRIVAL,44,TRAFFIC,VENDOR,false
TNT_002,DLY_TRP_0008813,TRP_0008813,2026-08-22T09:36:00.000Z,ARRIVAL,13,DRIVER_LATE,VENDOR,false
TNT_002,DLY_TRP_0008819,TRP_0008819,2026-08-28T10:15:00.000Z,ARRIVAL,48,WEATHER,VENDOR,false
TNT_001,DLY_TRP_0008820,TRP_0008820,2026-08-29T10:01:00.000Z,ARRIVAL,57,TRAFFIC,VENDOR,false
TNT_001,DLY_TRP_0008821,TRP_0008821,2026-06-01T10:06:00.000Z,ARRIVAL,32,TRAFFIC,GPS,false
TNT_001,DLY_TRP_0008827,TRP_0008827,2026-06-07T14:23:00.000Z,ARRIVAL,14,DRIVER_LATE,GPS,false
TNT_001,DLY_TRP_0008845,TRP_0008845,2026-06-25T23:09:00.000Z,ARRIVAL,40,DRIVER_LATE,GPS,false
TNT_001,DLY_TRP_0008846,TRP_0008846,2026-06-26T15:00:00.000Z,ARRIVAL,11,TRAFFIC,GPS,false
TNT_003,DLY_TRP_0008856,TRP_0008856,2026-07-06T10:14:00.000Z,ARRIVAL,58,WEATHER,GPS,false
TNT_001,DLY_TRP_0008873,TRP_0008873,2026-07-23T15:20:00.000Z,ARRIVAL,49,TRAFFIC,VENDOR,false
TNT_002,DLY_TRP_0008886,TRP_0008886,2026-08-05T10:09:00.000Z,ARRIVAL,50,TRAFFIC,GPS,true
TNT_001,DLY_TRP_0008891,TRP_0008891,2026-08-10T10:34:00.000Z,ARRIVAL,56,TRAFFIC,GPS,false
TNT_001,DLY_TRP_0008895,TRP_0008895,2026-08-14T14:39:00.000Z,ARRIVAL,19,DRIVER_LATE,OPS,false
TNT_001,DLY_TRP_0008897,TRP_0008897,2026-08-16T14:02:00.000Z,ARRIVAL,32,VEHICLE_ISSUE,GPS,false
TNT_003,DLY_TRP_0008917,TRP_0008917,2026-06-07T14:28:00.000Z,ARRIVAL,40,WEATHER,VENDOR,false
TNT_003,DLY_TRP_0008934,TRP_0008934,2026-06-24T09:56:00.000Z,ARRIVAL,54,WEATHER,GPS,false
TNT_001,DLY_TRP_0008947,TRP_0008947,2026-07-07T06:18:00.000Z,ARRIVAL,34,TRAFFIC,GPS,false
TNT_001,DLY_TRP_0008948,TRP_0008948,2026-07-08T14:17:00.000Z,ARRIVAL,36,WEATHER,GPS,false
TNT_002,DLY_TRP_0008957,TRP_0008957,2026-07-17T23:10:00.000Z,ARRIVAL,48,ROUTE_DEVIATION,VENDOR,false
TNT_001,DLY_TRP_0008978,TRP_0008978,2026-08-07T22:27:00.000Z,ARRIVAL,47,VEHICLE_ISSUE,GPS,false
TNT_001,DLY_TRP_0008988,TRP_0008988,2026-08-17T06:16:00.000Z,ARRIVAL,31,VEHICLE_ISSUE,OPS,false
TNT_001,DLY_TRP_0008989,TRP_0008989,2026-08-18T22:50:00.000Z,ARRIVAL,40,WEATHER,GPS,false
TNT_001,DLY_TRP_0008991,TRP_0008991,2026-08-20T09:23:00.000Z,ARRIVAL,49,TRAFFIC,VENDOR,false
TNT_001,DLY_TRP_0009012,TRP_0009012,2026-06-12T09:44:00.000Z,ARRIVAL,40,TRAFFIC,GPS,false
TNT_001,DLY_TRP_0009016,TRP_0009016,2026-06-16T06:13:00.000Z,ARRIVAL,20,VEHICLE_ISSUE,VENDOR,false
TNT_002,DLY_TRP_0009025,TRP_0009025,2026-06-25T09:13:00.000Z,ARRIVAL,43,TRAFFIC,VENDOR,false
TNT_002,DLY_TRP_0009029,TRP_0009029,2026-06-29T22:22:00.000Z,ARRIVAL,52,TRAFFIC,GPS,false
TNT_002,DLY_TRP_0009048,TRP_0009048,2026-07-18T06:44:00.000Z,ARRIVAL,45,TRAFFIC,GPS,false
TNT_002,DLY_TRP_0009059,TRP_0009059,2026-07-29T09:48:00.000Z,ARRIVAL,52,TRAFFIC,VENDOR,false
TNT_001,DLY_TRP_0009073,TRP_0009073,2026-08-12T09:28:00.000Z,ARRIVAL,18,VEHICLE_ISSUE,OPS,false
TNT_001,DLY_TRP_0009081,TRP_0009081,2026-08-20T22:37:00.000Z,ARRIVAL,13,TRAFFIC,GPS,false
TNT_001,DLY_TRP_0009084,TRP_0009084,2026-08-23T23:12:00.000Z,ARRIVAL,57,ROUTE_DEVIATION,VENDOR,false
TNT_001,DLY_TRP_0009089,TRP_0009089,2026-08-28T22:49:00.000Z,ARRIVAL,28,TRAFFIC,GPS,false
TNT_001,DLY_TRP_0009090,TRP_0009090,2026-08-29T06:11:00.000Z,ARRIVAL,27,WEATHER,GPS,false
TNT_001,DLY_TRP_0009092,TRP_0009092,2026-06-02T15:17:00.000Z,ARRIVAL,58,ROUTE_DEVIATION,GPS,false
TNT_001,DLY_TRP_0009095,TRP_0009095,2026-06-05T14:47:00.000Z,ARRIVAL,35,TRAFFIC,OPS,false
TNT_002,DLY_TRP_0009097,TRP_0009097,2026-06-07T09:41:00.000Z,ARRIVAL,19,VEHICLE_ISSUE,GPS,false
TNT_001,DLY_TRP_0009099,TRP_0009099,2026-06-09T06:48:00.000Z,ARRIVAL,33,WEATHER,VENDOR,false
TNT_001,DLY_TRP_0009106,TRP_0009106,2026-06-16T14:48:00.000Z,ARRIVAL,37,WEATHER,GPS,false
TNT_001,DLY_TRP_0009109,TRP_0009109,2026-06-19T22:33:00.000Z,ARRIVAL,40,DRIVER_LATE,GPS,false
TNT_003,DLY_TRP_0009110,TRP_0009110,2026-06-20T09:29:00.000Z,ARRIVAL,39,TRAFFIC,VENDOR,false
TNT_001,DLY_TRP_0009114,TRP_0009114,2026-06-24T09:24:00.000Z,ARRIVAL,24,DRIVER_LATE,GPS,false
TNT_001,DLY_TRP_0009122,TRP_0009122,2026-07-02T22:23:00.000Z,ARRIVAL,27,TRAFFIC,GPS,false
TNT_002,DLY_TRP_0009127,TRP_0009127,2026-07-07T14:49:00.000Z,ARRIVAL,36,ROUTE_DEVIATION,GPS,false
TNT_003,DLY_TRP_0009128,TRP_0009128,2026-07-08T14:46:00.000Z,ARRIVAL,23,VEHICLE_ISSUE,VENDOR,false
TNT_001,DLY_TRP_0009130,TRP_0009130,2026-07-10T09:35:00.000Z,ARRIVAL,53,DRIVER_LATE,GPS,false
TNT_001,DLY_TRP_0009131,TRP_0009131,2026-07-11T14:53:00.000Z,ARRIVAL,14,TRAFFIC,GPS,false
TNT_003,DLY_TRP_0009132,TRP_0009132,2026-07-12T22:11:00.000Z,ARRIVAL,29,WEATHER,GPS,false
TNT_001,DLY_TRP_0009133,TRP_0009133,2026-07-13T22:25:00.000Z,ARRIVAL,14,VEHICLE_ISSUE,OPS,false
TNT_002,DLY_TRP_0009138,TRP_0009138,2026-07-18T22:11:00.000Z,ARRIVAL,20,WEATHER,GPS,true
TNT_001,DLY_TRP_0009139,TRP_0009139,2026-07-19T22:27:00.000Z,ARRIVAL,25,TRAFFIC,GPS,false
TNT_001,DLY_TRP_0009143,TRP_0009143,2026-07-23T09:46:00.000Z,ARRIVAL,41,TRAFFIC,VENDOR,false
TNT_002,DLY_TRP_0009144,TRP_0009144,2026-07-24T21:37:00.000Z,ARRIVAL,11,DRIVER_LATE,GPS,false
TNT_001,DLY_TRP_0009145,TRP_0009145,2026-07-25T22:33:00.000Z,ARRIVAL,20,WEATHER,GPS,false
TNT_002,DLY_TRP_0009168,TRP_0009168,2026-08-17T13:58:00.000Z,ARRIVAL,13,TRAFFIC,VENDOR,false
TNT_002,DLY_TRP_0009174,TRP_0009174,2026-08-23T06:11:00.000Z,ARRIVAL,30,VEHICLE_ISSUE,OPS,false
TNT_001,DLY_TRP_0009179,TRP_0009179,2026-08-28T22:30:00.000Z,ARRIVAL,20,DRIVER_LATE,GPS,false
TNT_002,DLY_TRP_0009206,TRP_0009206,2026-06-26T22:14:00.000Z,ARRIVAL,35,DRIVER_LATE,GPS,false
TNT_003,DLY_TRP_0009207,TRP_0009207,2026-06-27T14:17:00.000Z,ARRIVAL,31,VEHICLE_ISSUE,OPS,false
TNT_002,DLY_TRP_0009211,TRP_0009211,2026-07-01T06:49:00.000Z,ARRIVAL,21,WEATHER,GPS,false
TNT_002,DLY_TRP_0009217,TRP_0009217,2026-07-07T14:47:00.000Z,ARRIVAL,56,TRAFFIC,GPS,false
TNT_001,DLY_TRP_0009220,TRP_0009220,2026-07-10T23:21:00.000Z,ARRIVAL,47,DRIVER_LATE,VENDOR,false
TNT_001,DLY_TRP_0009235,TRP_0009235,2026-07-25T09:27:00.000Z,ARRIVAL,32,TRAFFIC,VENDOR,false
TNT_003,DLY_TRP_0009236,TRP_0009236,2026-07-26T14:47:00.000Z,ARRIVAL,40,WEATHER,GPS,false
TNT_002,DLY_TRP_0009249,TRP_0009249,2026-08-08T23:01:00.000Z,ARRIVAL,27,ROUTE_DEVIATION,GPS,false
TNT_003,DLY_TRP_0009260,TRP_0009260,2026-08-19T22:50:00.000Z,ARRIVAL,43,VEHICLE_ISSUE,GPS,false
TNT_001,DLY_TRP_0009264,TRP_0009264,2026-08-23T22:30:00.000Z,ARRIVAL,52,DRIVER_LATE,GPS,false
TNT_001,DLY_TRP_0009266,TRP_0009266,2026-08-25T22:57:00.000Z,ARRIVAL,24,DRIVER_LATE,OPS,true
TNT_002,DLY_TRP_0009267,TRP_0009267,2026-08-26T09:37:00.000Z,ARRIVAL,40,TRAFFIC,GPS,false
TNT_001,DLY_TRP_0009270,TRP_0009270,2026-08-29T23:05:00.000Z,ARRIVAL,57,VEHICLE_ISSUE,GPS,false
TNT_001,DLY_TRP_0009281,TRP_0009281,2026-06-11T22:34:00.000Z,ARRIVAL,29,ROUTE_DEVIATION,GPS,false
TNT_001,DLY_TRP_0009287,TRP_0009287,2026-06-17T06:26:00.000Z,ARRIVAL,21,DRIVER_LATE,GPS,false
TNT_001,DLY_TRP_0009309,TRP_0009309,2026-07-09T09:35:00.000Z,ARRIVAL,35,WEATHER,VENDOR,false
TNT_001,DLY_TRP_0009310,TRP_0009310,2026-07-10T22:50:00.000Z,ARRIVAL,39,DRIVER_LATE,OPS,false
TNT_002,DLY_TRP_0009321,TRP_0009321,2026-07-21T05:51:00.000Z,ARRIVAL,27,TRAFFIC,VENDOR,false
TNT_001,DLY_TRP_0009351,TRP_0009351,2026-08-20T22:31:00.000Z,ARRIVAL,20,ROUTE_DEVIATION,GPS,false
TNT_001,DLY_TRP_0009352,TRP_0009352,2026-08-21T22:32:00.000Z,ARRIVAL,56,WEATHER,GPS,false
TNT_001,DLY_TRP_0009353,TRP_0009353,2026-08-22T06:45:00.000Z,ARRIVAL,32,TRAFFIC,VENDOR,false
TNT_002,DLY_TRP_0009358,TRP_0009358,2026-08-27T22:53:00.000Z,ARRIVAL,56,TRAFFIC,GPS,false
TNT_001,DLY_TRP_0009363,TRP_0009363,2026-06-03T06:40:00.000Z,ARRIVAL,45,VEHICLE_ISSUE,GPS,false
TNT_001,DLY_TRP_0009398,TRP_0009398,2026-07-08T22:27:00.000Z,ARRIVAL,47,WEATHER,OPS,false
TNT_002,DLY_TRP_0009403,TRP_0009403,2026-07-13T14:54:00.000Z,ARRIVAL,56,TRAFFIC,VENDOR,false
TNT_001,DLY_TRP_0009404,TRP_0009404,2026-07-14T22:26:00.000Z,ARRIVAL,40,WEATHER,GPS,false
TNT_003,DLY_TRP_0009411,TRP_0009411,2026-07-21T09:25:00.000Z,ARRIVAL,36,ROUTE_DEVIATION,GPS,false
TNT_001,DLY_TRP_0009417,TRP_0009417,2026-07-27T22:09:00.000Z,ARRIVAL,14,ROUTE_DEVIATION,GPS,false
TNT_002,DLY_TRP_0009419,TRP_0009419,2026-07-29T09:22:00.000Z,ARRIVAL,27,TRAFFIC,VENDOR,false
TNT_001,DLY_TRP_0009421,TRP_0009421,2026-07-31T14:41:00.000Z,ARRIVAL,35,TRAFFIC,GPS,false
TNT_001,DLY_TRP_0009424,TRP_0009424,2026-08-03T07:06:00.000Z,ARRIVAL,25,DRIVER_LATE,GPS,false
TNT_001,DLY_TRP_0009436,TRP_0009436,2026-08-15T06:14:00.000Z,ARRIVAL,20,WEATHER,GPS,false
TNT_001,DLY_TRP_0009447,TRP_0009447,2026-08-26T09:24:00.000Z,ARRIVAL,14,ROUTE_DEVIATION,VENDOR,false
TNT_001,DLY_TRP_0009449,TRP_0009449,2026-08-28T22:51:00.000Z,ARRIVAL,46,DRIVER_LATE,VENDOR,false
TNT_001,DLY_TRP_0009451,TRP_0009451,2026-06-01T09:54:00.000Z,ARRIVAL,40,TRAFFIC,GPS,false
TNT_001,DLY_TRP_0009457,TRP_0009457,2026-06-07T14:56:00.000Z,ARRIVAL,46,TRAFFIC,GPS,false
TNT_001,DLY_TRP_0009464,TRP_0009464,2026-06-14T14:20:00.000Z,ARRIVAL,27,TRAFFIC,GPS,false
TNT_001,DLY_TRP_0009469,TRP_0009469,2026-06-19T21:57:00.000Z,ARRIVAL,15,VEHICLE_ISSUE,GPS,false
TNT_002,DLY_TRP_0009470,TRP_0009470,2026-06-20T09:52:00.000Z,ARRIVAL,57,TRAFFIC,GPS,false
TNT_002,DLY_TRP_0009476,TRP_0009476,2026-06-26T09:43:00.000Z,ARRIVAL,30,WEATHER,GPS,false
TNT_001,DLY_TRP_0009496,TRP_0009496,2026-07-16T06:40:00.000Z,ARRIVAL,48,ROUTE_DEVIATION,GPS,false
TNT_001,DLY_TRP_0009529,TRP_0009529,2026-08-18T10:13:00.000Z,ARRIVAL,56,DRIVER_LATE,GPS,false
TNT_002,DLY_TRP_0009532,TRP_0009532,2026-08-21T06:17:00.000Z,ARRIVAL,36,DRIVER_LATE,VENDOR,true
TNT_002,DLY_TRP_0009544,TRP_0009544,2026-06-04T06:13:00.000Z,ARRIVAL,45,WEATHER,VENDOR,false
TNT_002,DLY_TRP_0009554,TRP_0009554,2026-06-14T09:32:00.000Z,ARRIVAL,22,ROUTE_DEVIATION,GPS,false
TNT_001,DLY_TRP_0009556,TRP_0009556,2026-06-16T09:30:00.000Z,ARRIVAL,44,TRAFFIC,GPS,false
TNT_001,DLY_TRP_0009557,TRP_0009557,2026-06-17T22:23:00.000Z,ARRIVAL,24,TRAFFIC,GPS,false
TNT_002,DLY_TRP_0009562,TRP_0009562,2026-06-22T09:33:00.000Z,ARRIVAL,31,DRIVER_LATE,OPS,false
TNT_001,DLY_TRP_0009580,TRP_0009580,2026-07-10T06:13:00.000Z,ARRIVAL,20,TRAFFIC,GPS,false
TNT_002,DLY_TRP_0009605,TRP_0009605,2026-08-04T09:42:00.000Z,ARRIVAL,51,WEATHER,GPS,false
TNT_001,DLY_TRP_0009633,TRP_0009633,2026-06-03T21:52:00.000Z,ARRIVAL,13,WEATHER,GPS,false
TNT_001,DLY_TRP_0009638,TRP_0009638,2026-06-08T22:29:00.000Z,ARRIVAL,15,ROUTE_DEVIATION,GPS,false
TNT_002,DLY_TRP_0009646,TRP_0009646,2026-06-16T15:02:00.000Z,ARRIVAL,44,TRAFFIC,OPS,false
TNT_002,DLY_TRP_0009647,TRP_0009647,2026-06-17T09:35:00.000Z,ARRIVAL,44,VEHICLE_ISSUE,GPS,false
TNT_001,DLY_TRP_0009652,TRP_0009652,2026-06-22T06:17:00.000Z,ARRIVAL,19,WEATHER,OPS,false
TNT_002,DLY_TRP_0009662,TRP_0009662,2026-07-02T06:14:00.000Z,ARRIVAL,32,DRIVER_LATE,GPS,false
TNT_001,DLY_TRP_0009713,TRP_0009713,2026-08-22T22:47:00.000Z,ARRIVAL,38,ROUTE_DEVIATION,GPS,false
TNT_001,DLY_TRP_0009714,TRP_0009714,2026-08-23T09:48:00.000Z,ARRIVAL,30,TRAFFIC,VENDOR,false
TNT_001,DLY_TRP_0009715,TRP_0009715,2026-08-24T22:33:00.000Z,ARRIVAL,22,VEHICLE_ISSUE,GPS,false
TNT_001,DLY_TRP_0009717,TRP_0009717,2026-08-26T15:21:00.000Z,ARRIVAL,58,VEHICLE_ISSUE,GPS,false
TNT_003,DLY_TRP_0009719,TRP_0009719,2026-08-28T15:24:00.000Z,ARRIVAL,45,VEHICLE_ISSUE,GPS,false
TNT_001,DLY_TRP_0009723,TRP_0009723,2026-06-03T06:41:00.000Z,ARRIVAL,40,DRIVER_LATE,GPS,false
TNT_003,DLY_TRP_0009746,TRP_0009746,2026-06-26T09:08:00.000Z,ARRIVAL,31,DRIVER_LATE,GPS,false
TNT_001,DLY_TRP_0009747,TRP_0009747,2026-06-27T07:14:00.000Z,ARRIVAL,57,ROUTE_DEVIATION,OPS,false
TNT_001,DLY_TRP_0009757,TRP_0009757,2026-07-07T10:27:00.000Z,ARRIVAL,37,TRAFFIC,GPS,false
TNT_001,DLY_TRP_0009774,TRP_0009774,2026-07-24T06:39:00.000Z,ARRIVAL,42,TRAFFIC,VENDOR,false
TNT_001,DLY_TRP_0009798,TRP_0009798,2026-08-17T14:44:00.000Z,ARRIVAL,36,WEATHER,GPS,false
TNT_001,DLY_TRP_0009800,TRP_0009800,2026-08-19T14:05:00.000Z,ARRIVAL,33,WEATHER,GPS,true
TNT_002,DLY_TRP_0009805,TRP_0009805,2026-08-24T09:57:00.000Z,ARRIVAL,36,VEHICLE_ISSUE,OPS,false
TNT_003,DLY_TRP_0009806,TRP_0009806,2026-08-25T14:23:00.000Z,ARRIVAL,33,TRAFFIC,GPS,false
TNT_001,DLY_TRP_0009810,TRP_0009810,2026-08-29T06:09:00.000Z,ARRIVAL,14,WEATHER,GPS,false
TNT_002,DLY_TRP_0009821,TRP_0009821,2026-06-11T06:46:00.000Z,ARRIVAL,43,WEATHER,GPS,false
TNT_003,DLY_TRP_0009832,TRP_0009832,2026-06-22T08:02:00.000Z,ARRIVAL,39,TRAFFIC,GPS,false
TNT_003,DLY_TRP_0009835,TRP_0009835,2026-06-25T14:12:00.000Z,ARRIVAL,36,TRAFFIC,GPS,false
TNT_001,DLY_TRP_0009837,TRP_0009837,2026-06-27T22:31:00.000Z,ARRIVAL,17,WEATHER,GPS,false
TNT_001,DLY_TRP_0009839,TRP_0009839,2026-06-29T22:43:00.000Z,ARRIVAL,24,TRAFFIC,GPS,false
TNT_002,DLY_TRP_0009842,TRP_0009842,2026-07-02T13:44:00.000Z,ARRIVAL,14,TRAFFIC,GPS,false
TNT_001,DLY_TRP_0009848,TRP_0009848,2026-07-08T14:52:00.000Z,ARRIVAL,56,DRIVER_LATE,OPS,false
TNT_001,DLY_TRP_0009876,TRP_0009876,2026-08-05T09:54:00.000Z,ARRIVAL,37,WEATHER,GPS,false
TNT_003,DLY_TRP_0009881,TRP_0009881,2026-08-10T22:45:00.000Z,ARRIVAL,39,DRIVER_LATE,VENDOR,false
TNT_002,DLY_TRP_0009896,TRP_0009896,2026-08-25T14:42:00.000Z,ARRIVAL,44,WEATHER,GPS,false
TNT_001,DLY_TRP_0009897,TRP_0009897,2026-08-26T07:03:00.000Z,ARRIVAL,36,VEHICLE_ISSUE,GPS,false
TNT_001,DLY_TRP_0009898,TRP_0009898,2026-08-27T09:57:00.000Z,ARRIVAL,37,TRAFFIC,GPS,false
TNT_001,DLY_TRP_0009905,TRP_0009905,2026-06-05T22:45:00.000Z,ARRIVAL,57,VEHICLE_ISSUE,GPS,false
TNT_001,DLY_TRP_0009916,TRP_0009916,2026-06-16T22:56:00.000Z,ARRIVAL,55,ROUTE_DEVIATION,GPS,false
TNT_001,DLY_TRP_0009922,TRP_0009922,2026-06-22T23:08:00.000Z,ARRIVAL,15,TRAFFIC,GPS,false
TNT_001,DLY_TRP_0009933,TRP_0009933,2026-07-03T15:03:00.000Z,ARRIVAL,34,TRAFFIC,OPS,false
TNT_003,DLY_TRP_0009938,TRP_0009938,2026-07-08T14:31:00.000Z,ARRIVAL,49,TRAFFIC,GPS,false
TNT_001,DLY_TRP_0009942,TRP_0009942,2026-07-12T23:43:00.000Z,ARRIVAL,53,VEHICLE_ISSUE,GPS,false
TNT_001,DLY_TRP_0009948,TRP_0009948,2026-07-18T09:20:00.000Z,ARRIVAL,21,TRAFFIC,GPS,false
TNT_001,DLY_TRP_0009950,TRP_0009950,2026-07-20T10:20:00.000Z,ARRIVAL,44,WEATHER,VENDOR,false
TNT_001,DLY_TRP_0009967,TRP_0009967,2026-08-06T05:58:00.000Z,ARRIVAL,12,TRAFFIC,OPS,false
TNT_001,DLY_TRP_0009969,TRP_0009969,2026-08-08T06:27:00.000Z,ARRIVAL,39,TRAFFIC,GPS,false
TNT_001,DLY_TRP_0009973,TRP_0009973,2026-08-12T14:01:00.000Z,ARRIVAL,16,DRIVER_LATE,GPS,false
TNT_001,DLY_TRP_0009986,TRP_0009986,2026-08-25T22:22:00.000Z,ARRIVAL,27,VEHICLE_ISSUE,GPS,false
TNT_001,DLY_TRP_0009995,TRP_0009995,2026-06-05T07:00:00.000Z,ARRIVAL,20,TRAFFIC,VENDOR,false
TNT_001,DLY_TRP_0010006,TRP_0010006,2026-06-16T09:48:00.000Z,ARRIVAL,32,WEATHER,GPS,false
TNT_001,DLY_TRP_0010008,TRP_0010008,2026-06-18T23:31:00.000Z,ARRIVAL,43,WEATHER,GPS,false
TNT_001,DLY_TRP_0010009,TRP_0010009,2026-06-19T06:24:00.000Z,ARRIVAL,52,DRIVER_LATE,VENDOR,false
TNT_001,DLY_TRP_0010018,TRP_0010018,2026-06-28T09:44:00.000Z,ARRIVAL,22,DRIVER_LATE,GPS,false
TNT_002,DLY_TRP_0010019,TRP_0010019,2026-06-29T22:54:00.000Z,ARRIVAL,34,TRAFFIC,GPS,false
TNT_002,DLY_TRP_0010022,TRP_0010022,2026-07-02T23:32:00.000Z,ARRIVAL,56,WEATHER,GPS,true
TNT_002,DLY_TRP_0010041,TRP_0010041,2026-07-21T06:19:00.000Z,ARRIVAL,13,DRIVER_LATE,GPS,false
TNT_001,DLY_TRP_0010050,TRP_0010050,2026-07-30T10:00:00.000Z,ARRIVAL,41,VEHICLE_ISSUE,GPS,true
TNT_001,DLY_TRP_0010055,TRP_0010055,2026-08-04T07:02:00.000Z,ARRIVAL,38,TRAFFIC,GPS,false
TNT_003,DLY_TRP_0010062,TRP_0010062,2026-08-11T14:26:00.000Z,ARRIVAL,32,WEATHER,GPS,false
TNT_001,DLY_TRP_0010070,TRP_0010070,2026-08-19T09:15:00.000Z,ARRIVAL,20,TRAFFIC,GPS,false
TNT_001,DLY_TRP_0010071,TRP_0010071,2026-08-20T09:14:00.000Z,ARRIVAL,35,TRAFFIC,GPS,false
TNT_002,DLY_TRP_0010082,TRP_0010082,2026-06-02T06:56:00.000Z,ARRIVAL,34,DRIVER_LATE,GPS,false
TNT_001,DLY_TRP_0010086,TRP_0010086,2026-06-06T23:33:00.000Z,ARRIVAL,47,WEATHER,GPS,false
TNT_001,DLY_TRP_0010104,TRP_0010104,2026-06-24T15:07:00.000Z,ARRIVAL,41,TRAFFIC,GPS,false
TNT_001,DLY_TRP_0010111,TRP_0010111,2026-07-01T22:47:00.000Z,ARRIVAL,42,VEHICLE_ISSUE,VENDOR,false
TNT_001,DLY_TRP_0010118,TRP_0010118,2026-07-08T22:49:00.000Z,ARRIVAL,46,WEATHER,OPS,false
TNT_002,DLY_TRP_0010125,TRP_0010125,2026-07-15T22:25:00.000Z,ARRIVAL,27,ROUTE_DEVIATION,VENDOR,false
TNT_001,DLY_TRP_0010126,TRP_0010126,2026-07-16T06:39:00.000Z,ARRIVAL,32,TRAFFIC,VENDOR,false
TNT_001,DLY_TRP_0010138,TRP_0010138,2026-07-28T14:34:00.000Z,ARRIVAL,16,DRIVER_LATE,GPS,false
TNT_001,DLY_TRP_0010162,TRP_0010162,2026-08-21T14:32:00.000Z,ARRIVAL,48,WEATHER,GPS,false
TNT_002,DLY_TRP_0010164,TRP_0010164,2026-08-23T22:20:00.000Z,ARRIVAL,52,TRAFFIC,VENDOR,false
TNT_001,DLY_TRP_0010165,TRP_0010165,2026-08-24T09:08:00.000Z,ARRIVAL,18,WEATHER,GPS,false
TNT_001,DLY_TRP_0010166,TRP_0010166,2026-08-25T22:10:00.000Z,ARRIVAL,32,TRAFFIC,GPS,false
TNT_001,DLY_TRP_0010168,TRP_0010168,2026-08-27T14:45:00.000Z,ARRIVAL,31,WEATHER,GPS,false
TNT_001,DLY_TRP_0010169,TRP_0010169,2026-08-28T09:56:00.000Z,ARRIVAL,24,ROUTE_DEVIATION,VENDOR,false
TNT_001,DLY_TRP_0010182,TRP_0010182,2026-06-12T06:21:00.000Z,ARRIVAL,31,ROUTE_DEVIATION,GPS,false
TNT_001,DLY_TRP_0010189,TRP_0010189,2026-06-19T10:02:00.000Z,ARRIVAL,40,WEATHER,VENDOR,false
TNT_002,DLY_TRP_0010218,TRP_0010218,2026-07-18T14:19:00.000Z,ARRIVAL,18,DRIVER_LATE,GPS,false
TNT_002,DLY_TRP_0010223,TRP_0010223,2026-07-23T14:28:00.000Z,ARRIVAL,52,VEHICLE_ISSUE,GPS,false
TNT_002,DLY_TRP_0010252,TRP_0010252,2026-08-21T06:07:00.000Z,ARRIVAL,14,TRAFFIC,GPS,false
TNT_001,DLY_TRP_0010257,TRP_0010257,2026-08-26T22:29:00.000Z,ARRIVAL,19,TRAFFIC,OPS,false
TNT_002,DLY_TRP_0010260,TRP_0010260,2026-08-29T09:36:00.000Z,ARRIVAL,25,ROUTE_DEVIATION,GPS,false
TNT_002,DLY_TRP_0010261,TRP_0010261,2026-06-01T13:47:00.000Z,ARRIVAL,15,TRAFFIC,GPS,false
TNT_001,DLY_TRP_0010263,TRP_0010263,2026-06-03T09:29:00.000Z,ARRIVAL,25,TRAFFIC,VENDOR,false
TNT_001,DLY_TRP_0010272,TRP_0010272,2026-06-12T14:22:00.000Z,ARRIVAL,36,TRAFFIC,GPS,false
TNT_001,DLY_TRP_0010273,TRP_0010273,2026-06-13T13:55:00.000Z,ARRIVAL,20,TRAFFIC,OPS,false
TNT_002,DLY_TRP_0010285,TRP_0010285,2026-06-25T06:14:00.000Z,ARRIVAL,34,DRIVER_LATE,VENDOR,false
TNT_003,DLY_TRP_0010296,TRP_0010296,2026-07-06T23:23:00.000Z,ARRIVAL,37,TRAFFIC,VENDOR,false
TNT_001,DLY_TRP_0010300,TRP_0010300,2026-07-10T22:28:00.000Z,ARRIVAL,14,TRAFFIC,GPS,false
TNT_001,DLY_TRP_0010309,TRP_0010309,2026-07-19T22:30:00.000Z,ARRIVAL,28,WEATHER,GPS,false
TNT_001,DLY_TRP_0010311,TRP_0010311,2026-07-21T09:37:00.000Z,ARRIVAL,21,WEATHER,GPS,false
TNT_001,DLY_TRP_0010313,TRP_0010313,2026-07-23T06:20:00.000Z,ARRIVAL,29,TRAFFIC,VENDOR,false
TNT_001,DLY_TRP_0010321,TRP_0010321,2026-07-31T09:32:00.000Z,ARRIVAL,27,TRAFFIC,VENDOR,false
TNT_001,DLY_TRP_0010322,TRP_0010322,2026-08-01T06:20:00.000Z,ARRIVAL,36,ROUTE_DEVIATION,VENDOR,false
TNT_001,DLY_TRP_0010323,TRP_0010323,2026-08-02T06:46:00.000Z,ARRIVAL,45,WEATHER,VENDOR,false
TNT_003,DLY_TRP_0010325,TRP_0010325,2026-08-04T09:32:00.000Z,ARRIVAL,32,TRAFFIC,GPS,false
TNT_002,DLY_TRP_0010329,TRP_0010329,2026-08-08T09:53:00.000Z,ARRIVAL,43,TRAFFIC,VENDOR,false
TNT_001,DLY_TRP_0010331,TRP_0010331,2026-08-10T14:29:00.000Z,ARRIVAL,31,DRIVER_LATE,GPS,false
TNT_001,DLY_TRP_0010333,TRP_0010333,2026-08-12T14:21:00.000Z,ARRIVAL,50,WEATHER,GPS,false
TNT_002,DLY_TRP_0010335,TRP_0010335,2026-08-14T08:44:00.000Z,ARRIVAL,11,TRAFFIC,GPS,false
TNT_001,DLY_TRP_0010347,TRP_0010347,2026-08-26T23:22:00.000Z,ARRIVAL,49,ROUTE_DEVIATION,GPS,false
TNT_001,DLY_TRP_0010348,TRP_0010348,2026-08-27T09:58:00.000Z,ARRIVAL,54,TRAFFIC,VENDOR,false
TNT_001,DLY_TRP_0010351,TRP_0010351,2026-06-01T09:08:00.000Z,ARRIVAL,27,ROUTE_DEVIATION,OPS,false
TNT_001,DLY_TRP_0010352,TRP_0010352,2026-06-02T06:14:00.000Z,ARRIVAL,14,ROUTE_DEVIATION,GPS,false
TNT_002,DLY_TRP_0010358,TRP_0010358,2026-06-08T22:18:00.000Z,ARRIVAL,42,TRAFFIC,VENDOR,false
TNT_003,DLY_TRP_0010359,TRP_0010359,2026-06-09T22:04:00.000Z,ARRIVAL,30,WEATHER,VENDOR,false
TNT_001,DLY_TRP_0010362,TRP_0010362,2026-06-12T09:08:00.000Z,ARRIVAL,12,TRAFFIC,GPS,false
TNT_001,DLY_TRP_0010369,TRP_0010369,2026-06-19T07:25:00.000Z,ARRIVAL,55,WEATHER,GPS,false
TNT_003,DLY_TRP_0010371,TRP_0010371,2026-06-21T23:18:00.000Z,ARRIVAL,51,DRIVER_LATE,VENDOR,false
TNT_002,DLY_TRP_0010379,TRP_0010379,2026-06-29T09:18:00.000Z,ARRIVAL,27,DRIVER_LATE,VENDOR,false
TNT_001,DLY_TRP_0010403,TRP_0010403,2026-07-23T09:08:00.000Z,ARRIVAL,24,ROUTE_DEVIATION,VENDOR,false
TNT_001,DLY_TRP_0010410,TRP_0010410,2026-07-30T06:34:00.000Z,ARRIVAL,31,TRAFFIC,GPS,false
TNT_001,DLY_TRP_0010418,TRP_0010418,2026-08-07T23:28:00.000Z,ARRIVAL,30,TRAFFIC,GPS,false
TNT_002,DLY_TRP_0010432,TRP_0010432,2026-08-21T06:12:00.000Z,ARRIVAL,12,WEATHER,GPS,false
TNT_002,DLY_TRP_0010435,TRP_0010435,2026-08-24T09:21:00.000Z,ARRIVAL,28,WEATHER,GPS,false
TNT_003,DLY_TRP_0010448,TRP_0010448,2026-06-08T09:27:00.000Z,ARRIVAL,49,TRAFFIC,GPS,false
TNT_002,DLY_TRP_0010451,TRP_0010451,2026-06-11T06:36:00.000Z,ARRIVAL,20,TRAFFIC,GPS,false
TNT_001,DLY_TRP_0010452,TRP_0010452,2026-06-12T14:24:00.000Z,ARRIVAL,12,VEHICLE_ISSUE,GPS,false
TNT_002,DLY_TRP_0010455,TRP_0010455,2026-06-15T09:44:00.000Z,ARRIVAL,28,VEHICLE_ISSUE,GPS,false
TNT_001,DLY_TRP_0010459,TRP_0010459,2026-06-19T06:09:00.000Z,ARRIVAL,12,DRIVER_LATE,VENDOR,false
TNT_002,DLY_TRP_0010460,TRP_0010460,2026-06-20T09:53:00.000Z,ARRIVAL,38,DRIVER_LATE,VENDOR,false
TNT_001,DLY_TRP_0010461,TRP_0010461,2026-06-21T06:46:00.000Z,ARRIVAL,55,DRIVER_LATE,OPS,false
TNT_001,DLY_TRP_0010475,TRP_0010475,2026-07-05T14:44:00.000Z,ARRIVAL,22,WEATHER,OPS,false
TNT_001,DLY_TRP_0010497,TRP_0010497,2026-07-27T10:18:00.000Z,ARRIVAL,55,WEATHER,GPS,false
TNT_001,DLY_TRP_0010509,TRP_0010509,2026-08-08T09:27:00.000Z,ARRIVAL,22,TRAFFIC,GPS,false
TNT_003,DLY_TRP_0010520,TRP_0010520,2026-08-19T09:56:00.000Z,ARRIVAL,25,ROUTE_DEVIATION,GPS,false
TNT_001,DLY_TRP_0010525,TRP_0010525,2026-08-24T06:45:00.000Z,ARRIVAL,43,TRAFFIC,GPS,false
TNT_002,DLY_TRP_0010527,TRP_0010527,2026-08-26T09:29:00.000Z,ARRIVAL,40,VEHICLE_ISSUE,VENDOR,false
TNT_003,DLY_TRP_0010530,TRP_0010530,2026-08-29T14:04:00.000Z,ARRIVAL,29,TRAFFIC,OPS,true
TNT_002,DLY_TRP_0010538,TRP_0010538,2026-06-08T09:36:00.000Z,ARRIVAL,29,WEATHER,GPS,false
TNT_003,DLY_TRP_0010539,TRP_0010539,2026-06-09T23:50:00.000Z,ARRIVAL,55,WEATHER,OPS,false
TNT_002,DLY_TRP_0010542,TRP_0010542,2026-06-12T06:21:00.000Z,ARRIVAL,33,VEHICLE_ISSUE,GPS,false
TNT_002,DLY_TRP_0010544,TRP_0010544,2026-06-14T09:28:00.000Z,ARRIVAL,36,ROUTE_DEVIATION,GPS,false
TNT_002,DLY_TRP_0010545,TRP_0010545,2026-06-15T07:10:00.000Z,ARRIVAL,41,TRAFFIC,VENDOR,false
TNT_001,DLY_TRP_0010548,TRP_0010548,2026-06-18T05:43:00.000Z,ARRIVAL,12,WEATHER,GPS,false
TNT_001,DLY_TRP_0010550,TRP_0010550,2026-06-20T05:44:00.000Z,ARRIVAL,11,WEATHER,GPS,false
TNT_001,DLY_TRP_0010555,TRP_0010555,2026-06-25T14:24:00.000Z,ARRIVAL,26,ROUTE_DEVIATION,GPS,false
TNT_001,DLY_TRP_0010564,TRP_0010564,2026-07-04T23:27:00.000Z,ARRIVAL,54,TRAFFIC,GPS,false
TNT_001,DLY_TRP_0010567,TRP_0010567,2026-07-07T22:52:00.000Z,ARRIVAL,34,DRIVER_LATE,GPS,false
TNT_001,DLY_TRP_0010568,TRP_0010568,2026-07-08T06:29:00.000Z,ARRIVAL,38,DRIVER_LATE,GPS,false
TNT_001,DLY_TRP_0010569,TRP_0010569,2026-07-09T15:10:00.000Z,ARRIVAL,46,WEATHER,VENDOR,false
TNT_002,DLY_TRP_0010570,TRP_0010570,2026-07-10T06:14:00.000Z,ARRIVAL,35,ROUTE_DEVIATION,OPS,false
TNT_002,DLY_TRP_0010583,TRP_0010583,2026-07-23T14:09:00.000Z,ARRIVAL,32,WEATHER,OPS,false
TNT_001,DLY_TRP_0010591,TRP_0010591,2026-07-31T09:45:00.000Z,ARRIVAL,24,ROUTE_DEVIATION,GPS,false
TNT_001,DLY_TRP_0010593,TRP_0010593,2026-08-02T22:49:00.000Z,ARRIVAL,30,TRAFFIC,GPS,false
TNT_001,DLY_TRP_0010603,TRP_0010603,2026-08-12T06:46:00.000Z,ARRIVAL,42,WEATHER,GPS,false
TNT_001,DLY_TRP_0010606,TRP_0010606,2026-08-15T14:24:00.000Z,ARRIVAL,23,DRIVER_LATE,GPS,false
TNT_003,DLY_TRP_0010609,TRP_0010609,2026-08-18T10:34:00.000Z,ARRIVAL,37,VEHICLE_ISSUE,GPS,false
TNT_001,DLY_TRP_0010616,TRP_0010616,2026-08-25T06:34:00.000Z,ARRIVAL,34,WEATHER,GPS,false
TNT_002,DLY_TRP_0010631,TRP_0010631,2026-06-11T09:03:00.000Z,ARRIVAL,43,DRIVER_LATE,VENDOR,false
TNT_002,DLY_TRP_0010632,TRP_0010632,2026-06-12T06:31:00.000Z,ARRIVAL,35,WEATHER,GPS,false
TNT_002,DLY_TRP_0010636,TRP_0010636,2026-06-16T22:24:00.000Z,ARRIVAL,23,WEATHER,VENDOR,false
TNT_002,DLY_TRP_0010637,TRP_0010637,2026-06-17T09:46:00.000Z,ARRIVAL,55,DRIVER_LATE,GPS,false
TNT_002,DLY_TRP_0010642,TRP_0010642,2026-06-22T09:57:00.000Z,ARRIVAL,29,ROUTE_DEVIATION,OPS,false
TNT_003,DLY_TRP_0010657,TRP_0010657,2026-07-07T06:07:00.000Z,ARRIVAL,20,VEHICLE_ISSUE,OPS,false
TNT_001,DLY_TRP_0010659,TRP_0010659,2026-07-09T06:56:00.000Z,ARRIVAL,13,ROUTE_DEVIATION,VENDOR,false
TNT_003,DLY_TRP_0010670,TRP_0010670,2026-07-20T10:15:00.000Z,ARRIVAL,36,WEATHER,GPS,false
TNT_001,DLY_TRP_0010683,TRP_0010683,2026-08-02T10:22:00.000Z,ARRIVAL,32,TRAFFIC,GPS,false
TNT_001,DLY_TRP_0010686,TRP_0010686,2026-08-05T10:30:00.000Z,ARRIVAL,57,TRAFFIC,GPS,false
TNT_001,DLY_TRP_0010687,TRP_0010687,2026-08-06T06:35:00.000Z,ARRIVAL,46,TRAFFIC,VENDOR,false
TNT_001,DLY_TRP_0010699,TRP_0010699,2026-08-18T10:05:00.000Z,ARRIVAL,58,TRAFFIC,VENDOR,false
TNT_003,DLY_TRP_0010702,TRP_0010702,2026-08-21T09:38:00.000Z,ARRIVAL,22,VEHICLE_ISSUE,GPS,true
TNT_003,DLY_TRP_0010705,TRP_0010705,2026-08-24T07:05:00.000Z,ARRIVAL,35,WEATHER,VENDOR,false
TNT_003,DLY_TRP_0010708,TRP_0010708,2026-08-27T06:14:00.000Z,ARRIVAL,12,DRIVER_LATE,GPS,false
TNT_001,DLY_TRP_0010737,TRP_0010737,2026-06-27T09:09:00.000Z,ARRIVAL,34,WEATHER,VENDOR,false
TNT_001,DLY_TRP_0010742,TRP_0010742,2026-07-02T05:54:00.000Z,ARRIVAL,15,TRAFFIC,GPS,false
TNT_002,DLY_TRP_0010747,TRP_0010747,2026-07-07T09:35:00.000Z,ARRIVAL,30,TRAFFIC,GPS,false
TNT_001,DLY_TRP_0010754,TRP_0010754,2026-07-14T06:26:00.000Z,ARRIVAL,15,WEATHER,VENDOR,false
TNT_001,DLY_TRP_0010762,TRP_0010762,2026-07-22T09:50:00.000Z,ARRIVAL,49,TRAFFIC,OPS,false
TNT_001,DLY_TRP_0010766,TRP_0010766,2026-07-26T22:47:00.000Z,ARRIVAL,44,ROUTE_DEVIATION,VENDOR,false
TNT_001,DLY_TRP_0010794,TRP_0010794,2026-08-23T10:00:00.000Z,ARRIVAL,55,WEATHER,VENDOR,false
TNT_001,DLY_TRP_0010798,TRP_0010798,2026-08-27T07:41:00.000Z,ARRIVAL,36,WEATHER,GPS,false
TNT_001,DLY_TRP_0010804,TRP_0010804,2026-06-04T06:26:00.000Z,ARRIVAL,22,TRAFFIC,GPS,false
TNT_001,DLY_TRP_0010809,TRP_0010809,2026-06-09T09:44:00.000Z,ARRIVAL,46,TRAFFIC,GPS,false
TNT_002,DLY_TRP_0010811,TRP_0010811,2026-06-11T06:51:00.000Z,ARRIVAL,49,TRAFFIC,OPS,false
TNT_002,DLY_TRP_0010812,TRP_0010812,2026-06-12T22:57:00.000Z,ARRIVAL,19,WEATHER,GPS,false
TNT_001,DLY_TRP_0010813,TRP_0010813,2026-06-13T14:20:00.000Z,ARRIVAL,21,DRIVER_LATE,VENDOR,false
TNT_003,DLY_TRP_0010821,TRP_0010821,2026-06-21T22:34:00.000Z,ARRIVAL,12,ROUTE_DEVIATION,OPS,false
TNT_002,DLY_TRP_0010846,TRP_0010846,2026-07-16T23:25:00.000Z,ARRIVAL,30,VEHICLE_ISSUE,GPS,false
TNT_001,DLY_TRP_0010859,TRP_0010859,2026-07-29T06:09:00.000Z,ARRIVAL,32,TRAFFIC,GPS,false
TNT_002,DLY_TRP_0010860,TRP_0010860,2026-07-30T09:11:00.000Z,ARRIVAL,43,WEATHER,GPS,false
TNT_002,DLY_TRP_0010861,TRP_0010861,2026-07-31T14:33:00.000Z,ARRIVAL,23,DRIVER_LATE,GPS,false
TNT_002,DLY_TRP_0010862,TRP_0010862,2026-08-01T23:08:00.000Z,ARRIVAL,46,DRIVER_LATE,OPS,false
TNT_001,DLY_TRP_0010865,TRP_0010865,2026-08-04T09:58:00.000Z,ARRIVAL,36,TRAFFIC,GPS,false
TNT_001,DLY_TRP_0010872,TRP_0010872,2026-08-11T22:38:00.000Z,ARRIVAL,35,ROUTE_DEVIATION,GPS,false
TNT_002,DLY_TRP_0010874,TRP_0010874,2026-08-13T05:58:00.000Z,ARRIVAL,12,DRIVER_LATE,GPS,false
TNT_002,DLY_TRP_0010876,TRP_0010876,2026-08-15T06:20:00.000Z,ARRIVAL,26,TRAFFIC,GPS,false
TNT_001,DLY_TRP_0010890,TRP_0010890,2026-08-29T09:40:00.000Z,ARRIVAL,37,TRAFFIC,GPS,false
TNT_001,DLY_TRP_0010893,TRP_0010893,2026-06-03T06:16:00.000Z,ARRIVAL,36,DRIVER_LATE,VENDOR,false
TNT_001,DLY_TRP_0010900,TRP_0010900,2026-06-10T15:20:00.000Z,ARRIVAL,46,WEATHER,OPS,false
TNT_001,DLY_TRP_0010903,TRP_0010903,2026-06-13T06:10:00.000Z,ARRIVAL,13,TRAFFIC,VENDOR,false
TNT_001,DLY_TRP_0010911,TRP_0010911,2026-06-21T10:26:00.000Z,ARRIVAL,49,ROUTE_DEVIATION,OPS,false
TNT_001,DLY_TRP_0010914,TRP_0010914,2026-06-24T06:04:00.000Z,ARRIVAL,17,WEATHER,GPS,false
TNT_001,DLY_TRP_0010927,TRP_0010927,2026-07-07T10:03:00.000Z,ARRIVAL,35,WEATHER,VENDOR,false
TNT_001,DLY_TRP_0010937,TRP_0010937,2026-07-17T10:09:00.000Z,ARRIVAL,42,TRAFFIC,GPS,false
TNT_001,DLY_TRP_0010938,TRP_0010938,2026-07-18T09:35:00.000Z,ARRIVAL,24,TRAFFIC,GPS,false
TNT_001,DLY_TRP_0010940,TRP_0010940,2026-07-20T06:53:00.000Z,ARRIVAL,43,DRIVER_LATE,GPS,false
TNT_001,DLY_TRP_0010953,TRP_0010953,2026-08-02T10:58:00.000Z,ARRIVAL,25,TRAFFIC,GPS,false
TNT_001,DLY_TRP_0010959,TRP_0010959,2026-08-08T14:15:00.000Z,ARRIVAL,12,TRAFFIC,GPS,false
TNT_002,DLY_TRP_0010961,TRP_0010961,2026-08-10T06:00:00.000Z,ARRIVAL,20,TRAFFIC,GPS,false
TNT_002,DLY_TRP_0010965,TRP_0010965,2026-08-14T06:43:00.000Z,ARRIVAL,35,DRIVER_LATE,GPS,false
TNT_001,DLY_TRP_0010968,TRP_0010968,2026-08-17T10:00:00.000Z,ARRIVAL,58,WEATHER,GPS,false
TNT_002,DLY_TRP_0010975,TRP_0010975,2026-08-24T22:17:00.000Z,ARRIVAL,49,TRAFFIC,VENDOR,false
TNT_003,DLY_TRP_0010985,TRP_0010985,2026-06-05T22:47:00.000Z,ARRIVAL,30,ROUTE_DEVIATION,GPS,false
TNT_001,DLY_TRP_0010987,TRP_0010987,2026-06-07T09:25:00.000Z,ARRIVAL,31,WEATHER,OPS,false
TNT_001,DLY_TRP_0010994,TRP_0010994,2026-06-14T14:05:00.000Z,ARRIVAL,12,WEATHER,GPS,false
TNT_001,DLY_TRP_0010997,TRP_0010997,2026-06-17T15:10:00.000Z,ARRIVAL,49,WEATHER,VENDOR,false
TNT_003,DLY_TRP_0011013,TRP_0011013,2026-07-03T09:58:00.000Z,ARRIVAL,47,WEATHER,GPS,false
TNT_002,DLY_TRP_0011015,TRP_0011015,2026-07-05T10:00:00.000Z,ARRIVAL,45,WEATHER,VENDOR,false
TNT_001,DLY_TRP_0011025,TRP_0011025,2026-07-15T22:13:00.000Z,ARRIVAL,37,VEHICLE_ISSUE,GPS,true
TNT_001,DLY_TRP_0011027,TRP_0011027,2026-07-17T15:18:00.000Z,ARRIVAL,50,TRAFFIC,GPS,false
TNT_002,DLY_TRP_0011033,TRP_0011033,2026-07-23T09:02:00.000Z,ARRIVAL,34,ROUTE_DEVIATION,GPS,false
TNT_002,DLY_TRP_0011039,TRP_0011039,2026-07-29T14:24:00.000Z,ARRIVAL,42,WEATHER,GPS,false
TNT_001,DLY_TRP_0011040,TRP_0011040,2026-07-30T06:19:00.000Z,ARRIVAL,35,WEATHER,GPS,false
TNT_002,DLY_TRP_0011041,TRP_0011041,2026-07-31T06:43:00.000Z,ARRIVAL,14,WEATHER,VENDOR,false
TNT_003,DLY_TRP_0011052,TRP_0011052,2026-08-11T23:18:00.000Z,ARRIVAL,54,VEHICLE_ISSUE,GPS,false
TNT_002,DLY_TRP_0011053,TRP_0011053,2026-08-12T06:37:00.000Z,ARRIVAL,34,TRAFFIC,GPS,false
TNT_002,DLY_TRP_0011059,TRP_0011059,2026-08-18T09:46:00.000Z,ARRIVAL,36,TRAFFIC,GPS,false
TNT_001,DLY_TRP_0011062,TRP_0011062,2026-08-21T09:33:00.000Z,ARRIVAL,46,WEATHER,GPS,false
TNT_001,DLY_TRP_0011066,TRP_0011066,2026-08-25T22:25:00.000Z,ARRIVAL,27,VEHICLE_ISSUE,GPS,false
TNT_003,DLY_TRP_0011067,TRP_0011067,2026-08-26T15:01:00.000Z,ARRIVAL,18,DRIVER_LATE,VENDOR,false
TNT_003,DLY_TRP_0011074,TRP_0011074,2026-06-04T22:45:00.000Z,ARRIVAL,27,VEHICLE_ISSUE,VENDOR,false
TNT_002,DLY_TRP_0011079,TRP_0011079,2026-06-09T09:45:00.000Z,ARRIVAL,34,TRAFFIC,GPS,false
TNT_001,DLY_TRP_0011080,TRP_0011080,2026-06-10T14:22:00.000Z,ARRIVAL,46,WEATHER,GPS,false
TNT_001,DLY_TRP_0011082,TRP_0011082,2026-06-12T06:21:00.000Z,ARRIVAL,33,VEHICLE_ISSUE,GPS,false
TNT_003,DLY_TRP_0011091,TRP_0011091,2026-06-21T11:14:00.000Z,ARRIVAL,58,TRAFFIC,GPS,false
TNT_001,DLY_TRP_0011094,TRP_0011094,2026-06-24T22:51:00.000Z,ARRIVAL,30,DRIVER_LATE,GPS,false
TNT_001,DLY_TRP_0011100,TRP_0011100,2026-06-30T22:19:00.000Z,ARRIVAL,36,WEATHER,GPS,false
TNT_001,DLY_TRP_0011109,TRP_0011109,2026-07-09T15:15:00.000Z,ARRIVAL,49,DRIVER_LATE,VENDOR,false
TNT_001,DLY_TRP_0011112,TRP_0011112,2026-07-12T06:30:00.000Z,ARRIVAL,28,TRAFFIC,GPS,false
TNT_001,DLY_TRP_0011116,TRP_0011116,2026-07-16T09:52:00.000Z,ARRIVAL,51,TRAFFIC,GPS,false
TNT_001,DLY_TRP_0011145,TRP_0011145,2026-08-14T09:37:00.000Z,ARRIVAL,38,VEHICLE_ISSUE,GPS,false
TNT_003,DLY_TRP_0011147,TRP_0011147,2026-08-16T06:45:00.000Z,ARRIVAL,40,TRAFFIC,GPS,false
TNT_001,DLY_TRP_0011152,TRP_0011152,2026-08-21T22:52:00.000Z,ARRIVAL,45,TRAFFIC,VENDOR,false
TNT_001,DLY_TRP_0011155,TRP_0011155,2026-08-24T09:36:00.000Z,ARRIVAL,28,ROUTE_DEVIATION,GPS,false
TNT_002,DLY_TRP_0011160,TRP_0011160,2026-08-29T06:05:00.000Z,ARRIVAL,14,WEATHER,GPS,false
TNT_003,DLY_TRP_0011161,TRP_0011161,2026-06-01T06:53:00.000Z,ARRIVAL,48,ROUTE_DEVIATION,GPS,false
TNT_001,DLY_TRP_0011180,TRP_0011180,2026-06-20T14:49:00.000Z,ARRIVAL,27,WEATHER,GPS,false
TNT_002,DLY_TRP_0011183,TRP_0011183,2026-06-23T14:08:00.000Z,ARRIVAL,32,TRAFFIC,GPS,false
TNT_003,DLY_TRP_0011185,TRP_0011185,2026-06-25T09:40:00.000Z,ARRIVAL,31,ROUTE_DEVIATION,GPS,false
TNT_001,DLY_TRP_0011189,TRP_0011189,2026-06-29T06:43:00.000Z,ARRIVAL,41,WEATHER,VENDOR,false
TNT_001,DLY_TRP_0011192,TRP_0011192,2026-07-02T08:55:00.000Z,ARRIVAL,18,VEHICLE_ISSUE,VENDOR,false
TNT_002,DLY_TRP_0011198,TRP_0011198,2026-07-08T22:40:00.000Z,ARRIVAL,53,WEATHER,OPS,false
TNT_001,DLY_TRP_0011211,TRP_0011211,2026-07-21T09:48:00.000Z,ARRIVAL,45,TRAFFIC,GPS,false
TNT_001,DLY_TRP_0011226,TRP_0011226,2026-08-05T23:03:00.000Z,ARRIVAL,38,TRAFFIC,GPS,false
TNT_001,DLY_TRP_0011240,TRP_0011240,2026-08-19T06:05:00.000Z,ARRIVAL,30,WEATHER,GPS,false
TNT_002,DLY_TRP_0011241,TRP_0011241,2026-08-20T09:12:00.000Z,ARRIVAL,12,WEATHER,VENDOR,false
TNT_001,DLY_TRP_0011247,TRP_0011247,2026-08-26T22:24:00.000Z,ARRIVAL,31,TRAFFIC,GPS,false
TNT_002,DLY_TRP_0011257,TRP_0011257,2026-06-07T06:01:00.000Z,ARRIVAL,24,TRAFFIC,GPS,false
TNT_002,DLY_TRP_0011260,TRP_0011260,2026-06-10T07:04:00.000Z,ARRIVAL,56,VEHICLE_ISSUE,GPS,false
TNT_001,DLY_TRP_0011263,TRP_0011263,2026-06-13T22:23:00.000Z,ARRIVAL,12,TRAFFIC,VENDOR,false
TNT_002,DLY_TRP_0011267,TRP_0011267,2026-06-17T23:06:00.000Z,ARRIVAL,43,TRAFFIC,VENDOR,false
TNT_001,DLY_TRP_0011272,TRP_0011272,2026-06-22T09:54:00.000Z,ARRIVAL,33,TRAFFIC,GPS,false
TNT_001,DLY_TRP_0011280,TRP_0011280,2026-06-30T10:05:00.000Z,ARRIVAL,52,DRIVER_LATE,VENDOR,false
TNT_003,DLY_TRP_0011285,TRP_0011285,2026-07-05T22:40:00.000Z,ARRIVAL,30,DRIVER_LATE,VENDOR,false
TNT_001,DLY_TRP_0011286,TRP_0011286,2026-07-06T22:53:00.000Z,ARRIVAL,24,TRAFFIC,GPS,false
TNT_001,DLY_TRP_0011293,TRP_0011293,2026-07-13T05:48:00.000Z,ARRIVAL,11,WEATHER,GPS,false
TNT_001,DLY_TRP_0011318,TRP_0011318,2026-08-07T09:33:00.000Z,ARRIVAL,18,TRAFFIC,OPS,false
TNT_002,DLY_TRP_0011332,TRP_0011332,2026-08-21T21:48:00.000Z,ARRIVAL,26,WEATHER,VENDOR,false
TNT_001,DLY_TRP_0011340,TRP_0011340,2026-08-29T22:56:00.000Z,ARRIVAL,19,ROUTE_DEVIATION,VENDOR,false
TNT_001,DLY_TRP_0011341,TRP_0011341,2026-06-01T06:32:00.000Z,ARRIVAL,12,TRAFFIC,GPS,false
TNT_002,DLY_TRP_0011350,TRP_0011350,2026-06-10T09:40:00.000Z,ARRIVAL,41,WEATHER,GPS,false
TNT_001,DLY_TRP_0011366,TRP_0011366,2026-06-26T22:58:00.000Z,ARRIVAL,39,TRAFFIC,GPS,false
TNT_001,DLY_TRP_0011386,TRP_0011386,2026-07-16T14:29:00.000Z,ARRIVAL,41,ROUTE_DEVIATION,OPS,false
TNT_003,DLY_TRP_0011387,TRP_0011387,2026-07-17T14:20:00.000Z,ARRIVAL,13,TRAFFIC,VENDOR,false
TNT_002,DLY_TRP_0011388,TRP_0011388,2026-07-18T22:42:00.000Z,ARRIVAL,43,ROUTE_DEVIATION,OPS,false
TNT_001,DLY_TRP_0011390,TRP_0011390,2026-07-20T14:11:00.000Z,ARRIVAL,33,ROUTE_DEVIATION,GPS,false
TNT_001,DLY_TRP_0011391,TRP_0011391,2026-07-21T15:25:00.000Z,ARRIVAL,43,VEHICLE_ISSUE,GPS,false
TNT_001,DLY_TRP_0011394,TRP_0011394,2026-07-24T09:45:00.000Z,ARRIVAL,37,ROUTE_DEVIATION,VENDOR,false
TNT_001,DLY_TRP_0011395,TRP_0011395,2026-07-25T15:07:00.000Z,ARRIVAL,39,TRAFFIC,GPS,false
TNT_002,DLY_TRP_0011402,TRP_0011402,2026-08-01T09:40:00.000Z,ARRIVAL,58,ROUTE_DEVIATION,GPS,false
TNT_001,DLY_TRP_0011405,TRP_0011405,2026-08-04T09:47:00.000Z,ARRIVAL,27,VEHICLE_ISSUE,OPS,false
TNT_001,DLY_TRP_0011408,TRP_0011408,2026-08-07T22:54:00.000Z,ARRIVAL,43,WEATHER,VENDOR,false
TNT_001,DLY_TRP_0011411,TRP_0011411,2026-08-10T06:07:00.000Z,ARRIVAL,20,DRIVER_LATE,GPS,false
TNT_001,DLY_TRP_0011412,TRP_0011412,2026-08-11T07:13:00.000Z,ARRIVAL,49,WEATHER,GPS,false
TNT_002,DLY_TRP_0011413,TRP_0011413,2026-08-12T09:10:00.000Z,ARRIVAL,31,DRIVER_LATE,GPS,false
TNT_001,DLY_TRP_0011414,TRP_0011414,2026-08-13T22:51:00.000Z,ARRIVAL,29,WEATHER,GPS,false
TNT_001,DLY_TRP_0011424,TRP_0011424,2026-08-23T14:28:00.000Z,ARRIVAL,19,VEHICLE_ISSUE,GPS,false
TNT_001,DLY_TRP_0011425,TRP_0011425,2026-08-24T14:53:00.000Z,ARRIVAL,51,DRIVER_LATE,VENDOR,false
TNT_001,DLY_TRP_0011448,TRP_0011448,2026-06-18T10:37:00.000Z,ARRIVAL,48,TRAFFIC,OPS,false
TNT_003,DLY_TRP_0011460,TRP_0011460,2026-06-30T06:52:00.000Z,ARRIVAL,32,VEHICLE_ISSUE,GPS,false
TNT_001,DLY_TRP_0011479,TRP_0011479,2026-07-19T22:23:00.000Z,ARRIVAL,42,TRAFFIC,GPS,false
TNT_002,DLY_TRP_0011499,TRP_0011499,2026-08-08T15:03:00.000Z,ARRIVAL,46,ROUTE_DEVIATION,GPS,false
TNT_002,DLY_TRP_0011529,TRP_0011529,2026-06-09T09:54:00.000Z,ARRIVAL,40,ROUTE_DEVIATION,GPS,false
TNT_001,DLY_TRP_0011534,TRP_0011534,2026-06-14T07:02:00.000Z,ARRIVAL,57,TRAFFIC,GPS,false
TNT_002,DLY_TRP_0011538,TRP_0011538,2026-06-18T22:37:00.000Z,ARRIVAL,41,WEATHER,GPS,false
TNT_002,DLY_TRP_0011547,TRP_0011547,2026-06-27T09:05:00.000Z,ARRIVAL,20,TRAFFIC,GPS,false
TNT_003,DLY_TRP_0011557,TRP_0011557,2026-07-07T22:58:00.000Z,ARRIVAL,26,TRAFFIC,GPS,false
TNT_001,DLY_TRP_0011563,TRP_0011563,2026-07-13T10:28:00.000Z,ARRIVAL,40,DRIVER_LATE,VENDOR,false
TNT_003,DLY_TRP_0011573,TRP_0011573,2026-07-23T09:16:00.000Z,ARRIVAL,36,ROUTE_DEVIATION,OPS,false
TNT_001,DLY_TRP_0011575,TRP_0011575,2026-07-25T22:39:00.000Z,ARRIVAL,43,TRAFFIC,GPS,false
TNT_002,DLY_TRP_0011579,TRP_0011579,2026-07-29T09:06:00.000Z,ARRIVAL,25,TRAFFIC,VENDOR,false
TNT_002,DLY_TRP_0011588,TRP_0011588,2026-08-07T14:47:00.000Z,ARRIVAL,36,ROUTE_DEVIATION,GPS,false
TNT_003,DLY_TRP_0011592,TRP_0011592,2026-08-11T06:17:00.000Z,ARRIVAL,16,VEHICLE_ISSUE,OPS,false
TNT_003,DLY_TRP_0011601,TRP_0011601,2026-08-20T09:43:00.000Z,ARRIVAL,57,TRAFFIC,GPS,false
TNT_001,DLY_TRP_0011607,TRP_0011607,2026-08-26T09:17:00.000Z,ARRIVAL,30,TRAFFIC,GPS,false
TNT_003,DLY_TRP_0011614,TRP_0011614,2026-06-04T22:36:00.000Z,ARRIVAL,55,TRAFFIC,OPS,false
TNT_001,DLY_TRP_0011615,TRP_0011615,2026-06-05T09:53:00.000Z,ARRIVAL,54,WEATHER,GPS,false
TNT_001,DLY_TRP_0011628,TRP_0011628,2026-06-18T06:33:00.000Z,ARRIVAL,48,TRAFFIC,GPS,false
TNT_001,DLY_TRP_0011629,TRP_0011629,2026-06-19T06:54:00.000Z,ARRIVAL,31,DRIVER_LATE,VENDOR,false
TNT_002,DLY_TRP_0011632,TRP_0011632,2026-06-22T06:39:00.000Z,ARRIVAL,51,WEATHER,GPS,false
TNT_001,DLY_TRP_0011645,TRP_0011645,2026-07-05T10:01:00.000Z,ARRIVAL,33,TRAFFIC,GPS,false
TNT_001,DLY_TRP_0011652,TRP_0011652,2026-07-12T09:37:00.000Z,ARRIVAL,52,ROUTE_DEVIATION,VENDOR,false
TNT_002,DLY_TRP_0011656,TRP_0011656,2026-07-16T22:54:00.000Z,ARRIVAL,48,WEATHER,GPS,false
TNT_002,DLY_TRP_0011697,TRP_0011697,2026-08-26T06:22:00.000Z,ARRIVAL,11,TRAFFIC,GPS,false
TNT_001,DLY_TRP_0011702,TRP_0011702,2026-06-02T22:36:00.000Z,ARRIVAL,20,DRIVER_LATE,GPS,false
TNT_002,DLY_TRP_0011710,TRP_0011710,2026-06-10T09:33:00.000Z,ARRIVAL,30,ROUTE_DEVIATION,VENDOR,false
TNT_001,DLY_TRP_0011726,TRP_0011726,2026-06-26T09:49:00.000Z,ARRIVAL,45,DRIVER_LATE,GPS,false
TNT_001,DLY_TRP_0011727,TRP_0011727,2026-06-27T09:59:00.000Z,ARRIVAL,21,ROUTE_DEVIATION,OPS,false
TNT_001,DLY_TRP_0011730,TRP_0011730,2026-06-30T14:06:00.000Z,ARRIVAL,13,DRIVER_LATE,OPS,false
TNT_001,DLY_TRP_0011741,TRP_0011741,2026-07-11T23:02:00.000Z,ARRIVAL,41,DRIVER_LATE,VENDOR,false
TNT_001,DLY_TRP_0011743,TRP_0011743,2026-07-13T14:53:00.000Z,ARRIVAL,31,TRAFFIC,GPS,false
TNT_001,DLY_TRP_0011745,TRP_0011745,2026-07-15T09:43:00.000Z,ARRIVAL,12,DRIVER_LATE,VENDOR,false
TNT_001,DLY_TRP_0011746,TRP_0011746,2026-07-16T09:15:00.000Z,ARRIVAL,30,DRIVER_LATE,VENDOR,false
TNT_002,DLY_TRP_0011748,TRP_0011748,2026-07-18T09:24:00.000Z,ARRIVAL,40,WEATHER,GPS,false
TNT_001,DLY_TRP_0011757,TRP_0011757,2026-07-27T09:48:00.000Z,ARRIVAL,30,WEATHER,GPS,false
TNT_001,DLY_TRP_0011761,TRP_0011761,2026-07-31T07:00:00.000Z,ARRIVAL,35,DRIVER_LATE,GPS,false
TNT_002,DLY_TRP_0011772,TRP_0011772,2026-08-11T09:24:00.000Z,ARRIVAL,18,ROUTE_DEVIATION,GPS,false
TNT_001,DLY_TRP_0011773,TRP_0011773,2026-08-12T09:53:00.000Z,ARRIVAL,47,DRIVER_LATE,GPS,false
TNT_001,DLY_TRP_0011779,TRP_0011779,2026-08-18T14:55:00.000Z,ARRIVAL,27,WEATHER,GPS,false
TNT_002,DLY_TRP_0011783,TRP_0011783,2026-08-22T09:17:00.000Z,ARRIVAL,18,ROUTE_DEVIATION,GPS,false
TNT_001,DLY_TRP_0011785,TRP_0011785,2026-08-24T22:51:00.000Z,ARRIVAL,42,ROUTE_DEVIATION,VENDOR,false
TNT_002,DLY_TRP_0011787,TRP_0011787,2026-08-26T14:28:00.000Z,ARRIVAL,50,WEATHER,GPS,false
TNT_001,DLY_TRP_0011807,TRP_0011807,2026-06-17T06:24:00.000Z,ARRIVAL,23,TRAFFIC,GPS,false
TNT_001,DLY_TRP_0011810,TRP_0011810,2026-06-20T07:10:00.000Z,ARRIVAL,55,TRAFFIC,OPS,false
TNT_001,DLY_TRP_0011812,TRP_0011812,2026-06-22T14:32:00.000Z,ARRIVAL,17,ROUTE_DEVIATION,GPS,false
TNT_001,DLY_TRP_0011824,TRP_0011824,2026-07-04T09:32:00.000Z,ARRIVAL,32,WEATHER,OPS,false
TNT_001,DLY_TRP_0011828,TRP_0011828,2026-07-08T22:23:00.000Z,ARRIVAL,14,WEATHER,VENDOR,false
TNT_003,DLY_TRP_0011850,TRP_0011850,2026-07-30T15:06:00.000Z,ARRIVAL,47,VEHICLE_ISSUE,GPS,false
TNT_003,DLY_TRP_0011851,TRP_0011851,2026-07-31T10:19:00.000Z,ARRIVAL,46,TRAFFIC,VENDOR,false
TNT_001,DLY_TRP_0011853,TRP_0011853,2026-08-02T09:32:00.000Z,ARRIVAL,12,VEHICLE_ISSUE,GPS,false
TNT_001,DLY_TRP_0011855,TRP_0011855,2026-08-04T09:57:00.000Z,ARRIVAL,44,DRIVER_LATE,GPS,false
TNT_003,DLY_TRP_0011857,TRP_0011857,2026-08-06T09:52:00.000Z,ARRIVAL,52,WEATHER,GPS,false
TNT_001,DLY_TRP_0011861,TRP_0011861,2026-08-10T09:53:00.000Z,ARRIVAL,49,TRAFFIC,VENDOR,false
TNT_001,DLY_TRP_0011869,TRP_0011869,2026-08-18T14:38:00.000Z,ARRIVAL,22,DRIVER_LATE,GPS,false
TNT_003,DLY_TRP_0011884,TRP_0011884,2026-06-04T08:54:00.000Z,ARRIVAL,11,VEHICLE_ISSUE,GPS,false
TNT_001,DLY_TRP_0011885,TRP_0011885,2026-06-05T09:24:00.000Z,ARRIVAL,51,TRAFFIC,OPS,false
TNT_001,DLY_TRP_0011888,TRP_0011888,2026-06-08T22:22:00.000Z,ARRIVAL,20,WEATHER,OPS,false
TNT_001,DLY_TRP_0011892,TRP_0011892,2026-06-12T15:03:00.000Z,ARRIVAL,16,TRAFFIC,GPS,false
TNT_001,DLY_TRP_0011895,TRP_0011895,2026-06-15T10:24:00.000Z,ARRIVAL,55,TRAFFIC,GPS,false
TNT_003,DLY_TRP_0011916,TRP_0011916,2026-07-06T06:25:00.000Z,ARRIVAL,30,DRIVER_LATE,OPS,false
TNT_001,DLY_TRP_0011917,TRP_0011917,2026-07-07T08:55:00.000Z,ARRIVAL,11,DRIVER_LATE,GPS,false
TNT_002,DLY_TRP_0011938,TRP_0011938,2026-07-28T14:46:00.000Z,ARRIVAL,51,WEATHER,VENDOR,false
TNT_001,DLY_TRP_0011949,TRP_0011949,2026-08-08T07:22:00.000Z,ARRIVAL,37,VEHICLE_ISSUE,GPS,false
TNT_001,DLY_TRP_0011951,TRP_0011951,2026-08-10T15:10:00.000Z,ARRIVAL,39,TRAFFIC,GPS,false
TNT_001,DLY_TRP_0011971,TRP_0011971,2026-06-01T14:33:00.000Z,ARRIVAL,29,DRIVER_LATE,GPS,false
TNT_002,DLY_TRP_0011978,TRP_0011978,2026-06-08T09:54:00.000Z,ARRIVAL,42,VEHICLE_ISSUE,GPS,false
TNT_001,DLY_TRP_0011981,TRP_0011981,2026-06-11T09:44:00.000Z,ARRIVAL,32,TRAFFIC,OPS,false
TNT_003,DLY_TRP_0011984,TRP_0011984,2026-06-14T09:57:00.000Z,ARRIVAL,35,TRAFFIC,OPS,false
TNT_002,DLY_TRP_0011989,TRP_0011989,2026-06-19T09:16:00.000Z,ARRIVAL,43,TRAFFIC,GPS,false
TNT_003,DLY_TRP_0011993,TRP_0011993,2026-06-23T22:48:00.000Z,ARRIVAL,18,WEATHER,GPS,false
TNT_001,DLY_TRP_0011996,TRP_0011996,2026-06-26T06:06:00.000Z,ARRIVAL,34,WEATHER,GPS,false
TNT_003,DLY_TRP_0012007,TRP_0012007,2026-07-07T14:42:00.000Z,ARRIVAL,50,DRIVER_LATE,GPS,false
TNT_001,DLY_TRP_0012013,TRP_0012013,2026-07-13T07:36:00.000Z,ARRIVAL,39,WEATHER,GPS,false
TNT_002,DLY_TRP_0012028,TRP_0012028,2026-07-28T10:06:00.000Z,ARRIVAL,46,DRIVER_LATE,GPS,false
TNT_001,DLY_TRP_0012034,TRP_0012034,2026-08-03T09:41:00.000Z,ARRIVAL,55,TRAFFIC,GPS,false
TNT_003,DLY_TRP_0012035,TRP_0012035,2026-08-04T06:44:00.000Z,ARRIVAL,48,WEATHER,GPS,false
TNT_001,DLY_TRP_0012040,TRP_0012040,2026-08-09T15:12:00.000Z,ARRIVAL,58,DRIVER_LATE,GPS,false
TNT_001,DLY_TRP_0012052,TRP_0012052,2026-08-21T10:09:00.000Z,ARRIVAL,39,WEATHER,GPS,false
TNT_002,DLY_TRP_0012057,TRP_0012057,2026-08-26T14:12:00.000Z,ARRIVAL,36,DRIVER_LATE,GPS,false
TNT_001,DLY_TRP_0012062,TRP_0012062,2026-06-02T06:33:00.000Z,ARRIVAL,47,TRAFFIC,GPS,false
TNT_002,DLY_TRP_0012065,TRP_0012065,2026-06-05T10:02:00.000Z,ARRIVAL,56,TRAFFIC,GPS,false
TNT_001,DLY_TRP_0012083,TRP_0012083,2026-06-23T06:47:00.000Z,ARRIVAL,43,WEATHER,VENDOR,false
TNT_001,DLY_TRP_0012092,TRP_0012092,2026-07-02T07:24:00.000Z,ARRIVAL,55,WEATHER,VENDOR,false
TNT_001,DLY_TRP_0012097,TRP_0012097,2026-07-07T09:53:00.000Z,ARRIVAL,51,WEATHER,OPS,false
TNT_003,DLY_TRP_0012103,TRP_0012103,2026-07-13T22:55:00.000Z,ARRIVAL,18,ROUTE_DEVIATION,OPS,false
TNT_001,DLY_TRP_0012119,TRP_0012119,2026-07-29T10:25:00.000Z,ARRIVAL,54,DRIVER_LATE,OPS,false
TNT_001,DLY_TRP_0012120,TRP_0012120,2026-07-30T07:22:00.000Z,ARRIVAL,53,TRAFFIC,GPS,false
TNT_001,DLY_TRP_0012122,TRP_0012122,2026-08-01T22:32:00.000Z,ARRIVAL,39,ROUTE_DEVIATION,GPS,false
TNT_001,DLY_TRP_0012131,TRP_0012131,2026-08-10T10:04:00.000Z,ARRIVAL,43,WEATHER,VENDOR,false
TNT_002,DLY_TRP_0012144,TRP_0012144,2026-08-23T08:57:00.000Z,ARRIVAL,32,WEATHER,OPS,false
TNT_002,DLY_TRP_0012145,TRP_0012145,2026-08-24T14:57:00.000Z,ARRIVAL,56,WEATHER,GPS,false
TNT_001,DLY_TRP_0012147,TRP_0012147,2026-08-26T23:04:00.000Z,ARRIVAL,40,DRIVER_LATE,GPS,false
TNT_001,DLY_TRP_0012149,TRP_0012149,2026-08-28T06:33:00.000Z,ARRIVAL,38,WEATHER,GPS,false
TNT_002,DLY_TRP_0012157,TRP_0012157,2026-06-07T09:14:00.000Z,ARRIVAL,25,VEHICLE_ISSUE,GPS,true
TNT_001,DLY_TRP_0012171,TRP_0012171,2026-06-21T06:17:00.000Z,ARRIVAL,32,ROUTE_DEVIATION,VENDOR,false
TNT_001,DLY_TRP_0012174,TRP_0012174,2026-06-24T22:18:00.000Z,ARRIVAL,24,TRAFFIC,GPS,false
TNT_001,DLY_TRP_0012176,TRP_0012176,2026-06-26T22:48:00.000Z,ARRIVAL,49,ROUTE_DEVIATION,OPS,false
TNT_001,DLY_TRP_0012186,TRP_0012186,2026-07-06T10:11:00.000Z,ARRIVAL,30,VEHICLE_ISSUE,OPS,false
TNT_001,DLY_TRP_0012190,TRP_0012190,2026-07-10T10:06:00.000Z,ARRIVAL,48,ROUTE_DEVIATION,OPS,false
TNT_002,DLY_TRP_0012197,TRP_0012197,2026-07-17T09:21:00.000Z,ARRIVAL,11,TRAFFIC,GPS,false
TNT_003,DLY_TRP_0012198,TRP_0012198,2026-07-18T10:09:00.000Z,ARRIVAL,43,ROUTE_DEVIATION,VENDOR,false
TNT_002,DLY_TRP_0012202,TRP_0012202,2026-07-22T22:50:00.000Z,ARRIVAL,13,TRAFFIC,OPS,false
TNT_001,DLY_TRP_0012208,TRP_0012208,2026-07-28T09:33:00.000Z,ARRIVAL,14,TRAFFIC,GPS,false
TNT_003,DLY_TRP_0012213,TRP_0012213,2026-08-02T09:55:00.000Z,ARRIVAL,46,TRAFFIC,GPS,false
TNT_001,DLY_TRP_0012222,TRP_0012222,2026-08-11T15:10:00.000Z,ARRIVAL,56,TRAFFIC,GPS,false
TNT_002,DLY_TRP_0012233,TRP_0012233,2026-08-22T06:11:00.000Z,ARRIVAL,29,TRAFFIC,GPS,false
TNT_001,DLY_TRP_0012234,TRP_0012234,2026-08-23T21:57:00.000Z,ARRIVAL,27,DRIVER_LATE,GPS,false
TNT_001,DLY_TRP_0012236,TRP_0012236,2026-08-25T22:50:00.000Z,ARRIVAL,27,DRIVER_LATE,GPS,false
TNT_001,DLY_TRP_0012240,TRP_0012240,2026-08-29T22:07:00.000Z,ARRIVAL,28,ROUTE_DEVIATION,GPS,false
TNT_001,DLY_TRP_0012243,TRP_0012243,2026-06-03T07:09:00.000Z,ARRIVAL,51,TRAFFIC,VENDOR,false
TNT_001,DLY_TRP_0012245,TRP_0012245,2026-06-05T06:26:00.000Z,ARRIVAL,14,TRAFFIC,GPS,false
TNT_001,DLY_TRP_0012247,TRP_0012247,2026-06-07T09:29:00.000Z,ARRIVAL,57,VEHICLE_ISSUE,GPS,false
TNT_001,DLY_TRP_0012253,TRP_0012253,2026-06-13T09:19:00.000Z,ARRIVAL,23,ROUTE_DEVIATION,GPS,false
TNT_002,DLY_TRP_0012255,TRP_0012255,2026-06-15T08:56:00.000Z,ARRIVAL,25,DRIVER_LATE,GPS,false
TNT_002,DLY_TRP_0012277,TRP_0012277,2026-07-07T09:34:00.000Z,ARRIVAL,24,DRIVER_LATE,GPS,false
TNT_001,DLY_TRP_0012284,TRP_0012284,2026-07-14T14:31:00.000Z,ARRIVAL,19,TRAFFIC,GPS,false
TNT_001,DLY_TRP_0012289,TRP_0012289,2026-07-19T10:22:00.000Z,ARRIVAL,48,TRAFFIC,OPS,false
TNT_001,DLY_TRP_0012296,TRP_0012296,2026-07-26T06:42:00.000Z,ARRIVAL,16,ROUTE_DEVIATION,GPS,false
TNT_001,DLY_TRP_0012308,TRP_0012308,2026-08-07T22:31:00.000Z,ARRIVAL,22,TRAFFIC,GPS,true
TNT_003,DLY_TRP_0012322,TRP_0012322,2026-08-21T07:20:00.000Z,ARRIVAL,53,TRAFFIC,GPS,false
TNT_001,DLY_TRP_0012323,TRP_0012323,2026-08-22T15:28:00.000Z,ARRIVAL,53,ROUTE_DEVIATION,GPS,false
TNT_003,DLY_TRP_0012327,TRP_0012327,2026-08-26T14:58:00.000Z,ARRIVAL,41,ROUTE_DEVIATION,GPS,false
TNT_001,DLY_TRP_0012329,TRP_0012329,2026-08-28T22:47:00.000Z,ARRIVAL,25,DRIVER_LATE,GPS,false
TNT_001,DLY_TRP_0012341,TRP_0012341,2026-06-11T09:13:00.000Z,ARRIVAL,28,ROUTE_DEVIATION,OPS,false
TNT_002,DLY_TRP_0012344,TRP_0012344,2026-06-14T22:25:00.000Z,ARRIVAL,21,TRAFFIC,GPS,false
TNT_002,DLY_TRP_0012355,TRP_0012355,2026-06-25T06:24:00.000Z,ARRIVAL,46,ROUTE_DEVIATION,GPS,false
TNT_001,DLY_TRP_0012366,TRP_0012366,2026-07-06T13:59:00.000Z,ARRIVAL,26,DRIVER_LATE,GPS,false
TNT_001,DLY_TRP_0012379,TRP_0012379,2026-07-19T10:16:00.000Z,ARRIVAL,53,TRAFFIC,GPS,false
TNT_002,DLY_TRP_0012382,TRP_0012382,2026-07-22T22:40:00.000Z,ARRIVAL,34,VEHICLE_ISSUE,OPS,false
TNT_001,DLY_TRP_0012384,TRP_0012384,2026-07-24T14:41:00.000Z,ARRIVAL,47,TRAFFIC,GPS,false
TNT_002,DLY_TRP_0012387,TRP_0012387,2026-07-27T09:21:00.000Z,ARRIVAL,11,ROUTE_DEVIATION,GPS,false
TNT_001,DLY_TRP_0012394,TRP_0012394,2026-08-03T22:21:00.000Z,ARRIVAL,18,DRIVER_LATE,GPS,false
TNT_001,DLY_TRP_0012402,TRP_0012402,2026-08-11T14:31:00.000Z,ARRIVAL,33,WEATHER,GPS,false
TNT_001,DLY_TRP_0012406,TRP_0012406,2026-08-15T22:52:00.000Z,ARRIVAL,54,ROUTE_DEVIATION,GPS,false
TNT_001,DLY_TRP_0012408,TRP_0012408,2026-08-17T22:39:00.000Z,ARRIVAL,25,DRIVER_LATE,GPS,false
TNT_001,DLY_TRP_0012416,TRP_0012416,2026-08-25T22:42:00.000Z,ARRIVAL,23,TRAFFIC,GPS,false
TNT_001,DLY_TRP_0012419,TRP_0012419,2026-08-28T22:54:00.000Z,ARRIVAL,43,TRAFFIC,VENDOR,false
TNT_001,DLY_TRP_0012420,TRP_0012420,2026-08-29T22:48:00.000Z,ARRIVAL,35,ROUTE_DEVIATION,GPS,false
TNT_003,DLY_TRP_0012426,TRP_0012426,2026-06-06T23:03:00.000Z,ARRIVAL,55,VEHICLE_ISSUE,GPS,false
TNT_003,DLY_TRP_0012431,TRP_0012431,2026-06-11T14:29:00.000Z,ARRIVAL,23,ROUTE_DEVIATION,GPS,false
TNT_002,DLY_TRP_0012440,TRP_0012440,2026-06-20T09:09:00.000Z,ARRIVAL,35,ROUTE_DEVIATION,GPS,false
TNT_001,DLY_TRP_0012441,TRP_0012441,2026-06-21T23:16:00.000Z,ARRIVAL,47,VEHICLE_ISSUE,OPS,false
TNT_002,DLY_TRP_0012448,TRP_0012448,2026-06-28T09:05:00.000Z,ARRIVAL,13,DRIVER_LATE,GPS,false
TNT_003,DLY_TRP_0012451,TRP_0012451,2026-07-01T14:33:00.000Z,ARRIVAL,37,TRAFFIC,VENDOR,false
TNT_001,DLY_TRP_0012456,TRP_0012456,2026-07-06T06:12:00.000Z,ARRIVAL,18,WEATHER,GPS,false
TNT_002,DLY_TRP_0012460,TRP_0012460,2026-07-10T06:39:00.000Z,ARRIVAL,47,DRIVER_LATE,GPS,false
TNT_003,DLY_TRP_0012465,TRP_0012465,2026-07-15T06:25:00.000Z,ARRIVAL,33,VEHICLE_ISSUE,OPS,false
TNT_003,DLY_TRP_0012467,TRP_0012467,2026-07-17T09:21:00.000Z,ARRIVAL,28,TRAFFIC,GPS,false
TNT_002,DLY_TRP_0012468,TRP_0012468,2026-07-18T22:47:00.000Z,ARRIVAL,16,DRIVER_LATE,VENDOR,false
TNT_001,DLY_TRP_0012475,TRP_0012475,2026-07-25T10:20:00.000Z,ARRIVAL,48,ROUTE_DEVIATION,GPS,false
TNT_001,DLY_TRP_0012479,TRP_0012479,2026-07-29T22:49:00.000Z,ARRIVAL,41,TRAFFIC,GPS,false
TNT_003,DLY_TRP_0012480,TRP_0012480,2026-07-30T09:37:00.000Z,ARRIVAL,24,ROUTE_DEVIATION,GPS,false
TNT_001,DLY_TRP_0012515,TRP_0012515,2026-06-05T10:08:00.000Z,ARRIVAL,57,WEATHER,GPS,false
TNT_002,DLY_TRP_0012521,TRP_0012521,2026-06-11T14:00:00.000Z,ARRIVAL,23,TRAFFIC,GPS,false
TNT_001,DLY_TRP_0012529,TRP_0012529,2026-06-19T09:47:00.000Z,ARRIVAL,13,TRAFFIC,OPS,false
TNT_002,DLY_TRP_0012532,TRP_0012532,2026-06-22T06:40:00.000Z,ARRIVAL,39,WEATHER,OPS,false
TNT_001,DLY_TRP_0012533,TRP_0012533,2026-06-23T09:17:00.000Z,ARRIVAL,29,ROUTE_DEVIATION,GPS,false
TNT_002,DLY_TRP_0012534,TRP_0012534,2026-06-24T14:28:00.000Z,ARRIVAL,46,TRAFFIC,GPS,false
TNT_002,DLY_TRP_0012536,TRP_0012536,2026-06-26T10:18:00.000Z,ARRIVAL,53,WEATHER,GPS,false
TNT_002,DLY_TRP_0012542,TRP_0012542,2026-07-02T21:52:00.000Z,ARRIVAL,32,WEATHER,GPS,false
TNT_001,DLY_TRP_0012551,TRP_0012551,2026-07-11T09:11:00.000Z,ARRIVAL,15,TRAFFIC,GPS,false
TNT_001,DLY_TRP_0012554,TRP_0012554,2026-07-14T09:46:00.000Z,ARRIVAL,46,TRAFFIC,GPS,false
TNT_001,DLY_TRP_0012556,TRP_0012556,2026-07-16T15:13:00.000Z,ARRIVAL,47,VEHICLE_ISSUE,VENDOR,false
TNT_001,DLY_TRP_0012558,TRP_0012558,2026-07-18T06:43:00.000Z,ARRIVAL,38,WEATHER,GPS,false
TNT_002,DLY_TRP_0012567,TRP_0012567,2026-07-27T14:35:00.000Z,ARRIVAL,36,ROUTE_DEVIATION,GPS,false
TNT_001,DLY_TRP_0012569,TRP_0012569,2026-07-29T09:05:00.000Z,ARRIVAL,14,TRAFFIC,VENDOR,false
TNT_001,DLY_TRP_0012579,TRP_0012579,2026-08-08T22:00:00.000Z,ARRIVAL,11,WEATHER,GPS,false
TNT_001,DLY_TRP_0012592,TRP_0012592,2026-08-21T22:19:00.000Z,ARRIVAL,31,DRIVER_LATE,GPS,false
TNT_001,DLY_TRP_0012595,TRP_0012595,2026-08-24T09:08:00.000Z,ARRIVAL,20,VEHICLE_ISSUE,OPS,false
TNT_001,DLY_TRP_0012600,TRP_0012600,2026-08-29T09:55:00.000Z,ARRIVAL,17,WEATHER,VENDOR,false
TNT_002,DLY_TRP_0012602,TRP_0012602,2026-06-02T06:40:00.000Z,ARRIVAL,30,TRAFFIC,VENDOR,false
TNT_002,DLY_TRP_0012612,TRP_0012612,2026-06-12T06:45:00.000Z,ARRIVAL,45,ROUTE_DEVIATION,GPS,false
TNT_001,DLY_TRP_0012625,TRP_0012625,2026-06-25T09:51:00.000Z,ARRIVAL,15,TRAFFIC,GPS,false
TNT_002,DLY_TRP_0012628,TRP_0012628,2026-06-28T22:32:00.000Z,ARRIVAL,44,WEATHER,VENDOR,false
TNT_001,DLY_TRP_0012642,TRP_0012642,2026-07-12T14:51:00.000Z,ARRIVAL,37,TRAFFIC,VENDOR,false
TNT_001,DLY_TRP_0012665,TRP_0012665,2026-08-04T09:31:00.000Z,ARRIVAL,24,WEATHER,GPS,false
TNT_002,DLY_TRP_0012668,TRP_0012668,2026-08-07T06:49:00.000Z,ARRIVAL,40,VEHICLE_ISSUE,VENDOR,false
TNT_001,DLY_TRP_0012669,TRP_0012669,2026-08-08T22:48:00.000Z,ARRIVAL,26,TRAFFIC,GPS,false
TNT_002,DLY_TRP_0012680,TRP_0012680,2026-08-19T09:23:00.000Z,ARRIVAL,43,WEATHER,VENDOR,false
TNT_001,DLY_TRP_0012687,TRP_0012687,2026-08-26T09:43:00.000Z,ARRIVAL,17,TRAFFIC,GPS,false
TNT_001,DLY_TRP_0012703,TRP_0012703,2026-06-13T09:31:00.000Z,ARRIVAL,39,WEATHER,VENDOR,false
TNT_002,DLY_TRP_0012735,TRP_0012735,2026-07-15T14:57:00.000Z,ARRIVAL,48,VEHICLE_ISSUE,VENDOR,false
TNT_001,DLY_TRP_0012745,TRP_0012745,2026-07-25T10:16:00.000Z,ARRIVAL,31,WEATHER,VENDOR,false
TNT_001,DLY_TRP_0012754,TRP_0012754,2026-08-03T14:49:00.000Z,ARRIVAL,32,DRIVER_LATE,GPS,false
TNT_001,DLY_TRP_0012756,TRP_0012756,2026-08-05T23:20:00.000Z,ARRIVAL,49,TRAFFIC,GPS,false
TNT_002,DLY_TRP_0012762,TRP_0012762,2026-08-11T07:28:00.000Z,ARRIVAL,44,TRAFFIC,OPS,false
TNT_002,DLY_TRP_0012765,TRP_0012765,2026-08-14T09:40:00.000Z,ARRIVAL,38,TRAFFIC,VENDOR,false
TNT_002,DLY_TRP_0012783,TRP_0012783,2026-06-03T06:33:00.000Z,ARRIVAL,36,WEATHER,OPS,false
TNT_001,DLY_TRP_0012798,TRP_0012798,2026-06-18T09:29:00.000Z,ARRIVAL,18,WEATHER,GPS,false
TNT_003,DLY_TRP_0012809,TRP_0012809,2026-06-29T13:56:00.000Z,ARRIVAL,15,WEATHER,GPS,false
TNT_001,DLY_TRP_0012818,TRP_0012818,2026-07-08T06:42:00.000Z,ARRIVAL,42,DRIVER_LATE,GPS,false
TNT_001,DLY_TRP_0012822,TRP_0012822,2026-07-12T09:03:00.000Z,ARRIVAL,30,DRIVER_LATE,GPS,false
TNT_002,DLY_TRP_0012838,TRP_0012838,2026-07-28T22:13:00.000Z,ARRIVAL,45,TRAFFIC,GPS,false
TNT_003,DLY_TRP_0012840,TRP_0012840,2026-07-30T09:40:00.000Z,ARRIVAL,34,DRIVER_LATE,GPS,false
TNT_002,DLY_TRP_0012846,TRP_0012846,2026-08-05T06:40:00.000Z,ARRIVAL,46,TRAFFIC,VENDOR,false
TNT_001,DLY_TRP_0012859,TRP_0012859,2026-08-18T22:29:00.000Z,ARRIVAL,27,DRIVER_LATE,GPS,false
TNT_003,DLY_TRP_0012863,TRP_0012863,2026-08-22T14:29:00.000Z,ARRIVAL,11,DRIVER_LATE,GPS,false
TNT_001,DLY_TRP_0012864,TRP_0012864,2026-08-23T09:19:00.000Z,ARRIVAL,27,TRAFFIC,VENDOR,false
TNT_001,DLY_TRP_0012874,TRP_0012874,2026-06-04T06:24:00.000Z,ARRIVAL,17,DRIVER_LATE,VENDOR,false
TNT_001,DLY_TRP_0012875,TRP_0012875,2026-06-05T15:19:00.000Z,ARRIVAL,52,TRAFFIC,VENDOR,false
TNT_002,DLY_TRP_0012876,TRP_0012876,2026-06-06T09:56:00.000Z,ARRIVAL,50,TRAFFIC,GPS,false
TNT_001,DLY_TRP_0012881,TRP_0012881,2026-06-11T09:35:00.000Z,ARRIVAL,57,TRAFFIC,GPS,false
TNT_001,DLY_TRP_0012886,TRP_0012886,2026-06-16T15:56:00.000Z,ARRIVAL,51,TRAFFIC,OPS,false
TNT_001,DLY_TRP_0012896,TRP_0012896,2026-06-26T22:56:00.000Z,ARRIVAL,50,WEATHER,GPS,false
TNT_003,DLY_TRP_0012908,TRP_0012908,2026-07-08T07:38:00.000Z,ARRIVAL,43,WEATHER,GPS,false
TNT_001,DLY_TRP_0012910,TRP_0012910,2026-07-10T22:30:00.000Z,ARRIVAL,30,ROUTE_DEVIATION,GPS,false
TNT_002,DLY_TRP_0012913,TRP_0012913,2026-07-13T09:51:00.000Z,ARRIVAL,40,ROUTE_DEVIATION,VENDOR,false
TNT_003,DLY_TRP_0012918,TRP_0012918,2026-07-18T22:29:00.000Z,ARRIVAL,51,TRAFFIC,VENDOR,false
TNT_002,DLY_TRP_0012920,TRP_0012920,2026-07-20T05:52:00.000Z,ARRIVAL,23,TRAFFIC,VENDOR,false
TNT_003,DLY_TRP_0012922,TRP_0012922,2026-07-22T09:54:00.000Z,ARRIVAL,22,DRIVER_LATE,GPS,false
TNT_001,DLY_TRP_0012933,TRP_0012933,2026-08-02T09:15:00.000Z,ARRIVAL,51,WEATHER,GPS,false
TNT_001,DLY_TRP_0012951,TRP_0012951,2026-08-20T06:13:00.000Z,ARRIVAL,28,ROUTE_DEVIATION,GPS,false
TNT_002,DLY_TRP_0012956,TRP_0012956,2026-08-25T08:48:00.000Z,ARRIVAL,12,TRAFFIC,GPS,false
TNT_001,DLY_TRP_0012960,TRP_0012960,2026-08-29T21:55:00.000Z,ARRIVAL,22,VEHICLE_ISSUE,OPS,false
TNT_001,DLY_TRP_0012966,TRP_0012966,2026-06-06T09:41:00.000Z,ARRIVAL,20,DRIVER_LATE,GPS,false
TNT_001,DLY_TRP_0012971,TRP_0012971,2026-06-11T22:49:00.000Z,ARRIVAL,16,DRIVER_LATE,GPS,false
TNT_001,DLY_TRP_0012973,TRP_0012973,2026-06-13T06:41:00.000Z,ARRIVAL,29,ROUTE_DEVIATION,GPS,false
TNT_001,DLY_TRP_0012989,TRP_0012989,2026-06-29T14:56:00.000Z,ARRIVAL,34,TRAFFIC,GPS,false
TNT_002,DLY_TRP_0012990,TRP_0012990,2026-06-30T10:12:00.000Z,ARRIVAL,49,TRAFFIC,VENDOR,false
TNT_002,DLY_TRP_0012997,TRP_0012997,2026-07-07T06:09:00.000Z,ARRIVAL,24,WEATHER,GPS,false
TNT_001,DLY_TRP_0013011,TRP_0013011,2026-07-21T09:05:00.000Z,ARRIVAL,13,TRAFFIC,OPS,false
TNT_001,DLY_TRP_0013032,TRP_0013032,2026-08-11T06:51:00.000Z,ARRIVAL,28,WEATHER,OPS,false
TNT_001,DLY_TRP_0013057,TRP_0013057,2026-06-07T14:09:00.000Z,ARRIVAL,12,WEATHER,GPS,false
TNT_002,DLY_TRP_0013063,TRP_0013063,2026-06-13T06:24:00.000Z,ARRIVAL,13,TRAFFIC,VENDOR,false
TNT_001,DLY_TRP_0013065,TRP_0013065,2026-06-15T22:32:00.000Z,ARRIVAL,56,WEATHER,GPS,false
TNT_001,DLY_TRP_0013089,TRP_0013089,2026-07-09T22:58:00.000Z,ARRIVAL,28,TRAFFIC,OPS,false
TNT_001,DLY_TRP_0013095,TRP_0013095,2026-07-15T09:47:00.000Z,ARRIVAL,45,WEATHER,OPS,false
TNT_003,DLY_TRP_0013098,TRP_0013098,2026-07-18T14:37:00.000Z,ARRIVAL,24,WEATHER,GPS,false
TNT_003,DLY_TRP_0013117,TRP_0013117,2026-08-06T09:43:00.000Z,ARRIVAL,15,TRAFFIC,GPS,false
TNT_002,DLY_TRP_0013119,TRP_0013119,2026-08-08T09:55:00.000Z,ARRIVAL,32,ROUTE_DEVIATION,GPS,false
TNT_003,DLY_TRP_0013127,TRP_0013127,2026-08-16T10:13:00.000Z,ARRIVAL,42,WEATHER,GPS,false
TNT_001,DLY_TRP_0013130,TRP_0013130,2026-08-19T06:54:00.000Z,ARRIVAL,40,VEHICLE_ISSUE,GPS,false
TNT_002,DLY_TRP_0013133,TRP_0013133,2026-08-22T08:53:00.000Z,ARRIVAL,17,ROUTE_DEVIATION,GPS,false
TNT_003,DLY_TRP_0013135,TRP_0013135,2026-08-24T09:56:00.000Z,ARRIVAL,44,DRIVER_LATE,OPS,false
TNT_002,DLY_TRP_0013150,TRP_0013150,2026-06-10T06:57:00.000Z,ARRIVAL,48,TRAFFIC,GPS,false
TNT_002,DLY_TRP_0013156,TRP_0013156,2026-06-16T07:04:00.000Z,ARRIVAL,26,VEHICLE_ISSUE,GPS,false
TNT_002,DLY_TRP_0013164,TRP_0013164,2026-06-24T23:32:00.000Z,ARRIVAL,29,TRAFFIC,OPS,false
TNT_001,DLY_TRP_0013168,TRP_0013168,2026-06-28T06:03:00.000Z,ARRIVAL,17,WEATHER,OPS,false
TNT_001,DLY_TRP_0013169,TRP_0013169,2026-06-29T06:53:00.000Z,ARRIVAL,25,ROUTE_DEVIATION,OPS,false
TNT_002,DLY_TRP_0013176,TRP_0013176,2026-07-06T14:05:00.000Z,ARRIVAL,12,DRIVER_LATE,VENDOR,false
TNT_003,DLY_TRP_0013186,TRP_0013186,2026-07-16T06:33:00.000Z,ARRIVAL,31,TRAFFIC,GPS,false
TNT_002,DLY_TRP_0013191,TRP_0013191,2026-07-21T22:39:00.000Z,ARRIVAL,42,VEHICLE_ISSUE,GPS,false
TNT_001,DLY_TRP_0013197,TRP_0013197,2026-07-27T14:45:00.000Z,ARRIVAL,13,WEATHER,VENDOR,true
TNT_002,DLY_TRP_0013200,TRP_0013200,2026-07-30T15:20:00.000Z,ARRIVAL,57,ROUTE_DEVIATION,GPS,false
TNT_002,DLY_TRP_0013201,TRP_0013201,2026-07-31T06:15:00.000Z,ARRIVAL,41,TRAFFIC,GPS,false
TNT_001,DLY_TRP_0013203,TRP_0013203,2026-08-02T14:31:00.000Z,ARRIVAL,39,DRIVER_LATE,OPS,false
TNT_001,DLY_TRP_0013206,TRP_0013206,2026-08-05T14:53:00.000Z,ARRIVAL,32,TRAFFIC,VENDOR,false
TNT_001,DLY_TRP_0013208,TRP_0013208,2026-08-07T14:04:00.000Z,ARRIVAL,28,ROUTE_DEVIATION,VENDOR,false
TNT_001,DLY_TRP_0013215,TRP_0013215,2026-08-14T07:04:00.000Z,ARRIVAL,56,TRAFFIC,VENDOR,false
TNT_001,DLY_TRP_0013218,TRP_0013218,2026-08-17T09:42:00.000Z,ARRIVAL,25,WEATHER,OPS,false
TNT_001,DLY_TRP_0013220,TRP_0013220,2026-08-19T22:50:00.000Z,ARRIVAL,55,DRIVER_LATE,OPS,false
TNT_001,DLY_TRP_0013221,TRP_0013221,2026-08-20T14:40:00.000Z,ARRIVAL,19,ROUTE_DEVIATION,GPS,false
TNT_003,DLY_TRP_0013239,TRP_0013239,2026-06-09T10:01:00.000Z,ARRIVAL,20,WEATHER,VENDOR,false
TNT_002,DLY_TRP_0013251,TRP_0013251,2026-06-21T06:55:00.000Z,ARRIVAL,52,TRAFFIC,VENDOR,false
TNT_002,DLY_TRP_0013255,TRP_0013255,2026-06-25T09:49:00.000Z,ARRIVAL,48,WEATHER,VENDOR,false
TNT_001,DLY_TRP_0013256,TRP_0013256,2026-06-26T14:19:00.000Z,ARRIVAL,25,WEATHER,GPS,false
TNT_001,DLY_TRP_0013262,TRP_0013262,2026-07-02T14:14:00.000Z,ARRIVAL,30,DRIVER_LATE,VENDOR,false
TNT_003,DLY_TRP_0013268,TRP_0013268,2026-07-08T07:11:00.000Z,ARRIVAL,51,WEATHER,VENDOR,false
TNT_002,DLY_TRP_0013272,TRP_0013272,2026-07-12T08:49:00.000Z,ARRIVAL,13,VEHICLE_ISSUE,GPS,false
TNT_001,DLY_TRP_0013280,TRP_0013280,2026-07-20T06:18:00.000Z,ARRIVAL,14,ROUTE_DEVIATION,VENDOR,false
TNT_002,DLY_TRP_0013287,TRP_0013287,2026-07-27T14:16:00.000Z,ARRIVAL,37,VEHICLE_ISSUE,GPS,false
TNT_001,DLY_TRP_0013301,TRP_0013301,2026-08-10T23:04:00.000Z,ARRIVAL,37,DRIVER_LATE,GPS,false
TNT_001,DLY_TRP_0013307,TRP_0013307,2026-08-16T06:25:00.000Z,ARRIVAL,37,TRAFFIC,GPS,false
TNT_003,DLY_TRP_0013308,TRP_0013308,2026-08-17T15:03:00.000Z,ARRIVAL,57,ROUTE_DEVIATION,GPS,false
TNT_002,DLY_TRP_0013313,TRP_0013313,2026-08-22T09:20:00.000Z,ARRIVAL,27,TRAFFIC,GPS,false
TNT_003,DLY_TRP_0013316,TRP_0013316,2026-08-25T09:27:00.000Z,ARRIVAL,25,DRIVER_LATE,GPS,false
TNT_001,DLY_TRP_0013318,TRP_0013318,2026-08-27T14:50:00.000Z,ARRIVAL,40,ROUTE_DEVIATION,GPS,false
TNT_001,DLY_TRP_0013323,TRP_0013323,2026-06-03T06:44:00.000Z,ARRIVAL,28,TRAFFIC,GPS,false
TNT_001,DLY_TRP_0013326,TRP_0013326,2026-06-06T06:40:00.000Z,ARRIVAL,17,WEATHER,GPS,false
TNT_001,DLY_TRP_0013327,TRP_0013327,2026-06-07T09:48:00.000Z,ARRIVAL,53,VEHICLE_ISSUE,GPS,false
TNT_001,DLY_TRP_0013335,TRP_0013335,2026-06-15T10:17:00.000Z,ARRIVAL,58,TRAFFIC,GPS,false
TNT_001,DLY_TRP_0013339,TRP_0013339,2026-06-19T09:31:00.000Z,ARRIVAL,40,WEATHER,GPS,false
TNT_001,DLY_TRP_0013347,TRP_0013347,2026-06-27T14:59:00.000Z,ARRIVAL,29,DRIVER_LATE,VENDOR,false
TNT_001,DLY_TRP_0013353,TRP_0013353,2026-07-03T06:52:00.000Z,ARRIVAL,35,VEHICLE_ISSUE,GPS,false
TNT_001,DLY_TRP_0013359,TRP_0013359,2026-07-09T22:16:00.000Z,ARRIVAL,18,TRAFFIC,GPS,false
TNT_001,DLY_TRP_0013363,TRP_0013363,2026-07-13T10:09:00.000Z,ARRIVAL,58,WEATHER,GPS,false
TNT_002,DLY_TRP_0013392,TRP_0013392,2026-08-11T22:06:00.000Z,ARRIVAL,24,TRAFFIC,GPS,false
TNT_001,DLY_TRP_0013395,TRP_0013395,2026-08-14T23:00:00.000Z,ARRIVAL,36,DRIVER_LATE,VENDOR,false
TNT_002,DLY_TRP_0013399,TRP_0013399,2026-08-18T14:20:00.000Z,ARRIVAL,39,WEATHER,GPS,false
TNT_002,DLY_TRP_0013406,TRP_0013406,2026-08-25T22:26:00.000Z,ARRIVAL,32,TRAFFIC,VENDOR,false
TNT_001,DLY_TRP_0013409,TRP_0013409,2026-08-28T22:55:00.000Z,ARRIVAL,57,TRAFFIC,VENDOR,false
TNT_001,DLY_TRP_0013416,TRP_0013416,2026-06-06T14:18:00.000Z,ARRIVAL,12,WEATHER,VENDOR,false
TNT_001,DLY_TRP_0013417,TRP_0013417,2026-06-07T23:09:00.000Z,ARRIVAL,47,TRAFFIC,GPS,false
TNT_003,DLY_TRP_0013422,TRP_0013422,2026-06-12T09:45:00.000Z,ARRIVAL,51,TRAFFIC,OPS,false
TNT_003,DLY_TRP_0013423,TRP_0013423,2026-06-13T06:52:00.000Z,ARRIVAL,57,DRIVER_LATE,VENDOR,false
TNT_003,DLY_TRP_0013432,TRP_0013432,2026-06-22T10:21:00.000Z,ARRIVAL,13,TRAFFIC,VENDOR,false
TNT_002,DLY_TRP_0013436,TRP_0013436,2026-06-26T06:41:00.000Z,ARRIVAL,49,TRAFFIC,GPS,false
TNT_001,DLY_TRP_0013438,TRP_0013438,2026-06-28T10:38:00.000Z,ARRIVAL,54,TRAFFIC,GPS,false
TNT_001,DLY_TRP_0013450,TRP_0013450,2026-07-10T22:23:00.000Z,ARRIVAL,30,VEHICLE_ISSUE,GPS,false
TNT_001,DLY_TRP_0013459,TRP_0013459,2026-07-19T06:33:00.000Z,ARRIVAL,29,WEATHER,GPS,false
TNT_001,DLY_TRP_0013474,TRP_0013474,2026-08-03T09:59:00.000Z,ARRIVAL,41,DRIVER_LATE,GPS,false
TNT_001,DLY_TRP_0013481,TRP_0013481,2026-08-10T10:09:00.000Z,ARRIVAL,54,DRIVER_LATE,OPS,false
TNT_003,DLY_TRP_0013482,TRP_0013482,2026-08-11T06:20:00.000Z,ARRIVAL,44,ROUTE_DEVIATION,VENDOR,false
TNT_001,DLY_TRP_0013485,TRP_0013485,2026-08-14T09:43:00.000Z,ARRIVAL,22,TRAFFIC,VENDOR,false
TNT_001,DLY_TRP_0013505,TRP_0013505,2026-06-05T05:52:00.000Z,ARRIVAL,14,TRAFFIC,GPS,false
TNT_001,DLY_TRP_0013515,TRP_0013515,2026-06-15T09:26:00.000Z,ARRIVAL,20,TRAFFIC,VENDOR,false
TNT_001,DLY_TRP_0013548,TRP_0013548,2026-07-18T22:21:00.000Z,ARRIVAL,24,VEHICLE_ISSUE,GPS,false
TNT_001,DLY_TRP_0013550,TRP_0013550,2026-07-20T10:15:00.000Z,ARRIVAL,34,WEATHER,VENDOR,false
TNT_001,DLY_TRP_0013581,TRP_0013581,2026-08-20T14:38:00.000Z,ARRIVAL,24,DRIVER_LATE,VENDOR,false
TNT_002,DLY_TRP_0013589,TRP_0013589,2026-08-28T14:51:00.000Z,ARRIVAL,38,ROUTE_DEVIATION,GPS,false
TNT_001,DLY_TRP_0013591,TRP_0013591,2026-06-01T22:26:00.000Z,ARRIVAL,31,TRAFFIC,GPS,false
TNT_002,DLY_TRP_0013594,TRP_0013594,2026-06-04T14:50:00.000Z,ARRIVAL,40,ROUTE_DEVIATION,GPS,false
TNT_003,DLY_TRP_0013596,TRP_0013596,2026-06-06T14:10:00.000Z,ARRIVAL,14,DRIVER_LATE,VENDOR,false
TNT_001,DLY_TRP_0013600,TRP_0013600,2026-06-10T10:35:00.000Z,ARRIVAL,51,TRAFFIC,GPS,false
TNT_001,DLY_TRP_0013603,TRP_0013603,2026-06-13T07:37:00.000Z,ARRIVAL,58,VEHICLE_ISSUE,GPS,false
TNT_001,DLY_TRP_0013608,TRP_0013608,2026-06-18T09:35:00.000Z,ARRIVAL,23,DRIVER_LATE,GPS,false
TNT_003,DLY_TRP_0013612,TRP_0013612,2026-06-22T06:59:00.000Z,ARRIVAL,25,WEATHER,GPS,false
TNT_001,DLY_TRP_0013623,TRP_0013623,2026-07-03T15:01:00.000Z,ARRIVAL,52,TRAFFIC,VENDOR,false
TNT_001,DLY_TRP_0013630,TRP_0013630,2026-07-10T09:44:00.000Z,ARRIVAL,43,ROUTE_DEVIATION,GPS,false
TNT_002,DLY_TRP_0013647,TRP_0013647,2026-07-27T06:48:00.000Z,ARRIVAL,31,ROUTE_DEVIATION,OPS,false
TNT_001,DLY_TRP_0013650,TRP_0013650,2026-07-30T22:46:00.000Z,ARRIVAL,37,VEHICLE_ISSUE,OPS,false
TNT_001,DLY_TRP_0013655,TRP_0013655,2026-08-04T09:23:00.000Z,ARRIVAL,29,VEHICLE_ISSUE,OPS,false
TNT_001,DLY_TRP_0013659,TRP_0013659,2026-08-08T09:40:00.000Z,ARRIVAL,29,WEATHER,GPS,false
TNT_002,DLY_TRP_0013663,TRP_0013663,2026-08-12T22:40:00.000Z,ARRIVAL,35,WEATHER,VENDOR,false
TNT_003,DLY_TRP_0013665,TRP_0013665,2026-08-14T15:30:00.000Z,ARRIVAL,53,TRAFFIC,VENDOR,false
TNT_001,DLY_TRP_0013674,TRP_0013674,2026-08-23T22:20:00.000Z,ARRIVAL,31,TRAFFIC,GPS,false
TNT_002,DLY_TRP_0013676,TRP_0013676,2026-08-25T22:25:00.000Z,ARRIVAL,24,DRIVER_LATE,GPS,false
TNT_001,DLY_TRP_0013681,TRP_0013681,2026-06-01T09:20:00.000Z,ARRIVAL,19,TRAFFIC,GPS,false
TNT_001,DLY_TRP_0013683,TRP_0013683,2026-06-03T08:15:00.000Z,ARRIVAL,47,WEATHER,GPS,false
TNT_002,DLY_TRP_0013685,TRP_0013685,2026-06-05T09:38:00.000Z,ARRIVAL,12,ROUTE_DEVIATION,VENDOR,false
TNT_001,DLY_TRP_0013691,TRP_0013691,2026-06-11T14:54:00.000Z,ARRIVAL,21,TRAFFIC,VENDOR,true
TNT_001,DLY_TRP_0013702,TRP_0013702,2026-06-22T06:31:00.000Z,ARRIVAL,25,DRIVER_LATE,GPS,false
TNT_001,DLY_TRP_0013703,TRP_0013703,2026-06-23T14:51:00.000Z,ARRIVAL,46,WEATHER,GPS,false
TNT_002,DLY_TRP_0013711,TRP_0013711,2026-07-01T06:42:00.000Z,ARRIVAL,33,TRAFFIC,GPS,false
TNT_002,DLY_TRP_0013716,TRP_0013716,2026-07-06T09:27:00.000Z,ARRIVAL,23,TRAFFIC,GPS,false
TNT_002,DLY_TRP_0013725,TRP_0013725,2026-07-15T14:00:00.000Z,ARRIVAL,12,DRIVER_LATE,VENDOR,false
TNT_003,DLY_TRP_0013730,TRP_0013730,2026-07-20T14:48:00.000Z,ARRIVAL,23,DRIVER_LATE,OPS,false
TNT_001,DLY_TRP_0013737,TRP_0013737,2026-07-27T06:35:00.000Z,ARRIVAL,42,TRAFFIC,VENDOR,false
TNT_001,DLY_TRP_0013742,TRP_0013742,2026-08-01T06:20:00.000Z,ARRIVAL,19,TRAFFIC,GPS,false
TNT_003,DLY_TRP_0013748,TRP_0013748,2026-08-07T09:10:00.000Z,ARRIVAL,34,TRAFFIC,VENDOR,false
TNT_002,DLY_TRP_0013765,TRP_0013765,2026-08-24T22:00:00.000Z,ARRIVAL,18,TRAFFIC,VENDOR,false
TNT_001,DLY_TRP_0013767,TRP_0013767,2026-08-26T22:28:00.000Z,ARRIVAL,18,TRAFFIC,GPS,false
TNT_003,DLY_TRP_0013777,TRP_0013777,2026-06-07T22:46:00.000Z,ARRIVAL,40,TRAFFIC,GPS,false
TNT_001,DLY_TRP_0013781,TRP_0013781,2026-06-11T15:21:00.000Z,ARRIVAL,47,DRIVER_LATE,OPS,false
TNT_002,DLY_TRP_0013787,TRP_0013787,2026-06-17T22:28:00.000Z,ARRIVAL,14,TRAFFIC,GPS,false
TNT_003,DLY_TRP_0013797,TRP_0013797,2026-06-27T08:47:00.000Z,ARRIVAL,14,TRAFFIC,VENDOR,false
TNT_001,DLY_TRP_0013798,TRP_0013798,2026-06-28T10:04:00.000Z,ARRIVAL,57,TRAFFIC,VENDOR,false
TNT_001,DLY_TRP_0013804,TRP_0013804,2026-07-04T10:27:00.000Z,ARRIVAL,12,ROUTE_DEVIATION,GPS,false
TNT_001,DLY_TRP_0013807,TRP_0013807,2026-07-07T06:56:00.000Z,ARRIVAL,45,VEHICLE_ISSUE,VENDOR,false
TNT_001,DLY_TRP_0013812,TRP_0013812,2026-07-12T09:01:00.000Z,ARRIVAL,33,TRAFFIC,OPS,false
TNT_003,DLY_TRP_0013815,TRP_0013815,2026-07-15T10:01:00.000Z,ARRIVAL,51,WEATHER,OPS,true
TNT_002,DLY_TRP_0013831,TRP_0013831,2026-07-31T06:57:00.000Z,ARRIVAL,50,TRAFFIC,GPS,false
TNT_003,DLY_TRP_0013863,TRP_0013863,2026-06-03T15:08:00.000Z,ARRIVAL,49,WEATHER,VENDOR,false
TNT_001,DLY_TRP_0013869,TRP_0013869,2026-06-09T08:48:00.000Z,ARRIVAL,15,TRAFFIC,GPS,false
TNT_003,DLY_TRP_0013875,TRP_0013875,2026-06-15T09:49:00.000Z,ARRIVAL,54,TRAFFIC,GPS,false
TNT_001,DLY_TRP_0013886,TRP_0013886,2026-06-26T22:41:00.000Z,ARRIVAL,48,DRIVER_LATE,GPS,false
TNT_001,DLY_TRP_0013896,TRP_0013896,2026-07-06T10:18:00.000Z,ARRIVAL,30,TRAFFIC,VENDOR,false
TNT_002,DLY_TRP_0013905,TRP_0013905,2026-07-15T10:08:00.000Z,ARRIVAL,53,TRAFFIC,OPS,false
TNT_001,DLY_TRP_0013911,TRP_0013911,2026-07-21T06:08:00.000Z,ARRIVAL,32,TRAFFIC,GPS,false
TNT_002,DLY_TRP_0013916,TRP_0013916,2026-07-26T09:47:00.000Z,ARRIVAL,22,TRAFFIC,GPS,false
TNT_002,DLY_TRP_0013924,TRP_0013924,2026-08-03T06:12:00.000Z,ARRIVAL,29,DRIVER_LATE,GPS,false
TNT_001,DLY_TRP_0013929,TRP_0013929,2026-08-08T07:04:00.000Z,ARRIVAL,48,WEATHER,GPS,false
TNT_001,DLY_TRP_0013937,TRP_0013937,2026-08-16T10:31:00.000Z,ARRIVAL,53,DRIVER_LATE,GPS,false
TNT_001,DLY_TRP_0013941,TRP_0013941,2026-08-20T06:36:00.000Z,ARRIVAL,41,WEATHER,GPS,false
TNT_001,DLY_TRP_0013953,TRP_0013953,2026-06-03T15:03:00.000Z,ARRIVAL,56,ROUTE_DEVIATION,VENDOR,false
TNT_002,DLY_TRP_0013956,TRP_0013956,2026-06-06T14:54:00.000Z,ARRIVAL,38,TRAFFIC,GPS,false
TNT_001,DLY_TRP_0013986,TRP_0013986,2026-07-06T23:24:00.000Z,ARRIVAL,52,VEHICLE_ISSUE,GPS,false
TNT_001,DLY_TRP_0013997,TRP_0013997,2026-07-17T09:33:00.000Z,ARRIVAL,19,TRAFFIC,GPS,false
TNT_001,DLY_TRP_0014002,TRP_0014002,2026-07-22T22:59:00.000Z,ARRIVAL,42,TRAFFIC,GPS,false
TNT_001,DLY_TRP_0014005,TRP_0014005,2026-07-25T14:51:00.000Z,ARRIVAL,42,WEATHER,GPS,false
TNT_001,DLY_TRP_0014024,TRP_0014024,2026-08-13T22:45:00.000Z,ARRIVAL,33,WEATHER,GPS,false
TNT_001,DLY_TRP_0014026,TRP_0014026,2026-08-15T09:14:00.000Z,ARRIVAL,46,TRAFFIC,GPS,false
TNT_001,DLY_TRP_0014032,TRP_0014032,2026-08-21T09:53:00.000Z,ARRIVAL,41,WEATHER,GPS,false
TNT_001,DLY_TRP_0014036,TRP_0014036,2026-08-25T22:42:00.000Z,ARRIVAL,51,VEHICLE_ISSUE,OPS,false
TNT_001,DLY_TRP_0014037,TRP_0014037,2026-08-26T22:35:00.000Z,ARRIVAL,40,VEHICLE_ISSUE,GPS,false
TNT_002,DLY_TRP_0014038,TRP_0014038,2026-08-27T09:23:00.000Z,ARRIVAL,36,DRIVER_LATE,OPS,false
TNT_001,DLY_TRP_0014040,TRP_0014040,2026-08-29T23:24:00.000Z,ARRIVAL,52,DRIVER_LATE,GPS,false
TNT_001,DLY_TRP_0014041,TRP_0014041,2026-06-01T06:38:00.000Z,ARRIVAL,27,WEATHER,OPS,false
TNT_001,DLY_TRP_0014046,TRP_0014046,2026-06-06T06:24:00.000Z,ARRIVAL,18,VEHICLE_ISSUE,GPS,false
TNT_001,DLY_TRP_0014065,TRP_0014065,2026-06-25T09:57:00.000Z,ARRIVAL,29,VEHICLE_ISSUE,GPS,false
TNT_002,DLY_TRP_0014068,TRP_0014068,2026-06-28T09:25:00.000Z,ARRIVAL,24,TRAFFIC,GPS,false
TNT_001,DLY_TRP_0014075,TRP_0014075,2026-07-05T09:03:00.000Z,ARRIVAL,14,WEATHER,VENDOR,false
TNT_001,DLY_TRP_0014076,TRP_0014076,2026-07-06T06:26:00.000Z,ARRIVAL,43,TRAFFIC,VENDOR,false
TNT_001,DLY_TRP_0014080,TRP_0014080,2026-07-10T09:55:00.000Z,ARRIVAL,48,DRIVER_LATE,GPS,false
TNT_001,DLY_TRP_0014094,TRP_0014094,2026-07-24T14:51:00.000Z,ARRIVAL,32,TRAFFIC,VENDOR,false
TNT_003,DLY_TRP_0014099,TRP_0014099,2026-07-29T09:49:00.000Z,ARRIVAL,21,TRAFFIC,GPS,false
TNT_002,DLY_TRP_0014103,TRP_0014103,2026-08-02T22:30:00.000Z,ARRIVAL,34,ROUTE_DEVIATION,GPS,false
TNT_002,DLY_TRP_0014129,TRP_0014129,2026-08-28T09:06:00.000Z,ARRIVAL,32,ROUTE_DEVIATION,OPS,false
TNT_002,DLY_TRP_0014136,TRP_0014136,2026-06-06T15:05:00.000Z,ARRIVAL,57,TRAFFIC,VENDOR,false
TNT_001,DLY_TRP_0014147,TRP_0014147,2026-06-17T23:18:00.000Z,ARRIVAL,50,WEATHER,GPS,false
TNT_001,DLY_TRP_0014158,TRP_0014158,2026-06-28T06:10:00.000Z,ARRIVAL,12,VEHICLE_ISSUE,GPS,false
TNT_002,DLY_TRP_0014164,TRP_0014164,2026-07-04T15:00:00.000Z,ARRIVAL,49,ROUTE_DEVIATION,GPS,false
TNT_001,DLY_TRP_0014167,TRP_0014167,2026-07-07T09:57:00.000Z,ARRIVAL,43,ROUTE_DEVIATION,VENDOR,true
TNT_001,DLY_TRP_0014180,TRP_0014180,2026-07-20T06:41:00.000Z,ARRIVAL,33,DRIVER_LATE,GPS,false
TNT_001,DLY_TRP_0014182,TRP_0014182,2026-07-22T22:07:00.000Z,ARRIVAL,25,WEATHER,OPS,false
TNT_001,DLY_TRP_0014183,TRP_0014183,2026-07-23T06:11:00.000Z,ARRIVAL,39,DRIVER_LATE,GPS,false
TNT_001,DLY_TRP_0014202,TRP_0014202,2026-08-11T09:21:00.000Z,ARRIVAL,23,VEHICLE_ISSUE,VENDOR,false
TNT_001,DLY_TRP_0014204,TRP_0014204,2026-08-13T09:10:00.000Z,ARRIVAL,21,TRAFFIC,GPS,false
TNT_003,DLY_TRP_0014217,TRP_0014217,2026-08-26T06:49:00.000Z,ARRIVAL,19,TRAFFIC,VENDOR,false
TNT_001,DLY_TRP_0014232,TRP_0014232,2026-06-12T08:53:00.000Z,ARRIVAL,16,VEHICLE_ISSUE,GPS,false
TNT_001,DLY_TRP_0014233,TRP_0014233,2026-06-13T09:20:00.000Z,ARRIVAL,41,DRIVER_LATE,VENDOR,false
TNT_001,DLY_TRP_0014238,TRP_0014238,2026-06-18T09:14:00.000Z,ARRIVAL,47,ROUTE_DEVIATION,GPS,false
TNT_001,DLY_TRP_0014250,TRP_0014250,2026-06-30T09:51:00.000Z,ARRIVAL,25,VEHICLE_ISSUE,GPS,false
TNT_001,DLY_TRP_0014252,TRP_0014252,2026-07-02T22:35:00.000Z,ARRIVAL,41,VEHICLE_ISSUE,GPS,false
TNT_001,DLY_TRP_0014277,TRP_0014277,2026-07-27T22:55:00.000Z,ARRIVAL,41,TRAFFIC,VENDOR,false
TNT_002,DLY_TRP_0014282,TRP_0014282,2026-08-01T06:30:00.000Z,ARRIVAL,32,TRAFFIC,OPS,false
TNT_001,DLY_TRP_0014296,TRP_0014296,2026-08-15T06:42:00.000Z,ARRIVAL,31,DRIVER_LATE,VENDOR,false
TNT_001,DLY_TRP_0014299,TRP_0014299,2026-08-18T09:53:00.000Z,ARRIVAL,36,VEHICLE_ISSUE,GPS,false
TNT_001,DLY_TRP_0014318,TRP_0014318,2026-06-08T23:23:00.000Z,ARRIVAL,52,DRIVER_LATE,GPS,false
TNT_001,DLY_TRP_0014333,TRP_0014333,2026-06-23T23:22:00.000Z,ARRIVAL,54,TRAFFIC,GPS,false
TNT_001,DLY_TRP_0014335,TRP_0014335,2026-06-25T09:56:00.000Z,ARRIVAL,26,TRAFFIC,GPS,false
TNT_002,DLY_TRP_0014336,TRP_0014336,2026-06-26T09:16:00.000Z,ARRIVAL,46,TRAFFIC,VENDOR,false
TNT_003,DLY_TRP_0014347,TRP_0014347,2026-07-07T09:09:00.000Z,ARRIVAL,44,TRAFFIC,OPS,false
TNT_002,DLY_TRP_0014350,TRP_0014350,2026-07-10T06:25:00.000Z,ARRIVAL,44,TRAFFIC,GPS,false
TNT_002,DLY_TRP_0014393,TRP_0014393,2026-08-22T15:18:00.000Z,ARRIVAL,33,ROUTE_DEVIATION,GPS,false
TNT_001,DLY_TRP_0014395,TRP_0014395,2026-08-24T22:53:00.000Z,ARRIVAL,45,DRIVER_LATE,GPS,false
TNT_001,DLY_TRP_0014400,TRP_0014400,2026-08-29T06:11:00.000Z,ARRIVAL,12,WEATHER,GPS,false
TNT_001,DLY_TRP_0014403,TRP_0014403,2026-06-03T09:33:00.000Z,ARRIVAL,42,TRAFFIC,GPS,false
TNT_002,DLY_TRP_0014410,TRP_0014410,2026-06-10T06:32:00.000Z,ARRIVAL,32,TRAFFIC,OPS,false
TNT_002,DLY_TRP_0014411,TRP_0014411,2026-06-11T14:22:00.000Z,ARRIVAL,52,WEATHER,GPS,false
TNT_001,DLY_TRP_0014420,TRP_0014420,2026-06-20T14:27:00.000Z,ARRIVAL,25,WEATHER,VENDOR,false
TNT_001,DLY_TRP_0014441,TRP_0014441,2026-07-11T22:34:00.000Z,ARRIVAL,16,WEATHER,GPS,false
TNT_001,DLY_TRP_0014449,TRP_0014449,2026-07-19T09:48:00.000Z,ARRIVAL,29,ROUTE_DEVIATION,GPS,false
TNT_003,DLY_TRP_0014450,TRP_0014450,2026-07-20T09:23:00.000Z,ARRIVAL,41,DRIVER_LATE,VENDOR,false
TNT_001,DLY_TRP_0014451,TRP_0014451,2026-07-21T09:35:00.000Z,ARRIVAL,45,TRAFFIC,VENDOR,false
TNT_001,DLY_TRP_0014456,TRP_0014456,2026-07-26T10:07:00.000Z,ARRIVAL,45,TRAFFIC,GPS,false
TNT_001,DLY_TRP_0014457,TRP_0014457,2026-07-27T14:05:00.000Z,ARRIVAL,21,DRIVER_LATE,GPS,false
TNT_001,DLY_TRP_0014460,TRP_0014460,2026-07-30T22:49:00.000Z,ARRIVAL,55,WEATHER,GPS,false
TNT_002,DLY_TRP_0014465,TRP_0014465,2026-08-04T05:55:00.000Z,ARRIVAL,24,TRAFFIC,GPS,false
TNT_002,DLY_TRP_0014467,TRP_0014467,2026-08-06T21:54:00.000Z,ARRIVAL,14,TRAFFIC,VENDOR,false
TNT_001,DLY_TRP_0014472,TRP_0014472,2026-08-11T22:06:00.000Z,ARRIVAL,12,ROUTE_DEVIATION,VENDOR,false
TNT_001,DLY_TRP_0014477,TRP_0014477,2026-08-16T14:48:00.000Z,ARRIVAL,12,DRIVER_LATE,OPS,false
TNT_001,DLY_TRP_0014484,TRP_0014484,2026-08-23T10:04:00.000Z,ARRIVAL,53,WEATHER,VENDOR,false
TNT_001,DLY_TRP_0014485,TRP_0014485,2026-08-24T21:49:00.000Z,ARRIVAL,19,VEHICLE_ISSUE,GPS,false
TNT_001,DLY_TRP_0014488,TRP_0014488,2026-08-27T22:59:00.000Z,ARRIVAL,28,DRIVER_LATE,GPS,false
TNT_002,DLY_TRP_0014492,TRP_0014492,2026-06-02T09:36:00.000Z,ARRIVAL,23,WEATHER,GPS,false
TNT_001,DLY_TRP_0014500,TRP_0014500,2026-06-10T22:41:00.000Z,ARRIVAL,58,VEHICLE_ISSUE,OPS,false
TNT_001,DLY_TRP_0014502,TRP_0014502,2026-06-12T06:48:00.000Z,ARRIVAL,21,DRIVER_LATE,GPS,false
TNT_003,DLY_TRP_0014503,TRP_0014503,2026-06-13T10:02:00.000Z,ARRIVAL,54,VEHICLE_ISSUE,GPS,false
TNT_001,DLY_TRP_0014510,TRP_0014510,2026-06-20T06:36:00.000Z,ARRIVAL,35,TRAFFIC,VENDOR,false
TNT_002,DLY_TRP_0014513,TRP_0014513,2026-06-23T09:40:00.000Z,ARRIVAL,55,TRAFFIC,OPS,false
TNT_001,DLY_TRP_0014523,TRP_0014523,2026-07-03T07:04:00.000Z,ARRIVAL,40,VEHICLE_ISSUE,OPS,false
TNT_001,DLY_TRP_0014548,TRP_0014548,2026-07-28T23:07:00.000Z,ARRIVAL,33,TRAFFIC,GPS,false
TNT_001,DLY_TRP_0014549,TRP_0014549,2026-07-29T13:52:00.000Z,ARRIVAL,20,DRIVER_LATE,VENDOR,false
TNT_001,DLY_TRP_0014575,TRP_0014575,2026-08-24T07:02:00.000Z,ARRIVAL,53,ROUTE_DEVIATION,GPS,false
TNT_003,DLY_TRP_0014598,TRP_0014598,2026-06-18T14:11:00.000Z,ARRIVAL,29,TRAFFIC,GPS,false
TNT_003,DLY_TRP_0014602,TRP_0014602,2026-06-22T10:12:00.000Z,ARRIVAL,49,VEHICLE_ISSUE,OPS,false
TNT_002,DLY_TRP_0014604,TRP_0014604,2026-06-24T09:42:00.000Z,ARRIVAL,40,TRAFFIC,GPS,false
TNT_003,DLY_TRP_0014607,TRP_0014607,2026-06-27T10:13:00.000Z,ARRIVAL,56,TRAFFIC,VENDOR,false
TNT_001,DLY_TRP_0014611,TRP_0014611,2026-07-01T10:17:00.000Z,ARRIVAL,56,VEHICLE_ISSUE,GPS,false
TNT_002,DLY_TRP_0014613,TRP_0014613,2026-07-03T22:53:00.000Z,ARRIVAL,51,WEATHER,OPS,false
TNT_003,DLY_TRP_0014618,TRP_0014618,2026-07-08T09:54:00.000Z,ARRIVAL,48,ROUTE_DEVIATION,GPS,false
TNT_001,DLY_TRP_0014630,TRP_0014630,2026-07-20T09:49:00.000Z,ARRIVAL,27,WEATHER,GPS,false
TNT_001,DLY_TRP_0014636,TRP_0014636,2026-07-26T09:04:00.000Z,ARRIVAL,12,TRAFFIC,GPS,false
TNT_001,DLY_TRP_0014639,TRP_0014639,2026-07-29T09:47:00.000Z,ARRIVAL,23,ROUTE_DEVIATION,VENDOR,false
TNT_002,DLY_TRP_0014641,TRP_0014641,2026-07-31T06:45:00.000Z,ARRIVAL,24,TRAFFIC,GPS,false
TNT_001,DLY_TRP_0014642,TRP_0014642,2026-08-01T14:36:00.000Z,ARRIVAL,20,ROUTE_DEVIATION,VENDOR,false
TNT_001,DLY_TRP_0014647,TRP_0014647,2026-08-06T22:34:00.000Z,ARRIVAL,35,WEATHER,GPS,false
TNT_001,DLY_TRP_0014657,TRP_0014657,2026-08-16T09:13:00.000Z,ARRIVAL,22,VEHICLE_ISSUE,VENDOR,false
TNT_002,DLY_TRP_0014659,TRP_0014659,2026-08-18T14:34:00.000Z,ARRIVAL,40,TRAFFIC,GPS,false
TNT_001,DLY_TRP_0014665,TRP_0014665,2026-08-24T15:05:00.000Z,ARRIVAL,15,WEATHER,GPS,false
TNT_003,DLY_TRP_0014669,TRP_0014669,2026-08-28T09:41:00.000Z,ARRIVAL,14,DRIVER_LATE,OPS,false
TNT_001,DLY_TRP_0014672,TRP_0014672,2026-06-02T10:22:00.000Z,ARRIVAL,42,TRAFFIC,OPS,false
TNT_002,DLY_TRP_0014676,TRP_0014676,2026-06-06T10:12:00.000Z,ARRIVAL,58,TRAFFIC,GPS,false
TNT_003,DLY_TRP_0014678,TRP_0014678,2026-06-08T06:38:00.000Z,ARRIVAL,19,TRAFFIC,GPS,true
TNT_002,DLY_TRP_0014679,TRP_0014679,2026-06-09T14:46:00.000Z,ARRIVAL,48,TRAFFIC,GPS,false
TNT_001,DLY_TRP_0014692,TRP_0014692,2026-06-22T09:43:00.000Z,ARRIVAL,39,TRAFFIC,GPS,false
TNT_001,DLY_TRP_0014693,TRP_0014693,2026-06-23T14:47:00.000Z,ARRIVAL,52,VEHICLE_ISSUE,GPS,false
TNT_001,DLY_TRP_0014694,TRP_0014694,2026-06-24T06:56:00.000Z,ARRIVAL,25,TRAFFIC,VENDOR,false
TNT_002,DLY_TRP_0014705,TRP_0014705,2026-07-05T22:11:00.000Z,ARRIVAL,12,TRAFFIC,GPS,false
TNT_001,DLY_TRP_0014709,TRP_0014709,2026-07-09T22:46:00.000Z,ARRIVAL,41,TRAFFIC,VENDOR,false
TNT_001,DLY_TRP_0014713,TRP_0014713,2026-07-13T15:25:00.000Z,ARRIVAL,52,TRAFFIC,GPS,false
TNT_002,DLY_TRP_0014717,TRP_0014717,2026-07-17T14:57:00.000Z,ARRIVAL,55,TRAFFIC,GPS,false
TNT_002,DLY_TRP_0014718,TRP_0014718,2026-07-18T06:57:00.000Z,ARRIVAL,47,TRAFFIC,GPS,false
TNT_001,DLY_TRP_0014730,TRP_0014730,2026-07-30T08:48:00.000Z,ARRIVAL,16,WEATHER,VENDOR,false
TNT_001,DLY_TRP_0014732,TRP_0014732,2026-08-01T09:48:00.000Z,ARRIVAL,14,ROUTE_DEVIATION,GPS,false
TNT_001,DLY_TRP_0014737,TRP_0014737,2026-08-06T11:01:00.000Z,ARRIVAL,57,TRAFFIC,VENDOR,false
TNT_001,DLY_TRP_0014753,TRP_0014753,2026-08-22T22:18:00.000Z,ARRIVAL,29,TRAFFIC,OPS,false
TNT_002,DLY_TRP_0014754,TRP_0014754,2026-08-23T09:10:00.000Z,ARRIVAL,41,ROUTE_DEVIATION,GPS,false
TNT_001,DLY_TRP_0014760,TRP_0014760,2026-08-29T09:30:00.000Z,ARRIVAL,49,VEHICLE_ISSUE,VENDOR,false
TNT_001,DLY_TRP_0014767,TRP_0014767,2026-06-07T09:48:00.000Z,ARRIVAL,11,DRIVER_LATE,GPS,false
TNT_001,DLY_TRP_0014789,TRP_0014789,2026-06-29T07:28:00.000Z,ARRIVAL,55,TRAFFIC,GPS,false
TNT_003,DLY_TRP_0014809,TRP_0014809,2026-07-19T09:21:00.000Z,ARRIVAL,18,TRAFFIC,GPS,false
TNT_003,DLY_TRP_0014810,TRP_0014810,2026-07-20T06:29:00.000Z,ARRIVAL,29,WEATHER,GPS,false
TNT_003,DLY_TRP_0014821,TRP_0014821,2026-07-31T07:33:00.000Z,ARRIVAL,56,TRAFFIC,GPS,false
TNT_002,DLY_TRP_0014835,TRP_0014835,2026-08-14T06:26:00.000Z,ARRIVAL,57,TRAFFIC,GPS,false
TNT_001,DLY_TRP_0014838,TRP_0014838,2026-08-17T14:55:00.000Z,ARRIVAL,51,TRAFFIC,GPS,false
TNT_001,DLY_TRP_0014840,TRP_0014840,2026-08-19T09:26:00.000Z,ARRIVAL,36,TRAFFIC,GPS,false
TNT_001,DLY_TRP_0014846,TRP_0014846,2026-08-25T22:38:00.000Z,ARRIVAL,46,DRIVER_LATE,VENDOR,false
TNT_001,DLY_TRP_0014847,TRP_0014847,2026-08-26T07:07:00.000Z,ARRIVAL,51,WEATHER,VENDOR,false
TNT_001,DLY_TRP_0014850,TRP_0014850,2026-08-29T09:42:00.000Z,ARRIVAL,29,VEHICLE_ISSUE,GPS,false
TNT_001,DLY_TRP_0014866,TRP_0014866,2026-06-16T14:55:00.000Z,ARRIVAL,45,TRAFFIC,VENDOR,false
TNT_002,DLY_TRP_0014869,TRP_0014869,2026-06-19T09:11:00.000Z,ARRIVAL,35,VEHICLE_ISSUE,VENDOR,false
TNT_002,DLY_TRP_0014876,TRP_0014876,2026-06-26T06:46:00.000Z,ARRIVAL,39,VEHICLE_ISSUE,GPS,false
TNT_001,DLY_TRP_0014879,TRP_0014879,2026-06-29T22:44:00.000Z,ARRIVAL,36,TRAFFIC,GPS,false
TNT_002,DLY_TRP_0014882,TRP_0014882,2026-07-02T09:05:00.000Z,ARRIVAL,42,DRIVER_LATE,GPS,false
TNT_001,DLY_TRP_0014895,TRP_0014895,2026-07-15T09:17:00.000Z,ARRIVAL,14,VEHICLE_ISSUE,GPS,false
TNT_001,DLY_TRP_0014899,TRP_0014899,2026-07-19T07:03:00.000Z,ARRIVAL,36,DRIVER_LATE,VENDOR,false
TNT_001,DLY_TRP_0014912,TRP_0014912,2026-08-01T09:49:00.000Z,ARRIVAL,33,TRAFFIC,GPS,false
TNT_001,DLY_TRP_0014919,TRP_0014919,2026-08-08T15:08:00.000Z,ARRIVAL,23,TRAFFIC,GPS,false
TNT_002,DLY_TRP_0014924,TRP_0014924,2026-08-13T09:27:00.000Z,ARRIVAL,20,TRAFFIC,GPS,false
TNT_002,DLY_TRP_0014927,TRP_0014927,2026-08-16T22:11:00.000Z,ARRIVAL,43,WEATHER,GPS,false
TNT_001,DLY_TRP_0014935,TRP_0014935,2026-08-24T22:18:00.000Z,ARRIVAL,43,VEHICLE_ISSUE,GPS,false
TNT_001,DLY_TRP_0014944,TRP_0014944,2026-06-04T06:30:00.000Z,ARRIVAL,45,DRIVER_LATE,VENDOR,false
TNT_001,DLY_TRP_0014946,TRP_0014946,2026-06-06T14:58:00.000Z,ARRIVAL,42,VEHICLE_ISSUE,GPS,false
TNT_003,DLY_TRP_0014947,TRP_0014947,2026-06-07T14:23:00.000Z,ARRIVAL,34,TRAFFIC,GPS,false
TNT_003,DLY_TRP_0014953,TRP_0014953,2026-06-13T14:35:00.000Z,ARRIVAL,31,VEHICLE_ISSUE,GPS,false
TNT_002,DLY_TRP_0014975,TRP_0014975,2026-07-05T05:59:00.000Z,ARRIVAL,17,VEHICLE_ISSUE,GPS,false
TNT_003,DLY_TRP_0014995,TRP_0014995,2026-07-25T06:58:00.000Z,ARRIVAL,43,TRAFFIC,VENDOR,false
TNT_001,DLY_TRP_0015001,TRP_0015001,2026-07-31T09:55:00.000Z,ARRIVAL,25,VEHICLE_ISSUE,OPS,false
TNT_002,DLY_TRP_0015005,TRP_0015005,2026-08-04T09:41:00.000Z,ARRIVAL,34,VEHICLE_ISSUE,VENDOR,false
TNT_001,DLY_TRP_0015009,TRP_0015009,2026-08-08T09:51:00.000Z,ARRIVAL,43,DRIVER_LATE,GPS,false
TNT_001,DLY_TRP_0015010,TRP_0015010,2026-08-09T07:13:00.000Z,ARRIVAL,49,VEHICLE_ISSUE,GPS,false
TNT_002,DLY_TRP_0015019,TRP_0015019,2026-08-18T09:13:00.000Z,ARRIVAL,26,TRAFFIC,GPS,false
TNT_003,DLY_TRP_0015020,TRP_0015020,2026-08-19T10:16:00.000Z,ARRIVAL,51,WEATHER,OPS,false
TNT_002,DLY_TRP_0015027,TRP_0015027,2026-08-26T22:57:00.000Z,ARRIVAL,23,VEHICLE_ISSUE,GPS,false
TNT_002,DLY_TRP_0015028,TRP_0015028,2026-08-27T06:52:00.000Z,ARRIVAL,58,TRAFFIC,VENDOR,false
TNT_001,DLY_TRP_0015029,TRP_0015029,2026-08-28T09:32:00.000Z,ARRIVAL,49,TRAFFIC,OPS,false
TNT_002,DLY_TRP_0015037,TRP_0015037,2026-06-07T22:37:00.000Z,ARRIVAL,57,DRIVER_LATE,GPS,false
TNT_001,DLY_TRP_0015040,TRP_0015040,2026-06-10T10:27:00.000Z,ARRIVAL,56,WEATHER,GPS,false
TNT_001,DLY_TRP_0015044,TRP_0015044,2026-06-14T22:11:00.000Z,ARRIVAL,27,TRAFFIC,VENDOR,false
TNT_001,DLY_TRP_0015046,TRP_0015046,2026-06-16T06:44:00.000Z,ARRIVAL,30,TRAFFIC,OPS,false
TNT_001,DLY_TRP_0015053,TRP_0015053,2026-06-23T09:40:00.000Z,ARRIVAL,42,ROUTE_DEVIATION,GPS,false
TNT_002,DLY_TRP_0015059,TRP_0015059,2026-06-29T14:41:00.000Z,ARRIVAL,38,DRIVER_LATE,OPS,false
TNT_002,DLY_TRP_0015073,TRP_0015073,2026-07-13T15:20:00.000Z,ARRIVAL,51,TRAFFIC,GPS,false
TNT_001,DLY_TRP_0015078,TRP_0015078,2026-07-18T14:59:00.000Z,ARRIVAL,52,WEATHER,OPS,false
TNT_001,DLY_TRP_0015081,TRP_0015081,2026-07-21T22:32:00.000Z,ARRIVAL,43,TRAFFIC,GPS,false
TNT_001,DLY_TRP_0015093,TRP_0015093,2026-08-02T22:54:00.000Z,ARRIVAL,54,DRIVER_LATE,GPS,false
TNT_001,DLY_TRP_0015097,TRP_0015097,2026-08-06T06:16:00.000Z,ARRIVAL,13,TRAFFIC,VENDOR,false
TNT_001,DLY_TRP_0015107,TRP_0015107,2026-08-16T09:09:00.000Z,ARRIVAL,21,TRAFFIC,GPS,false
TNT_001,DLY_TRP_0015108,TRP_0015108,2026-08-17T10:19:00.000Z,ARRIVAL,48,TRAFFIC,GPS,false
TNT_001,DLY_TRP_0015126,TRP_0015126,2026-06-06T22:25:00.000Z,ARRIVAL,18,WEATHER,VENDOR,false
TNT_002,DLY_TRP_0015142,TRP_0015142,2026-06-22T09:01:00.000Z,ARRIVAL,15,TRAFFIC,GPS,false
TNT_001,DLY_TRP_0015165,TRP_0015165,2026-07-15T07:00:00.000Z,ARRIVAL,42,TRAFFIC,OPS,false
TNT_001,DLY_TRP_0015167,TRP_0015167,2026-07-17T22:21:00.000Z,ARRIVAL,18,DRIVER_LATE,GPS,false
TNT_001,DLY_TRP_0015168,TRP_0015168,2026-07-18T22:51:00.000Z,ARRIVAL,53,VEHICLE_ISSUE,GPS,false
TNT_003,DLY_TRP_0015170,TRP_0015170,2026-07-20T22:41:00.000Z,ARRIVAL,29,WEATHER,GPS,false
TNT_002,DLY_TRP_0015184,TRP_0015184,2026-08-03T14:42:00.000Z,ARRIVAL,35,WEATHER,VENDOR,false
TNT_001,DLY_TRP_0015193,TRP_0015193,2026-08-12T09:36:00.000Z,ARRIVAL,31,DRIVER_LATE,OPS,false
TNT_002,DLY_TRP_0015194,TRP_0015194,2026-08-13T14:55:00.000Z,ARRIVAL,27,TRAFFIC,VENDOR,false
TNT_002,DLY_TRP_0015200,TRP_0015200,2026-08-19T09:25:00.000Z,ARRIVAL,51,TRAFFIC,GPS,false
TNT_001,DLY_TRP_0015203,TRP_0015203,2026-08-22T06:14:00.000Z,ARRIVAL,21,WEATHER,GPS,false
TNT_003,DLY_TRP_0015212,TRP_0015212,2026-06-02T14:41:00.000Z,ARRIVAL,54,WEATHER,GPS,false
TNT_002,DLY_TRP_0015216,TRP_0015216,2026-06-06T22:48:00.000Z,ARRIVAL,32,VEHICLE_ISSUE,GPS,false
TNT_001,DLY_TRP_0015235,TRP_0015235,2026-06-25T09:48:00.000Z,ARRIVAL,20,TRAFFIC,OPS,false
TNT_002,DLY_TRP_0015237,TRP_0015237,2026-06-27T06:39:00.000Z,ARRIVAL,13,WEATHER,GPS,false
TNT_001,DLY_TRP_0015266,TRP_0015266,2026-07-26T09:28:00.000Z,ARRIVAL,31,TRAFFIC,GPS,false
TNT_002,DLY_TRP_0015274,TRP_0015274,2026-08-03T15:16:00.000Z,ARRIVAL,53,WEATHER,GPS,false
TNT_001,DLY_TRP_0015278,TRP_0015278,2026-08-07T15:30:00.000Z,ARRIVAL,47,TRAFFIC,VENDOR,false
TNT_002,DLY_TRP_0015283,TRP_0015283,2026-08-12T22:06:00.000Z,ARRIVAL,12,ROUTE_DEVIATION,VENDOR,false
TNT_002,DLY_TRP_0015290,TRP_0015290,2026-08-19T22:47:00.000Z,ARRIVAL,43,DRIVER_LATE,GPS,false
TNT_001,DLY_TRP_0015300,TRP_0015300,2026-08-29T09:56:00.000Z,ARRIVAL,19,TRAFFIC,GPS,false
TNT_001,DLY_TRP_0015307,TRP_0015307,2026-06-07T22:36:00.000Z,ARRIVAL,22,VEHICLE_ISSUE,OPS,false
TNT_001,DLY_TRP_0015313,TRP_0015313,2026-06-13T09:31:00.000Z,ARRIVAL,50,TRAFFIC,VENDOR,false
TNT_003,DLY_TRP_0015327,TRP_0015327,2026-06-27T06:13:00.000Z,ARRIVAL,14,VEHICLE_ISSUE,GPS,false
TNT_002,DLY_TRP_0015329,TRP_0015329,2026-06-29T06:31:00.000Z,ARRIVAL,57,DRIVER_LATE,GPS,false
TNT_001,DLY_TRP_0015332,TRP_0015332,2026-07-02T09:24:00.000Z,ARRIVAL,14,VEHICLE_ISSUE,GPS,false
TNT_001,DLY_TRP_0015333,TRP_0015333,2026-07-03T06:59:00.000Z,ARRIVAL,56,DRIVER_LATE,GPS,false
TNT_001,DLY_TRP_0015341,TRP_0015341,2026-07-11T22:37:00.000Z,ARRIVAL,54,VEHICLE_ISSUE,GPS,false
TNT_001,DLY_TRP_0015349,TRP_0015349,2026-07-19T07:10:00.000Z,ARRIVAL,57,VEHICLE_ISSUE,VENDOR,false
TNT_001,DLY_TRP_0015352,TRP_0015352,2026-07-22T09:50:00.000Z,ARRIVAL,58,TRAFFIC,OPS,false
TNT_001,DLY_TRP_0015356,TRP_0015356,2026-07-26T09:26:00.000Z,ARRIVAL,33,DRIVER_LATE,GPS,false
TNT_002,DLY_TRP_0015360,TRP_0015360,2026-07-30T22:23:00.000Z,ARRIVAL,27,ROUTE_DEVIATION,VENDOR,false
TNT_002,DLY_TRP_0015365,TRP_0015365,2026-08-04T14:20:00.000Z,ARRIVAL,29,VEHICLE_ISSUE,VENDOR,false
TNT_001,DLY_TRP_0015366,TRP_0015366,2026-08-05T15:14:00.000Z,ARRIVAL,46,DRIVER_LATE,GPS,false
TNT_001,DLY_TRP_0015380,TRP_0015380,2026-08-19T09:38:00.000Z,ARRIVAL,54,TRAFFIC,GPS,false
TNT_001,DLY_TRP_0015387,TRP_0015387,2026-08-26T06:34:00.000Z,ARRIVAL,52,DRIVER_LATE,VENDOR,false
TNT_001,DLY_TRP_0015388,TRP_0015388,2026-08-27T23:17:00.000Z,ARRIVAL,31,TRAFFIC,GPS,false
TNT_003,DLY_TRP_0015394,TRP_0015394,2026-06-04T09:21:00.000Z,ARRIVAL,37,TRAFFIC,GPS,false
TNT_001,DLY_TRP_0015401,TRP_0015401,2026-06-11T14:24:00.000Z,ARRIVAL,15,ROUTE_DEVIATION,VENDOR,true
TNT_002,DLY_TRP_0015411,TRP_0015411,2026-06-21T06:55:00.000Z,ARRIVAL,29,WEATHER,GPS,false
TNT_001,DLY_TRP_0015419,TRP_0015419,2026-06-29T22:45:00.000Z,ARRIVAL,23,DRIVER_LATE,GPS,false
TNT_002,DLY_TRP_0015422,TRP_0015422,2026-07-02T13:47:00.000Z,ARRIVAL,12,TRAFFIC,GPS,false
TNT_002,DLY_TRP_0015425,TRP_0015425,2026-07-05T09:40:00.000Z,ARRIVAL,49,DRIVER_LATE,GPS,false
TNT_001,DLY_TRP_0015456,TRP_0015456,2026-08-05T14:27:00.000Z,ARRIVAL,28,VEHICLE_ISSUE,GPS,false
TNT_003,DLY_TRP_0015463,TRP_0015463,2026-08-12T07:10:00.000Z,ARRIVAL,35,TRAFFIC,GPS,false
TNT_001,DLY_TRP_0015465,TRP_0015465,2026-08-14T06:09:00.000Z,ARRIVAL,36,ROUTE_DEVIATION,VENDOR,true
TNT_002,DLY_TRP_0015471,TRP_0015471,2026-08-20T14:37:00.000Z,ARRIVAL,27,TRAFFIC,OPS,false
TNT_002,DLY_TRP_0015490,TRP_0015490,2026-06-10T14:21:00.000Z,ARRIVAL,15,DRIVER_LATE,GPS,false
TNT_002,DLY_TRP_0015494,TRP_0015494,2026-06-14T10:14:00.000Z,ARRIVAL,11,TRAFFIC,GPS,false
TNT_001,DLY_TRP_0015496,TRP_0015496,2026-06-16T22:46:00.000Z,ARRIVAL,45,TRAFFIC,GPS,false
TNT_001,DLY_TRP_0015508,TRP_0015508,2026-06-28T10:35:00.000Z,ARRIVAL,48,ROUTE_DEVIATION,GPS,true
TNT_001,DLY_TRP_0015524,TRP_0015524,2026-07-14T10:32:00.000Z,ARRIVAL,53,DRIVER_LATE,VENDOR,false
TNT_001,DLY_TRP_0015526,TRP_0015526,2026-07-16T06:16:00.000Z,ARRIVAL,39,VEHICLE_ISSUE,GPS,false
TNT_001,DLY_TRP_0015527,TRP_0015527,2026-07-17T09:38:00.000Z,ARRIVAL,21,WEATHER,VENDOR,false
TNT_003,DLY_TRP_0015529,TRP_0015529,2026-07-19T14:49:00.000Z,ARRIVAL,32,TRAFFIC,VENDOR,false
TNT_003,DLY_TRP_0015540,TRP_0015540,2026-07-30T07:11:00.000Z,ARRIVAL,50,WEATHER,GPS,false
TNT_002,DLY_TRP_0015542,TRP_0015542,2026-08-01T22:56:00.000Z,ARRIVAL,37,TRAFFIC,GPS,false
TNT_001,DLY_TRP_0015553,TRP_0015553,2026-08-12T15:09:00.000Z,ARRIVAL,33,TRAFFIC,GPS,false
TNT_001,DLY_TRP_0015558,TRP_0015558,2026-08-17T06:47:00.000Z,ARRIVAL,55,DRIVER_LATE,GPS,false
TNT_001,DLY_TRP_0015569,TRP_0015569,2026-08-28T22:15:00.000Z,ARRIVAL,29,TRAFFIC,GPS,false
TNT_001,DLY_TRP_0015572,TRP_0015572,2026-06-02T07:07:00.000Z,ARRIVAL,29,WEATHER,OPS,false
TNT_003,DLY_TRP_0015573,TRP_0015573,2026-06-03T06:29:00.000Z,ARRIVAL,29,WEATHER,GPS,false
TNT_002,DLY_TRP_0015576,TRP_0015576,2026-06-06T22:47:00.000Z,ARRIVAL,43,WEATHER,GPS,false
TNT_001,DLY_TRP_0015586,TRP_0015586,2026-06-16T14:53:00.000Z,ARRIVAL,44,WEATHER,GPS,false
TNT_003,DLY_TRP_0015587,TRP_0015587,2026-06-17T09:52:00.000Z,ARRIVAL,57,DRIVER_LATE,VENDOR,false
TNT_003,DLY_TRP_0015598,TRP_0015598,2026-06-28T06:47:00.000Z,ARRIVAL,20,TRAFFIC,GPS,false
TNT_002,DLY_TRP_0015599,TRP_0015599,2026-06-29T14:51:00.000Z,ARRIVAL,47,TRAFFIC,GPS,false
TNT_001,DLY_TRP_0015616,TRP_0015616,2026-07-16T09:31:00.000Z,ARRIVAL,26,DRIVER_LATE,GPS,false
TNT_001,DLY_TRP_0015620,TRP_0015620,2026-07-20T09:30:00.000Z,ARRIVAL,33,TRAFFIC,GPS,false
TNT_003,DLY_TRP_0015627,TRP_0015627,2026-07-27T23:07:00.000Z,ARRIVAL,53,DRIVER_LATE,VENDOR,false
TNT_001,DLY_TRP_0015631,TRP_0015631,2026-07-31T09:47:00.000Z,ARRIVAL,40,TRAFFIC,GPS,false
TNT_002,DLY_TRP_0015641,TRP_0015641,2026-08-10T09:56:00.000Z,ARRIVAL,57,ROUTE_DEVIATION,GPS,false
TNT_001,DLY_TRP_0015658,TRP_0015658,2026-08-27T22:56:00.000Z,ARRIVAL,35,DRIVER_LATE,VENDOR,false
TNT_003,DLY_TRP_0015661,TRP_0015661,2026-06-01T06:31:00.000Z,ARRIVAL,28,TRAFFIC,GPS,false
TNT_001,DLY_TRP_0015666,TRP_0015666,2026-06-06T06:49:00.000Z,ARRIVAL,18,WEATHER,GPS,false
TNT_003,DLY_TRP_0015669,TRP_0015669,2026-06-09T09:00:00.000Z,ARRIVAL,18,WEATHER,VENDOR,false
TNT_001,DLY_TRP_0015674,TRP_0015674,2026-06-14T09:35:00.000Z,ARRIVAL,44,DRIVER_LATE,GPS,false
TNT_002,DLY_TRP_0015677,TRP_0015677,2026-06-17T09:34:00.000Z,ARRIVAL,46,DRIVER_LATE,GPS,false
TNT_002,DLY_TRP_0015678,TRP_0015678,2026-06-18T14:44:00.000Z,ARRIVAL,52,VEHICLE_ISSUE,GPS,false
TNT_001,DLY_TRP_0015679,TRP_0015679,2026-06-19T09:36:00.000Z,ARRIVAL,14,TRAFFIC,VENDOR,false
TNT_001,DLY_TRP_0015680,TRP_0015680,2026-06-20T09:27:00.000Z,ARRIVAL,14,WEATHER,GPS,false
TNT_001,DLY_TRP_0015688,TRP_0015688,2026-06-28T09:29:00.000Z,ARRIVAL,28,WEATHER,GPS,true
TNT_001,DLY_TRP_0015691,TRP_0015691,2026-07-01T14:27:00.000Z,ARRIVAL,21,DRIVER_LATE,GPS,false
TNT_001,DLY_TRP_0015694,TRP_0015694,2026-07-04T14:26:00.000Z,ARRIVAL,46,VEHICLE_ISSUE,GPS,false
TNT_002,DLY_TRP_0015697,TRP_0015697,2026-07-07T22:21:00.000Z,ARRIVAL,54,ROUTE_DEVIATION,VENDOR,false
TNT_002,DLY_TRP_0015699,TRP_0015699,2026-07-09T22:48:00.000Z,ARRIVAL,34,TRAFFIC,GPS,false
TNT_001,DLY_TRP_0015700,TRP_0015700,2026-07-10T22:28:00.000Z,ARRIVAL,38,WEATHER,GPS,false
TNT_001,DLY_TRP_0015710,TRP_0015710,2026-07-20T06:07:00.000Z,ARRIVAL,34,ROUTE_DEVIATION,GPS,false
TNT_003,DLY_TRP_0015720,TRP_0015720,2026-07-30T14:11:00.000Z,ARRIVAL,11,WEATHER,GPS,false
TNT_001,DLY_TRP_0015721,TRP_0015721,2026-07-31T14:49:00.000Z,ARRIVAL,18,DRIVER_LATE,VENDOR,false
TNT_001,DLY_TRP_0015729,TRP_0015729,2026-08-08T22:42:00.000Z,ARRIVAL,48,DRIVER_LATE,GPS,false
TNT_002,DLY_TRP_0015732,TRP_0015732,2026-08-11T09:48:00.000Z,ARRIVAL,39,TRAFFIC,GPS,false
TNT_001,DLY_TRP_0015740,TRP_0015740,2026-08-19T23:29:00.000Z,ARRIVAL,56,TRAFFIC,GPS,false
TNT_001,DLY_TRP_0015741,TRP_0015741,2026-08-20T23:55:00.000Z,ARRIVAL,17,ROUTE_DEVIATION,GPS,false
TNT_001,DLY_TRP_0015746,TRP_0015746,2026-08-25T06:12:00.000Z,ARRIVAL,24,DRIVER_LATE,OPS,false
TNT_002,DLY_TRP_0015752,TRP_0015752,2026-06-02T22:37:00.000Z,ARRIVAL,16,VEHICLE_ISSUE,GPS,false
TNT_001,DLY_TRP_0015764,TRP_0015764,2026-06-14T22:16:00.000Z,ARRIVAL,27,WEATHER,OPS,false
TNT_002,DLY_TRP_0015765,TRP_0015765,2026-06-15T09:21:00.000Z,ARRIVAL,14,TRAFFIC,GPS,false
TNT_001,DLY_TRP_0015772,TRP_0015772,2026-06-22T09:27:00.000Z,ARRIVAL,35,TRAFFIC,GPS,false
TNT_001,DLY_TRP_0015773,TRP_0015773,2026-06-23T22:52:00.000Z,ARRIVAL,42,DRIVER_LATE,OPS,false
TNT_001,DLY_TRP_0015776,TRP_0015776,2026-06-26T07:07:00.000Z,ARRIVAL,34,VEHICLE_ISSUE,VENDOR,false
TNT_002,DLY_TRP_0015786,TRP_0015786,2026-07-06T22:03:00.000Z,ARRIVAL,25,ROUTE_DEVIATION,GPS,false
TNT_001,DLY_TRP_0015788,TRP_0015788,2026-07-08T09:47:00.000Z,ARRIVAL,34,DRIVER_LATE,GPS,false
TNT_002,DLY_TRP_0015790,TRP_0015790,2026-07-10T09:37:00.000Z,ARRIVAL,44,DRIVER_LATE,GPS,false
TNT_002,DLY_TRP_0015794,TRP_0015794,2026-07-14T07:01:00.000Z,ARRIVAL,51,ROUTE_DEVIATION,GPS,false
TNT_002,DLY_TRP_0015796,TRP_0015796,2026-07-16T09:30:00.000Z,ARRIVAL,35,TRAFFIC,VENDOR,false
TNT_003,DLY_TRP_0015799,TRP_0015799,2026-07-19T06:50:00.000Z,ARRIVAL,33,WEATHER,GPS,false
TNT_001,DLY_TRP_0015806,TRP_0015806,2026-07-26T06:52:00.000Z,ARRIVAL,57,ROUTE_DEVIATION,GPS,false
TNT_001,DLY_TRP_0015807,TRP_0015807,2026-07-27T06:39:00.000Z,ARRIVAL,34,TRAFFIC,GPS,false
TNT_001,DLY_TRP_0015813,TRP_0015813,2026-08-02T07:02:00.000Z,ARRIVAL,39,WEATHER,OPS,false
TNT_002,DLY_TRP_0015821,TRP_0015821,2026-08-10T06:56:00.000Z,ARRIVAL,48,DRIVER_LATE,GPS,false
TNT_002,DLY_TRP_0015828,TRP_0015828,2026-08-17T09:28:00.000Z,ARRIVAL,39,DRIVER_LATE,GPS,false
TNT_002,DLY_TRP_0015834,TRP_0015834,2026-08-23T14:49:00.000Z,ARRIVAL,22,WEATHER,VENDOR,false
TNT_001,DLY_TRP_0015836,TRP_0015836,2026-08-25T14:31:00.000Z,ARRIVAL,55,TRAFFIC,OPS,false
TNT_002,DLY_TRP_0015840,TRP_0015840,2026-08-29T09:40:00.000Z,ARRIVAL,35,DRIVER_LATE,GPS,false
TNT_001,DLY_TRP_0015852,TRP_0015852,2026-06-12T09:57:00.000Z,ARRIVAL,55,ROUTE_DEVIATION,VENDOR,false
TNT_001,DLY_TRP_0015857,TRP_0015857,2026-06-17T06:22:00.000Z,ARRIVAL,24,TRAFFIC,VENDOR,false
TNT_001,DLY_TRP_0015858,TRP_0015858,2026-06-18T22:47:00.000Z,ARRIVAL,41,VEHICLE_ISSUE,OPS,false
TNT_001,DLY_TRP_0015865,TRP_0015865,2026-06-25T08:58:00.000Z,ARRIVAL,15,VEHICLE_ISSUE,VENDOR,false
TNT_001,DLY_TRP_0015887,TRP_0015887,2026-07-17T07:25:00.000Z,ARRIVAL,49,TRAFFIC,GPS,false
TNT_001,DLY_TRP_0015893,TRP_0015893,2026-07-23T09:30:00.000Z,ARRIVAL,24,DRIVER_LATE,GPS,false
TNT_003,DLY_TRP_0015895,TRP_0015895,2026-07-25T09:11:00.000Z,ARRIVAL,14,DRIVER_LATE,GPS,false
TNT_001,DLY_TRP_0015902,TRP_0015902,2026-08-01T22:12:00.000Z,ARRIVAL,19,WEATHER,GPS,false
TNT_002,DLY_TRP_0015911,TRP_0015911,2026-08-10T14:36:00.000Z,ARRIVAL,53,ROUTE_DEVIATION,GPS,false
TNT_002,DLY_TRP_0015916,TRP_0015916,2026-08-15T22:44:00.000Z,ARRIVAL,54,DRIVER_LATE,VENDOR,false
TNT_003,DLY_TRP_0015920,TRP_0015920,2026-08-19T09:14:00.000Z,ARRIVAL,28,WEATHER,GPS,false
TNT_003,DLY_TRP_0015925,TRP_0015925,2026-08-24T22:09:00.000Z,ARRIVAL,33,WEATHER,GPS,false
TNT_001,DLY_TRP_0015929,TRP_0015929,2026-08-28T14:34:00.000Z,ARRIVAL,27,ROUTE_DEVIATION,GPS,false
TNT_001,DLY_TRP_0015939,TRP_0015939,2026-06-09T06:58:00.000Z,ARRIVAL,46,DRIVER_LATE,GPS,false
TNT_001,DLY_TRP_0015953,TRP_0015953,2026-06-23T15:20:00.000Z,ARRIVAL,33,WEATHER,VENDOR,false
TNT_002,DLY_TRP_0015959,TRP_0015959,2026-06-29T09:38:00.000Z,ARRIVAL,47,DRIVER_LATE,VENDOR,false
TNT_001,DLY_TRP_0015963,TRP_0015963,2026-07-03T10:02:00.000Z,ARRIVAL,28,ROUTE_DEVIATION,OPS,false
TNT_001,DLY_TRP_0015976,TRP_0015976,2026-07-16T13:43:00.000Z,ARRIVAL,15,TRAFFIC,GPS,false
TNT_001,DLY_TRP_0015983,TRP_0015983,2026-07-23T23:12:00.000Z,ARRIVAL,19,VEHICLE_ISSUE,GPS,false
TNT_001,DLY_TRP_0015989,TRP_0015989,2026-07-29T06:32:00.000Z,ARRIVAL,21,WEATHER,GPS,false
TNT_002,DLY_TRP_0015994,TRP_0015994,2026-08-03T14:15:00.000Z,ARRIVAL,25,VEHICLE_ISSUE,GPS,false
TNT_001,DLY_TRP_0015995,TRP_0015995,2026-08-04T07:02:00.000Z,ARRIVAL,37,TRAFFIC,GPS,false
TNT_001,DLY_TRP_0016005,TRP_0016005,2026-08-14T09:57:00.000Z,ARRIVAL,28,ROUTE_DEVIATION,VENDOR,false
TNT_001,DLY_TRP_0016016,TRP_0016016,2026-08-25T22:04:00.000Z,ARRIVAL,33,TRAFFIC,OPS,false
TNT_001,DLY_TRP_0016017,TRP_0016017,2026-08-26T15:11:00.000Z,ARRIVAL,53,WEATHER,VENDOR,true
TNT_001,DLY_TRP_0016030,TRP_0016030,2026-06-10T10:07:00.000Z,ARRIVAL,36,WEATHER,GPS,false
TNT_003,DLY_TRP_0016039,TRP_0016039,2026-06-19T06:41:00.000Z,ARRIVAL,28,TRAFFIC,VENDOR,false
TNT_003,DLY_TRP_0016051,TRP_0016051,2026-07-01T09:27:00.000Z,ARRIVAL,39,TRAFFIC,GPS,false
TNT_001,DLY_TRP_0016058,TRP_0016058,2026-07-08T23:19:00.000Z,ARRIVAL,53,DRIVER_LATE,GPS,false
TNT_001,DLY_TRP_0016066,TRP_0016066,2026-07-16T09:46:00.000Z,ARRIVAL,16,TRAFFIC,GPS,false
TNT_001,DLY_TRP_0016083,TRP_0016083,2026-08-02T23:04:00.000Z,ARRIVAL,18,WEATHER,GPS,false
TNT_001,DLY_TRP_0016092,TRP_0016092,2026-08-11T14:02:00.000Z,ARRIVAL,21,VEHICLE_ISSUE,GPS,false
TNT_001,DLY_TRP_0016096,TRP_0016096,2026-08-15T06:44:00.000Z,ARRIVAL,41,TRAFFIC,VENDOR,false
TNT_001,DLY_TRP_0016104,TRP_0016104,2026-08-23T07:15:00.000Z,ARRIVAL,21,TRAFFIC,VENDOR,false
TNT_001,DLY_TRP_0016108,TRP_0016108,2026-08-27T22:34:00.000Z,ARRIVAL,36,DRIVER_LATE,VENDOR,false
TNT_002,DLY_TRP_0016110,TRP_0016110,2026-08-29T09:49:00.000Z,ARRIVAL,31,DRIVER_LATE,GPS,false
TNT_001,DLY_TRP_0016116,TRP_0016116,2026-06-06T14:23:00.000Z,ARRIVAL,38,DRIVER_LATE,GPS,false
TNT_001,DLY_TRP_0016118,TRP_0016118,2026-06-08T07:29:00.000Z,ARRIVAL,53,WEATHER,GPS,false
TNT_001,DLY_TRP_0016131,TRP_0016131,2026-06-21T14:28:00.000Z,ARRIVAL,29,ROUTE_DEVIATION,GPS,false
TNT_001,DLY_TRP_0016139,TRP_0016139,2026-06-29T22:35:00.000Z,ARRIVAL,14,DRIVER_LATE,GPS,false
TNT_001,DLY_TRP_0016141,TRP_0016141,2026-07-01T13:55:00.000Z,ARRIVAL,26,TRAFFIC,GPS,false
TNT_001,DLY_TRP_0016147,TRP_0016147,2026-07-07T06:33:00.000Z,ARRIVAL,42,DRIVER_LATE,OPS,false
TNT_001,DLY_TRP_0016149,TRP_0016149,2026-07-09T09:51:00.000Z,ARRIVAL,51,ROUTE_DEVIATION,GPS,false
TNT_001,DLY_TRP_0016154,TRP_0016154,2026-07-14T22:45:00.000Z,ARRIVAL,18,TRAFFIC,GPS,false
TNT_001,DLY_TRP_0016156,TRP_0016156,2026-07-16T06:39:00.000Z,ARRIVAL,19,ROUTE_DEVIATION,VENDOR,false
TNT_002,DLY_TRP_0016161,TRP_0016161,2026-07-21T09:22:00.000Z,ARRIVAL,14,VEHICLE_ISSUE,VENDOR,false
TNT_001,DLY_TRP_0016166,TRP_0016166,2026-07-26T10:38:00.000Z,ARRIVAL,41,WEATHER,GPS,false
TNT_001,DLY_TRP_0016172,TRP_0016172,2026-08-01T15:45:00.000Z,ARRIVAL,42,ROUTE_DEVIATION,GPS,false
TNT_001,DLY_TRP_0016178,TRP_0016178,2026-08-07T06:13:00.000Z,ARRIVAL,31,TRAFFIC,OPS,false
TNT_001,DLY_TRP_0016180,TRP_0016180,2026-08-09T09:22:00.000Z,ARRIVAL,12,DRIVER_LATE,OPS,false
TNT_001,DLY_TRP_0016181,TRP_0016181,2026-08-10T15:22:00.000Z,ARRIVAL,54,TRAFFIC,VENDOR,false
TNT_001,DLY_TRP_0016185,TRP_0016185,2026-08-14T23:01:00.000Z,ARRIVAL,52,TRAFFIC,VENDOR,false
TNT_001,DLY_TRP_0016187,TRP_0016187,2026-08-16T07:26:00.000Z,ARRIVAL,53,TRAFFIC,GPS,false
TNT_001,DLY_TRP_0016189,TRP_0016189,2026-08-18T06:42:00.000Z,ARRIVAL,39,DRIVER_LATE,GPS,false
TNT_001,DLY_TRP_0016193,TRP_0016193,2026-08-22T09:41:00.000Z,ARRIVAL,41,TRAFFIC,VENDOR,false
TNT_002,DLY_TRP_0016202,TRP_0016202,2026-06-02T14:25:00.000Z,ARRIVAL,15,TRAFFIC,GPS,false
TNT_003,DLY_TRP_0016203,TRP_0016203,2026-06-03T10:08:00.000Z,ARRIVAL,56,TRAFFIC,GPS,false
TNT_001,DLY_TRP_0016206,TRP_0016206,2026-06-06T09:50:00.000Z,ARRIVAL,51,VEHICLE_ISSUE,GPS,false
TNT_001,DLY_TRP_0016208,TRP_0016208,2026-06-08T06:29:00.000Z,ARRIVAL,47,WEATHER,GPS,false
TNT_002,DLY_TRP_0016210,TRP_0016210,2026-06-10T15:18:00.000Z,ARRIVAL,56,VEHICLE_ISSUE,VENDOR,false
TNT_003,DLY_TRP_0016226,TRP_0016226,2026-06-26T06:59:00.000Z,ARRIVAL,25,TRAFFIC,GPS,false
TNT_001,DLY_TRP_0016232,TRP_0016232,2026-07-02T10:12:00.000Z,ARRIVAL,19,TRAFFIC,GPS,false
TNT_001,DLY_TRP_0016236,TRP_0016236,2026-07-06T10:40:00.000Z,ARRIVAL,54,ROUTE_DEVIATION,GPS,false
TNT_002,DLY_TRP_0016246,TRP_0016246,2026-07-16T09:55:00.000Z,ARRIVAL,54,TRAFFIC,OPS,false
TNT_002,DLY_TRP_0016247,TRP_0016247,2026-07-17T09:45:00.000Z,ARRIVAL,34,TRAFFIC,OPS,false
TNT_001,DLY_TRP_0016252,TRP_0016252,2026-07-22T22:59:00.000Z,ARRIVAL,52,WEATHER,GPS,false
TNT_003,DLY_TRP_0016256,TRP_0016256,2026-07-26T06:18:00.000Z,ARRIVAL,32,TRAFFIC,VENDOR,false
TNT_001,DLY_TRP_0016265,TRP_0016265,2026-08-04T06:37:00.000Z,ARRIVAL,28,VEHICLE_ISSUE,OPS,false
TNT_001,DLY_TRP_0016269,TRP_0016269,2026-08-08T09:00:00.000Z,ARRIVAL,18,TRAFFIC,GPS,false
TNT_001,DLY_TRP_0016271,TRP_0016271,2026-08-10T14:54:00.000Z,ARRIVAL,23,TRAFFIC,OPS,true
TNT_003,DLY_TRP_0016273,TRP_0016273,2026-08-12T06:47:00.000Z,ARRIVAL,34,WEATHER,GPS,false
TNT_001,DLY_TRP_0016274,TRP_0016274,2026-08-13T09:52:00.000Z,ARRIVAL,27,ROUTE_DEVIATION,VENDOR,false
TNT_001,DLY_TRP_0016279,TRP_0016279,2026-08-18T09:35:00.000Z,ARRIVAL,16,ROUTE_DEVIATION,GPS,false
TNT_003,DLY_TRP_0016285,TRP_0016285,2026-08-24T09:33:00.000Z,ARRIVAL,37,TRAFFIC,OPS,false
TNT_001,DLY_TRP_0016287,TRP_0016287,2026-08-26T22:08:00.000Z,ARRIVAL,26,DRIVER_LATE,GPS,false
TNT_001,DLY_TRP_0016288,TRP_0016288,2026-08-27T22:47:00.000Z,ARRIVAL,40,DRIVER_LATE,GPS,false
TNT_002,DLY_TRP_0016300,TRP_0016300,2026-06-10T10:07:00.000Z,ARRIVAL,51,TRAFFIC,GPS,false
TNT_001,DLY_TRP_0016313,TRP_0016313,2026-06-23T22:03:00.000Z,ARRIVAL,26,DRIVER_LATE,VENDOR,false
TNT_001,DLY_TRP_0016317,TRP_0016317,2026-06-27T10:21:00.000Z,ARRIVAL,39,TRAFFIC,GPS,false
TNT_001,DLY_TRP_0016321,TRP_0016321,2026-07-01T09:52:00.000Z,ARRIVAL,11,TRAFFIC,GPS,false
TNT_001,DLY_TRP_0016322,TRP_0016322,2026-07-02T09:42:00.000Z,ARRIVAL,27,ROUTE_DEVIATION,GPS,false
TNT_001,DLY_TRP_0016326,TRP_0016326,2026-07-06T09:49:00.000Z,ARRIVAL,43,ROUTE_DEVIATION,GPS,false
TNT_002,DLY_TRP_0016331,TRP_0016331,2026-07-11T15:05:00.000Z,ARRIVAL,51,ROUTE_DEVIATION,VENDOR,false
TNT_001,DLY_TRP_0016333,TRP_0016333,2026-07-13T09:23:00.000Z,ARRIVAL,23,TRAFFIC,OPS,false
TNT_001,DLY_TRP_0016337,TRP_0016337,2026-07-17T15:07:00.000Z,ARRIVAL,50,TRAFFIC,GPS,false
TNT_001,DLY_TRP_0016339,TRP_0016339,2026-07-19T14:39:00.000Z,ARRIVAL,46,VEHICLE_ISSUE,VENDOR,false
TNT_003,DLY_TRP_0016358,TRP_0016358,2026-08-07T05:53:00.000Z,ARRIVAL,14,TRAFFIC,OPS,false
TNT_003,DLY_TRP_0016362,TRP_0016362,2026-08-11T09:07:00.000Z,ARRIVAL,26,VEHICLE_ISSUE,VENDOR,false
TNT_001,DLY_TRP_0016365,TRP_0016365,2026-08-14T09:53:00.000Z,ARRIVAL,32,TRAFFIC,VENDOR,false
TNT_002,DLY_TRP_0016378,TRP_0016378,2026-08-27T09:09:00.000Z,ARRIVAL,39,TRAFFIC,GPS,false
TNT_002,DLY_TRP_0016381,TRP_0016381,2026-06-01T22:25:00.000Z,ARRIVAL,58,TRAFFIC,GPS,false
TNT_003,DLY_TRP_0016386,TRP_0016386,2026-06-06T06:53:00.000Z,ARRIVAL,27,TRAFFIC,GPS,false
TNT_001,DLY_TRP_0016387,TRP_0016387,2026-06-07T15:16:00.000Z,ARRIVAL,48,TRAFFIC,GPS,false
TNT_001,DLY_TRP_0016397,TRP_0016397,2026-06-17T09:01:00.000Z,ARRIVAL,14,TRAFFIC,GPS,false
TNT_002,DLY_TRP_0016413,TRP_0016413,2026-07-03T14:27:00.000Z,ARRIVAL,27,DRIVER_LATE,GPS,false
TNT_001,DLY_TRP_0016417,TRP_0016417,2026-07-07T23:56:00.000Z,ARRIVAL,46,TRAFFIC,GPS,false
TNT_001,DLY_TRP_0016418,TRP_0016418,2026-07-08T14:26:00.000Z,ARRIVAL,30,VEHICLE_ISSUE,VENDOR,false
TNT_002,DLY_TRP_0016421,TRP_0016421,2026-07-11T23:17:00.000Z,ARRIVAL,55,TRAFFIC,GPS,false
TNT_001,DLY_TRP_0016427,TRP_0016427,2026-07-17T23:10:00.000Z,ARRIVAL,31,TRAFFIC,GPS,false
TNT_001,DLY_TRP_0016428,TRP_0016428,2026-07-18T07:05:00.000Z,ARRIVAL,44,TRAFFIC,VENDOR,false
TNT_002,DLY_TRP_0016469,TRP_0016469,2026-08-28T10:10:00.000Z,ARRIVAL,58,TRAFFIC,GPS,false
TNT_001,DLY_TRP_0016471,TRP_0016471,2026-06-01T07:00:00.000Z,ARRIVAL,36,TRAFFIC,GPS,false
TNT_001,DLY_TRP_0016486,TRP_0016486,2026-06-16T09:59:00.000Z,ARRIVAL,28,DRIVER_LATE,GPS,false
TNT_001,DLY_TRP_0016494,TRP_0016494,2026-06-24T14:49:00.000Z,ARRIVAL,21,VEHICLE_ISSUE,GPS,false
TNT_003,DLY_TRP_0016512,TRP_0016512,2026-07-12T09:28:00.000Z,ARRIVAL,15,TRAFFIC,GPS,false
TNT_001,DLY_TRP_0016534,TRP_0016534,2026-08-03T14:22:00.000Z,ARRIVAL,26,TRAFFIC,GPS,false
TNT_001,DLY_TRP_0016549,TRP_0016549,2026-08-18T14:50:00.000Z,ARRIVAL,40,TRAFFIC,GPS,false
TNT_001,DLY_TRP_0016554,TRP_0016554,2026-08-23T14:49:00.000Z,ARRIVAL,46,WEATHER,GPS,false
TNT_002,DLY_TRP_0016555,TRP_0016555,2026-08-24T10:05:00.000Z,ARRIVAL,55,DRIVER_LATE,GPS,false
TNT_001,DLY_TRP_0016556,TRP_0016556,2026-08-25T10:07:00.000Z,ARRIVAL,51,TRAFFIC,GPS,false
TNT_001,DLY_TRP_0016558,TRP_0016558,2026-08-27T22:34:00.000Z,ARRIVAL,37,TRAFFIC,VENDOR,false
TNT_002,DLY_TRP_0016567,TRP_0016567,2026-06-07T07:19:00.000Z,ARRIVAL,35,TRAFFIC,GPS,false
TNT_003,DLY_TRP_0016581,TRP_0016581,2026-06-21T08:59:00.000Z,ARRIVAL,27,WEATHER,GPS,false
TNT_001,DLY_TRP_0016589,TRP_0016589,2026-06-29T22:22:00.000Z,ARRIVAL,31,WEATHER,VENDOR,false
TNT_001,DLY_TRP_0016598,TRP_0016598,2026-07-08T10:20:00.000Z,ARRIVAL,48,TRAFFIC,GPS,false
TNT_001,DLY_TRP_0016602,TRP_0016602,2026-07-12T22:42:00.000Z,ARRIVAL,22,WEATHER,GPS,false
TNT_003,DLY_TRP_0016606,TRP_0016606,2026-07-16T23:10:00.000Z,ARRIVAL,55,TRAFFIC,GPS,false
TNT_002,DLY_TRP_0016607,TRP_0016607,2026-07-17T09:36:00.000Z,ARRIVAL,20,VEHICLE_ISSUE,OPS,false
TNT_002,DLY_TRP_0016617,TRP_0016617,2026-07-27T14:30:00.000Z,ARRIVAL,30,TRAFFIC,GPS,false
TNT_002,DLY_TRP_0016619,TRP_0016619,2026-07-29T06:05:00.000Z,ARRIVAL,23,TRAFFIC,VENDOR,false
TNT_001,DLY_TRP_0016632,TRP_0016632,2026-08-11T14:26:00.000Z,ARRIVAL,31,DRIVER_LATE,GPS,false
TNT_001,DLY_TRP_0016653,TRP_0016653,2026-06-03T06:52:00.000Z,ARRIVAL,57,ROUTE_DEVIATION,GPS,false
TNT_001,DLY_TRP_0016673,TRP_0016673,2026-06-23T09:53:00.000Z,ARRIVAL,50,TRAFFIC,GPS,false
TNT_001,DLY_TRP_0016676,TRP_0016676,2026-06-26T09:06:00.000Z,ARRIVAL,11,WEATHER,GPS,false
TNT_003,DLY_TRP_0016678,TRP_0016678,2026-06-28T22:20:00.000Z,ARRIVAL,19,TRAFFIC,OPS,false
TNT_001,DLY_TRP_0016680,TRP_0016680,2026-06-30T06:21:00.000Z,ARRIVAL,49,DRIVER_LATE,GPS,false
TNT_001,DLY_TRP_0016684,TRP_0016684,2026-07-04T06:38:00.000Z,ARRIVAL,33,ROUTE_DEVIATION,GPS,false
TNT_001,DLY_TRP_0016690,TRP_0016690,2026-07-10T22:56:00.000Z,ARRIVAL,40,VEHICLE_ISSUE,GPS,false
TNT_001,DLY_TRP_0016691,TRP_0016691,2026-07-11T14:40:00.000Z,ARRIVAL,47,DRIVER_LATE,GPS,false
TNT_001,DLY_TRP_0016698,TRP_0016698,2026-07-18T06:20:00.000Z,ARRIVAL,19,TRAFFIC,GPS,false
TNT_001,DLY_TRP_0016699,TRP_0016699,2026-07-19T22:56:00.000Z,ARRIVAL,30,WEATHER,VENDOR,false
TNT_003,DLY_TRP_0016704,TRP_0016704,2026-07-24T15:07:00.000Z,ARRIVAL,37,TRAFFIC,GPS,false
TNT_003,DLY_TRP_0016706,TRP_0016706,2026-07-26T06:56:00.000Z,ARRIVAL,54,ROUTE_DEVIATION,GPS,false
TNT_001,DLY_TRP_0016709,TRP_0016709,2026-07-29T06:46:00.000Z,ARRIVAL,40,WEATHER,GPS,false
TNT_002,DLY_TRP_0016710,TRP_0016710,2026-07-30T14:50:00.000Z,ARRIVAL,43,TRAFFIC,GPS,false
TNT_003,DLY_TRP_0016713,TRP_0016713,2026-08-02T09:40:00.000Z,ARRIVAL,53,ROUTE_DEVIATION,OPS,false
TNT_003,DLY_TRP_0016720,TRP_0016720,2026-08-09T10:14:00.000Z,ARRIVAL,39,VEHICLE_ISSUE,GPS,false
TNT_003,DLY_TRP_0016722,TRP_0016722,2026-08-11T22:41:00.000Z,ARRIVAL,48,WEATHER,GPS,false
TNT_001,DLY_TRP_0016729,TRP_0016729,2026-08-18T22:37:00.000Z,ARRIVAL,19,TRAFFIC,GPS,true
TNT_001,DLY_TRP_0016730,TRP_0016730,2026-08-19T06:35:00.000Z,ARRIVAL,48,VEHICLE_ISSUE,GPS,false
TNT_003,DLY_TRP_0016740,TRP_0016740,2026-08-29T10:01:00.000Z,ARRIVAL,35,TRAFFIC,GPS,false
TNT_001,DLY_TRP_0016749,TRP_0016749,2026-06-09T09:03:00.000Z,ARRIVAL,14,ROUTE_DEVIATION,GPS,false
TNT_003,DLY_TRP_0016752,TRP_0016752,2026-06-12T09:05:00.000Z,ARRIVAL,27,TRAFFIC,OPS,false
TNT_001,DLY_TRP_0016756,TRP_0016756,2026-06-16T22:39:00.000Z,ARRIVAL,24,DRIVER_LATE,GPS,false
TNT_002,DLY_TRP_0016764,TRP_0016764,2026-06-24T14:38:00.000Z,ARRIVAL,57,TRAFFIC,GPS,false
TNT_003,DLY_TRP_0016769,TRP_0016769,2026-06-29T09:32:00.000Z,ARRIVAL,17,VEHICLE_ISSUE,GPS,false
TNT_001,DLY_TRP_0016776,TRP_0016776,2026-07-06T07:03:00.000Z,ARRIVAL,39,ROUTE_DEVIATION,GPS,true
TNT_001,DLY_TRP_0016784,TRP_0016784,2026-07-14T09:54:00.000Z,ARRIVAL,38,DRIVER_LATE,VENDOR,false
TNT_003,DLY_TRP_0016794,TRP_0016794,2026-07-24T22:46:00.000Z,ARRIVAL,22,ROUTE_DEVIATION,GPS,false
TNT_002,DLY_TRP_0016796,TRP_0016796,2026-07-26T09:21:00.000Z,ARRIVAL,35,TRAFFIC,OPS,false
TNT_001,DLY_TRP_0016806,TRP_0016806,2026-08-05T09:44:00.000Z,ARRIVAL,56,ROUTE_DEVIATION,GPS,false
TNT_001,DLY_TRP_0016812,TRP_0016812,2026-08-11T10:20:00.000Z,ARRIVAL,46,TRAFFIC,VENDOR,false
TNT_001,DLY_TRP_0016814,TRP_0016814,2026-08-13T22:20:00.000Z,ARRIVAL,14,WEATHER,VENDOR,false
TNT_001,DLY_TRP_0016822,TRP_0016822,2026-08-21T22:19:00.000Z,ARRIVAL,25,DRIVER_LATE,OPS,false
TNT_001,DLY_TRP_0016825,TRP_0016825,2026-08-24T06:28:00.000Z,ARRIVAL,30,WEATHER,GPS,false
TNT_001,DLY_TRP_0016835,TRP_0016835,2026-06-05T09:40:00.000Z,ARRIVAL,22,DRIVER_LATE,GPS,false
TNT_001,DLY_TRP_0016843,TRP_0016843,2026-06-13T14:45:00.000Z,ARRIVAL,17,DRIVER_LATE,GPS,false
TNT_002,DLY_TRP_0016846,TRP_0016846,2026-06-16T22:25:00.000Z,ARRIVAL,26,WEATHER,VENDOR,false
TNT_002,DLY_TRP_0016851,TRP_0016851,2026-06-21T06:47:00.000Z,ARRIVAL,30,TRAFFIC,VENDOR,false
TNT_003,DLY_TRP_0016854,TRP_0016854,2026-06-24T09:53:00.000Z,ARRIVAL,43,TRAFFIC,GPS,false
TNT_003,DLY_TRP_0016861,TRP_0016861,2026-07-01T22:57:00.000Z,ARRIVAL,38,DRIVER_LATE,GPS,false
TNT_001,DLY_TRP_0016868,TRP_0016868,2026-07-08T14:52:00.000Z,ARRIVAL,52,TRAFFIC,GPS,false
TNT_001,DLY_TRP_0016871,TRP_0016871,2026-07-11T14:39:00.000Z,ARRIVAL,24,DRIVER_LATE,GPS,false
TNT_001,DLY_TRP_0016888,TRP_0016888,2026-07-28T06:28:00.000Z,ARRIVAL,33,ROUTE_DEVIATION,GPS,false
TNT_001,DLY_TRP_0016893,TRP_0016893,2026-08-02T09:34:00.000Z,ARRIVAL,38,VEHICLE_ISSUE,VENDOR,false
TNT_001,DLY_TRP_0016894,TRP_0016894,2026-08-03T06:58:00.000Z,ARRIVAL,47,TRAFFIC,GPS,false
TNT_002,DLY_TRP_0016895,TRP_0016895,2026-08-04T06:48:00.000Z,ARRIVAL,45,WEATHER,GPS,false
TNT_002,DLY_TRP_0016897,TRP_0016897,2026-08-06T22:15:00.000Z,ARRIVAL,21,VEHICLE_ISSUE,VENDOR,false
TNT_003,DLY_TRP_0016898,TRP_0016898,2026-08-07T10:03:00.000Z,ARRIVAL,39,DRIVER_LATE,OPS,false
TNT_001,DLY_TRP_0016906,TRP_0016906,2026-08-15T14:18:00.000Z,ARRIVAL,47,DRIVER_LATE,OPS,false
TNT_001,DLY_TRP_0016914,TRP_0016914,2026-08-23T07:06:00.000Z,ARRIVAL,48,DRIVER_LATE,VENDOR,false
TNT_001,DLY_TRP_0016922,TRP_0016922,2026-06-02T15:11:00.000Z,ARRIVAL,58,WEATHER,GPS,false
TNT_001,DLY_TRP_0016940,TRP_0016940,2026-06-20T10:03:00.000Z,ARRIVAL,49,ROUTE_DEVIATION,GPS,false
TNT_002,DLY_TRP_0016941,TRP_0016941,2026-06-21T07:09:00.000Z,ARRIVAL,57,TRAFFIC,GPS,false
TNT_001,DLY_TRP_0016958,TRP_0016958,2026-07-08T09:33:00.000Z,ARRIVAL,32,TRAFFIC,GPS,true
TNT_003,DLY_TRP_0016960,TRP_0016960,2026-07-10T06:42:00.000Z,ARRIVAL,45,ROUTE_DEVIATION,GPS,false
TNT_001,DLY_TRP_0016961,TRP_0016961,2026-07-11T06:33:00.000Z,ARRIVAL,14,WEATHER,GPS,false
TNT_001,DLY_TRP_0016964,TRP_0016964,2026-07-14T23:09:00.000Z,ARRIVAL,49,WEATHER,GPS,false
TNT_001,DLY_TRP_0016965,TRP_0016965,2026-07-15T06:48:00.000Z,ARRIVAL,54,WEATHER,GPS,false
TNT_001,DLY_TRP_0016976,TRP_0016976,2026-07-26T05:52:00.000Z,ARRIVAL,19,WEATHER,GPS,false
TNT_002,DLY_TRP_0016987,TRP_0016987,2026-08-06T22:42:00.000Z,ARRIVAL,40,TRAFFIC,VENDOR,false
TNT_001,DLY_TRP_0016991,TRP_0016991,2026-08-10T22:45:00.000Z,ARRIVAL,41,WEATHER,VENDOR,false
TNT_001,DLY_TRP_0017000,TRP_0017000,2026-08-19T23:33:00.000Z,ARRIVAL,57,TRAFFIC,GPS,false
TNT_002,DLY_TRP_0017008,TRP_0017008,2026-08-27T14:33:00.000Z,ARRIVAL,16,DRIVER_LATE,GPS,false
TNT_001,DLY_TRP_0017027,TRP_0017027,2026-06-17T07:00:00.000Z,ARRIVAL,41,VEHICLE_ISSUE,GPS,false
TNT_001,DLY_TRP_0017031,TRP_0017031,2026-06-21T14:45:00.000Z,ARRIVAL,44,WEATHER,VENDOR,false
TNT_001,DLY_TRP_0017033,TRP_0017033,2026-06-23T09:39:00.000Z,ARRIVAL,15,WEATHER,GPS,false
TNT_001,DLY_TRP_0017036,TRP_0017036,2026-06-26T06:58:00.000Z,ARRIVAL,51,WEATHER,GPS,false
TNT_003,DLY_TRP_0017038,TRP_0017038,2026-06-28T14:36:00.000Z,ARRIVAL,33,ROUTE_DEVIATION,OPS,false
TNT_002,DLY_TRP_0017040,TRP_0017040,2026-06-30T09:55:00.000Z,ARRIVAL,58,WEATHER,VENDOR,false
TNT_001,DLY_TRP_0017045,TRP_0017045,2026-07-05T14:10:00.000Z,ARRIVAL,19,DRIVER_LATE,VENDOR,false
TNT_001,DLY_TRP_0017048,TRP_0017048,2026-07-08T06:22:00.000Z,ARRIVAL,39,TRAFFIC,GPS,false
TNT_002,DLY_TRP_0017057,TRP_0017057,2026-07-17T06:34:00.000Z,ARRIVAL,34,VEHICLE_ISSUE,GPS,false
TNT_002,DLY_TRP_0017059,TRP_0017059,2026-07-19T10:05:00.000Z,ARRIVAL,57,VEHICLE_ISSUE,OPS,false
TNT_002,DLY_TRP_0017061,TRP_0017061,2026-07-21T09:31:00.000Z,ARRIVAL,35,WEATHER,GPS,false
TNT_002,DLY_TRP_0017065,TRP_0017065,2026-07-25T22:08:00.000Z,ARRIVAL,21,ROUTE_DEVIATION,GPS,false
TNT_001,DLY_TRP_0017067,TRP_0017067,2026-07-27T14:18:00.000Z,ARRIVAL,38,VEHICLE_ISSUE,GPS,false
TNT_002,DLY_TRP_0017069,TRP_0017069,2026-07-29T22:35:00.000Z,ARRIVAL,49,TRAFFIC,VENDOR,false
TNT_001,DLY_TRP_0017070,TRP_0017070,2026-07-30T06:56:00.000Z,ARRIVAL,35,WEATHER,GPS,false
TNT_002,DLY_TRP_0017115,TRP_0017115,2026-06-15T09:02:00.000Z,ARRIVAL,16,TRAFFIC,GPS,false
TNT_001,DLY_TRP_0017116,TRP_0017116,2026-06-16T22:35:00.000Z,ARRIVAL,42,ROUTE_DEVIATION,OPS,false
TNT_001,DLY_TRP_0017119,TRP_0017119,2026-06-19T09:48:00.000Z,ARRIVAL,53,WEATHER,GPS,false
TNT_001,DLY_TRP_0017120,TRP_0017120,2026-06-20T09:52:00.000Z,ARRIVAL,56,WEATHER,GPS,false
TNT_001,DLY_TRP_0017121,TRP_0017121,2026-06-21T14:40:00.000Z,ARRIVAL,33,TRAFFIC,GPS,true
TNT_002,DLY_TRP_0017131,TRP_0017131,2026-07-01T09:24:00.000Z,ARRIVAL,42,TRAFFIC,GPS,false
TNT_001,DLY_TRP_0017132,TRP_0017132,2026-07-02T13:55:00.000Z,ARRIVAL,17,WEATHER,GPS,false
TNT_001,DLY_TRP_0017135,TRP_0017135,2026-07-05T06:21:00.000Z,ARRIVAL,15,TRAFFIC,GPS,false
TNT_002,DLY_TRP_0017137,TRP_0017137,2026-07-07T09:13:00.000Z,ARRIVAL,15,TRAFFIC,GPS,false
TNT_001,DLY_TRP_0017153,TRP_0017153,2026-07-23T10:28:00.000Z,ARRIVAL,49,TRAFFIC,OPS,false
TNT_001,DLY_TRP_0017154,TRP_0017154,2026-07-24T06:50:00.000Z,ARRIVAL,49,VEHICLE_ISSUE,GPS,false
TNT_001,DLY_TRP_0017156,TRP_0017156,2026-07-26T15:12:00.000Z,ARRIVAL,43,VEHICLE_ISSUE,GPS,false
TNT_002,DLY_TRP_0017166,TRP_0017166,2026-08-05T22:07:00.000Z,ARRIVAL,36,ROUTE_DEVIATION,GPS,false
TNT_001,DLY_TRP_0017176,TRP_0017176,2026-08-15T09:14:00.000Z,ARRIVAL,16,DRIVER_LATE,GPS,false
TNT_001,DLY_TRP_0017180,TRP_0017180,2026-08-19T09:42:00.000Z,ARRIVAL,33,TRAFFIC,GPS,false
TNT_002,DLY_TRP_0017183,TRP_0017183,2026-08-22T06:32:00.000Z,ARRIVAL,48,DRIVER_LATE,GPS,false
TNT_001,DLY_TRP_0017196,TRP_0017196,2026-06-06T14:11:00.000Z,ARRIVAL,15,DRIVER_LATE,VENDOR,false
TNT_001,DLY_TRP_0017208,TRP_0017208,2026-06-18T09:32:00.000Z,ARRIVAL,35,ROUTE_DEVIATION,VENDOR,false
TNT_001,DLY_TRP_0017212,TRP_0017212,2026-06-22T14:29:00.000Z,ARRIVAL,36,WEATHER,GPS,false
TNT_001,DLY_TRP_0017213,TRP_0017213,2026-06-23T09:52:00.000Z,ARRIVAL,45,TRAFFIC,GPS,false
TNT_001,DLY_TRP_0017227,TRP_0017227,2026-07-07T09:38:00.000Z,ARRIVAL,34,TRAFFIC,GPS,false
TNT_001,DLY_TRP_0017231,TRP_0017231,2026-07-11T06:24:00.000Z,ARRIVAL,13,TRAFFIC,VENDOR,false
TNT_001,DLY_TRP_0017238,TRP_0017238,2026-07-18T22:26:00.000Z,ARRIVAL,33,TRAFFIC,GPS,false
TNT_001,DLY_TRP_0017239,TRP_0017239,2026-07-19T06:25:00.000Z,ARRIVAL,37,VEHICLE_ISSUE,GPS,false
TNT_001,DLY_TRP_0017260,TRP_0017260,2026-08-09T21:58:00.000Z,ARRIVAL,12,DRIVER_LATE,GPS,false
TNT_001,DLY_TRP_0017261,TRP_0017261,2026-08-10T14:59:00.000Z,ARRIVAL,57,TRAFFIC,GPS,false
TNT_002,DLY_TRP_0017264,TRP_0017264,2026-08-13T06:46:00.000Z,ARRIVAL,57,TRAFFIC,OPS,false
TNT_002,DLY_TRP_0017273,TRP_0017273,2026-08-22T08:58:00.000Z,ARRIVAL,14,TRAFFIC,GPS,true
TNT_001,DLY_TRP_0017285,TRP_0017285,2026-06-05T22:35:00.000Z,ARRIVAL,21,ROUTE_DEVIATION,GPS,false
TNT_003,DLY_TRP_0017288,TRP_0017288,2026-06-08T22:32:00.000Z,ARRIVAL,53,WEATHER,VENDOR,false
TNT_001,DLY_TRP_0017290,TRP_0017290,2026-06-10T23:01:00.000Z,ARRIVAL,24,TRAFFIC,OPS,false
TNT_001,DLY_TRP_0017294,TRP_0017294,2026-06-14T09:57:00.000Z,ARRIVAL,44,DRIVER_LATE,GPS,false
TNT_001,DLY_TRP_0017306,TRP_0017306,2026-06-26T14:42:00.000Z,ARRIVAL,36,TRAFFIC,GPS,false
TNT_001,DLY_TRP_0017307,TRP_0017307,2026-06-27T14:46:00.000Z,ARRIVAL,46,ROUTE_DEVIATION,GPS,false
TNT_001,DLY_TRP_0017313,TRP_0017313,2026-07-03T15:23:00.000Z,ARRIVAL,11,VEHICLE_ISSUE,GPS,false
TNT_002,DLY_TRP_0017326,TRP_0017326,2026-07-16T22:37:00.000Z,ARRIVAL,12,WEATHER,GPS,false
TNT_001,DLY_TRP_0017332,TRP_0017332,2026-07-22T22:22:00.000Z,ARRIVAL,41,ROUTE_DEVIATION,OPS,false
TNT_001,DLY_TRP_0017338,TRP_0017338,2026-07-28T15:14:00.000Z,ARRIVAL,40,ROUTE_DEVIATION,OPS,false
TNT_002,DLY_TRP_0017354,TRP_0017354,2026-08-13T09:04:00.000Z,ARRIVAL,26,TRAFFIC,GPS,true
TNT_002,DLY_TRP_0017362,TRP_0017362,2026-08-21T06:33:00.000Z,ARRIVAL,27,VEHICLE_ISSUE,GPS,false
TNT_001,DLY_TRP_0017365,TRP_0017365,2026-08-24T22:45:00.000Z,ARRIVAL,46,TRAFFIC,GPS,false
TNT_003,DLY_TRP_0017379,TRP_0017379,2026-06-09T14:48:00.000Z,ARRIVAL,28,TRAFFIC,VENDOR,false
TNT_002,DLY_TRP_0017386,TRP_0017386,2026-06-16T10:11:00.000Z,ARRIVAL,49,WEATHER,GPS,false
TNT_001,DLY_TRP_0017387,TRP_0017387,2026-06-17T09:59:00.000Z,ARRIVAL,37,WEATHER,VENDOR,false
TNT_002,DLY_TRP_0017405,TRP_0017405,2026-07-05T22:21:00.000Z,ARRIVAL,51,TRAFFIC,VENDOR,false
TNT_001,DLY_TRP_0017415,TRP_0017415,2026-07-15T10:19:00.000Z,ARRIVAL,41,TRAFFIC,VENDOR,false
TNT_001,DLY_TRP_0017417,TRP_0017417,2026-07-17T10:21:00.000Z,ARRIVAL,49,WEATHER,GPS,false
TNT_002,DLY_TRP_0017418,TRP_0017418,2026-07-18T22:14:00.000Z,ARRIVAL,23,TRAFFIC,GPS,false
TNT_001,DLY_TRP_0017420,TRP_0017420,2026-07-20T14:17:00.000Z,ARRIVAL,25,DRIVER_LATE,GPS,false
TNT_001,DLY_TRP_0017440,TRP_0017440,2026-08-09T14:36:00.000Z,ARRIVAL,27,TRAFFIC,GPS,false
TNT_001,DLY_TRP_0017455,TRP_0017455,2026-08-24T22:17:00.000Z,ARRIVAL,43,ROUTE_DEVIATION,VENDOR,false
TNT_001,DLY_TRP_0017458,TRP_0017458,2026-08-27T09:44:00.000Z,ARRIVAL,32,TRAFFIC,GPS,false
TNT_001,DLY_TRP_0017465,TRP_0017465,2026-06-05T10:19:00.000Z,ARRIVAL,48,WEATHER,GPS,false
TNT_001,DLY_TRP_0017467,TRP_0017467,2026-06-07T09:11:00.000Z,ARRIVAL,11,DRIVER_LATE,GPS,false
TNT_001,DLY_TRP_0017468,TRP_0017468,2026-06-08T09:59:00.000Z,ARRIVAL,39,TRAFFIC,OPS,false
TNT_003,DLY_TRP_0017472,TRP_0017472,2026-06-12T15:20:00.000Z,ARRIVAL,56,ROUTE_DEVIATION,GPS,false
TNT_001,DLY_TRP_0017475,TRP_0017475,2026-06-15T22:35:00.000Z,ARRIVAL,56,WEATHER,GPS,false
TNT_002,DLY_TRP_0017476,TRP_0017476,2026-06-16T06:36:00.000Z,ARRIVAL,57,WEATHER,VENDOR,false
TNT_001,DLY_TRP_0017481,TRP_0017481,2026-06-21T09:41:00.000Z,ARRIVAL,25,DRIVER_LATE,GPS,false
TNT_001,DLY_TRP_0017482,TRP_0017482,2026-06-22T14:59:00.000Z,ARRIVAL,35,TRAFFIC,GPS,false
TNT_002,DLY_TRP_0017490,TRP_0017490,2026-06-30T22:49:00.000Z,ARRIVAL,41,TRAFFIC,GPS,false
TNT_001,DLY_TRP_0017494,TRP_0017494,2026-07-04T09:04:00.000Z,ARRIVAL,27,WEATHER,GPS,false
TNT_001,DLY_TRP_0017496,TRP_0017496,2026-07-06T07:28:00.000Z,ARRIVAL,57,DRIVER_LATE,GPS,false
TNT_001,DLY_TRP_0017497,TRP_0017497,2026-07-07T09:46:00.000Z,ARRIVAL,33,TRAFFIC,GPS,false
TNT_002,DLY_TRP_0017510,TRP_0017510,2026-07-20T10:25:00.000Z,ARRIVAL,57,WEATHER,OPS,false
TNT_001,DLY_TRP_0017511,TRP_0017511,2026-07-21T07:31:00.000Z,ARRIVAL,45,WEATHER,GPS,false
TNT_001,DLY_TRP_0017520,TRP_0017520,2026-07-30T06:32:00.000Z,ARRIVAL,41,WEATHER,VENDOR,false
TNT_001,DLY_TRP_0017523,TRP_0017523,2026-08-02T07:18:00.000Z,ARRIVAL,41,TRAFFIC,GPS,false
TNT_001,DLY_TRP_0017525,TRP_0017525,2026-08-04T14:53:00.000Z,ARRIVAL,48,VEHICLE_ISSUE,GPS,false
TNT_001,DLY_TRP_0017530,TRP_0017530,2026-08-09T14:44:00.000Z,ARRIVAL,42,TRAFFIC,GPS,false
TNT_001,DLY_TRP_0017535,TRP_0017535,2026-08-14T23:10:00.000Z,ARRIVAL,53,TRAFFIC,GPS,false
TNT_002,DLY_TRP_0017536,TRP_0017536,2026-08-15T14:05:00.000Z,ARRIVAL,33,TRAFFIC,GPS,false
TNT_002,DLY_TRP_0017538,TRP_0017538,2026-08-17T09:18:00.000Z,ARRIVAL,32,DRIVER_LATE,OPS,false
TNT_001,DLY_TRP_0017544,TRP_0017544,2026-08-23T22:10:00.000Z,ARRIVAL,34,DRIVER_LATE,GPS,false
TNT_003,DLY_TRP_0017545,TRP_0017545,2026-08-24T22:30:00.000Z,ARRIVAL,37,TRAFFIC,GPS,false
TNT_002,DLY_TRP_0017553,TRP_0017553,2026-06-03T22:36:00.000Z,ARRIVAL,30,WEATHER,GPS,false
TNT_001,DLY_TRP_0017554,TRP_0017554,2026-06-04T08:59:00.000Z,ARRIVAL,27,WEATHER,VENDOR,false
TNT_002,DLY_TRP_0017557,TRP_0017557,2026-06-07T22:35:00.000Z,ARRIVAL,34,ROUTE_DEVIATION,GPS,false
TNT_001,DLY_TRP_0017559,TRP_0017559,2026-06-09T07:41:00.000Z,ARRIVAL,35,TRAFFIC,VENDOR,false
TNT_001,DLY_TRP_0017573,TRP_0017573,2026-06-23T06:20:00.000Z,ARRIVAL,12,WEATHER,VENDOR,false
TNT_001,DLY_TRP_0017578,TRP_0017578,2026-06-28T08:59:00.000Z,ARRIVAL,17,ROUTE_DEVIATION,GPS,false
TNT_002,DLY_TRP_0017602,TRP_0017602,2026-07-22T22:16:00.000Z,ARRIVAL,13,WEATHER,GPS,false
TNT_003,DLY_TRP_0017607,TRP_0017607,2026-07-27T09:12:00.000Z,ARRIVAL,24,DRIVER_LATE,GPS,false
TNT_001,DLY_TRP_0017609,TRP_0017609,2026-07-29T22:30:00.000Z,ARRIVAL,39,DRIVER_LATE,GPS,false
TNT_001,DLY_TRP_0017623,TRP_0017623,2026-08-12T23:06:00.000Z,ARRIVAL,42,DRIVER_LATE,OPS,false
TNT_001,DLY_TRP_0017630,TRP_0017630,2026-08-19T07:05:00.000Z,ARRIVAL,26,DRIVER_LATE,GPS,false
TNT_001,DLY_TRP_0017632,TRP_0017632,2026-08-21T06:51:00.000Z,ARRIVAL,43,TRAFFIC,GPS,false
TNT_001,DLY_TRP_0017646,TRP_0017646,2026-06-06T09:18:00.000Z,ARRIVAL,40,TRAFFIC,GPS,false
TNT_002,DLY_TRP_0017663,TRP_0017663,2026-06-23T06:15:00.000Z,ARRIVAL,12,TRAFFIC,GPS,false
TNT_002,DLY_TRP_0017683,TRP_0017683,2026-07-13T22:47:00.000Z,ARRIVAL,51,TRAFFIC,GPS,false
TNT_001,DLY_TRP_0017689,TRP_0017689,2026-07-19T09:04:00.000Z,ARRIVAL,15,ROUTE_DEVIATION,GPS,false
TNT_003,DLY_TRP_0017691,TRP_0017691,2026-07-21T22:57:00.000Z,ARRIVAL,56,WEATHER,GPS,false
TNT_001,DLY_TRP_0017693,TRP_0017693,2026-07-23T14:52:00.000Z,ARRIVAL,54,ROUTE_DEVIATION,OPS,false
TNT_001,DLY_TRP_0017702,TRP_0017702,2026-08-01T15:06:00.000Z,ARRIVAL,36,TRAFFIC,GPS,false
TNT_001,DLY_TRP_0017704,TRP_0017704,2026-08-03T10:11:00.000Z,ARRIVAL,58,TRAFFIC,GPS,false
TNT_003,DLY_TRP_0017705,TRP_0017705,2026-08-04T09:42:00.000Z,ARRIVAL,42,VEHICLE_ISSUE,GPS,false
TNT_003,DLY_TRP_0017706,TRP_0017706,2026-08-05T14:13:00.000Z,ARRIVAL,15,TRAFFIC,GPS,false
TNT_003,DLY_TRP_0017707,TRP_0017707,2026-08-06T09:45:00.000Z,ARRIVAL,21,ROUTE_DEVIATION,GPS,false
TNT_001,DLY_TRP_0017708,TRP_0017708,2026-08-07T09:39:00.000Z,ARRIVAL,42,TRAFFIC,GPS,false
TNT_001,DLY_TRP_0017711,TRP_0017711,2026-08-10T09:31:00.000Z,ARRIVAL,48,VEHICLE_ISSUE,OPS,false
TNT_001,DLY_TRP_0017714,TRP_0017714,2026-08-13T23:11:00.000Z,ARRIVAL,52,WEATHER,VENDOR,false
TNT_001,DLY_TRP_0017716,TRP_0017716,2026-08-15T06:50:00.000Z,ARRIVAL,36,ROUTE_DEVIATION,GPS,false
TNT_001,DLY_TRP_0017718,TRP_0017718,2026-08-17T09:44:00.000Z,ARRIVAL,32,TRAFFIC,GPS,false
TNT_001,DLY_TRP_0017728,TRP_0017728,2026-08-27T06:57:00.000Z,ARRIVAL,34,VEHICLE_ISSUE,OPS,false
TNT_001,DLY_TRP_0017737,TRP_0017737,2026-06-07T06:33:00.000Z,ARRIVAL,27,DRIVER_LATE,GPS,false
TNT_001,DLY_TRP_0017747,TRP_0017747,2026-06-17T14:56:00.000Z,ARRIVAL,44,VEHICLE_ISSUE,GPS,false
TNT_001,DLY_TRP_0017749,TRP_0017749,2026-06-19T14:10:00.000Z,ARRIVAL,26,TRAFFIC,VENDOR,false
TNT_001,DLY_TRP_0017751,TRP_0017751,2026-06-21T22:40:00.000Z,ARRIVAL,17,TRAFFIC,GPS,false
TNT_002,DLY_TRP_0017760,TRP_0017760,2026-06-30T14:34:00.000Z,ARRIVAL,36,TRAFFIC,GPS,false
TNT_002,DLY_TRP_0017761,TRP_0017761,2026-07-01T14:27:00.000Z,ARRIVAL,54,DRIVER_LATE,GPS,false
TNT_001,DLY_TRP_0017764,TRP_0017764,2026-07-04T09:19:00.000Z,ARRIVAL,22,DRIVER_LATE,OPS,false
TNT_002,DLY_TRP_0017765,TRP_0017765,2026-07-05T15:28:00.000Z,ARRIVAL,58,TRAFFIC,GPS,false
TNT_003,DLY_TRP_0017776,TRP_0017776,2026-07-16T22:27:00.000Z,ARRIVAL,22,TRAFFIC,VENDOR,false
TNT_002,DLY_TRP_0017785,TRP_0017785,2026-07-25T09:48:00.000Z,ARRIVAL,46,WEATHER,GPS,false
TNT_002,DLY_TRP_0017787,TRP_0017787,2026-07-27T06:15:00.000Z,ARRIVAL,22,DRIVER_LATE,VENDOR,false
TNT_003,DLY_TRP_0017807,TRP_0017807,2026-08-16T09:14:00.000Z,ARRIVAL,26,DRIVER_LATE,GPS,false
TNT_002,DLY_TRP_0017817,TRP_0017817,2026-08-26T06:15:00.000Z,ARRIVAL,27,WEATHER,VENDOR,false
TNT_002,DLY_TRP_0017818,TRP_0017818,2026-08-27T14:00:00.000Z,ARRIVAL,22,DRIVER_LATE,VENDOR,false
TNT_001,DLY_TRP_0017824,TRP_0017824,2026-06-04T14:59:00.000Z,ARRIVAL,54,WEATHER,OPS,false
TNT_001,DLY_TRP_0017826,TRP_0017826,2026-06-06T09:25:00.000Z,ARRIVAL,15,TRAFFIC,GPS,false
TNT_002,DLY_TRP_0017828,TRP_0017828,2026-06-08T22:16:00.000Z,ARRIVAL,19,TRAFFIC,VENDOR,false
TNT_001,DLY_TRP_0017846,TRP_0017846,2026-06-26T09:55:00.000Z,ARRIVAL,32,ROUTE_DEVIATION,GPS,false
TNT_001,DLY_TRP_0017849,TRP_0017849,2026-06-29T06:34:00.000Z,ARRIVAL,25,TRAFFIC,GPS,false
TNT_001,DLY_TRP_0017852,TRP_0017852,2026-07-02T09:25:00.000Z,ARRIVAL,13,TRAFFIC,GPS,false
TNT_001,DLY_TRP_0017861,TRP_0017861,2026-07-11T09:41:00.000Z,ARRIVAL,52,TRAFFIC,VENDOR,false
TNT_001,DLY_TRP_0017870,TRP_0017870,2026-07-20T06:28:00.000Z,ARRIVAL,18,WEATHER,GPS,false
TNT_003,DLY_TRP_0017888,TRP_0017888,2026-08-07T09:47:00.000Z,ARRIVAL,50,TRAFFIC,OPS,false
TNT_001,DLY_TRP_0017895,TRP_0017895,2026-08-14T09:03:00.000Z,ARRIVAL,25,DRIVER_LATE,OPS,false
TNT_001,DLY_TRP_0017906,TRP_0017906,2026-08-25T09:01:00.000Z,ARRIVAL,13,DRIVER_LATE,GPS,false
TNT_002,DLY_TRP_0017912,TRP_0017912,2026-06-02T22:30:00.000Z,ARRIVAL,47,WEATHER,GPS,false
TNT_001,DLY_TRP_0017917,TRP_0017917,2026-06-07T09:28:00.000Z,ARRIVAL,57,VEHICLE_ISSUE,GPS,false
TNT_001,DLY_TRP_0017919,TRP_0017919,2026-06-09T22:41:00.000Z,ARRIVAL,11,WEATHER,VENDOR,false
TNT_001,DLY_TRP_0017926,TRP_0017926,2026-06-16T14:32:00.000Z,ARRIVAL,36,TRAFFIC,GPS,false
TNT_001,DLY_TRP_0017944,TRP_0017944,2026-07-04T09:00:00.000Z,ARRIVAL,12,TRAFFIC,GPS,false
TNT_002,DLY_TRP_0017946,TRP_0017946,2026-07-06T22:34:00.000Z,ARRIVAL,27,DRIVER_LATE,VENDOR,false
TNT_001,DLY_TRP_0017950,TRP_0017950,2026-07-10T09:47:00.000Z,ARRIVAL,46,VEHICLE_ISSUE,GPS,false
TNT_001,DLY_TRP_0017956,TRP_0017956,2026-07-16T09:12:00.000Z,ARRIVAL,20,TRAFFIC,VENDOR,false
TNT_001,DLY_TRP_0017961,TRP_0017961,2026-07-21T14:50:00.000Z,ARRIVAL,56,ROUTE_DEVIATION,GPS,false
TNT_002,DLY_TRP_0017964,TRP_0017964,2026-07-24T22:24:00.000Z,ARRIVAL,12,WEATHER,GPS,false
TNT_002,DLY_TRP_0017975,TRP_0017975,2026-08-04T14:12:00.000Z,ARRIVAL,28,TRAFFIC,GPS,false
TNT_001,DLY_TRP_0017991,TRP_0017991,2026-08-20T06:00:00.000Z,ARRIVAL,30,ROUTE_DEVIATION,GPS,false
TNT_003,DLY_TRP_0017999,TRP_0017999,2026-08-28T09:14:00.000Z,ARRIVAL,23,TRAFFIC,GPS,false
TNT_001,DLY_TRP_0018000,TRP_0018000,2026-08-29T09:33:00.000Z,ARRIVAL,35,WEATHER,VENDOR,false
TNT_002,DLY_TRP_0018010,TRP_0018010,2026-06-10T15:03:00.000Z,ARRIVAL,48,VEHICLE_ISSUE,OPS,false
TNT_001,DLY_TRP_0018011,TRP_0018011,2026-06-11T10:01:00.000Z,ARRIVAL,55,ROUTE_DEVIATION,GPS,false
TNT_001,DLY_TRP_0018012,TRP_0018012,2026-06-12T09:54:00.000Z,ARRIVAL,56,DRIVER_LATE,VENDOR,false
TNT_001,DLY_TRP_0018024,TRP_0018024,2026-06-24T06:31:00.000Z,ARRIVAL,44,TRAFFIC,GPS,false
TNT_001,DLY_TRP_0018035,TRP_0018035,2026-07-05T10:24:00.000Z,ARRIVAL,58,VEHICLE_ISSUE,GPS,false
TNT_001,DLY_TRP_0018037,TRP_0018037,2026-07-07T14:57:00.000Z,ARRIVAL,52,WEATHER,GPS,false
TNT_002,DLY_TRP_0018055,TRP_0018055,2026-07-25T09:21:00.000Z,ARRIVAL,25,ROUTE_DEVIATION,GPS,false
TNT_001,DLY_TRP_0018061,TRP_0018061,2026-07-31T09:10:00.000Z,ARRIVAL,20,DRIVER_LATE,GPS,false
TNT_001,DLY_TRP_0018072,TRP_0018072,2026-08-11T22:44:00.000Z,ARRIVAL,47,ROUTE_DEVIATION,VENDOR,false
TNT_002,DLY_TRP_0018085,TRP_0018085,2026-08-24T09:31:00.000Z,ARRIVAL,26,ROUTE_DEVIATION,GPS,false
TNT_003,DLY_TRP_0018090,TRP_0018090,2026-08-29T09:36:00.000Z,ARRIVAL,36,DRIVER_LATE,GPS,false
TNT_001,DLY_TRP_0018093,TRP_0018093,2026-06-03T10:05:00.000Z,ARRIVAL,33,TRAFFIC,VENDOR,false
TNT_003,DLY_TRP_0018103,TRP_0018103,2026-06-13T06:15:00.000Z,ARRIVAL,35,ROUTE_DEVIATION,GPS,false
TNT_003,DLY_TRP_0018107,TRP_0018107,2026-06-17T15:03:00.000Z,ARRIVAL,33,ROUTE_DEVIATION,GPS,false
TNT_002,DLY_TRP_0018110,TRP_0018110,2026-06-20T22:57:00.000Z,ARRIVAL,45,DRIVER_LATE,GPS,false
TNT_001,DLY_TRP_0018124,TRP_0018124,2026-07-04T09:38:00.000Z,ARRIVAL,52,TRAFFIC,GPS,false
TNT_002,DLY_TRP_0018125,TRP_0018125,2026-07-05T09:51:00.000Z,ARRIVAL,51,ROUTE_DEVIATION,OPS,false
TNT_001,DLY_TRP_0018127,TRP_0018127,2026-07-07T22:25:00.000Z,ARRIVAL,32,VEHICLE_ISSUE,VENDOR,false
TNT_002,DLY_TRP_0018136,TRP_0018136,2026-07-16T10:15:00.000Z,ARRIVAL,58,WEATHER,OPS,false
TNT_002,DLY_TRP_0018138,TRP_0018138,2026-07-18T14:56:00.000Z,ARRIVAL,35,DRIVER_LATE,VENDOR,false
TNT_001,DLY_TRP_0018156,TRP_0018156,2026-08-05T14:50:00.000Z,ARRIVAL,27,TRAFFIC,OPS,false
TNT_002,DLY_TRP_0018162,TRP_0018162,2026-08-11T14:29:00.000Z,ARRIVAL,42,WEATHER,VENDOR,false
TNT_003,DLY_TRP_0018177,TRP_0018177,2026-08-26T23:05:00.000Z,ARRIVAL,49,ROUTE_DEVIATION,VENDOR,false
TNT_001,DLY_TRP_0018178,TRP_0018178,2026-08-27T10:27:00.000Z,ARRIVAL,45,WEATHER,GPS,false
TNT_003,DLY_TRP_0018179,TRP_0018179,2026-08-28T22:37:00.000Z,ARRIVAL,22,DRIVER_LATE,VENDOR,false
TNT_001,DLY_TRP_0018200,TRP_0018200,2026-06-20T22:53:00.000Z,ARRIVAL,53,TRAFFIC,GPS,false
TNT_001,DLY_TRP_0018202,TRP_0018202,2026-06-22T09:09:00.000Z,ARRIVAL,18,WEATHER,GPS,false
TNT_002,DLY_TRP_0018206,TRP_0018206,2026-06-26T09:24:00.000Z,ARRIVAL,53,ROUTE_DEVIATION,GPS,false
TNT_001,DLY_TRP_0018211,TRP_0018211,2026-07-01T09:28:00.000Z,ARRIVAL,35,TRAFFIC,GPS,true
TNT_003,DLY_TRP_0018215,TRP_0018215,2026-07-05T23:24:00.000Z,ARRIVAL,31,TRAFFIC,GPS,false
TNT_003,DLY_TRP_0018222,TRP_0018222,2026-07-12T08:56:00.000Z,ARRIVAL,21,VEHICLE_ISSUE,GPS,false
TNT_001,DLY_TRP_0018225,TRP_0018225,2026-07-15T14:40:00.000Z,ARRIVAL,41,WEATHER,GPS,false
TNT_002,DLY_TRP_0018226,TRP_0018226,2026-07-16T06:06:00.000Z,ARRIVAL,22,ROUTE_DEVIATION,VENDOR,false
TNT_001,DLY_TRP_0018233,TRP_0018233,2026-07-23T09:35:00.000Z,ARRIVAL,25,TRAFFIC,GPS,false
TNT_001,DLY_TRP_0018234,TRP_0018234,2026-07-24T09:33:00.000Z,ARRIVAL,33,ROUTE_DEVIATION,GPS,false
TNT_001,DLY_TRP_0018239,TRP_0018239,2026-07-29T09:58:00.000Z,ARRIVAL,47,TRAFFIC,VENDOR,false
TNT_002,DLY_TRP_0018240,TRP_0018240,2026-07-30T21:59:00.000Z,ARRIVAL,17,TRAFFIC,VENDOR,false
TNT_002,DLY_TRP_0018246,TRP_0018246,2026-08-05T10:02:00.000Z,ARRIVAL,52,TRAFFIC,GPS,false
TNT_002,DLY_TRP_0018247,TRP_0018247,2026-08-06T14:43:00.000Z,ARRIVAL,13,ROUTE_DEVIATION,GPS,false
TNT_001,DLY_TRP_0018256,TRP_0018256,2026-08-15T09:11:00.000Z,ARRIVAL,27,TRAFFIC,GPS,false
TNT_001,DLY_TRP_0018265,TRP_0018265,2026-08-24T06:49:00.000Z,ARRIVAL,50,TRAFFIC,GPS,false
TNT_001,DLY_TRP_0018270,TRP_0018270,2026-08-29T23:00:00.000Z,ARRIVAL,31,TRAFFIC,GPS,false
TNT_001,DLY_TRP_0018272,TRP_0018272,2026-06-02T09:42:00.000Z,ARRIVAL,23,TRAFFIC,OPS,false
TNT_001,DLY_TRP_0018279,TRP_0018279,2026-06-09T22:18:00.000Z,ARRIVAL,39,ROUTE_DEVIATION,GPS,false
TNT_001,DLY_TRP_0018288,TRP_0018288,2026-06-18T14:42:00.000Z,ARRIVAL,35,DRIVER_LATE,GPS,false
TNT_003,DLY_TRP_0018296,TRP_0018296,2026-06-26T09:33:00.000Z,ARRIVAL,35,TRAFFIC,VENDOR,false
TNT_001,DLY_TRP_0018313,TRP_0018313,2026-07-13T06:29:00.000Z,ARRIVAL,42,DRIVER_LATE,VENDOR,false
TNT_001,DLY_TRP_0018316,TRP_0018316,2026-07-16T10:14:00.000Z,ARRIVAL,49,VEHICLE_ISSUE,GPS,false
TNT_002,DLY_TRP_0018319,TRP_0018319,2026-07-19T10:02:00.000Z,ARRIVAL,48,DRIVER_LATE,VENDOR,false
TNT_001,DLY_TRP_0018325,TRP_0018325,2026-07-25T15:05:00.000Z,ARRIVAL,34,TRAFFIC,OPS,false
TNT_003,DLY_TRP_0018333,TRP_0018333,2026-08-02T06:32:00.000Z,ARRIVAL,20,DRIVER_LATE,GPS,false
TNT_001,DLY_TRP_0018343,TRP_0018343,2026-08-12T14:47:00.000Z,ARRIVAL,35,ROUTE_DEVIATION,GPS,false
TNT_001,DLY_TRP_0018345,TRP_0018345,2026-08-14T09:54:00.000Z,ARRIVAL,56,WEATHER,GPS,false
TNT_001,DLY_TRP_0018348,TRP_0018348,2026-08-17T09:26:00.000Z,ARRIVAL,11,DRIVER_LATE,GPS,false
TNT_002,DLY_TRP_0018351,TRP_0018351,2026-08-20T14:22:00.000Z,ARRIVAL,46,TRAFFIC,GPS,false
TNT_001,DLY_TRP_0018358,TRP_0018358,2026-08-27T09:33:00.000Z,ARRIVAL,38,WEATHER,GPS,false
TNT_001,DLY_TRP_0018367,TRP_0018367,2026-06-07T06:17:00.000Z,ARRIVAL,26,DRIVER_LATE,GPS,false
TNT_001,DLY_TRP_0018374,TRP_0018374,2026-06-14T06:10:00.000Z,ARRIVAL,20,TRAFFIC,VENDOR,false
TNT_002,DLY_TRP_0018386,TRP_0018386,2026-06-26T10:32:00.000Z,ARRIVAL,48,DRIVER_LATE,OPS,false
TNT_001,DLY_TRP_0018391,TRP_0018391,2026-07-01T22:37:00.000Z,ARRIVAL,38,TRAFFIC,OPS,false
TNT_002,DLY_TRP_0018393,TRP_0018393,2026-07-03T22:28:00.000Z,ARRIVAL,47,TRAFFIC,OPS,false
TNT_001,DLY_TRP_0018403,TRP_0018403,2026-07-13T10:10:00.000Z,ARRIVAL,42,WEATHER,GPS,false
TNT_002,DLY_TRP_0018412,TRP_0018412,2026-07-22T08:57:00.000Z,ARRIVAL,23,ROUTE_DEVIATION,GPS,false
TNT_003,DLY_TRP_0018437,TRP_0018437,2026-08-16T06:55:00.000Z,ARRIVAL,45,TRAFFIC,VENDOR,false
TNT_002,DLY_TRP_0018441,TRP_0018441,2026-08-20T09:19:00.000Z,ARRIVAL,20,DRIVER_LATE,GPS,false
TNT_001,DLY_TRP_0018444,TRP_0018444,2026-08-23T23:30:00.000Z,ARRIVAL,52,TRAFFIC,VENDOR,false
TNT_001,DLY_TRP_0018446,TRP_0018446,2026-08-25T22:10:00.000Z,ARRIVAL,23,TRAFFIC,GPS,false
TNT_002,DLY_TRP_0018460,TRP_0018460,2026-06-10T06:39:00.000Z,ARRIVAL,28,DRIVER_LATE,OPS,false
TNT_001,DLY_TRP_0018464,TRP_0018464,2026-06-14T09:40:00.000Z,ARRIVAL,44,VEHICLE_ISSUE,GPS,false
TNT_002,DLY_TRP_0018466,TRP_0018466,2026-06-16T09:50:00.000Z,ARRIVAL,45,TRAFFIC,GPS,false
TNT_002,DLY_TRP_0018467,TRP_0018467,2026-06-17T06:21:00.000Z,ARRIVAL,23,ROUTE_DEVIATION,VENDOR,false
TNT_002,DLY_TRP_0018469,TRP_0018469,2026-06-19T06:50:00.000Z,ARRIVAL,29,TRAFFIC,GPS,false
TNT_003,DLY_TRP_0018475,TRP_0018475,2026-06-25T14:12:00.000Z,ARRIVAL,11,DRIVER_LATE,VENDOR,false
TNT_001,DLY_TRP_0018482,TRP_0018482,2026-07-02T06:59:00.000Z,ARRIVAL,37,TRAFFIC,VENDOR,false
TNT_001,DLY_TRP_0018487,TRP_0018487,2026-07-07T09:56:00.000Z,ARRIVAL,31,ROUTE_DEVIATION,GPS,false
TNT_002,DLY_TRP_0018496,TRP_0018496,2026-07-16T22:28:00.000Z,ARRIVAL,32,TRAFFIC,VENDOR,false
TNT_001,DLY_TRP_0018506,TRP_0018506,2026-07-26T14:50:00.000Z,ARRIVAL,15,ROUTE_DEVIATION,GPS,false
TNT_003,DLY_TRP_0018512,TRP_0018512,2026-08-01T09:46:00.000Z,ARRIVAL,49,DRIVER_LATE,OPS,false
TNT_001,DLY_TRP_0018525,TRP_0018525,2026-08-14T06:18:00.000Z,ARRIVAL,26,TRAFFIC,GPS,false
TNT_003,DLY_TRP_0018526,TRP_0018526,2026-08-15T06:45:00.000Z,ARRIVAL,53,ROUTE_DEVIATION,GPS,false
TNT_002,DLY_TRP_0018527,TRP_0018527,2026-08-16T21:56:00.000Z,ARRIVAL,13,DRIVER_LATE,GPS,false
TNT_001,DLY_TRP_0018528,TRP_0018528,2026-08-17T06:37:00.000Z,ARRIVAL,51,TRAFFIC,GPS,false
TNT_001,DLY_TRP_0018538,TRP_0018538,2026-08-28T00:06:00.000Z,ARRIVAL,27,TRAFFIC,GPS,false
TNT_001,DLY_TRP_0018573,TRP_0018573,2026-07-03T15:00:00.000Z,ARRIVAL,56,ROUTE_DEVIATION,GPS,false
TNT_001,DLY_TRP_0018580,TRP_0018580,2026-07-10T22:48:00.000Z,ARRIVAL,51,TRAFFIC,GPS,false
TNT_001,DLY_TRP_0018590,TRP_0018590,2026-07-20T06:41:00.000Z,ARRIVAL,55,WEATHER,OPS,false
TNT_001,DLY_TRP_0018603,TRP_0018603,2026-08-02T10:21:00.000Z,ARRIVAL,53,TRAFFIC,OPS,false
TNT_003,DLY_TRP_0018605,TRP_0018605,2026-08-04T14:35:00.000Z,ARRIVAL,48,VEHICLE_ISSUE,VENDOR,false
TNT_003,DLY_TRP_0018609,TRP_0018609,2026-08-08T09:05:00.000Z,ARRIVAL,28,VEHICLE_ISSUE,GPS,false
TNT_001,DLY_TRP_0018617,TRP_0018617,2026-08-16T23:47:00.000Z,ARRIVAL,46,TRAFFIC,GPS,false
TNT_001,DLY_TRP_0018620,TRP_0018620,2026-08-19T07:43:00.000Z,ARRIVAL,49,TRAFFIC,GPS,false
TNT_001,DLY_TRP_0018624,TRP_0018624,2026-08-23T09:37:00.000Z,ARRIVAL,40,TRAFFIC,GPS,false
TNT_003,DLY_TRP_0018638,TRP_0018638,2026-06-08T09:24:00.000Z,ARRIVAL,36,TRAFFIC,GPS,false
TNT_001,DLY_TRP_0018642,TRP_0018642,2026-06-12T06:40:00.000Z,ARRIVAL,35,TRAFFIC,VENDOR,false
TNT_001,DLY_TRP_0018658,TRP_0018658,2026-06-28T14:36:00.000Z,ARRIVAL,11,TRAFFIC,VENDOR,false
TNT_003,DLY_TRP_0018667,TRP_0018667,2026-07-07T09:30:00.000Z,ARRIVAL,19,DRIVER_LATE,GPS,false
TNT_001,DLY_TRP_0018669,TRP_0018669,2026-07-09T10:03:00.000Z,ARRIVAL,53,ROUTE_DEVIATION,GPS,false
TNT_001,DLY_TRP_0018676,TRP_0018676,2026-07-16T22:18:00.000Z,ARRIVAL,26,DRIVER_LATE,OPS,false
TNT_001,DLY_TRP_0018695,TRP_0018695,2026-08-04T22:33:00.000Z,ARRIVAL,22,ROUTE_DEVIATION,GPS,false
TNT_002,DLY_TRP_0018706,TRP_0018706,2026-08-15T09:42:00.000Z,ARRIVAL,24,WEATHER,VENDOR,false
TNT_001,DLY_TRP_0018717,TRP_0018717,2026-08-26T22:48:00.000Z,ARRIVAL,58,TRAFFIC,OPS,false
TNT_001,DLY_TRP_0018719,TRP_0018719,2026-08-28T06:28:00.000Z,ARRIVAL,50,WEATHER,GPS,false
TNT_001,DLY_TRP_0018720,TRP_0018720,2026-08-29T09:20:00.000Z,ARRIVAL,11,ROUTE_DEVIATION,OPS,true
TNT_003,DLY_TRP_0018723,TRP_0018723,2026-06-03T14:22:00.000Z,ARRIVAL,44,WEATHER,GPS,false
TNT_001,DLY_TRP_0018724,TRP_0018724,2026-06-04T09:27:00.000Z,ARRIVAL,36,TRAFFIC,GPS,false
TNT_001,DLY_TRP_0018735,TRP_0018735,2026-06-15T06:36:00.000Z,ARRIVAL,47,ROUTE_DEVIATION,VENDOR,false
TNT_001,DLY_TRP_0018748,TRP_0018748,2026-06-28T09:23:00.000Z,ARRIVAL,33,TRAFFIC,GPS,false
TNT_001,DLY_TRP_0018750,TRP_0018750,2026-06-30T14:40:00.000Z,ARRIVAL,25,TRAFFIC,GPS,false
TNT_001,DLY_TRP_0018761,TRP_0018761,2026-07-11T06:52:00.000Z,ARRIVAL,35,WEATHER,GPS,false
TNT_002,DLY_TRP_0018766,TRP_0018766,2026-07-16T22:36:00.000Z,ARRIVAL,26,WEATHER,OPS,true
TNT_003,DLY_TRP_0018776,TRP_0018776,2026-07-26T14:23:00.000Z,ARRIVAL,40,TRAFFIC,VENDOR,false
TNT_001,DLY_TRP_0018778,TRP_0018778,2026-07-28T22:13:00.000Z,ARRIVAL,28,DRIVER_LATE,GPS,false
TNT_001,DLY_TRP_0018780,TRP_0018780,2026-07-30T22:28:00.000Z,ARRIVAL,51,VEHICLE_ISSUE,GPS,true
TNT_002,DLY_TRP_0018783,TRP_0018783,2026-08-02T06:51:00.000Z,ARRIVAL,27,TRAFFIC,GPS,false
TNT_003,DLY_TRP_0018784,TRP_0018784,2026-08-03T06:51:00.000Z,ARRIVAL,56,DRIVER_LATE,GPS,false
TNT_002,DLY_TRP_0018787,TRP_0018787,2026-08-06T06:53:00.000Z,ARRIVAL,58,WEATHER,GPS,false
TNT_001,DLY_TRP_0018794,TRP_0018794,2026-08-13T06:39:00.000Z,ARRIVAL,15,TRAFFIC,GPS,false
TNT_001,DLY_TRP_0018800,TRP_0018800,2026-08-19T07:15:00.000Z,ARRIVAL,36,TRAFFIC,GPS,false
TNT_003,DLY_TRP_0018810,TRP_0018810,2026-08-29T06:21:00.000Z,ARRIVAL,20,WEATHER,GPS,false
TNT_001,DLY_TRP_0018823,TRP_0018823,2026-06-13T14:39:00.000Z,ARRIVAL,22,ROUTE_DEVIATION,GPS,false
TNT_001,DLY_TRP_0018824,TRP_0018824,2026-06-14T09:42:00.000Z,ARRIVAL,24,ROUTE_DEVIATION,OPS,false
TNT_003,DLY_TRP_0018827,TRP_0018827,2026-06-17T14:49:00.000Z,ARRIVAL,36,DRIVER_LATE,OPS,false
TNT_001,DLY_TRP_0018830,TRP_0018830,2026-06-20T09:44:00.000Z,ARRIVAL,56,TRAFFIC,GPS,false
TNT_001,DLY_TRP_0018836,TRP_0018836,2026-06-26T09:58:00.000Z,ARRIVAL,35,TRAFFIC,GPS,false
TNT_002,DLY_TRP_0018846,TRP_0018846,2026-07-06T09:06:00.000Z,ARRIVAL,27,TRAFFIC,VENDOR,false
TNT_003,DLY_TRP_0018855,TRP_0018855,2026-07-15T09:39:00.000Z,ARRIVAL,47,VEHICLE_ISSUE,OPS,false
TNT_001,DLY_TRP_0018856,TRP_0018856,2026-07-16T09:52:00.000Z,ARRIVAL,32,TRAFFIC,GPS,false
TNT_001,DLY_TRP_0018864,TRP_0018864,2026-07-24T09:58:00.000Z,ARRIVAL,48,WEATHER,GPS,false
TNT_002,DLY_TRP_0018870,TRP_0018870,2026-07-30T22:15:00.000Z,ARRIVAL,13,TRAFFIC,VENDOR,false
TNT_001,DLY_TRP_0018873,TRP_0018873,2026-08-02T06:18:00.000Z,ARRIVAL,45,DRIVER_LATE,GPS,false
TNT_002,DLY_TRP_0018877,TRP_0018877,2026-08-06T22:23:00.000Z,ARRIVAL,11,ROUTE_DEVIATION,GPS,false
TNT_002,DLY_TRP_0018879,TRP_0018879,2026-08-08T14:35:00.000Z,ARRIVAL,47,ROUTE_DEVIATION,GPS,false
TNT_001,DLY_TRP_0018888,TRP_0018888,2026-08-17T22:29:00.000Z,ARRIVAL,28,TRAFFIC,OPS,false
TNT_003,DLY_TRP_0018891,TRP_0018891,2026-08-20T23:05:00.000Z,ARRIVAL,46,TRAFFIC,GPS,false
TNT_001,DLY_TRP_0018894,TRP_0018894,2026-08-23T22:35:00.000Z,ARRIVAL,23,DRIVER_LATE,VENDOR,false
TNT_001,DLY_TRP_0018902,TRP_0018902,2026-06-02T10:02:00.000Z,ARRIVAL,26,VEHICLE_ISSUE,GPS,false
TNT_003,DLY_TRP_0018906,TRP_0018906,2026-06-06T09:54:00.000Z,ARRIVAL,28,DRIVER_LATE,GPS,false
TNT_002,DLY_TRP_0018910,TRP_0018910,2026-06-10T22:48:00.000Z,ARRIVAL,36,ROUTE_DEVIATION,GPS,false
TNT_001,DLY_TRP_0018913,TRP_0018913,2026-06-13T15:09:00.000Z,ARRIVAL,41,WEATHER,GPS,false
TNT_001,DLY_TRP_0018917,TRP_0018917,2026-06-17T22:35:00.000Z,ARRIVAL,49,VEHICLE_ISSUE,GPS,false
TNT_002,DLY_TRP_0018919,TRP_0018919,2026-06-19T14:26:00.000Z,ARRIVAL,20,WEATHER,OPS,false
TNT_001,DLY_TRP_0018920,TRP_0018920,2026-06-20T05:44:00.000Z,ARRIVAL,14,DRIVER_LATE,VENDOR,false
TNT_001,DLY_TRP_0018923,TRP_0018923,2026-06-23T23:38:00.000Z,ARRIVAL,33,TRAFFIC,GPS,false
TNT_001,DLY_TRP_0018929,TRP_0018929,2026-06-29T14:28:00.000Z,ARRIVAL,12,ROUTE_DEVIATION,VENDOR,false
TNT_001,DLY_TRP_0018937,TRP_0018937,2026-07-07T06:23:00.000Z,ARRIVAL,28,TRAFFIC,OPS,false
TNT_002,DLY_TRP_0018943,TRP_0018943,2026-07-13T09:05:00.000Z,ARRIVAL,29,DRIVER_LATE,VENDOR,false
TNT_001,DLY_TRP_0018947,TRP_0018947,2026-07-17T10:10:00.000Z,ARRIVAL,39,TRAFFIC,VENDOR,false
TNT_002,DLY_TRP_0018954,TRP_0018954,2026-07-24T09:47:00.000Z,ARRIVAL,55,ROUTE_DEVIATION,GPS,false
TNT_002,DLY_TRP_0018956,TRP_0018956,2026-07-26T22:30:00.000Z,ARRIVAL,17,TRAFFIC,GPS,false
TNT_002,DLY_TRP_0018963,TRP_0018963,2026-08-02T09:39:00.000Z,ARRIVAL,50,WEATHER,GPS,false
TNT_001,DLY_TRP_0018971,TRP_0018971,2026-08-10T06:17:00.000Z,ARRIVAL,15,ROUTE_DEVIATION,GPS,false
TNT_002,DLY_TRP_0018972,TRP_0018972,2026-08-11T09:40:00.000Z,ARRIVAL,46,WEATHER,GPS,false
TNT_001,DLY_TRP_0018984,TRP_0018984,2026-08-23T23:49:00.000Z,ARRIVAL,58,DRIVER_LATE,GPS,false
TNT_003,DLY_TRP_0018985,TRP_0018985,2026-08-24T09:23:00.000Z,ARRIVAL,15,TRAFFIC,VENDOR,false
TNT_002,DLY_TRP_0018986,TRP_0018986,2026-08-25T14:52:00.000Z,ARRIVAL,45,WEATHER,GPS,false
TNT_001,DLY_TRP_0018988,TRP_0018988,2026-08-27T08:59:00.000Z,ARRIVAL,26,ROUTE_DEVIATION,GPS,false
TNT_001,DLY_TRP_0018990,TRP_0018990,2026-08-29T07:04:00.000Z,ARRIVAL,55,VEHICLE_ISSUE,GPS,false
TNT_001,DLY_TRP_0018992,TRP_0018992,2026-06-02T15:34:00.000Z,ARRIVAL,58,TRAFFIC,VENDOR,false
TNT_001,DLY_TRP_0018998,TRP_0018998,2026-06-08T15:10:00.000Z,ARRIVAL,40,TRAFFIC,GPS,false
TNT_001,DLY_TRP_0019003,TRP_0019003,2026-06-13T10:27:00.000Z,ARRIVAL,44,TRAFFIC,VENDOR,false
TNT_001,DLY_TRP_0019007,TRP_0019007,2026-06-17T09:36:00.000Z,ARRIVAL,38,ROUTE_DEVIATION,GPS,false
TNT_002,DLY_TRP_0019011,TRP_0019011,2026-06-21T22:28:00.000Z,ARRIVAL,26,TRAFFIC,GPS,false
TNT_001,DLY_TRP_0019023,TRP_0019023,2026-07-03T09:44:00.000Z,ARRIVAL,15,WEATHER,OPS,false
TNT_001,DLY_TRP_0019040,TRP_0019040,2026-07-20T07:00:00.000Z,ARRIVAL,52,WEATHER,VENDOR,false
TNT_001,DLY_TRP_0019041,TRP_0019041,2026-07-21T06:28:00.000Z,ARRIVAL,25,TRAFFIC,GPS,false
TNT_003,DLY_TRP_0019044,TRP_0019044,2026-07-24T22:47:00.000Z,ARRIVAL,18,TRAFFIC,GPS,false
TNT_001,DLY_TRP_0019063,TRP_0019063,2026-08-12T14:31:00.000Z,ARRIVAL,21,TRAFFIC,OPS,true
TNT_001,DLY_TRP_0019068,TRP_0019068,2026-08-17T06:32:00.000Z,ARRIVAL,47,DRIVER_LATE,GPS,false
TNT_001,DLY_TRP_0019074,TRP_0019074,2026-08-23T22:54:00.000Z,ARRIVAL,47,ROUTE_DEVIATION,VENDOR,false
TNT_001,DLY_TRP_0019086,TRP_0019086,2026-06-06T22:43:00.000Z,ARRIVAL,51,ROUTE_DEVIATION,GPS,false
TNT_003,DLY_TRP_0019100,TRP_0019100,2026-06-20T22:46:00.000Z,ARRIVAL,33,TRAFFIC,OPS,false
TNT_001,DLY_TRP_0019107,TRP_0019107,2026-06-27T22:21:00.000Z,ARRIVAL,17,WEATHER,VENDOR,false
TNT_001,DLY_TRP_0019112,TRP_0019112,2026-07-02T23:01:00.000Z,ARRIVAL,38,TRAFFIC,VENDOR,false
TNT_001,DLY_TRP_0019119,TRP_0019119,2026-07-09T22:06:00.000Z,ARRIVAL,38,WEATHER,GPS,false
TNT_002,DLY_TRP_0019124,TRP_0019124,2026-07-14T22:17:00.000Z,ARRIVAL,48,TRAFFIC,GPS,false
TNT_001,DLY_TRP_0019127,TRP_0019127,2026-07-17T14:11:00.000Z,ARRIVAL,20,WEATHER,GPS,false
TNT_001,DLY_TRP_0019128,TRP_0019128,2026-07-18T09:15:00.000Z,ARRIVAL,16,TRAFFIC,GPS,false
TNT_002,DLY_TRP_0019136,TRP_0019136,2026-07-26T22:24:00.000Z,ARRIVAL,17,WEATHER,VENDOR,false
TNT_001,DLY_TRP_0019140,TRP_0019140,2026-07-30T14:30:00.000Z,ARRIVAL,29,ROUTE_DEVIATION,VENDOR,false
TNT_001,DLY_TRP_0019151,TRP_0019151,2026-08-10T09:56:00.000Z,ARRIVAL,26,TRAFFIC,VENDOR,false
TNT_002,DLY_TRP_0019152,TRP_0019152,2026-08-11T22:12:00.000Z,ARRIVAL,30,TRAFFIC,GPS,true
TNT_002,DLY_TRP_0019154,TRP_0019154,2026-08-13T22:40:00.000Z,ARRIVAL,51,DRIVER_LATE,GPS,false
TNT_001,DLY_TRP_0019159,TRP_0019159,2026-08-18T14:42:00.000Z,ARRIVAL,31,WEATHER,GPS,false
TNT_002,DLY_TRP_0019164,TRP_0019164,2026-08-23T13:49:00.000Z,ARRIVAL,11,TRAFFIC,GPS,false
TNT_003,DLY_TRP_0019165,TRP_0019165,2026-08-24T09:01:00.000Z,ARRIVAL,11,DRIVER_LATE,GPS,false
TNT_002,DLY_TRP_0019184,TRP_0019184,2026-06-14T06:54:00.000Z,ARRIVAL,51,DRIVER_LATE,VENDOR,false
TNT_001,DLY_TRP_0019185,TRP_0019185,2026-06-15T07:27:00.000Z,ARRIVAL,53,TRAFFIC,OPS,false
TNT_003,DLY_TRP_0019197,TRP_0019197,2026-06-27T06:34:00.000Z,ARRIVAL,18,WEATHER,VENDOR,false
TNT_001,DLY_TRP_0019199,TRP_0019199,2026-06-29T05:56:00.000Z,ARRIVAL,25,WEATHER,GPS,false
TNT_002,DLY_TRP_0019206,TRP_0019206,2026-07-06T22:51:00.000Z,ARRIVAL,19,ROUTE_DEVIATION,GPS,false
TNT_003,DLY_TRP_0019211,TRP_0019211,2026-07-11T09:25:00.000Z,ARRIVAL,24,WEATHER,GPS,false
TNT_001,DLY_TRP_0019212,TRP_0019212,2026-07-12T14:44:00.000Z,ARRIVAL,21,TRAFFIC,GPS,false
TNT_002,DLY_TRP_0019215,TRP_0019215,2026-07-15T15:11:00.000Z,ARRIVAL,56,TRAFFIC,GPS,false
TNT_002,DLY_TRP_0019224,TRP_0019224,2026-07-24T09:39:00.000Z,ARRIVAL,36,ROUTE_DEVIATION,VENDOR,false
TNT_003,DLY_TRP_0019228,TRP_0019228,2026-07-28T14:29:00.000Z,ARRIVAL,47,TRAFFIC,OPS,false
TNT_001,DLY_TRP_0019230,TRP_0019230,2026-07-30T10:36:00.000Z,ARRIVAL,55,TRAFFIC,VENDOR,false
TNT_002,DLY_TRP_0019231,TRP_0019231,2026-07-31T09:10:00.000Z,ARRIVAL,22,DRIVER_LATE,GPS,false
TNT_002,DLY_TRP_0019240,TRP_0019240,2026-08-09T09:45:00.000Z,ARRIVAL,27,TRAFFIC,GPS,true
TNT_002,DLY_TRP_0019243,TRP_0019243,2026-08-12T22:11:00.000Z,ARRIVAL,38,TRAFFIC,GPS,false
TNT_002,DLY_TRP_0019248,TRP_0019248,2026-08-17T06:14:00.000Z,ARRIVAL,21,TRAFFIC,OPS,false
TNT_001,DLY_TRP_0019255,TRP_0019255,2026-08-24T06:29:00.000Z,ARRIVAL,20,DRIVER_LATE,GPS,false
TNT_001,DLY_TRP_0019257,TRP_0019257,2026-08-26T09:14:00.000Z,ARRIVAL,19,WEATHER,GPS,false
TNT_001,DLY_TRP_0019281,TRP_0019281,2026-06-21T10:15:00.000Z,ARRIVAL,52,TRAFFIC,GPS,false
TNT_002,DLY_TRP_0019284,TRP_0019284,2026-06-24T08:46:00.000Z,ARRIVAL,14,TRAFFIC,VENDOR,false
TNT_001,DLY_TRP_0019294,TRP_0019294,2026-07-04T09:45:00.000Z,ARRIVAL,25,TRAFFIC,VENDOR,false
TNT_001,DLY_TRP_0019296,TRP_0019296,2026-07-06T09:31:00.000Z,ARRIVAL,41,WEATHER,GPS,false
TNT_002,DLY_TRP_0019300,TRP_0019300,2026-07-10T22:31:00.000Z,ARRIVAL,43,WEATHER,GPS,false
TNT_003,DLY_TRP_0019305,TRP_0019305,2026-07-15T14:34:00.000Z,ARRIVAL,37,ROUTE_DEVIATION,GPS,false
TNT_001,DLY_TRP_0019307,TRP_0019307,2026-07-17T09:52:00.000Z,ARRIVAL,25,ROUTE_DEVIATION,GPS,false
TNT_002,DLY_TRP_0019328,TRP_0019328,2026-08-07T06:05:00.000Z,ARRIVAL,15,TRAFFIC,GPS,false
TNT_001,DLY_TRP_0019331,TRP_0019331,2026-08-10T10:20:00.000Z,ARRIVAL,50,TRAFFIC,VENDOR,false
TNT_001,DLY_TRP_0019332,TRP_0019332,2026-08-11T22:56:00.000Z,ARRIVAL,37,TRAFFIC,GPS,false
TNT_003,DLY_TRP_0019334,TRP_0019334,2026-08-13T09:13:00.000Z,ARRIVAL,28,ROUTE_DEVIATION,GPS,false
TNT_001,DLY_TRP_0019336,TRP_0019336,2026-08-15T23:01:00.000Z,ARRIVAL,18,WEATHER,GPS,false
TNT_002,DLY_TRP_0019340,TRP_0019340,2026-08-19T22:20:00.000Z,ARRIVAL,13,WEATHER,GPS,false
TNT_001,DLY_TRP_0019342,TRP_0019342,2026-08-21T14:42:00.000Z,ARRIVAL,16,WEATHER,VENDOR,false
TNT_001,DLY_TRP_0019343,TRP_0019343,2026-08-22T09:12:00.000Z,ARRIVAL,31,DRIVER_LATE,OPS,false
TNT_002,DLY_TRP_0019351,TRP_0019351,2026-06-01T09:44:00.000Z,ARRIVAL,52,WEATHER,VENDOR,false
TNT_002,DLY_TRP_0019353,TRP_0019353,2026-06-03T09:18:00.000Z,ARRIVAL,23,DRIVER_LATE,VENDOR,false
TNT_002,DLY_TRP_0019354,TRP_0019354,2026-06-04T09:25:00.000Z,ARRIVAL,38,TRAFFIC,VENDOR,false
TNT_002,DLY_TRP_0019356,TRP_0019356,2026-06-06T08:52:00.000Z,ARRIVAL,23,TRAFFIC,GPS,false
TNT_001,DLY_TRP_0019372,TRP_0019372,2026-06-22T14:15:00.000Z,ARRIVAL,35,TRAFFIC,VENDOR,false
TNT_001,DLY_TRP_0019382,TRP_0019382,2026-07-02T09:29:00.000Z,ARRIVAL,31,TRAFFIC,GPS,false
TNT_001,DLY_TRP_0019387,TRP_0019387,2026-07-07T06:48:00.000Z,ARRIVAL,13,TRAFFIC,GPS,false
TNT_001,DLY_TRP_0019398,TRP_0019398,2026-07-18T15:06:00.000Z,ARRIVAL,14,TRAFFIC,GPS,false
TNT_002,DLY_TRP_0019406,TRP_0019406,2026-07-26T10:08:00.000Z,ARRIVAL,55,DRIVER_LATE,GPS,false
TNT_001,DLY_TRP_0019409,TRP_0019409,2026-07-29T14:20:00.000Z,ARRIVAL,14,DRIVER_LATE,GPS,false
TNT_001,DLY_TRP_0019412,TRP_0019412,2026-08-01T09:49:00.000Z,ARRIVAL,52,WEATHER,GPS,false
TNT_002,DLY_TRP_0019426,TRP_0019426,2026-08-15T14:43:00.000Z,ARRIVAL,52,WEATHER,GPS,false
TNT_002,DLY_TRP_0019432,TRP_0019432,2026-08-21T15:23:00.000Z,ARRIVAL,46,WEATHER,GPS,true
TNT_001,DLY_TRP_0019440,TRP_0019440,2026-08-29T22:22:00.000Z,ARRIVAL,52,DRIVER_LATE,OPS,false
TNT_003,DLY_TRP_0019445,TRP_0019445,2026-06-05T06:44:00.000Z,ARRIVAL,24,DRIVER_LATE,GPS,false
TNT_002,DLY_TRP_0019446,TRP_0019446,2026-06-06T22:18:00.000Z,ARRIVAL,48,WEATHER,OPS,false
TNT_001,DLY_TRP_0019447,TRP_0019447,2026-06-07T06:51:00.000Z,ARRIVAL,34,WEATHER,GPS,false
TNT_001,DLY_TRP_0019455,TRP_0019455,2026-06-15T10:07:00.000Z,ARRIVAL,32,TRAFFIC,VENDOR,false
TNT_001,DLY_TRP_0019465,TRP_0019465,2026-06-25T09:22:00.000Z,ARRIVAL,23,DRIVER_LATE,VENDOR,false
TNT_001,DLY_TRP_0019472,TRP_0019472,2026-07-02T09:10:00.000Z,ARRIVAL,13,TRAFFIC,VENDOR,false
TNT_003,DLY_TRP_0019479,TRP_0019479,2026-07-09T22:36:00.000Z,ARRIVAL,14,VEHICLE_ISSUE,VENDOR,false
TNT_003,DLY_TRP_0019486,TRP_0019486,2026-07-16T10:14:00.000Z,ARRIVAL,45,TRAFFIC,GPS,false
TNT_001,DLY_TRP_0019488,TRP_0019488,2026-07-18T05:59:00.000Z,ARRIVAL,36,VEHICLE_ISSUE,VENDOR,false
TNT_003,DLY_TRP_0019489,TRP_0019489,2026-07-19T10:20:00.000Z,ARRIVAL,45,DRIVER_LATE,GPS,false
TNT_003,DLY_TRP_0019490,TRP_0019490,2026-07-20T22:32:00.000Z,ARRIVAL,53,DRIVER_LATE,GPS,false
TNT_003,DLY_TRP_0019501,TRP_0019501,2026-07-31T14:08:00.000Z,ARRIVAL,24,WEATHER,GPS,false
TNT_001,DLY_TRP_0019518,TRP_0019518,2026-08-17T15:03:00.000Z,ARRIVAL,49,TRAFFIC,VENDOR,false
TNT_002,DLY_TRP_0019524,TRP_0019524,2026-08-23T14:04:00.000Z,ARRIVAL,14,WEATHER,GPS,false
TNT_002,DLY_TRP_0019531,TRP_0019531,2026-06-01T06:57:00.000Z,ARRIVAL,40,WEATHER,GPS,false
TNT_001,DLY_TRP_0019535,TRP_0019535,2026-06-05T14:59:00.000Z,ARRIVAL,32,DRIVER_LATE,GPS,false
TNT_001,DLY_TRP_0019547,TRP_0019547,2026-06-17T09:31:00.000Z,ARRIVAL,42,TRAFFIC,GPS,false
TNT_002,DLY_TRP_0019549,TRP_0019549,2026-06-19T14:40:00.000Z,ARRIVAL,16,TRAFFIC,OPS,false
TNT_001,DLY_TRP_0019551,TRP_0019551,2026-06-21T10:22:00.000Z,ARRIVAL,39,TRAFFIC,VENDOR,false
TNT_001,DLY_TRP_0019557,TRP_0019557,2026-06-27T05:45:00.000Z,ARRIVAL,14,DRIVER_LATE,OPS,false
TNT_001,DLY_TRP_0019559,TRP_0019559,2026-06-29T06:24:00.000Z,ARRIVAL,24,WEATHER,GPS,false
TNT_001,DLY_TRP_0019567,TRP_0019567,2026-07-07T14:24:00.000Z,ARRIVAL,42,TRAFFIC,GPS,false
TNT_001,DLY_TRP_0019569,TRP_0019569,2026-07-09T07:03:00.000Z,ARRIVAL,49,DRIVER_LATE,GPS,false
TNT_002,DLY_TRP_0019594,TRP_0019594,2026-08-03T22:40:00.000Z,ARRIVAL,51,ROUTE_DEVIATION,OPS,false
TNT_001,DLY_TRP_0019598,TRP_0019598,2026-08-07T09:45:00.000Z,ARRIVAL,13,WEATHER,GPS,false
TNT_002,DLY_TRP_0019602,TRP_0019602,2026-08-11T09:10:00.000Z,ARRIVAL,11,TRAFFIC,GPS,false
TNT_001,DLY_TRP_0019608,TRP_0019608,2026-08-17T06:21:00.000Z,ARRIVAL,51,WEATHER,GPS,false
TNT_002,DLY_TRP_0019617,TRP_0019617,2026-08-26T06:36:00.000Z,ARRIVAL,28,TRAFFIC,GPS,false
TNT_002,DLY_TRP_0019624,TRP_0019624,2026-06-04T09:19:00.000Z,ARRIVAL,19,TRAFFIC,VENDOR,false
TNT_001,DLY_TRP_0019632,TRP_0019632,2026-06-12T10:27:00.000Z,ARRIVAL,13,DRIVER_LATE,GPS,false
TNT_001,DLY_TRP_0019635,TRP_0019635,2026-06-15T22:22:00.000Z,ARRIVAL,25,TRAFFIC,GPS,false
TNT_001,DLY_TRP_0019638,TRP_0019638,2026-06-18T09:41:00.000Z,ARRIVAL,46,TRAFFIC,GPS,false
TNT_001,DLY_TRP_0019651,TRP_0019651,2026-07-01T14:48:00.000Z,ARRIVAL,47,VEHICLE_ISSUE,GPS,false
TNT_001,DLY_TRP_0019654,TRP_0019654,2026-07-04T07:23:00.000Z,ARRIVAL,52,WEATHER,GPS,false
TNT_001,DLY_TRP_0019658,TRP_0019658,2026-07-08T07:06:00.000Z,ARRIVAL,56,TRAFFIC,GPS,false
TNT_003,DLY_TRP_0019661,TRP_0019661,2026-07-11T14:28:00.000Z,ARRIVAL,49,TRAFFIC,OPS,false
TNT_003,DLY_TRP_0019666,TRP_0019666,2026-07-16T10:29:00.000Z,ARRIVAL,56,DRIVER_LATE,GPS,false
TNT_001,DLY_TRP_0019669,TRP_0019669,2026-07-19T14:59:00.000Z,ARRIVAL,40,TRAFFIC,OPS,false
TNT_001,DLY_TRP_0019690,TRP_0019690,2026-08-09T06:46:00.000Z,ARRIVAL,36,WEATHER,GPS,false
TNT_001,DLY_TRP_0019693,TRP_0019693,2026-08-12T09:31:00.000Z,ARRIVAL,24,DRIVER_LATE,VENDOR,false
TNT_001,DLY_TRP_0019696,TRP_0019696,2026-08-15T13:58:00.000Z,ARRIVAL,15,DRIVER_LATE,GPS,false
TNT_001,DLY_TRP_0019699,TRP_0019699,2026-08-18T09:33:00.000Z,ARRIVAL,30,VEHICLE_ISSUE,OPS,false
TNT_001,DLY_TRP_0019703,TRP_0019703,2026-08-22T22:30:00.000Z,ARRIVAL,32,TRAFFIC,GPS,true
TNT_001,DLY_TRP_0019712,TRP_0019712,2026-06-02T14:30:00.000Z,ARRIVAL,15,ROUTE_DEVIATION,OPS,false
TNT_001,DLY_TRP_0019720,TRP_0019720,2026-06-10T22:47:00.000Z,ARRIVAL,43,ROUTE_DEVIATION,OPS,false
TNT_001,DLY_TRP_0019722,TRP_0019722,2026-06-12T14:30:00.000Z,ARRIVAL,43,VEHICLE_ISSUE,GPS,false
TNT_001,DLY_TRP_0019730,TRP_0019730,2026-06-20T14:02:00.000Z,ARRIVAL,20,WEATHER,GPS,false
TNT_002,DLY_TRP_0019734,TRP_0019734,2026-06-24T08:57:00.000Z,ARRIVAL,13,WEATHER,GPS,false
TNT_001,DLY_TRP_0019739,TRP_0019739,2026-06-29T09:55:00.000Z,ARRIVAL,28,TRAFFIC,GPS,false
TNT_001,DLY_TRP_0019750,TRP_0019750,2026-07-10T09:52:00.000Z,ARRIVAL,43,TRAFFIC,GPS,false
TNT_001,DLY_TRP_0019766,TRP_0019766,2026-07-26T09:47:00.000Z,ARRIVAL,33,TRAFFIC,GPS,false
TNT_001,DLY_TRP_0019781,TRP_0019781,2026-08-10T10:18:00.000Z,ARRIVAL,58,WEATHER,VENDOR,false
TNT_001,DLY_TRP_0019790,TRP_0019790,2026-08-19T22:50:00.000Z,ARRIVAL,44,VEHICLE_ISSUE,GPS,false
TNT_001,DLY_TRP_0019799,TRP_0019799,2026-08-28T22:15:00.000Z,ARRIVAL,39,VEHICLE_ISSUE,OPS,false
TNT_001,DLY_TRP_0019808,TRP_0019808,2026-06-08T06:23:00.000Z,ARRIVAL,55,TRAFFIC,VENDOR,false
TNT_001,DLY_TRP_0019835,TRP_0019835,2026-07-05T09:30:00.000Z,ARRIVAL,23,VEHICLE_ISSUE,GPS,false
TNT_002,DLY_TRP_0019837,TRP_0019837,2026-07-07T08:00:00.000Z,ARRIVAL,57,VEHICLE_ISSUE,VENDOR,false
TNT_001,DLY_TRP_0019845,TRP_0019845,2026-07-15T09:52:00.000Z,ARRIVAL,58,TRAFFIC,GPS,false
TNT_001,DLY_TRP_0019850,TRP_0019850,2026-07-20T22:23:00.000Z,ARRIVAL,27,TRAFFIC,GPS,false
TNT_002,DLY_TRP_0019856,TRP_0019856,2026-07-26T22:26:00.000Z,ARRIVAL,57,WEATHER,VENDOR,false
TNT_001,DLY_TRP_0019860,TRP_0019860,2026-07-30T22:15:00.000Z,ARRIVAL,26,TRAFFIC,GPS,false
TNT_002,DLY_TRP_0019880,TRP_0019880,2026-08-19T06:54:00.000Z,ARRIVAL,22,WEATHER,GPS,false
TNT_001,DLY_TRP_0019882,TRP_0019882,2026-08-21T22:43:00.000Z,ARRIVAL,38,TRAFFIC,GPS,false
TNT_002,DLY_TRP_0019895,TRP_0019895,2026-06-05T23:17:00.000Z,ARRIVAL,34,WEATHER,VENDOR,false
TNT_001,DLY_TRP_0019908,TRP_0019908,2026-06-18T14:57:00.000Z,ARRIVAL,48,TRAFFIC,GPS,false
TNT_003,DLY_TRP_0019913,TRP_0019913,2026-06-23T14:51:00.000Z,ARRIVAL,28,TRAFFIC,GPS,false
TNT_001,DLY_TRP_0019917,TRP_0019917,2026-06-27T14:51:00.000Z,ARRIVAL,19,TRAFFIC,GPS,false
TNT_003,DLY_TRP_0019945,TRP_0019945,2026-07-25T09:11:00.000Z,ARRIVAL,12,TRAFFIC,GPS,false
TNT_001,DLY_TRP_0019946,TRP_0019946,2026-07-26T09:36:00.000Z,ARRIVAL,45,TRAFFIC,GPS,false
TNT_001,DLY_TRP_0019947,TRP_0019947,2026-07-27T09:30:00.000Z,ARRIVAL,38,ROUTE_DEVIATION,GPS,false
TNT_001,DLY_TRP_0019954,TRP_0019954,2026-08-03T22:16:00.000Z,ARRIVAL,31,TRAFFIC,GPS,false
TNT_001,DLY_TRP_0019957,TRP_0019957,2026-08-06T06:27:00.000Z,ARRIVAL,14,TRAFFIC,GPS,false
TNT_001,DLY_TRP_0019962,TRP_0019962,2026-08-11T09:42:00.000Z,ARRIVAL,40,ROUTE_DEVIATION,GPS,false
TNT_001,DLY_TRP_0019969,TRP_0019969,2026-08-18T15:13:00.000Z,ARRIVAL,58,TRAFFIC,VENDOR,false
TNT_002,DLY_TRP_0019976,TRP_0019976,2026-08-25T14:22:00.000Z,ARRIVAL,19,TRAFFIC,VENDOR,false
TNT_001,DLY_TRP_0019977,TRP_0019977,2026-08-26T22:46:00.000Z,ARRIVAL,43,ROUTE_DEVIATION,OPS,false
TNT_002,DLY_TRP_0019979,TRP_0019979,2026-08-28T13:48:00.000Z,ARRIVAL,27,TRAFFIC,OPS,false
TNT_002,DLY_TRP_0019984,TRP_0019984,2026-06-04T13:43:00.000Z,ARRIVAL,12,TRAFFIC,GPS,false
TNT_001,DLY_TRP_0019992,TRP_0019992,2026-06-12T09:24:00.000Z,ARRIVAL,11,TRAFFIC,GPS,false
TNT_002,DLY_TRP_0020005,TRP_0020005,2026-06-25T06:53:00.000Z,ARRIVAL,24,TRAFFIC,GPS,false
TNT_001,DLY_TRP_0020007,TRP_0020007,2026-06-27T07:23:00.000Z,ARRIVAL,42,WEATHER,GPS,false
TNT_002,DLY_TRP_0020008,TRP_0020008,2026-06-28T09:43:00.000Z,ARRIVAL,48,WEATHER,GPS,false
TNT_002,DLY_TRP_0020022,TRP_0020022,2026-07-12T13:46:00.000Z,ARRIVAL,20,TRAFFIC,VENDOR,false
TNT_001,DLY_TRP_0020026,TRP_0020026,2026-07-16T06:57:00.000Z,ARRIVAL,32,ROUTE_DEVIATION,OPS,false
TNT_001,DLY_TRP_0020039,TRP_0020039,2026-07-29T06:49:00.000Z,ARRIVAL,20,TRAFFIC,VENDOR,false
TNT_001,DLY_TRP_0020040,TRP_0020040,2026-07-30T22:58:00.000Z,ARRIVAL,33,TRAFFIC,GPS,false
TNT_002,DLY_TRP_0020041,TRP_0020041,2026-07-31T14:42:00.000Z,ARRIVAL,41,ROUTE_DEVIATION,GPS,false
TNT_001,DLY_TRP_0020046,TRP_0020046,2026-08-05T09:36:00.000Z,ARRIVAL,12,DRIVER_LATE,GPS,false
TNT_003,DLY_TRP_0020055,TRP_0020055,2026-08-14T23:06:00.000Z,ARRIVAL,48,WEATHER,OPS,false
TNT_002,DLY_TRP_0020058,TRP_0020058,2026-08-17T10:06:00.000Z,ARRIVAL,46,WEATHER,GPS,false
TNT_001,DLY_TRP_0020063,TRP_0020063,2026-08-22T22:40:00.000Z,ARRIVAL,43,TRAFFIC,GPS,false
TNT_002,DLY_TRP_0020066,TRP_0020066,2026-08-25T09:53:00.000Z,ARRIVAL,39,WEATHER,GPS,false
TNT_002,DLY_TRP_0020077,TRP_0020077,2026-06-07T14:10:00.000Z,ARRIVAL,28,DRIVER_LATE,GPS,false
TNT_002,DLY_TRP_0020080,TRP_0020080,2026-06-10T06:34:00.000Z,ARRIVAL,32,TRAFFIC,GPS,false
TNT_001,DLY_TRP_0020086,TRP_0020086,2026-06-16T06:48:00.000Z,ARRIVAL,41,TRAFFIC,OPS,false
TNT_001,DLY_TRP_0020088,TRP_0020088,2026-06-18T06:10:00.000Z,ARRIVAL,33,WEATHER,GPS,false
TNT_001,DLY_TRP_0020119,TRP_0020119,2026-07-19T06:11:00.000Z,ARRIVAL,33,TRAFFIC,GPS,false
TNT_001,DLY_TRP_0020121,TRP_0020121,2026-07-21T14:16:00.000Z,ARRIVAL,29,TRAFFIC,GPS,false
TNT_002,DLY_TRP_0020123,TRP_0020123,2026-07-23T06:45:00.000Z,ARRIVAL,41,ROUTE_DEVIATION,VENDOR,true
TNT_001,DLY_TRP_0020135,TRP_0020135,2026-08-04T10:16:00.000Z,ARRIVAL,49,TRAFFIC,OPS,false
TNT_002,DLY_TRP_0020140,TRP_0020140,2026-08-09T07:00:00.000Z,ARRIVAL,21,DRIVER_LATE,GPS,false
TNT_001,DLY_TRP_0020145,TRP_0020145,2026-08-14T22:48:00.000Z,ARRIVAL,24,TRAFFIC,OPS,false
TNT_002,DLY_TRP_0020149,TRP_0020149,2026-08-18T06:25:00.000Z,ARRIVAL,23,TRAFFIC,VENDOR,false
TNT_002,DLY_TRP_0020153,TRP_0020153,2026-08-22T22:26:00.000Z,ARRIVAL,19,WEATHER,GPS,false
TNT_002,DLY_TRP_0020154,TRP_0020154,2026-08-23T22:20:00.000Z,ARRIVAL,27,WEATHER,GPS,false
TNT_001,DLY_TRP_0020155,TRP_0020155,2026-08-24T22:53:00.000Z,ARRIVAL,53,DRIVER_LATE,GPS,false
TNT_001,DLY_TRP_0020160,TRP_0020160,2026-08-29T14:37:00.000Z,ARRIVAL,51,TRAFFIC,GPS,false
TNT_001,DLY_TRP_0020171,TRP_0020171,2026-06-11T09:29:00.000Z,ARRIVAL,27,TRAFFIC,GPS,false
TNT_001,DLY_TRP_0020172,TRP_0020172,2026-06-12T06:44:00.000Z,ARRIVAL,33,TRAFFIC,GPS,false
TNT_002,DLY_TRP_0020173,TRP_0020173,2026-06-13T06:31:00.000Z,ARRIVAL,42,TRAFFIC,GPS,false
TNT_001,DLY_TRP_0020174,TRP_0020174,2026-06-14T22:50:00.000Z,ARRIVAL,31,TRAFFIC,OPS,false
TNT_002,DLY_TRP_0020179,TRP_0020179,2026-06-19T09:26:00.000Z,ARRIVAL,30,TRAFFIC,GPS,false
TNT_001,DLY_TRP_0020187,TRP_0020187,2026-06-27T07:04:00.000Z,ARRIVAL,45,ROUTE_DEVIATION,GPS,false
TNT_001,DLY_TRP_0020189,TRP_0020189,2026-06-29T23:28:00.000Z,ARRIVAL,55,ROUTE_DEVIATION,GPS,false
TNT_003,DLY_TRP_0020208,TRP_0020208,2026-07-18T10:06:00.000Z,ARRIVAL,31,TRAFFIC,GPS,false
TNT_002,DLY_TRP_0020221,TRP_0020221,2026-07-31T05:43:00.000Z,ARRIVAL,12,WEATHER,VENDOR,false
TNT_001,DLY_TRP_0020236,TRP_0020236,2026-08-15T22:36:00.000Z,ARRIVAL,57,WEATHER,GPS,false
TNT_001,DLY_TRP_0020237,TRP_0020237,2026-08-16T09:08:00.000Z,ARRIVAL,16,WEATHER,GPS,false
TNT_002,DLY_TRP_0020250,TRP_0020250,2026-08-29T09:22:00.000Z,ARRIVAL,23,DRIVER_LATE,GPS,false
TNT_003,DLY_TRP_0020260,TRP_0020260,2026-06-10T09:40:00.000Z,ARRIVAL,33,VEHICLE_ISSUE,GPS,false
TNT_001,DLY_TRP_0020262,TRP_0020262,2026-06-12T23:11:00.000Z,ARRIVAL,57,TRAFFIC,GPS,false
TNT_001,DLY_TRP_0020268,TRP_0020268,2026-06-18T09:38:00.000Z,ARRIVAL,17,WEATHER,GPS,false
TNT_001,DLY_TRP_0020280,TRP_0020280,2026-06-30T09:51:00.000Z,ARRIVAL,58,ROUTE_DEVIATION,GPS,false
TNT_002,DLY_TRP_0020283,TRP_0020283,2026-07-03T23:14:00.000Z,ARRIVAL,21,WEATHER,GPS,false
TNT_003,DLY_TRP_0020298,TRP_0020298,2026-07-18T14:52:00.000Z,ARRIVAL,20,DRIVER_LATE,OPS,false
TNT_003,DLY_TRP_0020307,TRP_0020307,2026-07-27T06:52:00.000Z,ARRIVAL,43,DRIVER_LATE,VENDOR,false
TNT_001,DLY_TRP_0020316,TRP_0020316,2026-08-05T14:15:00.000Z,ARRIVAL,18,ROUTE_DEVIATION,GPS,false
TNT_001,DLY_TRP_0020318,TRP_0020318,2026-08-07T10:33:00.000Z,ARRIVAL,21,DRIVER_LATE,OPS,false
TNT_001,DLY_TRP_0020321,TRP_0020321,2026-08-10T06:32:00.000Z,ARRIVAL,25,ROUTE_DEVIATION,GPS,false
TNT_001,DLY_TRP_0020325,TRP_0020325,2026-08-14T06:59:00.000Z,ARRIVAL,35,WEATHER,VENDOR,false
TNT_003,DLY_TRP_0020326,TRP_0020326,2026-08-15T09:34:00.000Z,ARRIVAL,47,WEATHER,GPS,false
TNT_003,DLY_TRP_0020330,TRP_0020330,2026-08-19T14:53:00.000Z,ARRIVAL,24,TRAFFIC,GPS,false
TNT_002,DLY_TRP_0020331,TRP_0020331,2026-08-20T09:26:00.000Z,ARRIVAL,11,WEATHER,GPS,false
TNT_001,DLY_TRP_0020334,TRP_0020334,2026-08-23T22:33:00.000Z,ARRIVAL,26,TRAFFIC,GPS,false
TNT_001,DLY_TRP_0020339,TRP_0020339,2026-08-28T07:03:00.000Z,ARRIVAL,35,TRAFFIC,GPS,false
TNT_001,DLY_TRP_0020340,TRP_0020340,2026-08-29T06:00:00.000Z,ARRIVAL,19,TRAFFIC,OPS,false
TNT_001,DLY_TRP_0020341,TRP_0020341,2026-06-01T22:35:00.000Z,ARRIVAL,29,DRIVER_LATE,GPS,false
TNT_001,DLY_TRP_0020346,TRP_0020346,2026-06-06T23:04:00.000Z,ARRIVAL,26,ROUTE_DEVIATION,VENDOR,false
TNT_001,DLY_TRP_0020359,TRP_0020359,2026-06-19T22:24:00.000Z,ARRIVAL,49,WEATHER,VENDOR,false
TNT_001,DLY_TRP_0020364,TRP_0020364,2026-06-24T22:15:00.000Z,ARRIVAL,22,DRIVER_LATE,GPS,false
TNT_002,DLY_TRP_0020376,TRP_0020376,2026-07-06T14:19:00.000Z,ARRIVAL,46,TRAFFIC,OPS,false
TNT_001,DLY_TRP_0020396,TRP_0020396,2026-07-26T23:02:00.000Z,ARRIVAL,48,TRAFFIC,GPS,false
TNT_003,DLY_TRP_0020409,TRP_0020409,2026-08-08T09:35:00.000Z,ARRIVAL,34,DRIVER_LATE,GPS,false
TNT_003,DLY_TRP_0020410,TRP_0020410,2026-08-09T15:01:00.000Z,ARRIVAL,23,ROUTE_DEVIATION,GPS,false
TNT_001,DLY_TRP_0020422,TRP_0020422,2026-08-21T06:18:00.000Z,ARRIVAL,37,TRAFFIC,OPS,false
TNT_001,DLY_TRP_0020424,TRP_0020424,2026-08-23T22:51:00.000Z,ARRIVAL,58,TRAFFIC,GPS,false
TNT_001,DLY_TRP_0020427,TRP_0020427,2026-08-26T22:57:00.000Z,ARRIVAL,42,TRAFFIC,VENDOR,false
TNT_002,DLY_TRP_0020428,TRP_0020428,2026-08-27T06:47:00.000Z,ARRIVAL,40,TRAFFIC,GPS,false
TNT_001,DLY_TRP_0020429,TRP_0020429,2026-08-28T22:57:00.000Z,ARRIVAL,51,TRAFFIC,GPS,false
TNT_002,DLY_TRP_0020440,TRP_0020440,2026-06-10T09:32:00.000Z,ARRIVAL,50,TRAFFIC,GPS,false
TNT_001,DLY_TRP_0020445,TRP_0020445,2026-06-15T22:46:00.000Z,ARRIVAL,26,DRIVER_LATE,VENDOR,false
TNT_001,DLY_TRP_0020446,TRP_0020446,2026-06-16T06:12:00.000Z,ARRIVAL,29,TRAFFIC,OPS,true
TNT_001,DLY_TRP_0020451,TRP_0020451,2026-06-21T09:45:00.000Z,ARRIVAL,27,TRAFFIC,GPS,false
TNT_001,DLY_TRP_0020456,TRP_0020456,2026-06-26T10:16:00.000Z,ARRIVAL,58,WEATHER,VENDOR,false
TNT_002,DLY_TRP_0020461,TRP_0020461,2026-07-01T13:54:00.000Z,ARRIVAL,20,TRAFFIC,OPS,false
TNT_001,DLY_TRP_0020478,TRP_0020478,2026-07-18T09:45:00.000Z,ARRIVAL,50,TRAFFIC,GPS,false
TNT_001,DLY_TRP_0020495,TRP_0020495,2026-08-04T06:58:00.000Z,ARRIVAL,47,TRAFFIC,OPS,false
TNT_001,DLY_TRP_0020514,TRP_0020514,2026-08-23T05:52:00.000Z,ARRIVAL,25,WEATHER,GPS,false
TNT_003,DLY_TRP_0020524,TRP_0020524,2026-06-04T14:13:00.000Z,ARRIVAL,26,TRAFFIC,GPS,false
TNT_002,DLY_TRP_0020533,TRP_0020533,2026-06-13T06:57:00.000Z,ARRIVAL,52,DRIVER_LATE,GPS,false
TNT_001,DLY_TRP_0020534,TRP_0020534,2026-06-14T09:58:00.000Z,ARRIVAL,54,TRAFFIC,GPS,false
TNT_001,DLY_TRP_0020545,TRP_0020545,2026-06-25T14:19:00.000Z,ARRIVAL,28,DRIVER_LATE,GPS,false
TNT_001,DLY_TRP_0020550,TRP_0020550,2026-06-30T06:57:00.000Z,ARRIVAL,52,DRIVER_LATE,GPS,false
TNT_003,DLY_TRP_0020562,TRP_0020562,2026-07-12T06:08:00.000Z,ARRIVAL,34,TRAFFIC,GPS,false
TNT_001,DLY_TRP_0020564,TRP_0020564,2026-07-14T14:56:00.000Z,ARRIVAL,27,TRAFFIC,GPS,false
TNT_001,DLY_TRP_0020569,TRP_0020569,2026-07-19T06:45:00.000Z,ARRIVAL,41,TRAFFIC,GPS,false
TNT_003,DLY_TRP_0020577,TRP_0020577,2026-07-27T06:15:00.000Z,ARRIVAL,35,DRIVER_LATE,GPS,false
TNT_003,DLY_TRP_0020586,TRP_0020586,2026-08-05T14:38:00.000Z,ARRIVAL,18,TRAFFIC,GPS,false
TNT_002,DLY_TRP_0020597,TRP_0020597,2026-08-16T06:10:00.000Z,ARRIVAL,28,DRIVER_LATE,OPS,false
TNT_001,DLY_TRP_0020603,TRP_0020603,2026-08-22T09:58:00.000Z,ARRIVAL,48,TRAFFIC,GPS,false
TNT_001,DLY_TRP_0020606,TRP_0020606,2026-08-25T22:54:00.000Z,ARRIVAL,26,TRAFFIC,GPS,false
TNT_003,DLY_TRP_0020609,TRP_0020609,2026-08-28T22:30:00.000Z,ARRIVAL,34,TRAFFIC,OPS,false
TNT_003,DLY_TRP_0020620,TRP_0020620,2026-06-10T07:04:00.000Z,ARRIVAL,56,VEHICLE_ISSUE,GPS,false
TNT_001,DLY_TRP_0020631,TRP_0020631,2026-06-21T06:37:00.000Z,ARRIVAL,40,ROUTE_DEVIATION,GPS,false
TNT_001,DLY_TRP_0020648,TRP_0020648,2026-07-08T06:57:00.000Z,ARRIVAL,35,DRIVER_LATE,GPS,false
TNT_001,DLY_TRP_0020655,TRP_0020655,2026-07-15T22:26:00.000Z,ARRIVAL,55,WEATHER,GPS,false
TNT_001,DLY_TRP_0020689,TRP_0020689,2026-08-18T22:49:00.000Z,ARRIVAL,42,DRIVER_LATE,OPS,false
TNT_001,DLY_TRP_0020693,TRP_0020693,2026-08-22T09:46:00.000Z,ARRIVAL,33,DRIVER_LATE,GPS,false
TNT_001,DLY_TRP_0020699,TRP_0020699,2026-08-28T06:28:00.000Z,ARRIVAL,34,DRIVER_LATE,GPS,false
TNT_001,DLY_TRP_0020702,TRP_0020702,2026-06-02T22:58:00.000Z,ARRIVAL,20,WEATHER,GPS,false
TNT_001,DLY_TRP_0020706,TRP_0020706,2026-06-06T06:52:00.000Z,ARRIVAL,56,TRAFFIC,GPS,false
TNT_001,DLY_TRP_0020720,TRP_0020720,2026-06-20T14:24:00.000Z,ARRIVAL,12,VEHICLE_ISSUE,GPS,false
TNT_002,DLY_TRP_0020732,TRP_0020732,2026-07-02T14:33:00.000Z,ARRIVAL,27,VEHICLE_ISSUE,VENDOR,false
TNT_001,DLY_TRP_0020734,TRP_0020734,2026-07-04T10:09:00.000Z,ARRIVAL,54,TRAFFIC,GPS,false
TNT_002,DLY_TRP_0020737,TRP_0020737,2026-07-07T09:28:00.000Z,ARRIVAL,39,WEATHER,GPS,false
TNT_002,DLY_TRP_0020746,TRP_0020746,2026-07-16T09:25:00.000Z,ARRIVAL,32,ROUTE_DEVIATION,GPS,false
TNT_001,DLY_TRP_0020747,TRP_0020747,2026-07-17T09:26:00.000Z,ARRIVAL,25,VEHICLE_ISSUE,GPS,false
TNT_003,DLY_TRP_0020748,TRP_0020748,2026-07-18T09:39:00.000Z,ARRIVAL,34,VEHICLE_ISSUE,VENDOR,false
TNT_002,DLY_TRP_0020757,TRP_0020757,2026-07-27T09:59:00.000Z,ARRIVAL,53,WEATHER,GPS,false
TNT_003,DLY_TRP_0020759,TRP_0020759,2026-07-29T07:19:00.000Z,ARRIVAL,52,ROUTE_DEVIATION,GPS,false
TNT_001,DLY_TRP_0020767,TRP_0020767,2026-08-06T09:44:00.000Z,ARRIVAL,42,DRIVER_LATE,GPS,false
TNT_001,DLY_TRP_0020772,TRP_0020772,2026-08-11T09:51:00.000Z,ARRIVAL,56,WEATHER,VENDOR,false
TNT_001,DLY_TRP_0020774,TRP_0020774,2026-08-13T09:00:00.000Z,ARRIVAL,36,VEHICLE_ISSUE,VENDOR,false
TNT_001,DLY_TRP_0020776,TRP_0020776,2026-08-15T09:30:00.000Z,ARRIVAL,26,VEHICLE_ISSUE,OPS,false
TNT_001,DLY_TRP_0020792,TRP_0020792,2026-06-02T10:01:00.000Z,ARRIVAL,54,ROUTE_DEVIATION,VENDOR,false
TNT_002,DLY_TRP_0020798,TRP_0020798,2026-06-08T10:04:00.000Z,ARRIVAL,54,VEHICLE_ISSUE,OPS,false
TNT_001,DLY_TRP_0020810,TRP_0020810,2026-06-20T10:05:00.000Z,ARRIVAL,35,DRIVER_LATE,GPS,false
TNT_003,DLY_TRP_0020811,TRP_0020811,2026-06-21T22:36:00.000Z,ARRIVAL,43,TRAFFIC,OPS,false
TNT_003,DLY_TRP_0020815,TRP_0020815,2026-06-25T06:29:00.000Z,ARRIVAL,47,DRIVER_LATE,GPS,false
TNT_002,DLY_TRP_0020824,TRP_0020824,2026-07-04T09:56:00.000Z,ARRIVAL,57,DRIVER_LATE,GPS,false
TNT_003,DLY_TRP_0020825,TRP_0020825,2026-07-05T08:54:00.000Z,ARRIVAL,16,TRAFFIC,GPS,false
TNT_001,DLY_TRP_0020832,TRP_0020832,2026-07-12T09:30:00.000Z,ARRIVAL,21,TRAFFIC,GPS,false
TNT_002,DLY_TRP_0020844,TRP_0020844,2026-07-24T10:00:00.000Z,ARRIVAL,53,TRAFFIC,OPS,false
TNT_001,DLY_TRP_0020851,TRP_0020851,2026-07-31T14:45:00.000Z,ARRIVAL,46,WEATHER,OPS,false
TNT_001,DLY_TRP_0020854,TRP_0020854,2026-08-03T22:50:00.000Z,ARRIVAL,19,TRAFFIC,VENDOR,false
TNT_002,DLY_TRP_0020855,TRP_0020855,2026-08-04T09:40:00.000Z,ARRIVAL,38,TRAFFIC,VENDOR,false
TNT_001,DLY_TRP_0020862,TRP_0020862,2026-08-11T14:14:00.000Z,ARRIVAL,11,TRAFFIC,GPS,false
TNT_003,DLY_TRP_0020871,TRP_0020871,2026-08-20T06:30:00.000Z,ARRIVAL,35,TRAFFIC,VENDOR,false
TNT_002,DLY_TRP_0020877,TRP_0020877,2026-08-26T22:47:00.000Z,ARRIVAL,45,TRAFFIC,VENDOR,false
TNT_001,DLY_TRP_0020900,TRP_0020900,2026-06-20T14:31:00.000Z,ARRIVAL,35,TRAFFIC,VENDOR,false
TNT_001,DLY_TRP_0020907,TRP_0020907,2026-06-27T22:21:00.000Z,ARRIVAL,42,VEHICLE_ISSUE,GPS,false
TNT_001,DLY_TRP_0020917,TRP_0020917,2026-07-07T06:38:00.000Z,ARRIVAL,24,ROUTE_DEVIATION,GPS,false
TNT_001,DLY_TRP_0020919,TRP_0020919,2026-07-09T22:37:00.000Z,ARRIVAL,57,TRAFFIC,GPS,false
TNT_001,DLY_TRP_0020927,TRP_0020927,2026-07-17T06:06:00.000Z,ARRIVAL,31,WEATHER,GPS,false
TNT_002,DLY_TRP_0020944,TRP_0020944,2026-08-03T22:03:00.000Z,ARRIVAL,33,WEATHER,GPS,false
TNT_001,DLY_TRP_0020954,TRP_0020954,2026-08-13T07:17:00.000Z,ARRIVAL,47,WEATHER,GPS,false
TNT_001,DLY_TRP_0020965,TRP_0020965,2026-08-24T14:18:00.000Z,ARRIVAL,15,TRAFFIC,OPS,false
TNT_002,DLY_TRP_0020969,TRP_0020969,2026-08-28T14:05:00.000Z,ARRIVAL,31,WEATHER,OPS,false
TNT_001,DLY_TRP_0020977,TRP_0020977,2026-06-07T09:21:00.000Z,ARRIVAL,15,TRAFFIC,OPS,false
TNT_001,DLY_TRP_0020979,TRP_0020979,2026-06-09T23:03:00.000Z,ARRIVAL,34,ROUTE_DEVIATION,VENDOR,false
TNT_002,DLY_TRP_0020994,TRP_0020994,2026-06-24T21:58:00.000Z,ARRIVAL,28,WEATHER,VENDOR,false
TNT_001,DLY_TRP_0021002,TRP_0021002,2026-07-02T09:50:00.000Z,ARRIVAL,56,DRIVER_LATE,VENDOR,true
TNT_003,DLY_TRP_0021008,TRP_0021008,2026-07-08T09:26:00.000Z,ARRIVAL,18,ROUTE_DEVIATION,GPS,false
TNT_002,DLY_TRP_0021010,TRP_0021010,2026-07-10T14:43:00.000Z,ARRIVAL,17,TRAFFIC,OPS,false
TNT_001,DLY_TRP_0021039,TRP_0021039,2026-08-08T15:03:00.000Z,ARRIVAL,41,TRAFFIC,VENDOR,false
TNT_002,DLY_TRP_0021049,TRP_0021049,2026-08-18T09:38:00.000Z,ARRIVAL,58,WEATHER,GPS,false
TNT_001,DLY_TRP_0021050,TRP_0021050,2026-08-19T10:31:00.000Z,ARRIVAL,40,VEHICLE_ISSUE,GPS,false
TNT_002,DLY_TRP_0021054,TRP_0021054,2026-08-23T23:10:00.000Z,ARRIVAL,55,TRAFFIC,VENDOR,false
TNT_001,DLY_TRP_0021085,TRP_0021085,2026-06-25T06:48:00.000Z,ARRIVAL,24,WEATHER,VENDOR,false
TNT_002,DLY_TRP_0021091,TRP_0021091,2026-07-01T09:03:00.000Z,ARRIVAL,36,TRAFFIC,VENDOR,false
TNT_003,DLY_TRP_0021098,TRP_0021098,2026-07-08T22:38:00.000Z,ARRIVAL,47,DRIVER_LATE,OPS,false
TNT_002,DLY_TRP_0021103,TRP_0021103,2026-07-13T13:58:00.000Z,ARRIVAL,29,WEATHER,GPS,false
TNT_002,DLY_TRP_0021109,TRP_0021109,2026-07-19T09:39:00.000Z,ARRIVAL,46,VEHICLE_ISSUE,VENDOR,false
TNT_003,DLY_TRP_0021111,TRP_0021111,2026-07-21T22:25:00.000Z,ARRIVAL,32,DRIVER_LATE,VENDOR,false
TNT_002,DLY_TRP_0021119,TRP_0021119,2026-07-29T22:14:00.000Z,ARRIVAL,50,TRAFFIC,GPS,false
TNT_001,DLY_TRP_0021120,TRP_0021120,2026-07-30T06:38:00.000Z,ARRIVAL,42,VEHICLE_ISSUE,GPS,false
TNT_003,DLY_TRP_0021125,TRP_0021125,2026-08-04T09:02:00.000Z,ARRIVAL,18,WEATHER,OPS,false
TNT_002,DLY_TRP_0021127,TRP_0021127,2026-08-06T09:36:00.000Z,ARRIVAL,19,TRAFFIC,GPS,false
TNT_001,DLY_TRP_0021130,TRP_0021130,2026-08-09T14:54:00.000Z,ARRIVAL,46,ROUTE_DEVIATION,GPS,false
TNT_001,DLY_TRP_0021138,TRP_0021138,2026-08-17T14:14:00.000Z,ARRIVAL,15,ROUTE_DEVIATION,GPS,false
TNT_001,DLY_TRP_0021141,TRP_0021141,2026-08-20T06:52:00.000Z,ARRIVAL,21,VEHICLE_ISSUE,GPS,false
TNT_001,DLY_TRP_0021154,TRP_0021154,2026-06-04T09:40:00.000Z,ARRIVAL,51,DRIVER_LATE,GPS,false
TNT_001,DLY_TRP_0021157,TRP_0021157,2026-06-07T06:34:00.000Z,ARRIVAL,23,TRAFFIC,GPS,false
TNT_002,DLY_TRP_0021167,TRP_0021167,2026-06-17T09:35:00.000Z,ARRIVAL,30,WEATHER,OPS,false
TNT_002,DLY_TRP_0021173,TRP_0021173,2026-06-23T09:16:00.000Z,ARRIVAL,26,TRAFFIC,GPS,false
TNT_002,DLY_TRP_0021175,TRP_0021175,2026-06-25T23:04:00.000Z,ARRIVAL,52,TRAFFIC,VENDOR,false
TNT_001,DLY_TRP_0021194,TRP_0021194,2026-07-14T10:01:00.000Z,ARRIVAL,34,WEATHER,GPS,false
TNT_001,DLY_TRP_0021197,TRP_0021197,2026-07-17T09:26:00.000Z,ARRIVAL,35,WEATHER,GPS,false
TNT_003,DLY_TRP_0021201,TRP_0021201,2026-07-21T10:17:00.000Z,ARRIVAL,50,WEATHER,GPS,false
TNT_001,DLY_TRP_0021210,TRP_0021210,2026-07-30T22:46:00.000Z,ARRIVAL,39,TRAFFIC,GPS,false
TNT_001,DLY_TRP_0021227,TRP_0021227,2026-08-16T07:16:00.000Z,ARRIVAL,54,TRAFFIC,VENDOR,false
TNT_001,DLY_TRP_0021236,TRP_0021236,2026-08-25T23:14:00.000Z,ARRIVAL,50,TRAFFIC,GPS,false
TNT_002,DLY_TRP_0021238,TRP_0021238,2026-08-27T06:45:00.000Z,ARRIVAL,49,VEHICLE_ISSUE,GPS,false
TNT_002,DLY_TRP_0021240,TRP_0021240,2026-08-29T14:41:00.000Z,ARRIVAL,31,DRIVER_LATE,GPS,true
TNT_001,DLY_TRP_0021250,TRP_0021250,2026-06-10T23:11:00.000Z,ARRIVAL,32,WEATHER,VENDOR,false
TNT_001,DLY_TRP_0021255,TRP_0021255,2026-06-15T06:51:00.000Z,ARRIVAL,49,VEHICLE_ISSUE,OPS,false
TNT_001,DLY_TRP_0021268,TRP_0021268,2026-06-28T15:12:00.000Z,ARRIVAL,56,WEATHER,VENDOR,false
TNT_001,DLY_TRP_0021269,TRP_0021269,2026-06-29T06:32:00.000Z,ARRIVAL,47,WEATHER,OPS,false
TNT_001,DLY_TRP_0021271,TRP_0021271,2026-07-01T22:01:00.000Z,ARRIVAL,13,TRAFFIC,VENDOR,false
TNT_003,DLY_TRP_0021274,TRP_0021274,2026-07-04T06:06:00.000Z,ARRIVAL,19,DRIVER_LATE,VENDOR,false
TNT_001,DLY_TRP_0021275,TRP_0021275,2026-07-05T10:13:00.000Z,ARRIVAL,26,VEHICLE_ISSUE,GPS,false
TNT_001,DLY_TRP_0021293,TRP_0021293,2026-07-23T09:03:00.000Z,ARRIVAL,11,TRAFFIC,OPS,false
TNT_001,DLY_TRP_0021300,TRP_0021300,2026-07-30T06:49:00.000Z,ARRIVAL,20,WEATHER,OPS,false
TNT_001,DLY_TRP_0021324,TRP_0021324,2026-08-23T08:56:00.000Z,ARRIVAL,19,WEATHER,VENDOR,false
TNT_003,DLY_TRP_0021327,TRP_0021327,2026-08-26T07:14:00.000Z,ARRIVAL,48,DRIVER_LATE,GPS,false
TNT_001,DLY_TRP_0021329,TRP_0021329,2026-08-28T14:13:00.000Z,ARRIVAL,29,DRIVER_LATE,OPS,false
TNT_003,DLY_TRP_0021339,TRP_0021339,2026-06-09T09:46:00.000Z,ARRIVAL,31,TRAFFIC,GPS,false
TNT_002,DLY_TRP_0021351,TRP_0021351,2026-06-21T08:43:00.000Z,ARRIVAL,20,TRAFFIC,GPS,false
TNT_003,DLY_TRP_0021365,TRP_0021365,2026-07-05T14:26:00.000Z,ARRIVAL,29,DRIVER_LATE,GPS,false
TNT_001,DLY_TRP_0021367,TRP_0021367,2026-07-07T06:22:00.000Z,ARRIVAL,14,WEATHER,GPS,false
TNT_001,DLY_TRP_0021370,TRP_0021370,2026-07-10T10:52:00.000Z,ARRIVAL,44,TRAFFIC,GPS,false
TNT_001,DLY_TRP_0021378,TRP_0021378,2026-07-18T09:25:00.000Z,ARRIVAL,37,ROUTE_DEVIATION,GPS,false
TNT_003,DLY_TRP_0021379,TRP_0021379,2026-07-19T06:36:00.000Z,ARRIVAL,37,WEATHER,GPS,true
TNT_001,DLY_TRP_0021383,TRP_0021383,2026-07-23T09:36:00.000Z,ARRIVAL,56,WEATHER,GPS,false
TNT_001,DLY_TRP_0021389,TRP_0021389,2026-07-29T09:12:00.000Z,ARRIVAL,16,DRIVER_LATE,OPS,false
TNT_002,DLY_TRP_0021392,TRP_0021392,2026-08-01T14:01:00.000Z,ARRIVAL,27,DRIVER_LATE,GPS,false
TNT_001,DLY_TRP_0021404,TRP_0021404,2026-08-13T22:04:00.000Z,ARRIVAL,17,DRIVER_LATE,VENDOR,false
TNT_001,DLY_TRP_0021406,TRP_0021406,2026-08-15T09:28:00.000Z,ARRIVAL,12,VEHICLE_ISSUE,OPS,false
TNT_002,DLY_TRP_0021408,TRP_0021408,2026-08-17T09:59:00.000Z,ARRIVAL,45,WEATHER,GPS,false
TNT_001,DLY_TRP_0021423,TRP_0021423,2026-06-03T06:21:00.000Z,ARRIVAL,13,ROUTE_DEVIATION,VENDOR,false
TNT_002,DLY_TRP_0021429,TRP_0021429,2026-06-09T09:30:00.000Z,ARRIVAL,54,TRAFFIC,GPS,false
TNT_001,DLY_TRP_0021436,TRP_0021436,2026-06-16T09:46:00.000Z,ARRIVAL,46,VEHICLE_ISSUE,GPS,false
TNT_002,DLY_TRP_0021440,TRP_0021440,2026-06-20T06:46:00.000Z,ARRIVAL,48,TRAFFIC,GPS,false
TNT_001,DLY_TRP_0021445,TRP_0021445,2026-06-25T14:12:00.000Z,ARRIVAL,13,ROUTE_DEVIATION,GPS,false
TNT_001,DLY_TRP_0021455,TRP_0021455,2026-07-05T06:56:00.000Z,ARRIVAL,54,WEATHER,GPS,false
TNT_001,DLY_TRP_0021456,TRP_0021456,2026-07-06T06:39:00.000Z,ARRIVAL,12,WEATHER,GPS,false
TNT_001,DLY_TRP_0021458,TRP_0021458,2026-07-08T09:33:00.000Z,ARRIVAL,21,WEATHER,GPS,false
TNT_001,DLY_TRP_0021460,TRP_0021460,2026-07-10T09:15:00.000Z,ARRIVAL,41,WEATHER,GPS,false
TNT_001,DLY_TRP_0021464,TRP_0021464,2026-07-14T06:39:00.000Z,ARRIVAL,12,VEHICLE_ISSUE,VENDOR,false
TNT_002,DLY_TRP_0021465,TRP_0021465,2026-07-15T22:20:00.000Z,ARRIVAL,31,DRIVER_LATE,GPS,false
TNT_001,DLY_TRP_0021468,TRP_0021468,2026-07-18T14:31:00.000Z,ARRIVAL,14,DRIVER_LATE,GPS,true
TNT_002,DLY_TRP_0021471,TRP_0021471,2026-07-21T10:07:00.000Z,ARRIVAL,50,TRAFFIC,GPS,false
TNT_001,DLY_TRP_0021483,TRP_0021483,2026-08-02T14:42:00.000Z,ARRIVAL,20,DRIVER_LATE,VENDOR,false
TNT_001,DLY_TRP_0021488,TRP_0021488,2026-08-07T14:44:00.000Z,ARRIVAL,58,VEHICLE_ISSUE,GPS,false
TNT_001,DLY_TRP_0021491,TRP_0021491,2026-08-10T14:56:00.000Z,ARRIVAL,36,TRAFFIC,VENDOR,false
TNT_002,DLY_TRP_0021494,TRP_0021494,2026-08-13T09:32:00.000Z,ARRIVAL,38,TRAFFIC,GPS,false
TNT_001,DLY_TRP_0021512,TRP_0021512,2026-06-02T22:30:00.000Z,ARRIVAL,38,DRIVER_LATE,GPS,false
TNT_002,DLY_TRP_0021517,TRP_0021517,2026-06-07T10:03:00.000Z,ARRIVAL,31,WEATHER,GPS,false
TNT_002,DLY_TRP_0021523,TRP_0021523,2026-06-13T07:01:00.000Z,ARRIVAL,55,TRAFFIC,GPS,false
TNT_001,DLY_TRP_0021532,TRP_0021532,2026-06-22T07:18:00.000Z,ARRIVAL,36,TRAFFIC,GPS,false
TNT_001,DLY_TRP_0021548,TRP_0021548,2026-07-08T15:08:00.000Z,ARRIVAL,51,WEATHER,OPS,true
TNT_001,DLY_TRP_0021565,TRP_0021565,2026-07-25T10:32:00.000Z,ARRIVAL,42,WEATHER,GPS,false
TNT_003,DLY_TRP_0021567,TRP_0021567,2026-07-27T22:47:00.000Z,ARRIVAL,49,TRAFFIC,OPS,false
TNT_001,DLY_TRP_0021570,TRP_0021570,2026-07-30T09:50:00.000Z,ARRIVAL,19,TRAFFIC,GPS,false
TNT_001,DLY_TRP_0021597,TRP_0021597,2026-08-26T09:32:00.000Z,ARRIVAL,33,TRAFFIC,GPS,false
TNT_001,DLY_TRP_0021601,TRP_0021601,2026-06-01T06:56:00.000Z,ARRIVAL,57,TRAFFIC,GPS,false
TNT_001,DLY_TRP_0021608,TRP_0021608,2026-06-08T09:25:00.000Z,ARRIVAL,36,TRAFFIC,GPS,false
TNT_003,DLY_TRP_0021632,TRP_0021632,2026-07-02T09:45:00.000Z,ARRIVAL,27,TRAFFIC,GPS,false
TNT_001,DLY_TRP_0021634,TRP_0021634,2026-07-04T14:58:00.000Z,ARRIVAL,44,TRAFFIC,VENDOR,false
TNT_001,DLY_TRP_0021637,TRP_0021637,2026-07-07T09:57:00.000Z,ARRIVAL,46,TRAFFIC,OPS,false
TNT_001,DLY_TRP_0021662,TRP_0021662,2026-08-01T14:37:00.000Z,ARRIVAL,18,WEATHER,OPS,false
TNT_001,DLY_TRP_0021671,TRP_0021671,2026-08-10T09:38:00.000Z,ARRIVAL,50,ROUTE_DEVIATION,GPS,true
TNT_001,DLY_TRP_0021679,TRP_0021679,2026-08-18T14:30:00.000Z,ARRIVAL,29,VEHICLE_ISSUE,VENDOR,false
TNT_002,DLY_TRP_0021686,TRP_0021686,2026-08-25T09:28:00.000Z,ARRIVAL,31,TRAFFIC,GPS,false
TNT_001,DLY_TRP_0021689,TRP_0021689,2026-08-28T06:54:00.000Z,ARRIVAL,57,DRIVER_LATE,VENDOR,false
TNT_002,DLY_TRP_0021695,TRP_0021695,2026-06-05T09:50:00.000Z,ARRIVAL,36,WEATHER,GPS,false
TNT_003,DLY_TRP_0021699,TRP_0021699,2026-06-09T06:30:00.000Z,ARRIVAL,39,VEHICLE_ISSUE,GPS,false
TNT_003,DLY_TRP_0021701,TRP_0021701,2026-06-11T14:56:00.000Z,ARRIVAL,53,TRAFFIC,GPS,false
TNT_003,DLY_TRP_0021710,TRP_0021710,2026-06-20T22:29:00.000Z,ARRIVAL,33,WEATHER,GPS,false
TNT_001,DLY_TRP_0021718,TRP_0021718,2026-06-28T22:37:00.000Z,ARRIVAL,27,WEATHER,GPS,false
TNT_002,DLY_TRP_0021729,TRP_0021729,2026-07-09T09:44:00.000Z,ARRIVAL,12,WEATHER,OPS,false
TNT_001,DLY_TRP_0021739,TRP_0021739,2026-07-19T22:28:00.000Z,ARRIVAL,21,TRAFFIC,VENDOR,false
TNT_001,DLY_TRP_0021740,TRP_0021740,2026-07-20T06:44:00.000Z,ARRIVAL,19,ROUTE_DEVIATION,GPS,false
TNT_001,DLY_TRP_0021769,TRP_0021769,2026-08-18T09:52:00.000Z,ARRIVAL,44,TRAFFIC,GPS,false
TNT_003,DLY_TRP_0021770,TRP_0021770,2026-08-19T06:08:00.000Z,ARRIVAL,13,TRAFFIC,OPS,false
TNT_001,DLY_TRP_0021774,TRP_0021774,2026-08-23T14:16:00.000Z,ARRIVAL,21,DRIVER_LATE,GPS,false
TNT_001,DLY_TRP_0021781,TRP_0021781,2026-06-01T22:10:00.000Z,ARRIVAL,21,VEHICLE_ISSUE,GPS,false
TNT_001,DLY_TRP_0021785,TRP_0021785,2026-06-05T06:12:00.000Z,ARRIVAL,19,VEHICLE_ISSUE,GPS,false
TNT_003,DLY_TRP_0021800,TRP_0021800,2026-06-20T10:22:00.000Z,ARRIVAL,58,DRIVER_LATE,OPS,false
TNT_001,DLY_TRP_0021811,TRP_0021811,2026-07-01T09:24:00.000Z,ARRIVAL,40,WEATHER,VENDOR,false
TNT_001,DLY_TRP_0021841,TRP_0021841,2026-07-31T09:21:00.000Z,ARRIVAL,34,WEATHER,GPS,false
TNT_001,DLY_TRP_0021852,TRP_0021852,2026-08-11T14:20:00.000Z,ARRIVAL,27,VEHICLE_ISSUE,GPS,false
TNT_002,DLY_TRP_0021856,TRP_0021856,2026-08-15T22:59:00.000Z,ARRIVAL,43,TRAFFIC,GPS,false
TNT_001,DLY_TRP_0021870,TRP_0021870,2026-08-29T22:41:00.000Z,ARRIVAL,35,TRAFFIC,GPS,false
TNT_003,DLY_TRP_0021874,TRP_0021874,2026-06-04T10:01:00.000Z,ARRIVAL,34,DRIVER_LATE,GPS,false
TNT_001,DLY_TRP_0021888,TRP_0021888,2026-06-18T22:48:00.000Z,ARRIVAL,18,WEATHER,GPS,false
TNT_001,DLY_TRP_0021899,TRP_0021899,2026-06-29T09:27:00.000Z,ARRIVAL,28,TRAFFIC,GPS,false
TNT_002,DLY_TRP_0021907,TRP_0021907,2026-07-07T14:14:00.000Z,ARRIVAL,16,TRAFFIC,GPS,true
TNT_002,DLY_TRP_0021911,TRP_0021911,2026-07-11T06:16:00.000Z,ARRIVAL,31,VEHICLE_ISSUE,VENDOR,false
TNT_001,DLY_TRP_0021929,TRP_0021929,2026-07-29T06:46:00.000Z,ARRIVAL,51,TRAFFIC,VENDOR,false
TNT_001,DLY_TRP_0021942,TRP_0021942,2026-08-11T09:57:00.000Z,ARRIVAL,41,VEHICLE_ISSUE,GPS,false
TNT_001,DLY_TRP_0021943,TRP_0021943,2026-08-12T06:39:00.000Z,ARRIVAL,27,VEHICLE_ISSUE,GPS,false
TNT_003,DLY_TRP_0021949,TRP_0021949,2026-08-18T06:52:00.000Z,ARRIVAL,35,WEATHER,GPS,false
TNT_001,DLY_TRP_0021955,TRP_0021955,2026-08-24T23:03:00.000Z,ARRIVAL,43,TRAFFIC,GPS,false
TNT_002,DLY_TRP_0021961,TRP_0021961,2026-06-01T06:34:00.000Z,ARRIVAL,25,TRAFFIC,VENDOR,true
TNT_002,DLY_TRP_0021971,TRP_0021971,2026-06-11T22:22:00.000Z,ARRIVAL,18,ROUTE_DEVIATION,VENDOR,false
TNT_003,DLY_TRP_0022000,TRP_0022000,2026-07-10T07:03:00.000Z,ARRIVAL,50,TRAFFIC,GPS,false
TNT_002,DLY_TRP_0022014,TRP_0022014,2026-07-24T09:45:00.000Z,ARRIVAL,16,TRAFFIC,VENDOR,false
TNT_001,DLY_TRP_0022016,TRP_0022016,2026-07-26T15:10:00.000Z,ARRIVAL,39,WEATHER,GPS,false
TNT_003,DLY_TRP_0022031,TRP_0022031,2026-08-10T06:46:00.000Z,ARRIVAL,50,ROUTE_DEVIATION,GPS,false
TNT_001,DLY_TRP_0022041,TRP_0022041,2026-08-20T22:28:00.000Z,ARRIVAL,13,TRAFFIC,GPS,false
TNT_001,DLY_TRP_0022049,TRP_0022049,2026-08-28T23:02:00.000Z,ARRIVAL,47,ROUTE_DEVIATION,GPS,false
TNT_001,DLY_TRP_0022051,TRP_0022051,2026-06-01T06:54:00.000Z,ARRIVAL,56,TRAFFIC,VENDOR,false
TNT_001,DLY_TRP_0022075,TRP_0022075,2026-06-25T09:12:00.000Z,ARRIVAL,26,TRAFFIC,OPS,false
TNT_001,DLY_TRP_0022077,TRP_0022077,2026-06-27T10:07:00.000Z,ARRIVAL,40,TRAFFIC,GPS,false
TNT_001,DLY_TRP_0022122,TRP_0022122,2026-08-11T09:37:00.000Z,ARRIVAL,29,TRAFFIC,GPS,false
TNT_001,DLY_TRP_0022125,TRP_0022125,2026-08-14T09:38:00.000Z,ARRIVAL,49,DRIVER_LATE,VENDOR,false
TNT_002,DLY_TRP_0022128,TRP_0022128,2026-08-17T08:55:00.000Z,ARRIVAL,28,WEATHER,GPS,false
TNT_001,DLY_TRP_0022129,TRP_0022129,2026-08-18T09:47:00.000Z,ARRIVAL,17,TRAFFIC,GPS,false
TNT_002,DLY_TRP_0022131,TRP_0022131,2026-08-20T14:22:00.000Z,ARRIVAL,27,TRAFFIC,VENDOR,false
TNT_001,DLY_TRP_0022132,TRP_0022132,2026-08-21T22:57:00.000Z,ARRIVAL,16,ROUTE_DEVIATION,OPS,false
TNT_001,DLY_TRP_0022136,TRP_0022136,2026-08-25T09:22:00.000Z,ARRIVAL,47,ROUTE_DEVIATION,OPS,false
TNT_001,DLY_TRP_0022141,TRP_0022141,2026-06-01T10:47:00.000Z,ARRIVAL,35,VEHICLE_ISSUE,OPS,false
TNT_001,DLY_TRP_0022145,TRP_0022145,2026-06-05T14:28:00.000Z,ARRIVAL,13,TRAFFIC,GPS,false
TNT_001,DLY_TRP_0022153,TRP_0022153,2026-06-13T22:18:00.000Z,ARRIVAL,36,DRIVER_LATE,OPS,false
TNT_001,DLY_TRP_0022154,TRP_0022154,2026-06-14T15:05:00.000Z,ARRIVAL,54,WEATHER,GPS,false
TNT_002,DLY_TRP_0022158,TRP_0022158,2026-06-18T09:22:00.000Z,ARRIVAL,23,TRAFFIC,OPS,false
TNT_001,DLY_TRP_0022166,TRP_0022166,2026-06-26T10:09:00.000Z,ARRIVAL,58,ROUTE_DEVIATION,GPS,false
TNT_002,DLY_TRP_0022173,TRP_0022173,2026-07-03T06:52:00.000Z,ARRIVAL,39,TRAFFIC,GPS,false
TNT_001,DLY_TRP_0022174,TRP_0022174,2026-07-04T09:28:00.000Z,ARRIVAL,24,TRAFFIC,GPS,false
TNT_001,DLY_TRP_0022196,TRP_0022196,2026-07-26T06:43:00.000Z,ARRIVAL,14,TRAFFIC,GPS,false
TNT_001,DLY_TRP_0022197,TRP_0022197,2026-07-27T09:20:00.000Z,ARRIVAL,24,TRAFFIC,GPS,false
TNT_001,DLY_TRP_0022203,TRP_0022203,2026-08-02T10:05:00.000Z,ARRIVAL,23,TRAFFIC,GPS,false
TNT_001,DLY_TRP_0022205,TRP_0022205,2026-08-04T22:20:00.000Z,ARRIVAL,19,DRIVER_LATE,VENDOR,false
TNT_003,DLY_TRP_0022214,TRP_0022214,2026-08-13T14:26:00.000Z,ARRIVAL,26,TRAFFIC,VENDOR,false
TNT_003,DLY_TRP_0022227,TRP_0022227,2026-08-26T09:58:00.000Z,ARRIVAL,54,DRIVER_LATE,GPS,false
TNT_002,DLY_TRP_0022231,TRP_0022231,2026-06-01T22:10:00.000Z,ARRIVAL,21,DRIVER_LATE,VENDOR,false
TNT_001,DLY_TRP_0022236,TRP_0022236,2026-06-06T14:48:00.000Z,ARRIVAL,25,TRAFFIC,VENDOR,false
TNT_002,DLY_TRP_0022253,TRP_0022253,2026-06-23T06:00:00.000Z,ARRIVAL,17,TRAFFIC,OPS,false
TNT_001,DLY_TRP_0022261,TRP_0022261,2026-07-01T09:05:00.000Z,ARRIVAL,39,TRAFFIC,VENDOR,false
TNT_003,DLY_TRP_0022274,TRP_0022274,2026-07-14T06:56:00.000Z,ARRIVAL,29,TRAFFIC,OPS,false
TNT_002,DLY_TRP_0022281,TRP_0022281,2026-07-21T06:49:00.000Z,ARRIVAL,52,VEHICLE_ISSUE,VENDOR,false
TNT_002,DLY_TRP_0022290,TRP_0022290,2026-07-30T06:25:00.000Z,ARRIVAL,27,DRIVER_LATE,GPS,false
TNT_001,DLY_TRP_0022292,TRP_0022292,2026-08-01T09:42:00.000Z,ARRIVAL,21,TRAFFIC,GPS,false
TNT_001,DLY_TRP_0022311,TRP_0022311,2026-08-20T07:08:00.000Z,ARRIVAL,53,DRIVER_LATE,GPS,false
TNT_002,DLY_TRP_0022314,TRP_0022314,2026-08-23T08:53:00.000Z,ARRIVAL,19,DRIVER_LATE,GPS,false
TNT_001,DLY_TRP_0022318,TRP_0022318,2026-08-27T06:09:00.000Z,ARRIVAL,46,WEATHER,GPS,false
TNT_003,DLY_TRP_0022319,TRP_0022319,2026-08-28T07:15:00.000Z,ARRIVAL,40,TRAFFIC,VENDOR,false
TNT_001,DLY_TRP_0022320,TRP_0022320,2026-08-29T09:41:00.000Z,ARRIVAL,37,TRAFFIC,GPS,false
TNT_002,DLY_TRP_0022323,TRP_0022323,2026-06-03T10:09:00.000Z,ARRIVAL,49,WEATHER,GPS,false
TNT_001,DLY_TRP_0022331,TRP_0022331,2026-06-11T22:42:00.000Z,ARRIVAL,29,ROUTE_DEVIATION,GPS,false
TNT_001,DLY_TRP_0022348,TRP_0022348,2026-06-28T05:43:00.000Z,ARRIVAL,13,TRAFFIC,GPS,false
TNT_002,DLY_TRP_0022349,TRP_0022349,2026-06-29T14:50:00.000Z,ARRIVAL,48,WEATHER,VENDOR,false
TNT_001,DLY_TRP_0022356,TRP_0022356,2026-07-06T22:32:00.000Z,ARRIVAL,56,TRAFFIC,GPS,false
TNT_003,DLY_TRP_0022366,TRP_0022366,2026-07-16T22:36:00.000Z,ARRIVAL,36,WEATHER,GPS,false
TNT_003,DLY_TRP_0022379,TRP_0022379,2026-07-29T06:17:00.000Z,ARRIVAL,11,ROUTE_DEVIATION,GPS,false
TNT_001,DLY_TRP_0022382,TRP_0022382,2026-08-01T22:10:00.000Z,ARRIVAL,11,WEATHER,OPS,false
TNT_001,DLY_TRP_0022392,TRP_0022392,2026-08-11T06:49:00.000Z,ARRIVAL,30,ROUTE_DEVIATION,OPS,false
TNT_001,DLY_TRP_0022393,TRP_0022393,2026-08-12T09:49:00.000Z,ARRIVAL,31,TRAFFIC,VENDOR,false
TNT_001,DLY_TRP_0022394,TRP_0022394,2026-08-13T10:04:00.000Z,ARRIVAL,27,TRAFFIC,GPS,false
TNT_003,DLY_TRP_0022401,TRP_0022401,2026-08-20T06:37:00.000Z,ARRIVAL,26,TRAFFIC,VENDOR,false
TNT_002,DLY_TRP_0022409,TRP_0022409,2026-08-28T09:26:00.000Z,ARRIVAL,54,TRAFFIC,OPS,true
TNT_001,DLY_TRP_0022414,TRP_0022414,2026-06-04T15:28:00.000Z,ARRIVAL,31,ROUTE_DEVIATION,VENDOR,false
TNT_001,DLY_TRP_0022415,TRP_0022415,2026-06-05T22:36:00.000Z,ARRIVAL,44,TRAFFIC,GPS,false
TNT_002,DLY_TRP_0022425,TRP_0022425,2026-06-15T22:00:00.000Z,ARRIVAL,15,WEATHER,GPS,false
TNT_001,DLY_TRP_0022430,TRP_0022430,2026-06-20T14:35:00.000Z,ARRIVAL,17,TRAFFIC,GPS,false
TNT_001,DLY_TRP_0022447,TRP_0022447,2026-07-07T09:50:00.000Z,ARRIVAL,50,TRAFFIC,VENDOR,false
TNT_002,DLY_TRP_0022454,TRP_0022454,2026-07-14T09:57:00.000Z,ARRIVAL,42,WEATHER,VENDOR,false
TNT_001,DLY_TRP_0022457,TRP_0022457,2026-07-17T23:01:00.000Z,ARRIVAL,43,ROUTE_DEVIATION,GPS,false
TNT_001,DLY_TRP_0022458,TRP_0022458,2026-07-18T09:24:00.000Z,ARRIVAL,38,WEATHER,GPS,false
TNT_002,DLY_TRP_0022460,TRP_0022460,2026-07-20T06:16:00.000Z,ARRIVAL,48,TRAFFIC,VENDOR,false
TNT_001,DLY_TRP_0022464,TRP_0022464,2026-07-24T22:39:00.000Z,ARRIVAL,27,ROUTE_DEVIATION,GPS,false
TNT_001,DLY_TRP_0022476,TRP_0022476,2026-08-05T14:52:00.000Z,ARRIVAL,42,TRAFFIC,VENDOR,false
TNT_002,DLY_TRP_0022484,TRP_0022484,2026-08-13T14:54:00.000Z,ARRIVAL,53,ROUTE_DEVIATION,VENDOR,false
TNT_001,DLY_TRP_0022492,TRP_0022492,2026-08-21T15:17:00.000Z,ARRIVAL,39,TRAFFIC,GPS,false
TNT_001,DLY_TRP_0022499,TRP_0022499,2026-08-28T22:32:00.000Z,ARRIVAL,23,TRAFFIC,VENDOR,false
TNT_003,DLY_TRP_0022503,TRP_0022503,2026-06-03T23:06:00.000Z,ARRIVAL,27,ROUTE_DEVIATION,VENDOR,false
TNT_002,DLY_TRP_0022505,TRP_0022505,2026-06-05T23:12:00.000Z,ARRIVAL,56,WEATHER,GPS,false
TNT_001,DLY_TRP_0022508,TRP_0022508,2026-06-08T22:16:00.000Z,ARRIVAL,15,TRAFFIC,VENDOR,false
TNT_001,DLY_TRP_0022509,TRP_0022509,2026-06-09T09:36:00.000Z,ARRIVAL,57,DRIVER_LATE,VENDOR,false
TNT_001,DLY_TRP_0022524,TRP_0022524,2026-06-24T06:11:00.000Z,ARRIVAL,16,VEHICLE_ISSUE,GPS,false
TNT_001,DLY_TRP_0022536,TRP_0022536,2026-07-06T09:44:00.000Z,ARRIVAL,28,TRAFFIC,GPS,false
TNT_001,DLY_TRP_0022560,TRP_0022560,2026-07-30T22:08:00.000Z,ARRIVAL,12,DRIVER_LATE,GPS,false
TNT_001,DLY_TRP_0022568,TRP_0022568,2026-08-07T07:24:00.000Z,ARRIVAL,50,TRAFFIC,VENDOR,false
TNT_001,DLY_TRP_0022572,TRP_0022572,2026-08-11T09:39:00.000Z,ARRIVAL,32,WEATHER,GPS,false
TNT_001,DLY_TRP_0022574,TRP_0022574,2026-08-13T07:04:00.000Z,ARRIVAL,47,TRAFFIC,OPS,false
TNT_001,DLY_TRP_0022582,TRP_0022582,2026-08-21T23:16:00.000Z,ARRIVAL,44,TRAFFIC,GPS,false
TNT_001,DLY_TRP_0022584,TRP_0022584,2026-08-23T22:34:00.000Z,ARRIVAL,19,VEHICLE_ISSUE,GPS,false
TNT_003,DLY_TRP_0022591,TRP_0022591,2026-06-01T09:56:00.000Z,ARRIVAL,49,DRIVER_LATE,VENDOR,false
TNT_001,DLY_TRP_0022593,TRP_0022593,2026-06-03T09:51:00.000Z,ARRIVAL,17,VEHICLE_ISSUE,GPS,false
TNT_002,DLY_TRP_0022594,TRP_0022594,2026-06-04T14:26:00.000Z,ARRIVAL,14,DRIVER_LATE,GPS,false
TNT_001,DLY_TRP_0022597,TRP_0022597,2026-06-07T22:54:00.000Z,ARRIVAL,49,ROUTE_DEVIATION,VENDOR,false
TNT_003,DLY_TRP_0022603,TRP_0022603,2026-06-13T09:20:00.000Z,ARRIVAL,25,WEATHER,GPS,false
TNT_001,DLY_TRP_0022610,TRP_0022610,2026-06-20T15:02:00.000Z,ARRIVAL,38,TRAFFIC,VENDOR,false
TNT_002,DLY_TRP_0022612,TRP_0022612,2026-06-22T06:52:00.000Z,ARRIVAL,34,ROUTE_DEVIATION,GPS,false
TNT_001,DLY_TRP_0022627,TRP_0022627,2026-07-07T07:12:00.000Z,ARRIVAL,49,DRIVER_LATE,VENDOR,false
TNT_001,DLY_TRP_0022632,TRP_0022632,2026-07-12T09:32:00.000Z,ARRIVAL,39,WEATHER,OPS,false
TNT_002,DLY_TRP_0022639,TRP_0022639,2026-07-19T09:01:00.000Z,ARRIVAL,33,VEHICLE_ISSUE,GPS,false
TNT_002,DLY_TRP_0022647,TRP_0022647,2026-07-27T09:39:00.000Z,ARRIVAL,50,VEHICLE_ISSUE,GPS,false
TNT_003,DLY_TRP_0022650,TRP_0022650,2026-07-30T07:04:00.000Z,ARRIVAL,36,TRAFFIC,GPS,false
TNT_003,DLY_TRP_0022658,TRP_0022658,2026-08-07T06:48:00.000Z,ARRIVAL,43,WEATHER,GPS,true
TNT_001,DLY_TRP_0022668,TRP_0022668,2026-08-17T05:58:00.000Z,ARRIVAL,14,WEATHER,GPS,false
TNT_002,DLY_TRP_0022679,TRP_0022679,2026-08-28T09:30:00.000Z,ARRIVAL,18,VEHICLE_ISSUE,VENDOR,false
TNT_001,DLY_TRP_0022681,TRP_0022681,2026-06-01T22:54:00.000Z,ARRIVAL,58,TRAFFIC,GPS,false
TNT_001,DLY_TRP_0022682,TRP_0022682,2026-06-02T06:31:00.000Z,ARRIVAL,18,ROUTE_DEVIATION,VENDOR,false
TNT_001,DLY_TRP_0022692,TRP_0022692,2026-06-12T09:30:00.000Z,ARRIVAL,40,TRAFFIC,OPS,false
TNT_003,DLY_TRP_0022694,TRP_0022694,2026-06-14T09:55:00.000Z,ARRIVAL,43,DRIVER_LATE,VENDOR,false
TNT_001,DLY_TRP_0022702,TRP_0022702,2026-06-22T23:08:00.000Z,ARRIVAL,17,WEATHER,OPS,true
TNT_003,DLY_TRP_0022712,TRP_0022712,2026-07-02T10:13:00.000Z,ARRIVAL,28,TRAFFIC,GPS,false
TNT_002,DLY_TRP_0022713,TRP_0022713,2026-07-03T14:09:00.000Z,ARRIVAL,40,ROUTE_DEVIATION,GPS,false
TNT_002,DLY_TRP_0022733,TRP_0022733,2026-07-23T07:10:00.000Z,ARRIVAL,48,WEATHER,GPS,false
TNT_001,DLY_TRP_0022737,TRP_0022737,2026-07-27T22:47:00.000Z,ARRIVAL,38,WEATHER,OPS,false
TNT_003,DLY_TRP_0022740,TRP_0022740,2026-07-30T14:06:00.000Z,ARRIVAL,34,TRAFFIC,VENDOR,false
TNT_003,DLY_TRP_0022746,TRP_0022746,2026-08-05T22:59:00.000Z,ARRIVAL,41,DRIVER_LATE,GPS,false
TNT_001,DLY_TRP_0022757,TRP_0022757,2026-08-16T13:49:00.000Z,ARRIVAL,17,DRIVER_LATE,GPS,false
TNT_001,DLY_TRP_0022763,TRP_0022763,2026-08-22T09:28:00.000Z,ARRIVAL,57,TRAFFIC,GPS,false
TNT_001,DLY_TRP_0022769,TRP_0022769,2026-08-28T22:59:00.000Z,ARRIVAL,53,DRIVER_LATE,GPS,false
TNT_002,DLY_TRP_0022773,TRP_0022773,2026-06-03T21:55:00.000Z,ARRIVAL,12,TRAFFIC,OPS,false
TNT_001,DLY_TRP_0022774,TRP_0022774,2026-06-04T06:30:00.000Z,ARRIVAL,17,TRAFFIC,VENDOR,false
TNT_002,DLY_TRP_0022787,TRP_0022787,2026-06-17T09:45:00.000Z,ARRIVAL,48,TRAFFIC,GPS,false
TNT_002,DLY_TRP_0022794,TRP_0022794,2026-06-24T09:21:00.000Z,ARRIVAL,34,ROUTE_DEVIATION,GPS,false
TNT_001,DLY_TRP_0022799,TRP_0022799,2026-06-29T06:50:00.000Z,ARRIVAL,25,WEATHER,GPS,false
TNT_003,DLY_TRP_0022806,TRP_0022806,2026-07-06T14:25:00.000Z,ARRIVAL,25,TRAFFIC,OPS,false
TNT_001,DLY_TRP_0022817,TRP_0022817,2026-07-17T05:45:00.000Z,ARRIVAL,13,VEHICLE_ISSUE,GPS,false
TNT_001,DLY_TRP_0022819,TRP_0022819,2026-07-19T10:30:00.000Z,ARRIVAL,46,TRAFFIC,GPS,false
TNT_001,DLY_TRP_0022829,TRP_0022829,2026-07-29T09:43:00.000Z,ARRIVAL,17,WEATHER,GPS,false
TNT_002,DLY_TRP_0022833,TRP_0022833,2026-08-02T14:15:00.000Z,ARRIVAL,18,TRAFFIC,GPS,false
TNT_003,DLY_TRP_0022834,TRP_0022834,2026-08-03T06:31:00.000Z,ARRIVAL,49,TRAFFIC,GPS,false
TNT_001,DLY_TRP_0022836,TRP_0022836,2026-08-05T09:37:00.000Z,ARRIVAL,44,DRIVER_LATE,GPS,false
TNT_002,DLY_TRP_0022838,TRP_0022838,2026-08-07T13:50:00.000Z,ARRIVAL,11,VEHICLE_ISSUE,VENDOR,false
TNT_001,DLY_TRP_0022841,TRP_0022841,2026-08-10T09:47:00.000Z,ARRIVAL,31,VEHICLE_ISSUE,GPS,false
TNT_001,DLY_TRP_0022864,TRP_0022864,2026-06-04T14:58:00.000Z,ARRIVAL,55,VEHICLE_ISSUE,GPS,false
TNT_001,DLY_TRP_0022878,TRP_0022878,2026-06-18T22:57:00.000Z,ARRIVAL,53,WEATHER,VENDOR,false
TNT_002,DLY_TRP_0022890,TRP_0022890,2026-06-30T06:26:00.000Z,ARRIVAL,34,WEATHER,GPS,false
TNT_002,DLY_TRP_0022895,TRP_0022895,2026-07-05T14:47:00.000Z,ARRIVAL,42,WEATHER,GPS,false
TNT_001,DLY_TRP_0022897,TRP_0022897,2026-07-07T22:54:00.000Z,ARRIVAL,19,VEHICLE_ISSUE,GPS,false
TNT_001,DLY_TRP_0022906,TRP_0022906,2026-07-16T06:42:00.000Z,ARRIVAL,39,ROUTE_DEVIATION,GPS,false
TNT_001,DLY_TRP_0022907,TRP_0022907,2026-07-17T09:35:00.000Z,ARRIVAL,28,TRAFFIC,GPS,false
TNT_001,DLY_TRP_0022921,TRP_0022921,2026-07-31T09:30:00.000Z,ARRIVAL,56,WEATHER,OPS,false
TNT_001,DLY_TRP_0022923,TRP_0022923,2026-08-02T10:23:00.000Z,ARRIVAL,30,TRAFFIC,GPS,false
TNT_001,DLY_TRP_0022929,TRP_0022929,2026-08-08T14:41:00.000Z,ARRIVAL,45,TRAFFIC,GPS,false
TNT_001,DLY_TRP_0022949,TRP_0022949,2026-08-28T14:55:00.000Z,ARRIVAL,32,TRAFFIC,GPS,false
TNT_002,DLY_TRP_0022956,TRP_0022956,2026-06-06T06:33:00.000Z,ARRIVAL,27,ROUTE_DEVIATION,GPS,false
TNT_001,DLY_TRP_0022959,TRP_0022959,2026-06-09T09:33:00.000Z,ARRIVAL,27,WEATHER,GPS,false
TNT_003,DLY_TRP_0022972,TRP_0022972,2026-06-22T06:30:00.000Z,ARRIVAL,11,WEATHER,GPS,false
TNT_001,DLY_TRP_0022974,TRP_0022974,2026-06-24T14:31:00.000Z,ARRIVAL,35,ROUTE_DEVIATION,GPS,false
TNT_001,DLY_TRP_0022978,TRP_0022978,2026-06-28T22:41:00.000Z,ARRIVAL,22,DRIVER_LATE,VENDOR,false
TNT_001,DLY_TRP_0022979,TRP_0022979,2026-06-29T06:23:00.000Z,ARRIVAL,32,WEATHER,VENDOR,true
TNT_001,DLY_TRP_0022981,TRP_0022981,2026-07-01T06:39:00.000Z,ARRIVAL,36,VEHICLE_ISSUE,VENDOR,false
TNT_001,DLY_TRP_0022985,TRP_0022985,2026-07-05T22:33:00.000Z,ARRIVAL,43,VEHICLE_ISSUE,GPS,false
TNT_001,DLY_TRP_0022987,TRP_0022987,2026-07-07T09:56:00.000Z,ARRIVAL,31,WEATHER,GPS,false
TNT_001,DLY_TRP_0022998,TRP_0022998,2026-07-18T14:59:00.000Z,ARRIVAL,53,ROUTE_DEVIATION,VENDOR,false
TNT_003,DLY_TRP_0023000,TRP_0023000,2026-07-20T07:08:00.000Z,ARRIVAL,57,DRIVER_LATE,OPS,false
TNT_001,DLY_TRP_0023004,TRP_0023004,2026-07-24T09:51:00.000Z,ARRIVAL,46,ROUTE_DEVIATION,GPS,false
TNT_001,DLY_TRP_0023006,TRP_0023006,2026-07-26T07:00:00.000Z,ARRIVAL,49,TRAFFIC,OPS,false
TNT_002,DLY_TRP_0023021,TRP_0023021,2026-08-10T10:39:00.000Z,ARRIVAL,54,TRAFFIC,GPS,false
TNT_002,DLY_TRP_0023025,TRP_0023025,2026-08-14T06:27:00.000Z,ARRIVAL,39,WEATHER,GPS,false
TNT_001,DLY_TRP_0023035,TRP_0023035,2026-08-24T06:50:00.000Z,ARRIVAL,32,TRAFFIC,OPS,false
TNT_001,DLY_TRP_0023039,TRP_0023039,2026-08-28T14:22:00.000Z,ARRIVAL,14,TRAFFIC,GPS,false
TNT_001,DLY_TRP_0023043,TRP_0023043,2026-06-03T15:02:00.000Z,ARRIVAL,25,VEHICLE_ISSUE,VENDOR,false
TNT_001,DLY_TRP_0023047,TRP_0023047,2026-06-07T22:16:00.000Z,ARRIVAL,41,TRAFFIC,GPS,false
TNT_001,DLY_TRP_0023051,TRP_0023051,2026-06-11T10:20:00.000Z,ARRIVAL,49,WEATHER,OPS,false
TNT_001,DLY_TRP_0023052,TRP_0023052,2026-06-12T06:34:00.000Z,ARRIVAL,26,WEATHER,VENDOR,false
TNT_002,DLY_TRP_0023068,TRP_0023068,2026-06-28T22:24:00.000Z,ARRIVAL,28,TRAFFIC,VENDOR,false
TNT_001,DLY_TRP_0023073,TRP_0023073,2026-07-03T09:46:00.000Z,ARRIVAL,26,TRAFFIC,OPS,false
TNT_001,DLY_TRP_0023075,TRP_0023075,2026-07-05T09:43:00.000Z,ARRIVAL,36,TRAFFIC,GPS,false
TNT_001,DLY_TRP_0023084,TRP_0023084,2026-07-14T14:39:00.000Z,ARRIVAL,46,TRAFFIC,VENDOR,false
TNT_001,DLY_TRP_0023089,TRP_0023089,2026-07-19T09:50:00.000Z,ARRIVAL,41,DRIVER_LATE,VENDOR,false
TNT_002,DLY_TRP_0023106,TRP_0023106,2026-08-05T07:07:00.000Z,ARRIVAL,55,WEATHER,GPS,false
TNT_002,DLY_TRP_0023109,TRP_0023109,2026-08-08T15:16:00.000Z,ARRIVAL,49,TRAFFIC,GPS,false
TNT_001,DLY_TRP_0023112,TRP_0023112,2026-08-11T15:12:00.000Z,ARRIVAL,23,ROUTE_DEVIATION,GPS,false
TNT_001,DLY_TRP_0023115,TRP_0023115,2026-08-14T10:02:00.000Z,ARRIVAL,40,ROUTE_DEVIATION,VENDOR,false
TNT_002,DLY_TRP_0023124,TRP_0023124,2026-08-23T22:19:00.000Z,ARRIVAL,19,TRAFFIC,GPS,false
TNT_002,DLY_TRP_0023127,TRP_0023127,2026-08-26T09:02:00.000Z,ARRIVAL,40,WEATHER,GPS,false
TNT_002,DLY_TRP_0023133,TRP_0023133,2026-06-03T06:28:00.000Z,ARRIVAL,57,VEHICLE_ISSUE,GPS,false
TNT_003,DLY_TRP_0023147,TRP_0023147,2026-06-17T09:36:00.000Z,ARRIVAL,36,WEATHER,GPS,false
TNT_001,DLY_TRP_0023153,TRP_0023153,2026-06-23T15:13:00.000Z,ARRIVAL,43,TRAFFIC,OPS,false
TNT_003,DLY_TRP_0023167,TRP_0023167,2026-07-07T06:32:00.000Z,ARRIVAL,40,WEATHER,GPS,false
TNT_001,DLY_TRP_0023171,TRP_0023171,2026-07-11T09:34:00.000Z,ARRIVAL,35,TRAFFIC,GPS,false
TNT_001,DLY_TRP_0023174,TRP_0023174,2026-07-14T10:10:00.000Z,ARRIVAL,46,TRAFFIC,GPS,false
TNT_002,DLY_TRP_0023198,TRP_0023198,2026-08-07T06:22:00.000Z,ARRIVAL,50,TRAFFIC,GPS,false
TNT_002,DLY_TRP_0023200,TRP_0023200,2026-08-09T22:36:00.000Z,ARRIVAL,48,ROUTE_DEVIATION,GPS,false
TNT_001,DLY_TRP_0023202,TRP_0023202,2026-08-11T23:04:00.000Z,ARRIVAL,44,DRIVER_LATE,GPS,false
TNT_002,DLY_TRP_0023203,TRP_0023203,2026-08-12T14:13:00.000Z,ARRIVAL,33,DRIVER_LATE,OPS,false
TNT_001,DLY_TRP_0023207,TRP_0023207,2026-08-16T09:43:00.000Z,ARRIVAL,42,ROUTE_DEVIATION,GPS,false
TNT_001,DLY_TRP_0023224,TRP_0023224,2026-06-04T09:56:00.000Z,ARRIVAL,35,TRAFFIC,GPS,false
TNT_001,DLY_TRP_0023227,TRP_0023227,2026-06-07T06:10:00.000Z,ARRIVAL,14,DRIVER_LATE,GPS,false
TNT_001,DLY_TRP_0023231,TRP_0023231,2026-06-11T10:05:00.000Z,ARRIVAL,30,TRAFFIC,VENDOR,false
TNT_001,DLY_TRP_0023236,TRP_0023236,2026-06-16T21:55:00.000Z,ARRIVAL,22,WEATHER,GPS,false
TNT_001,DLY_TRP_0023239,TRP_0023239,2026-06-19T14:44:00.000Z,ARRIVAL,18,WEATHER,GPS,false
TNT_003,DLY_TRP_0023242,TRP_0023242,2026-06-22T06:50:00.000Z,ARRIVAL,53,ROUTE_DEVIATION,VENDOR,false
TNT_003,DLY_TRP_0023243,TRP_0023243,2026-06-23T22:53:00.000Z,ARRIVAL,42,TRAFFIC,GPS,false
TNT_002,DLY_TRP_0023249,TRP_0023249,2026-06-29T14:04:00.000Z,ARRIVAL,19,WEATHER,GPS,false
TNT_003,DLY_TRP_0023259,TRP_0023259,2026-07-09T07:04:00.000Z,ARRIVAL,46,ROUTE_DEVIATION,VENDOR,false
TNT_002,DLY_TRP_0023263,TRP_0023263,2026-07-13T14:28:00.000Z,ARRIVAL,23,DRIVER_LATE,GPS,false
TNT_001,DLY_TRP_0023273,TRP_0023273,2026-07-23T06:40:00.000Z,ARRIVAL,19,DRIVER_LATE,GPS,false
TNT_001,DLY_TRP_0023275,TRP_0023275,2026-07-25T06:59:00.000Z,ARRIVAL,51,DRIVER_LATE,GPS,false
TNT_001,DLY_TRP_0023281,TRP_0023281,2026-07-31T22:37:00.000Z,ARRIVAL,26,DRIVER_LATE,GPS,false
TNT_002,DLY_TRP_0023287,TRP_0023287,2026-08-06T09:10:00.000Z,ARRIVAL,37,TRAFFIC,VENDOR,false
TNT_002,DLY_TRP_0023290,TRP_0023290,2026-08-09T09:13:00.000Z,ARRIVAL,20,VEHICLE_ISSUE,GPS,false
TNT_002,DLY_TRP_0023294,TRP_0023294,2026-08-13T14:41:00.000Z,ARRIVAL,58,TRAFFIC,VENDOR,false
TNT_001,DLY_TRP_0023308,TRP_0023308,2026-08-27T14:47:00.000Z,ARRIVAL,37,DRIVER_LATE,OPS,false
TNT_001,DLY_TRP_0023309,TRP_0023309,2026-08-28T07:34:00.000Z,ARRIVAL,45,TRAFFIC,VENDOR,false
TNT_001,DLY_TRP_0023315,TRP_0023315,2026-06-05T14:30:00.000Z,ARRIVAL,31,TRAFFIC,GPS,false
TNT_001,DLY_TRP_0023326,TRP_0023326,2026-06-16T09:48:00.000Z,ARRIVAL,21,TRAFFIC,GPS,false
TNT_002,DLY_TRP_0023335,TRP_0023335,2026-06-25T09:47:00.000Z,ARRIVAL,53,ROUTE_DEVIATION,GPS,false
TNT_002,DLY_TRP_0023350,TRP_0023350,2026-07-10T10:16:00.000Z,ARRIVAL,44,TRAFFIC,OPS,false
TNT_001,DLY_TRP_0023360,TRP_0023360,2026-07-20T06:41:00.000Z,ARRIVAL,16,TRAFFIC,VENDOR,false
TNT_001,DLY_TRP_0023362,TRP_0023362,2026-07-22T15:24:00.000Z,ARRIVAL,47,DRIVER_LATE,GPS,true
TNT_001,DLY_TRP_0023368,TRP_0023368,2026-07-28T06:44:00.000Z,ARRIVAL,13,WEATHER,GPS,false
TNT_001,DLY_TRP_0023375,TRP_0023375,2026-08-04T09:37:00.000Z,ARRIVAL,38,VEHICLE_ISSUE,OPS,false
TNT_001,DLY_TRP_0023377,TRP_0023377,2026-08-06T10:09:00.000Z,ARRIVAL,57,ROUTE_DEVIATION,VENDOR,false
TNT_001,DLY_TRP_0023385,TRP_0023385,2026-08-14T15:06:00.000Z,ARRIVAL,31,DRIVER_LATE,GPS,false
TNT_002,DLY_TRP_0023386,TRP_0023386,2026-08-15T14:24:00.000Z,ARRIVAL,28,VEHICLE_ISSUE,GPS,false
TNT_001,DLY_TRP_0023394,TRP_0023394,2026-08-23T09:37:00.000Z,ARRIVAL,51,ROUTE_DEVIATION,VENDOR,false
TNT_001,DLY_TRP_0023400,TRP_0023400,2026-08-29T09:53:00.000Z,ARRIVAL,57,TRAFFIC,GPS,false
TNT_002,DLY_TRP_0023401,TRP_0023401,2026-06-01T06:40:00.000Z,ARRIVAL,55,TRAFFIC,VENDOR,false
TNT_001,DLY_TRP_0023404,TRP_0023404,2026-06-04T06:28:00.000Z,ARRIVAL,33,WEATHER,VENDOR,false
TNT_001,DLY_TRP_0023413,TRP_0023413,2026-06-13T06:05:00.000Z,ARRIVAL,16,TRAFFIC,GPS,false
TNT_002,DLY_TRP_0023416,TRP_0023416,2026-06-16T22:36:00.000Z,ARRIVAL,19,DRIVER_LATE,GPS,false
TNT_001,DLY_TRP_0023429,TRP_0023429,2026-06-29T21:54:00.000Z,ARRIVAL,12,TRAFFIC,GPS,false
TNT_002,DLY_TRP_0023437,TRP_0023437,2026-07-07T06:18:00.000Z,ARRIVAL,18,WEATHER,OPS,false
TNT_001,DLY_TRP_0023438,TRP_0023438,2026-07-08T09:53:00.000Z,ARRIVAL,42,TRAFFIC,GPS,false
TNT_001,DLY_TRP_0023444,TRP_0023444,2026-07-14T09:06:00.000Z,ARRIVAL,36,WEATHER,GPS,false
TNT_001,DLY_TRP_0023458,TRP_0023458,2026-07-28T06:56:00.000Z,ARRIVAL,41,TRAFFIC,VENDOR,false
TNT_002,DLY_TRP_0023460,TRP_0023460,2026-07-30T09:31:00.000Z,ARRIVAL,21,ROUTE_DEVIATION,GPS,true
TNT_001,DLY_TRP_0023466,TRP_0023466,2026-08-05T09:52:00.000Z,ARRIVAL,47,DRIVER_LATE,GPS,false
TNT_001,DLY_TRP_0023470,TRP_0023470,2026-08-09T22:53:00.000Z,ARRIVAL,47,ROUTE_DEVIATION,GPS,false
TNT_001,DLY_TRP_0023474,TRP_0023474,2026-08-13T09:04:00.000Z,ARRIVAL,12,TRAFFIC,VENDOR,false
TNT_001,DLY_TRP_0023486,TRP_0023486,2026-08-25T23:06:00.000Z,ARRIVAL,43,DRIVER_LATE,GPS,false
TNT_001,DLY_TRP_0023489,TRP_0023489,2026-08-28T14:58:00.000Z,ARRIVAL,20,ROUTE_DEVIATION,GPS,false
TNT_001,DLY_TRP_0023503,TRP_0023503,2026-06-13T09:42:00.000Z,ARRIVAL,28,TRAFFIC,GPS,false
TNT_002,DLY_TRP_0023506,TRP_0023506,2026-06-16T14:39:00.000Z,ARRIVAL,53,WEATHER,GPS,false
TNT_002,DLY_TRP_0023510,TRP_0023510,2026-06-20T09:51:00.000Z,ARRIVAL,47,WEATHER,VENDOR,false
TNT_002,DLY_TRP_0023511,TRP_0023511,2026-06-21T10:05:00.000Z,ARRIVAL,56,TRAFFIC,OPS,false
TNT_001,DLY_TRP_0023521,TRP_0023521,2026-07-01T14:14:00.000Z,ARRIVAL,29,VEHICLE_ISSUE,OPS,false
TNT_002,DLY_TRP_0023524,TRP_0023524,2026-07-04T06:36:00.000Z,ARRIVAL,16,DRIVER_LATE,GPS,false
TNT_002,DLY_TRP_0023526,TRP_0023526,2026-07-07T00:06:00.000Z,ARRIVAL,57,WEATHER,VENDOR,false
TNT_002,DLY_TRP_0023527,TRP_0023527,2026-07-07T09:49:00.000Z,ARRIVAL,35,WEATHER,OPS,false
TNT_002,DLY_TRP_0023551,TRP_0023551,2026-07-31T09:12:00.000Z,ARRIVAL,26,ROUTE_DEVIATION,VENDOR,false
TNT_002,DLY_TRP_0023555,TRP_0023555,2026-08-04T06:05:00.000Z,ARRIVAL,15,TRAFFIC,GPS,false
TNT_003,DLY_TRP_0023573,TRP_0023573,2026-08-22T07:09:00.000Z,ARRIVAL,57,WEATHER,GPS,false
TNT_001,DLY_TRP_0023574,TRP_0023574,2026-08-23T14:19:00.000Z,ARRIVAL,32,WEATHER,GPS,false
TNT_001,DLY_TRP_0023577,TRP_0023577,2026-08-26T15:09:00.000Z,ARRIVAL,58,TRAFFIC,OPS,false
TNT_003,DLY_TRP_0023580,TRP_0023580,2026-08-29T07:16:00.000Z,ARRIVAL,58,TRAFFIC,VENDOR,false
TNT_001,DLY_TRP_0023586,TRP_0023586,2026-06-06T22:27:00.000Z,ARRIVAL,43,TRAFFIC,VENDOR,false
TNT_001,DLY_TRP_0023587,TRP_0023587,2026-06-07T06:43:00.000Z,ARRIVAL,35,TRAFFIC,GPS,false
TNT_001,DLY_TRP_0023599,TRP_0023599,2026-06-19T06:04:00.000Z,ARRIVAL,29,TRAFFIC,OPS,false
TNT_001,DLY_TRP_0023649,TRP_0023649,2026-08-08T22:14:00.000Z,ARRIVAL,35,ROUTE_DEVIATION,GPS,false
TNT_002,DLY_TRP_0023656,TRP_0023656,2026-08-15T09:06:00.000Z,ARRIVAL,29,ROUTE_DEVIATION,VENDOR,false
TNT_001,DLY_TRP_0023668,TRP_0023668,2026-08-27T22:21:00.000Z,ARRIVAL,26,DRIVER_LATE,GPS,false
TNT_001,DLY_TRP_0023669,TRP_0023669,2026-08-28T10:23:00.000Z,ARRIVAL,45,VEHICLE_ISSUE,GPS,false
TNT_001,DLY_TRP_0023673,TRP_0023673,2026-06-03T07:34:00.000Z,ARRIVAL,41,WEATHER,GPS,false
TNT_001,DLY_TRP_0023676,TRP_0023676,2026-06-06T09:15:00.000Z,ARRIVAL,24,TRAFFIC,GPS,false
TNT_001,DLY_TRP_0023677,TRP_0023677,2026-06-07T14:38:00.000Z,ARRIVAL,55,VEHICLE_ISSUE,GPS,false
TNT_001,DLY_TRP_0023683,TRP_0023683,2026-06-13T22:58:00.000Z,ARRIVAL,25,ROUTE_DEVIATION,VENDOR,false
TNT_001,DLY_TRP_0023692,TRP_0023692,2026-06-22T22:26:00.000Z,ARRIVAL,22,TRAFFIC,OPS,false
TNT_001,DLY_TRP_0023703,TRP_0023703,2026-07-03T09:38:00.000Z,ARRIVAL,30,WEATHER,GPS,false
TNT_001,DLY_TRP_0023706,TRP_0023706,2026-07-06T14:40:00.000Z,ARRIVAL,20,VEHICLE_ISSUE,GPS,false
TNT_002,DLY_TRP_0023736,TRP_0023736,2026-08-05T08:58:00.000Z,ARRIVAL,24,WEATHER,GPS,false
TNT_002,DLY_TRP_0023765,TRP_0023765,2026-06-05T09:05:00.000Z,ARRIVAL,22,DRIVER_LATE,GPS,false
TNT_001,DLY_TRP_0023767,TRP_0023767,2026-06-07T09:48:00.000Z,ARRIVAL,27,TRAFFIC,OPS,false
TNT_002,DLY_TRP_0023775,TRP_0023775,2026-06-15T14:31:00.000Z,ARRIVAL,56,ROUTE_DEVIATION,VENDOR,false
TNT_001,DLY_TRP_0023784,TRP_0023784,2026-06-24T07:34:00.000Z,ARRIVAL,57,DRIVER_LATE,VENDOR,false
TNT_001,DLY_TRP_0023788,TRP_0023788,2026-06-28T09:35:00.000Z,ARRIVAL,28,TRAFFIC,GPS,false
TNT_001,DLY_TRP_0023814,TRP_0023814,2026-07-24T09:52:00.000Z,ARRIVAL,58,VEHICLE_ISSUE,OPS,false
TNT_001,DLY_TRP_0023817,TRP_0023817,2026-07-27T06:10:00.000Z,ARRIVAL,32,TRAFFIC,GPS,false
TNT_001,DLY_TRP_0023840,TRP_0023840,2026-08-19T09:55:00.000Z,ARRIVAL,33,TRAFFIC,GPS,false
TNT_001,DLY_TRP_0023847,TRP_0023847,2026-08-26T23:16:00.000Z,ARRIVAL,50,TRAFFIC,GPS,false
TNT_003,DLY_TRP_0023850,TRP_0023850,2026-08-29T09:40:00.000Z,ARRIVAL,37,WEATHER,VENDOR,false
TNT_002,DLY_TRP_0023851,TRP_0023851,2026-06-01T09:32:00.000Z,ARRIVAL,50,WEATHER,GPS,true
TNT_001,DLY_TRP_0023856,TRP_0023856,2026-06-06T09:39:00.000Z,ARRIVAL,48,TRAFFIC,GPS,false
TNT_001,DLY_TRP_0023863,TRP_0023863,2026-06-13T09:28:00.000Z,ARRIVAL,15,TRAFFIC,VENDOR,false
TNT_002,DLY_TRP_0023864,TRP_0023864,2026-06-14T09:43:00.000Z,ARRIVAL,20,TRAFFIC,VENDOR,false
TNT_003,DLY_TRP_0023874,TRP_0023874,2026-06-24T13:48:00.000Z,ARRIVAL,19,TRAFFIC,VENDOR,false
TNT_001,DLY_TRP_0023879,TRP_0023879,2026-06-29T14:47:00.000Z,ARRIVAL,16,VEHICLE_ISSUE,OPS,false
TNT_001,DLY_TRP_0023891,TRP_0023891,2026-07-11T15:07:00.000Z,ARRIVAL,38,WEATHER,OPS,false
TNT_002,DLY_TRP_0023900,TRP_0023900,2026-07-20T22:19:00.000Z,ARRIVAL,26,DRIVER_LATE,OPS,false
TNT_001,DLY_TRP_0023901,TRP_0023901,2026-07-21T09:49:00.000Z,ARRIVAL,58,DRIVER_LATE,GPS,false
TNT_001,DLY_TRP_0023911,TRP_0023911,2026-07-31T09:00:00.000Z,ARRIVAL,17,WEATHER,GPS,false
TNT_001,DLY_TRP_0023914,TRP_0023914,2026-08-03T14:06:00.000Z,ARRIVAL,28,TRAFFIC,GPS,false
TNT_002,DLY_TRP_0023916,TRP_0023916,2026-08-05T09:56:00.000Z,ARRIVAL,54,DRIVER_LATE,OPS,false
TNT_001,DLY_TRP_0023929,TRP_0023929,2026-08-18T06:35:00.000Z,ARRIVAL,15,TRAFFIC,OPS,true
TNT_003,DLY_TRP_0023946,TRP_0023946,2026-06-06T07:04:00.000Z,ARRIVAL,14,WEATHER,VENDOR,false
TNT_001,DLY_TRP_0023948,TRP_0023948,2026-06-08T06:38:00.000Z,ARRIVAL,45,VEHICLE_ISSUE,GPS,false
TNT_003,DLY_TRP_0023952,TRP_0023952,2026-06-12T08:53:00.000Z,ARRIVAL,15,TRAFFIC,OPS,false
TNT_001,DLY_TRP_0023958,TRP_0023958,2026-06-18T23:07:00.000Z,ARRIVAL,46,DRIVER_LATE,GPS,false
TNT_002,DLY_TRP_0023966,TRP_0023966,2026-06-26T09:33:00.000Z,ARRIVAL,52,TRAFFIC,VENDOR,false
TNT_003,DLY_TRP_0023970,TRP_0023970,2026-06-30T10:10:00.000Z,ARRIVAL,37,DRIVER_LATE,GPS,false
TNT_001,DLY_TRP_0023975,TRP_0023975,2026-07-05T06:20:00.000Z,ARRIVAL,40,TRAFFIC,GPS,false
TNT_002,DLY_TRP_0023999,TRP_0023999,2026-07-29T23:28:00.000Z,ARRIVAL,42,ROUTE_DEVIATION,VENDOR,false
TNT_001,DLY_TRP_0024008,TRP_0024008,2026-08-07T09:25:00.000Z,ARRIVAL,18,VEHICLE_ISSUE,GPS,false
TNT_003,DLY_TRP_0024048,TRP_0024048,2026-06-18T07:15:00.000Z,ARRIVAL,57,DRIVER_LATE,OPS,false
TNT_001,DLY_TRP_0024054,TRP_0024054,2026-06-24T10:05:00.000Z,ARRIVAL,42,TRAFFIC,GPS,false
TNT_001,DLY_TRP_0024061,TRP_0024061,2026-07-01T09:40:00.000Z,ARRIVAL,37,TRAFFIC,GPS,false
TNT_001,DLY_TRP_0024071,TRP_0024071,2026-07-11T22:30:00.000Z,ARRIVAL,24,TRAFFIC,GPS,false
TNT_001,DLY_TRP_0024074,TRP_0024074,2026-07-14T07:03:00.000Z,ARRIVAL,32,WEATHER,VENDOR,false
TNT_001,DLY_TRP_0024092,TRP_0024092,2026-08-01T09:10:00.000Z,ARRIVAL,29,TRAFFIC,GPS,false
TNT_003,DLY_TRP_0024109,TRP_0024109,2026-08-18T09:42:00.000Z,ARRIVAL,43,TRAFFIC,VENDOR,false
TNT_001,DLY_TRP_0024114,TRP_0024114,2026-08-23T22:46:00.000Z,ARRIVAL,30,ROUTE_DEVIATION,OPS,false
TNT_001,DLY_TRP_0024116,TRP_0024116,2026-08-25T07:04:00.000Z,ARRIVAL,52,DRIVER_LATE,GPS,false
TNT_003,DLY_TRP_0024124,TRP_0024124,2026-06-04T06:07:00.000Z,ARRIVAL,16,TRAFFIC,VENDOR,false
TNT_001,DLY_TRP_0024128,TRP_0024128,2026-06-08T07:05:00.000Z,ARRIVAL,32,VEHICLE_ISSUE,VENDOR,false
TNT_001,DLY_TRP_0024141,TRP_0024141,2026-06-21T09:56:00.000Z,ARRIVAL,52,TRAFFIC,OPS,false
TNT_002,DLY_TRP_0024153,TRP_0024153,2026-07-03T14:50:00.000Z,ARRIVAL,47,TRAFFIC,OPS,false
TNT_003,DLY_TRP_0024161,TRP_0024161,2026-07-11T07:27:00.000Z,ARRIVAL,33,WEATHER,VENDOR,false
TNT_001,DLY_TRP_0024171,TRP_0024171,2026-07-21T06:27:00.000Z,ARRIVAL,25,WEATHER,GPS,false
TNT_003,DLY_TRP_0024182,TRP_0024182,2026-08-01T06:54:00.000Z,ARRIVAL,15,DRIVER_LATE,GPS,false
TNT_001,DLY_TRP_0024190,TRP_0024190,2026-08-09T06:47:00.000Z,ARRIVAL,18,TRAFFIC,VENDOR,false
TNT_003,DLY_TRP_0024209,TRP_0024209,2026-08-28T09:52:00.000Z,ARRIVAL,43,TRAFFIC,GPS,false
TNT_001,DLY_TRP_0024223,TRP_0024223,2026-06-13T06:28:00.000Z,ARRIVAL,42,VEHICLE_ISSUE,VENDOR,false
TNT_002,DLY_TRP_0024229,TRP_0024229,2026-06-19T09:55:00.000Z,ARRIVAL,57,WEATHER,GPS,false
TNT_002,DLY_TRP_0024235,TRP_0024235,2026-06-25T09:44:00.000Z,ARRIVAL,51,TRAFFIC,GPS,false
TNT_001,DLY_TRP_0024243,TRP_0024243,2026-07-03T09:58:00.000Z,ARRIVAL,33,DRIVER_LATE,VENDOR,false
TNT_002,DLY_TRP_0024246,TRP_0024246,2026-07-06T22:35:00.000Z,ARRIVAL,50,ROUTE_DEVIATION,OPS,false
TNT_001,DLY_TRP_0024250,TRP_0024250,2026-07-10T08:39:00.000Z,ARRIVAL,15,ROUTE_DEVIATION,GPS,false
TNT_003,DLY_TRP_0024252,TRP_0024252,2026-07-12T07:00:00.000Z,ARRIVAL,46,ROUTE_DEVIATION,GPS,true
TNT_001,DLY_TRP_0024257,TRP_0024257,2026-07-17T14:25:00.000Z,ARRIVAL,41,TRAFFIC,GPS,true
TNT_001,DLY_TRP_0024259,TRP_0024259,2026-07-19T22:40:00.000Z,ARRIVAL,37,WEATHER,OPS,false
TNT_001,DLY_TRP_0024267,TRP_0024267,2026-07-27T14:21:00.000Z,ARRIVAL,39,ROUTE_DEVIATION,GPS,false
TNT_001,DLY_TRP_0024268,TRP_0024268,2026-07-28T14:58:00.000Z,ARRIVAL,25,TRAFFIC,GPS,false
TNT_002,DLY_TRP_0024272,TRP_0024272,2026-08-01T09:15:00.000Z,ARRIVAL,29,TRAFFIC,VENDOR,false
TNT_002,DLY_TRP_0024282,TRP_0024282,2026-08-11T14:02:00.000Z,ARRIVAL,27,DRIVER_LATE,GPS,false
TNT_001,DLY_TRP_0024286,TRP_0024286,2026-08-15T09:21:00.000Z,ARRIVAL,12,TRAFFIC,VENDOR,false
TNT_001,DLY_TRP_0024288,TRP_0024288,2026-08-17T10:00:00.000Z,ARRIVAL,18,WEATHER,GPS,false
TNT_001,DLY_TRP_0024293,TRP_0024293,2026-08-22T07:18:00.000Z,ARRIVAL,51,DRIVER_LATE,GPS,false
TNT_003,DLY_TRP_0024296,TRP_0024296,2026-08-25T09:53:00.000Z,ARRIVAL,34,TRAFFIC,GPS,false
TNT_001,DLY_TRP_0024300,TRP_0024300,2026-08-29T08:53:00.000Z,ARRIVAL,17,VEHICLE_ISSUE,GPS,false
TNT_002,DLY_TRP_0024304,TRP_0024304,2026-06-04T14:46:00.000Z,ARRIVAL,36,WEATHER,VENDOR,false
TNT_002,DLY_TRP_0024321,TRP_0024321,2026-06-21T09:26:00.000Z,ARRIVAL,13,DRIVER_LATE,GPS,false
TNT_003,DLY_TRP_0024329,TRP_0024329,2026-06-29T15:37:00.000Z,ARRIVAL,55,TRAFFIC,OPS,false
TNT_002,DLY_TRP_0024340,TRP_0024340,2026-07-10T09:36:00.000Z,ARRIVAL,53,ROUTE_DEVIATION,GPS,false
TNT_001,DLY_TRP_0024363,TRP_0024363,2026-08-02T10:04:00.000Z,ARRIVAL,33,TRAFFIC,OPS,false
TNT_002,DLY_TRP_0024366,TRP_0024366,2026-08-05T14:20:00.000Z,ARRIVAL,37,TRAFFIC,GPS,false
TNT_003,DLY_TRP_0024375,TRP_0024375,2026-08-14T14:17:00.000Z,ARRIVAL,17,TRAFFIC,GPS,false
TNT_001,DLY_TRP_0024377,TRP_0024377,2026-08-16T14:54:00.000Z,ARRIVAL,31,DRIVER_LATE,VENDOR,false
TNT_003,DLY_TRP_0024381,TRP_0024381,2026-08-20T06:51:00.000Z,ARRIVAL,46,WEATHER,VENDOR,false
TNT_002,DLY_TRP_0024391,TRP_0024391,2026-06-01T09:25:00.000Z,ARRIVAL,21,WEATHER,GPS,false
TNT_003,DLY_TRP_0024407,TRP_0024407,2026-06-17T14:52:00.000Z,ARRIVAL,57,VEHICLE_ISSUE,VENDOR,false
TNT_001,DLY_TRP_0024408,TRP_0024408,2026-06-18T09:50:00.000Z,ARRIVAL,24,TRAFFIC,OPS,false
TNT_001,DLY_TRP_0024416,TRP_0024416,2026-06-26T06:25:00.000Z,ARRIVAL,24,VEHICLE_ISSUE,GPS,false
TNT_001,DLY_TRP_0024419,TRP_0024419,2026-06-29T14:42:00.000Z,ARRIVAL,45,TRAFFIC,GPS,false
TNT_002,DLY_TRP_0024422,TRP_0024422,2026-07-02T09:18:00.000Z,ARRIVAL,56,TRAFFIC,GPS,false
TNT_001,DLY_TRP_0024447,TRP_0024447,2026-07-27T09:29:00.000Z,ARRIVAL,16,ROUTE_DEVIATION,VENDOR,false
TNT_002,DLY_TRP_0024448,TRP_0024448,2026-07-28T09:19:00.000Z,ARRIVAL,24,TRAFFIC,OPS,false
TNT_001,DLY_TRP_0024451,TRP_0024451,2026-07-31T09:47:00.000Z,ARRIVAL,28,WEATHER,VENDOR,false
TNT_001,DLY_TRP_0024455,TRP_0024455,2026-08-04T09:28:00.000Z,ARRIVAL,49,TRAFFIC,VENDOR,false
TNT_001,DLY_TRP_0024469,TRP_0024469,2026-08-18T22:53:00.000Z,ARRIVAL,29,TRAFFIC,GPS,false
TNT_003,DLY_TRP_0024473,TRP_0024473,2026-08-22T09:35:00.000Z,ARRIVAL,25,TRAFFIC,GPS,false
TNT_001,DLY_TRP_0024475,TRP_0024475,2026-08-24T09:39:00.000Z,ARRIVAL,17,WEATHER,GPS,false
TNT_001,DLY_TRP_0024480,TRP_0024480,2026-08-29T22:17:00.000Z,ARRIVAL,35,TRAFFIC,VENDOR,false
TNT_001,DLY_TRP_0024494,TRP_0024494,2026-06-14T05:57:00.000Z,ARRIVAL,14,WEATHER,GPS,false
TNT_001,DLY_TRP_0024500,TRP_0024500,2026-06-20T22:51:00.000Z,ARRIVAL,48,WEATHER,GPS,false
TNT_003,DLY_TRP_0024502,TRP_0024502,2026-06-22T14:26:00.000Z,ARRIVAL,16,WEATHER,OPS,false
TNT_001,DLY_TRP_0024508,TRP_0024508,2026-06-28T06:15:00.000Z,ARRIVAL,23,WEATHER,VENDOR,false
TNT_002,DLY_TRP_0024521,TRP_0024521,2026-07-11T06:42:00.000Z,ARRIVAL,56,TRAFFIC,VENDOR,false
TNT_002,DLY_TRP_0024528,TRP_0024528,2026-07-18T14:21:00.000Z,ARRIVAL,36,ROUTE_DEVIATION,GPS,false
TNT_001,DLY_TRP_0024532,TRP_0024532,2026-07-22T09:56:00.000Z,ARRIVAL,37,ROUTE_DEVIATION,VENDOR,false
TNT_001,DLY_TRP_0024539,TRP_0024539,2026-07-29T09:55:00.000Z,ARRIVAL,52,WEATHER,GPS,false
TNT_001,DLY_TRP_0024540,TRP_0024540,2026-07-30T14:47:00.000Z,ARRIVAL,47,TRAFFIC,OPS,false
TNT_001,DLY_TRP_0024542,TRP_0024542,2026-08-01T22:56:00.000Z,ARRIVAL,24,DRIVER_LATE,VENDOR,false
TNT_003,DLY_TRP_0024543,TRP_0024543,2026-08-02T22:07:00.000Z,ARRIVAL,22,TRAFFIC,GPS,false
TNT_002,DLY_TRP_0024544,TRP_0024544,2026-08-03T06:29:00.000Z,ARRIVAL,57,TRAFFIC,VENDOR,false
TNT_001,DLY_TRP_0024550,TRP_0024550,2026-08-09T07:07:00.000Z,ARRIVAL,42,WEATHER,VENDOR,false
TNT_003,DLY_TRP_0024559,TRP_0024559,2026-08-18T22:43:00.000Z,ARRIVAL,27,DRIVER_LATE,GPS,false
TNT_001,DLY_TRP_0024564,TRP_0024564,2026-08-23T06:03:00.000Z,ARRIVAL,19,TRAFFIC,GPS,false
TNT_001,DLY_TRP_0024571,TRP_0024571,2026-06-01T22:44:00.000Z,ARRIVAL,43,DRIVER_LATE,GPS,false
TNT_001,DLY_TRP_0024592,TRP_0024592,2026-06-22T23:16:00.000Z,ARRIVAL,38,TRAFFIC,GPS,false
TNT_001,DLY_TRP_0024593,TRP_0024593,2026-06-23T09:58:00.000Z,ARRIVAL,38,TRAFFIC,OPS,false
TNT_001,DLY_TRP_0024601,TRP_0024601,2026-07-01T06:55:00.000Z,ARRIVAL,39,DRIVER_LATE,GPS,false
TNT_001,DLY_TRP_0024604,TRP_0024604,2026-07-04T10:17:00.000Z,ARRIVAL,32,TRAFFIC,GPS,false
TNT_003,DLY_TRP_0024634,TRP_0024634,2026-08-03T09:25:00.000Z,ARRIVAL,14,TRAFFIC,OPS,false
TNT_002,DLY_TRP_0024636,TRP_0024636,2026-08-05T14:36:00.000Z,ARRIVAL,52,WEATHER,GPS,false
TNT_001,DLY_TRP_0024640,TRP_0024640,2026-08-09T23:03:00.000Z,ARRIVAL,37,ROUTE_DEVIATION,GPS,false
TNT_003,DLY_TRP_0024642,TRP_0024642,2026-08-11T10:11:00.000Z,ARRIVAL,53,WEATHER,GPS,false
TNT_001,DLY_TRP_0024659,TRP_0024659,2026-08-28T23:02:00.000Z,ARRIVAL,19,TRAFFIC,GPS,false
TNT_003,DLY_TRP_0024677,TRP_0024677,2026-06-17T09:32:00.000Z,ARRIVAL,50,DRIVER_LATE,VENDOR,false
TNT_001,DLY_TRP_0024678,TRP_0024678,2026-06-18T07:09:00.000Z,ARRIVAL,38,TRAFFIC,VENDOR,false
TNT_001,DLY_TRP_0024680,TRP_0024680,2026-06-20T23:01:00.000Z,ARRIVAL,36,DRIVER_LATE,GPS,false
TNT_001,DLY_TRP_0024686,TRP_0024686,2026-06-26T06:49:00.000Z,ARRIVAL,34,WEATHER,GPS,false
TNT_001,DLY_TRP_0024693,TRP_0024693,2026-07-03T10:03:00.000Z,ARRIVAL,45,ROUTE_DEVIATION,OPS,false
TNT_001,DLY_TRP_0024694,TRP_0024694,2026-07-04T14:30:00.000Z,ARRIVAL,44,WEATHER,GPS,false
TNT_001,DLY_TRP_0024696,TRP_0024696,2026-07-06T09:43:00.000Z,ARRIVAL,50,TRAFFIC,GPS,false
TNT_002,DLY_TRP_0024697,TRP_0024697,2026-07-07T06:46:00.000Z,ARRIVAL,55,TRAFFIC,OPS,false
TNT_001,DLY_TRP_0024701,TRP_0024701,2026-07-11T09:44:00.000Z,ARRIVAL,45,TRAFFIC,GPS,false
TNT_001,DLY_TRP_0024710,TRP_0024710,2026-07-20T09:20:00.000Z,ARRIVAL,34,DRIVER_LATE,GPS,false
TNT_002,DLY_TRP_0024716,TRP_0024716,2026-07-26T13:47:00.000Z,ARRIVAL,16,DRIVER_LATE,OPS,false
TNT_001,DLY_TRP_0024720,TRP_0024720,2026-07-30T14:28:00.000Z,ARRIVAL,58,ROUTE_DEVIATION,OPS,false
TNT_001,DLY_TRP_0024745,TRP_0024745,2026-08-24T09:24:00.000Z,ARRIVAL,35,DRIVER_LATE,VENDOR,false
TNT_001,DLY_TRP_0024746,TRP_0024746,2026-08-25T09:26:00.000Z,ARRIVAL,19,WEATHER,GPS,false
TNT_003,DLY_TRP_0024748,TRP_0024748,2026-08-27T22:22:00.000Z,ARRIVAL,22,DRIVER_LATE,VENDOR,false
TNT_001,DLY_TRP_0024749,TRP_0024749,2026-08-28T09:27:00.000Z,ARRIVAL,24,DRIVER_LATE,GPS,false
TNT_001,DLY_TRP_0024754,TRP_0024754,2026-06-04T15:51:00.000Z,ARRIVAL,43,DRIVER_LATE,GPS,false
TNT_001,DLY_TRP_0024759,TRP_0024759,2026-06-09T14:36:00.000Z,ARRIVAL,44,DRIVER_LATE,OPS,false
TNT_003,DLY_TRP_0024764,TRP_0024764,2026-06-14T10:43:00.000Z,ARRIVAL,34,ROUTE_DEVIATION,OPS,false
TNT_001,DLY_TRP_0024770,TRP_0024770,2026-06-20T10:00:00.000Z,ARRIVAL,45,TRAFFIC,OPS,false
TNT_002,DLY_TRP_0024774,TRP_0024774,2026-06-24T14:56:00.000Z,ARRIVAL,45,TRAFFIC,GPS,false
TNT_001,DLY_TRP_0024777,TRP_0024777,2026-06-27T06:41:00.000Z,ARRIVAL,53,TRAFFIC,GPS,false
TNT_003,DLY_TRP_0024805,TRP_0024805,2026-07-25T23:35:00.000Z,ARRIVAL,54,TRAFFIC,GPS,false
TNT_001,DLY_TRP_0024813,TRP_0024813,2026-08-02T09:27:00.000Z,ARRIVAL,16,TRAFFIC,GPS,false
TNT_002,DLY_TRP_0024814,TRP_0024814,2026-08-03T09:36:00.000Z,ARRIVAL,37,TRAFFIC,OPS,false
TNT_001,DLY_TRP_0024822,TRP_0024822,2026-08-11T10:36:00.000Z,ARRIVAL,48,TRAFFIC,GPS,false
TNT_002,DLY_TRP_0024825,TRP_0024825,2026-08-14T23:29:00.000Z,ARRIVAL,50,ROUTE_DEVIATION,GPS,false
TNT_001,DLY_TRP_0024828,TRP_0024828,2026-08-17T10:23:00.000Z,ARRIVAL,53,TRAFFIC,GPS,false
TNT_001,DLY_TRP_0024829,TRP_0024829,2026-08-18T06:50:00.000Z,ARRIVAL,32,DRIVER_LATE,GPS,false
TNT_001,DLY_TRP_0024835,TRP_0024835,2026-08-24T06:19:00.000Z,ARRIVAL,24,TRAFFIC,VENDOR,false
TNT_001,DLY_TRP_0024838,TRP_0024838,2026-08-27T07:00:00.000Z,ARRIVAL,49,ROUTE_DEVIATION,GPS,false
TNT_001,DLY_TRP_0024839,TRP_0024839,2026-08-28T06:45:00.000Z,ARRIVAL,31,ROUTE_DEVIATION,GPS,false
TNT_001,DLY_TRP_0024851,TRP_0024851,2026-06-11T10:18:00.000Z,ARRIVAL,42,VEHICLE_ISSUE,VENDOR,false
TNT_001,DLY_TRP_0024853,TRP_0024853,2026-06-13T13:51:00.000Z,ARRIVAL,11,TRAFFIC,GPS,false
TNT_003,DLY_TRP_0024860,TRP_0024860,2026-06-20T22:34:00.000Z,ARRIVAL,18,ROUTE_DEVIATION,GPS,false
TNT_001,DLY_TRP_0024876,TRP_0024876,2026-07-06T15:21:00.000Z,ARRIVAL,39,VEHICLE_ISSUE,GPS,false
TNT_001,DLY_TRP_0024881,TRP_0024881,2026-07-11T15:15:00.000Z,ARRIVAL,40,WEATHER,GPS,false
TNT_002,DLY_TRP_0024885,TRP_0024885,2026-07-15T06:40:00.000Z,ARRIVAL,16,VEHICLE_ISSUE,OPS,true
TNT_002,DLY_TRP_0024891,TRP_0024891,2026-07-21T09:42:00.000Z,ARRIVAL,41,WEATHER,GPS,false
TNT_001,DLY_TRP_0024897,TRP_0024897,2026-07-27T08:37:00.000Z,ARRIVAL,12,DRIVER_LATE,GPS,false
TNT_001,DLY_TRP_0024910,TRP_0024910,2026-08-09T09:02:00.000Z,ARRIVAL,20,WEATHER,GPS,false
TNT_001,DLY_TRP_0024921,TRP_0024921,2026-08-20T14:37:00.000Z,ARRIVAL,39,ROUTE_DEVIATION,GPS,false
TNT_002,DLY_TRP_0024923,TRP_0024923,2026-08-22T06:17:00.000Z,ARRIVAL,33,ROUTE_DEVIATION,GPS,false
TNT_001,DLY_TRP_0024928,TRP_0024928,2026-08-27T22:34:00.000Z,ARRIVAL,28,VEHICLE_ISSUE,GPS,false
TNT_003,DLY_TRP_0024933,TRP_0024933,2026-06-03T09:07:00.000Z,ARRIVAL,12,TRAFFIC,GPS,false
TNT_001,DLY_TRP_0024936,TRP_0024936,2026-06-06T09:26:00.000Z,ARRIVAL,17,WEATHER,GPS,false
TNT_001,DLY_TRP_0024938,TRP_0024938,2026-06-08T22:48:00.000Z,ARRIVAL,28,WEATHER,VENDOR,false
TNT_002,DLY_TRP_0024940,TRP_0024940,2026-06-10T06:19:00.000Z,ARRIVAL,33,TRAFFIC,GPS,false
TNT_003,DLY_TRP_0024946,TRP_0024946,2026-06-16T10:09:00.000Z,ARRIVAL,42,DRIVER_LATE,GPS,false
TNT_001,DLY_TRP_0024949,TRP_0024949,2026-06-19T09:15:00.000Z,ARRIVAL,40,TRAFFIC,VENDOR,false
TNT_002,DLY_TRP_0024953,TRP_0024953,2026-06-23T09:00:00.000Z,ARRIVAL,15,VEHICLE_ISSUE,VENDOR,false
TNT_001,DLY_TRP_0024956,TRP_0024956,2026-06-26T09:08:00.000Z,ARRIVAL,40,TRAFFIC,GPS,false
TNT_001,DLY_TRP_0024958,TRP_0024958,2026-06-28T14:50:00.000Z,ARRIVAL,52,DRIVER_LATE,GPS,false
TNT_001,DLY_TRP_0024963,TRP_0024963,2026-07-03T09:46:00.000Z,ARRIVAL,47,WEATHER,VENDOR,false
TNT_001,DLY_TRP_0024970,TRP_0024970,2026-07-10T22:50:00.000Z,ARRIVAL,58,WEATHER,GPS,false
TNT_001,DLY_TRP_0024981,TRP_0024981,2026-07-21T10:04:00.000Z,ARRIVAL,48,VEHICLE_ISSUE,GPS,false
TNT_002,DLY_TRP_0024995,TRP_0024995,2026-08-04T10:06:00.000Z,ARRIVAL,13,TRAFFIC,GPS,false
TNT_001,DLY_TRP_0025004,TRP_0025004,2026-08-13T14:15:00.000Z,ARRIVAL,51,WEATHER,GPS,false
TNT_002,DLY_TRP_0025007,TRP_0025007,2026-08-16T14:52:00.000Z,ARRIVAL,34,ROUTE_DEVIATION,GPS,true
TNT_001,DLY_TRP_0025008,TRP_0025008,2026-08-17T14:51:00.000Z,ARRIVAL,14,TRAFFIC,VENDOR,false
TNT_002,DLY_TRP_0025014,TRP_0025014,2026-08-23T06:24:00.000Z,ARRIVAL,24,VEHICLE_ISSUE,GPS,false
TNT_003,DLY_TRP_0025019,TRP_0025019,2026-08-28T06:45:00.000Z,ARRIVAL,57,DRIVER_LATE,GPS,false
TNT_001,DLY_TRP_0025020,TRP_0025020,2026-08-29T09:33:00.000Z,ARRIVAL,24,TRAFFIC,OPS,false
TNT_002,DLY_TRP_0025033,TRP_0025033,2026-06-13T09:46:00.000Z,ARRIVAL,41,ROUTE_DEVIATION,OPS,false
TNT_001,DLY_TRP_0025034,TRP_0025034,2026-06-14T15:15:00.000Z,ARRIVAL,55,WEATHER,OPS,false
TNT_003,DLY_TRP_0025044,TRP_0025044,2026-06-24T06:30:00.000Z,ARRIVAL,38,TRAFFIC,GPS,false
TNT_001,DLY_TRP_0025046,TRP_0025046,2026-06-26T23:18:00.000Z,ARRIVAL,23,WEATHER,VENDOR,false
TNT_001,DLY_TRP_0025050,TRP_0025050,2026-06-30T22:53:00.000Z,ARRIVAL,12,TRAFFIC,GPS,false
TNT_001,DLY_TRP_0025053,TRP_0025053,2026-07-03T06:55:00.000Z,ARRIVAL,45,TRAFFIC,VENDOR,false
TNT_001,DLY_TRP_0025055,TRP_0025055,2026-07-05T22:14:00.000Z,ARRIVAL,26,TRAFFIC,GPS,false
TNT_001,DLY_TRP_0025084,TRP_0025084,2026-08-03T09:30:00.000Z,ARRIVAL,19,VEHICLE_ISSUE,GPS,false
TNT_001,DLY_TRP_0025096,TRP_0025096,2026-08-15T06:50:00.000Z,ARRIVAL,22,DRIVER_LATE,GPS,false
TNT_003,DLY_TRP_0025104,TRP_0025104,2026-08-23T10:22:00.000Z,ARRIVAL,12,VEHICLE_ISSUE,VENDOR,false
TNT_001,DLY_TRP_0025107,TRP_0025107,2026-08-26T22:07:00.000Z,ARRIVAL,20,DRIVER_LATE,GPS,false
TNT_003,DLY_TRP_0025108,TRP_0025108,2026-08-27T23:23:00.000Z,ARRIVAL,55,DRIVER_LATE,GPS,false
TNT_001,DLY_TRP_0025110,TRP_0025110,2026-08-29T05:55:00.000Z,ARRIVAL,18,TRAFFIC,GPS,false
TNT_001,DLY_TRP_0025113,TRP_0025113,2026-06-03T06:29:00.000Z,ARRIVAL,25,WEATHER,VENDOR,true
TNT_001,DLY_TRP_0025114,TRP_0025114,2026-06-04T22:40:00.000Z,ARRIVAL,34,TRAFFIC,GPS,false
TNT_001,DLY_TRP_0025119,TRP_0025119,2026-06-09T14:31:00.000Z,ARRIVAL,15,TRAFFIC,OPS,false
TNT_001,DLY_TRP_0025127,TRP_0025127,2026-06-17T06:28:00.000Z,ARRIVAL,35,DRIVER_LATE,GPS,false
TNT_002,DLY_TRP_0025131,TRP_0025131,2026-06-21T14:21:00.000Z,ARRIVAL,42,TRAFFIC,GPS,false
TNT_001,DLY_TRP_0025136,TRP_0025136,2026-06-26T06:53:00.000Z,ARRIVAL,41,WEATHER,GPS,true
TNT_001,DLY_TRP_0025144,TRP_0025144,2026-07-04T14:46:00.000Z,ARRIVAL,44,WEATHER,GPS,false
TNT_003,DLY_TRP_0025153,TRP_0025153,2026-07-13T10:23:00.000Z,ARRIVAL,57,TRAFFIC,VENDOR,false
TNT_001,DLY_TRP_0025154,TRP_0025154,2026-07-14T10:29:00.000Z,ARRIVAL,47,TRAFFIC,GPS,false
TNT_001,DLY_TRP_0025158,TRP_0025158,2026-07-18T06:21:00.000Z,ARRIVAL,34,ROUTE_DEVIATION,VENDOR,false
TNT_002,DLY_TRP_0025166,TRP_0025166,2026-07-26T22:42:00.000Z,ARRIVAL,31,TRAFFIC,GPS,false
TNT_001,DLY_TRP_0025167,TRP_0025167,2026-07-27T14:33:00.000Z,ARRIVAL,19,TRAFFIC,GPS,false
TNT_001,DLY_TRP_0025174,TRP_0025174,2026-08-03T09:56:00.000Z,ARRIVAL,57,TRAFFIC,GPS,false
TNT_001,DLY_TRP_0025184,TRP_0025184,2026-08-13T22:26:00.000Z,ARRIVAL,33,WEATHER,VENDOR,false
TNT_001,DLY_TRP_0025186,TRP_0025186,2026-08-15T06:49:00.000Z,ARRIVAL,50,DRIVER_LATE,GPS,false
TNT_001,DLY_TRP_0025196,TRP_0025196,2026-08-25T15:22:00.000Z,ARRIVAL,58,TRAFFIC,GPS,false
TNT_001,DLY_TRP_0025199,TRP_0025199,2026-08-28T22:26:00.000Z,ARRIVAL,34,TRAFFIC,GPS,false
TNT_002,DLY_TRP_0025201,TRP_0025201,2026-06-01T15:13:00.000Z,ARRIVAL,38,TRAFFIC,GPS,false
TNT_003,DLY_TRP_0025202,TRP_0025202,2026-06-02T15:11:00.000Z,ARRIVAL,37,ROUTE_DEVIATION,GPS,false
TNT_003,DLY_TRP_0025210,TRP_0025210,2026-06-10T09:14:00.000Z,ARRIVAL,15,DRIVER_LATE,VENDOR,false
TNT_002,DLY_TRP_0025213,TRP_0025213,2026-06-13T14:32:00.000Z,ARRIVAL,34,WEATHER,GPS,false
TNT_001,DLY_TRP_0025216,TRP_0025216,2026-06-16T06:51:00.000Z,ARRIVAL,53,DRIVER_LATE,OPS,false
TNT_001,DLY_TRP_0025219,TRP_0025219,2026-06-19T09:31:00.000Z,ARRIVAL,31,TRAFFIC,GPS,false
TNT_001,DLY_TRP_0025222,TRP_0025222,2026-06-22T10:14:00.000Z,ARRIVAL,45,TRAFFIC,OPS,false
TNT_001,DLY_TRP_0025227,TRP_0025227,2026-06-27T23:16:00.000Z,ARRIVAL,41,ROUTE_DEVIATION,GPS,false
TNT_001,DLY_TRP_0025236,TRP_0025236,2026-07-06T08:55:00.000Z,ARRIVAL,17,DRIVER_LATE,GPS,false
TNT_001,DLY_TRP_0025238,TRP_0025238,2026-07-08T23:46:00.000Z,ARRIVAL,55,DRIVER_LATE,GPS,true
TNT_003,DLY_TRP_0025242,TRP_0025242,2026-07-12T10:12:00.000Z,ARRIVAL,55,VEHICLE_ISSUE,GPS,false
TNT_001,DLY_TRP_0025244,TRP_0025244,2026-07-14T22:40:00.000Z,ARRIVAL,13,TRAFFIC,GPS,false
TNT_001,DLY_TRP_0025261,TRP_0025261,2026-07-31T07:12:00.000Z,ARRIVAL,26,TRAFFIC,GPS,false
TNT_002,DLY_TRP_0025264,TRP_0025264,2026-08-03T07:30:00.000Z,ARRIVAL,38,ROUTE_DEVIATION,OPS,false
TNT_002,DLY_TRP_0025268,TRP_0025268,2026-08-07T22:05:00.000Z,ARRIVAL,41,TRAFFIC,GPS,false
TNT_002,DLY_TRP_0025270,TRP_0025270,2026-08-09T22:09:00.000Z,ARRIVAL,11,VEHICLE_ISSUE,VENDOR,false
TNT_001,DLY_TRP_0025274,TRP_0025274,2026-08-13T09:45:00.000Z,ARRIVAL,26,WEATHER,OPS,false
TNT_003,DLY_TRP_0025277,TRP_0025277,2026-08-16T10:12:00.000Z,ARRIVAL,57,DRIVER_LATE,GPS,false
TNT_001,DLY_TRP_0025285,TRP_0025285,2026-08-24T14:34:00.000Z,ARRIVAL,52,TRAFFIC,VENDOR,false
TNT_001,DLY_TRP_0025288,TRP_0025288,2026-08-27T22:56:00.000Z,ARRIVAL,45,TRAFFIC,GPS,false
TNT_001,DLY_TRP_0025291,TRP_0025291,2026-06-01T22:33:00.000Z,ARRIVAL,58,TRAFFIC,VENDOR,false
TNT_003,DLY_TRP_0025301,TRP_0025301,2026-06-11T14:27:00.000Z,ARRIVAL,24,TRAFFIC,OPS,false
TNT_003,DLY_TRP_0025302,TRP_0025302,2026-06-12T10:01:00.000Z,ARRIVAL,36,TRAFFIC,GPS,false
TNT_001,DLY_TRP_0025306,TRP_0025306,2026-06-16T14:51:00.000Z,ARRIVAL,40,TRAFFIC,OPS,false
TNT_001,DLY_TRP_0025358,TRP_0025358,2026-08-07T09:52:00.000Z,ARRIVAL,34,ROUTE_DEVIATION,GPS,false
TNT_001,DLY_TRP_0025361,TRP_0025361,2026-08-10T06:03:00.000Z,ARRIVAL,25,ROUTE_DEVIATION,OPS,false
TNT_002,DLY_TRP_0025365,TRP_0025365,2026-08-14T14:09:00.000Z,ARRIVAL,30,ROUTE_DEVIATION,VENDOR,false
TNT_003,DLY_TRP_0025369,TRP_0025369,2026-08-18T10:03:00.000Z,ARRIVAL,48,WEATHER,GPS,false
TNT_002,DLY_TRP_0025371,TRP_0025371,2026-08-20T10:09:00.000Z,ARRIVAL,35,DRIVER_LATE,OPS,false
TNT_002,DLY_TRP_0025380,TRP_0025380,2026-08-29T06:28:00.000Z,ARRIVAL,58,TRAFFIC,GPS,false
TNT_003,DLY_TRP_0025382,TRP_0025382,2026-06-02T23:00:00.000Z,ARRIVAL,40,WEATHER,OPS,false
TNT_003,DLY_TRP_0025396,TRP_0025396,2026-06-16T14:15:00.000Z,ARRIVAL,17,ROUTE_DEVIATION,GPS,false
TNT_002,DLY_TRP_0025409,TRP_0025409,2026-06-29T07:07:00.000Z,ARRIVAL,55,WEATHER,VENDOR,false
TNT_001,DLY_TRP_0025414,TRP_0025414,2026-07-04T22:33:00.000Z,ARRIVAL,47,TRAFFIC,GPS,true
TNT_001,DLY_TRP_0025419,TRP_0025419,2026-07-09T06:49:00.000Z,ARRIVAL,40,DRIVER_LATE,GPS,false
TNT_001,DLY_TRP_0025421,TRP_0025421,2026-07-11T14:46:00.000Z,ARRIVAL,48,VEHICLE_ISSUE,GPS,false
TNT_002,DLY_TRP_0025423,TRP_0025423,2026-07-13T22:27:00.000Z,ARRIVAL,27,TRAFFIC,GPS,true
TNT_002,DLY_TRP_0025425,TRP_0025425,2026-07-15T22:48:00.000Z,ARRIVAL,35,TRAFFIC,GPS,false
TNT_001,DLY_TRP_0025433,TRP_0025433,2026-07-23T09:42:00.000Z,ARRIVAL,50,VEHICLE_ISSUE,VENDOR,false
TNT_001,DLY_TRP_0025449,TRP_0025449,2026-08-08T15:10:00.000Z,ARRIVAL,53,ROUTE_DEVIATION,GPS,false
TNT_001,DLY_TRP_0025453,TRP_0025453,2026-08-12T22:19:00.000Z,ARRIVAL,15,WEATHER,GPS,false
TNT_001,DLY_TRP_0025485,TRP_0025485,2026-06-15T05:42:00.000Z,ARRIVAL,12,TRAFFIC,VENDOR,false
TNT_001,DLY_TRP_0025491,TRP_0025491,2026-06-21T23:11:00.000Z,ARRIVAL,53,DRIVER_LATE,GPS,false
TNT_001,DLY_TRP_0025497,TRP_0025497,2026-06-27T06:27:00.000Z,ARRIVAL,24,TRAFFIC,GPS,false
TNT_002,DLY_TRP_0025498,TRP_0025498,2026-06-28T21:47:00.000Z,ARRIVAL,22,WEATHER,GPS,false
TNT_001,DLY_TRP_0025500,TRP_0025500,2026-06-30T14:27:00.000Z,ARRIVAL,11,WEATHER,VENDOR,false
TNT_001,DLY_TRP_0025505,TRP_0025505,2026-07-05T06:11:00.000Z,ARRIVAL,27,ROUTE_DEVIATION,GPS,false
TNT_002,DLY_TRP_0025507,TRP_0025507,2026-07-07T22:15:00.000Z,ARRIVAL,32,ROUTE_DEVIATION,GPS,false
TNT_001,DLY_TRP_0025508,TRP_0025508,2026-07-08T22:05:00.000Z,ARRIVAL,36,TRAFFIC,GPS,true
TNT_001,DLY_TRP_0025514,TRP_0025514,2026-07-14T14:58:00.000Z,ARRIVAL,48,TRAFFIC,GPS,false
TNT_002,DLY_TRP_0025534,TRP_0025534,2026-08-03T14:19:00.000Z,ARRIVAL,21,DRIVER_LATE,GPS,false
TNT_003,DLY_TRP_0025537,TRP_0025537,2026-08-06T15:19:00.000Z,ARRIVAL,48,TRAFFIC,GPS,false
TNT_002,DLY_TRP_0025539,TRP_0025539,2026-08-08T22:04:00.000Z,ARRIVAL,22,DRIVER_LATE,VENDOR,false
TNT_001,DLY_TRP_0025542,TRP_0025542,2026-08-11T05:52:00.000Z,ARRIVAL,21,DRIVER_LATE,GPS,false
TNT_001,DLY_TRP_0025544,TRP_0025544,2026-08-13T10:05:00.000Z,ARRIVAL,44,TRAFFIC,OPS,false
TNT_001,DLY_TRP_0025562,TRP_0025562,2026-06-02T06:20:00.000Z,ARRIVAL,11,TRAFFIC,GPS,false
TNT_001,DLY_TRP_0025564,TRP_0025564,2026-06-04T07:31:00.000Z,ARRIVAL,27,WEATHER,GPS,false
TNT_001,DLY_TRP_0025568,TRP_0025568,2026-06-08T09:14:00.000Z,ARRIVAL,25,ROUTE_DEVIATION,GPS,false
TNT_003,DLY_TRP_0025569,TRP_0025569,2026-06-09T10:30:00.000Z,ARRIVAL,54,ROUTE_DEVIATION,VENDOR,false
TNT_001,DLY_TRP_0025585,TRP_0025585,2026-06-25T22:54:00.000Z,ARRIVAL,20,WEATHER,GPS,false
TNT_001,DLY_TRP_0025586,TRP_0025586,2026-06-26T09:27:00.000Z,ARRIVAL,12,ROUTE_DEVIATION,GPS,false
TNT_001,DLY_TRP_0025595,TRP_0025595,2026-07-05T22:02:00.000Z,ARRIVAL,21,DRIVER_LATE,GPS,false
TNT_002,DLY_TRP_0025604,TRP_0025604,2026-07-14T22:37:00.000Z,ARRIVAL,24,TRAFFIC,GPS,false
TNT_001,DLY_TRP_0025611,TRP_0025611,2026-07-21T09:44:00.000Z,ARRIVAL,14,TRAFFIC,GPS,false
TNT_003,DLY_TRP_0025646,TRP_0025646,2026-08-25T22:37:00.000Z,ARRIVAL,34,TRAFFIC,VENDOR,false
TNT_001,DLY_TRP_0025651,TRP_0025651,2026-06-01T07:23:00.000Z,ARRIVAL,48,WEATHER,OPS,false
TNT_001,DLY_TRP_0025652,TRP_0025652,2026-06-02T14:34:00.000Z,ARRIVAL,47,DRIVER_LATE,GPS,false
TNT_001,DLY_TRP_0025653,TRP_0025653,2026-06-03T09:53:00.000Z,ARRIVAL,28,TRAFFIC,OPS,false
TNT_003,DLY_TRP_0025655,TRP_0025655,2026-06-05T09:18:00.000Z,ARRIVAL,17,DRIVER_LATE,OPS,false
TNT_001,DLY_TRP_0025675,TRP_0025675,2026-06-25T09:26:00.000Z,ARRIVAL,12,TRAFFIC,OPS,false
TNT_001,DLY_TRP_0025677,TRP_0025677,2026-06-27T07:01:00.000Z,ARRIVAL,22,WEATHER,GPS,false
TNT_003,DLY_TRP_0025678,TRP_0025678,2026-06-28T22:54:00.000Z,ARRIVAL,22,VEHICLE_ISSUE,VENDOR,false
TNT_002,DLY_TRP_0025686,TRP_0025686,2026-07-06T06:49:00.000Z,ARRIVAL,49,ROUTE_DEVIATION,GPS,false
TNT_001,DLY_TRP_0025696,TRP_0025696,2026-07-16T06:22:00.000Z,ARRIVAL,46,ROUTE_DEVIATION,VENDOR,false
TNT_003,DLY_TRP_0025708,TRP_0025708,2026-07-28T22:23:00.000Z,ARRIVAL,24,ROUTE_DEVIATION,GPS,false
TNT_002,DLY_TRP_0025711,TRP_0025711,2026-07-31T09:36:00.000Z,ARRIVAL,51,VEHICLE_ISSUE,GPS,false
TNT_001,DLY_TRP_0025712,TRP_0025712,2026-08-01T09:50:00.000Z,ARRIVAL,56,ROUTE_DEVIATION,GPS,false
TNT_001,DLY_TRP_0025730,TRP_0025730,2026-08-19T22:05:00.000Z,ARRIVAL,29,TRAFFIC,VENDOR,false
TNT_003,DLY_TRP_0025735,TRP_0025735,2026-08-24T22:44:00.000Z,ARRIVAL,36,VEHICLE_ISSUE,GPS,false
TNT_001,DLY_TRP_0025737,TRP_0025737,2026-08-26T06:23:00.000Z,ARRIVAL,29,WEATHER,GPS,true
TNT_001,DLY_TRP_0025739,TRP_0025739,2026-08-28T22:57:00.000Z,ARRIVAL,41,ROUTE_DEVIATION,GPS,false
TNT_003,DLY_TRP_0025757,TRP_0025757,2026-06-17T10:10:00.000Z,ARRIVAL,50,WEATHER,GPS,false
TNT_001,DLY_TRP_0025777,TRP_0025777,2026-07-07T14:40:00.000Z,ARRIVAL,30,DRIVER_LATE,VENDOR,false
TNT_001,DLY_TRP_0025786,TRP_0025786,2026-07-16T22:41:00.000Z,ARRIVAL,46,TRAFFIC,VENDOR,false
TNT_002,DLY_TRP_0025789,TRP_0025789,2026-07-19T23:31:00.000Z,ARRIVAL,57,TRAFFIC,GPS,false
TNT_001,DLY_TRP_0025792,TRP_0025792,2026-07-22T13:57:00.000Z,ARRIVAL,32,DRIVER_LATE,GPS,false
TNT_002,DLY_TRP_0025802,TRP_0025802,2026-08-01T08:58:00.000Z,ARRIVAL,16,WEATHER,GPS,false
TNT_001,DLY_TRP_0025811,TRP_0025811,2026-08-10T06:40:00.000Z,ARRIVAL,22,TRAFFIC,VENDOR,false
TNT_002,DLY_TRP_0025831,TRP_0025831,2026-06-01T14:35:00.000Z,ARRIVAL,56,ROUTE_DEVIATION,VENDOR,false
TNT_001,DLY_TRP_0025833,TRP_0025833,2026-06-03T14:51:00.000Z,ARRIVAL,31,WEATHER,VENDOR,false
TNT_002,DLY_TRP_0025836,TRP_0025836,2026-06-06T21:54:00.000Z,ARRIVAL,20,TRAFFIC,VENDOR,false
TNT_002,DLY_TRP_0025844,TRP_0025844,2026-06-14T23:18:00.000Z,ARRIVAL,50,VEHICLE_ISSUE,VENDOR,false
TNT_002,DLY_TRP_0025846,TRP_0025846,2026-06-16T22:00:00.000Z,ARRIVAL,32,WEATHER,GPS,false
TNT_002,DLY_TRP_0025847,TRP_0025847,2026-06-17T06:38:00.000Z,ARRIVAL,18,TRAFFIC,GPS,false
TNT_002,DLY_TRP_0025856,TRP_0025856,2026-06-26T09:05:00.000Z,ARRIVAL,12,TRAFFIC,GPS,false
TNT_002,DLY_TRP_0025881,TRP_0025881,2026-07-21T06:26:00.000Z,ARRIVAL,54,WEATHER,GPS,false
TNT_003,DLY_TRP_0025887,TRP_0025887,2026-07-27T15:07:00.000Z,ARRIVAL,41,TRAFFIC,GPS,false
TNT_001,DLY_TRP_0025898,TRP_0025898,2026-08-07T06:18:00.000Z,ARRIVAL,32,TRAFFIC,GPS,false
TNT_001,DLY_TRP_0025899,TRP_0025899,2026-08-08T09:55:00.000Z,ARRIVAL,57,ROUTE_DEVIATION,GPS,false
TNT_001,DLY_TRP_0025906,TRP_0025906,2026-08-15T09:37:00.000Z,ARRIVAL,43,DRIVER_LATE,GPS,false
TNT_001,DLY_TRP_0025929,TRP_0025929,2026-06-09T22:09:00.000Z,ARRIVAL,45,WEATHER,VENDOR,false
TNT_001,DLY_TRP_0025930,TRP_0025930,2026-06-10T22:18:00.000Z,ARRIVAL,34,VEHICLE_ISSUE,GPS,false
TNT_001,DLY_TRP_0025933,TRP_0025933,2026-06-13T23:32:00.000Z,ARRIVAL,50,DRIVER_LATE,GPS,false
TNT_001,DLY_TRP_0025935,TRP_0025935,2026-06-15T09:39:00.000Z,ARRIVAL,23,DRIVER_LATE,OPS,false
TNT_001,DLY_TRP_0025941,TRP_0025941,2026-06-21T10:05:00.000Z,ARRIVAL,47,VEHICLE_ISSUE,VENDOR,false
TNT_002,DLY_TRP_0025955,TRP_0025955,2026-07-05T09:09:00.000Z,ARRIVAL,36,TRAFFIC,GPS,false
TNT_001,DLY_TRP_0025956,TRP_0025956,2026-07-06T10:07:00.000Z,ARRIVAL,39,WEATHER,GPS,false
TNT_001,DLY_TRP_0025959,TRP_0025959,2026-07-09T09:26:00.000Z,ARRIVAL,34,ROUTE_DEVIATION,OPS,false
TNT_002,DLY_TRP_0025961,TRP_0025961,2026-07-11T09:41:00.000Z,ARRIVAL,51,TRAFFIC,GPS,false
TNT_001,DLY_TRP_0025985,TRP_0025985,2026-08-04T06:33:00.000Z,ARRIVAL,28,VEHICLE_ISSUE,VENDOR,false
TNT_001,DLY_TRP_0025993,TRP_0025993,2026-08-12T10:36:00.000Z,ARRIVAL,58,ROUTE_DEVIATION,GPS,false
TNT_001,DLY_TRP_0025994,TRP_0025994,2026-08-13T09:59:00.000Z,ARRIVAL,31,DRIVER_LATE,GPS,false
TNT_001,DLY_TRP_0026007,TRP_0026007,2026-08-26T23:03:00.000Z,ARRIVAL,54,VEHICLE_ISSUE,OPS,true
TNT_002,DLY_TRP_0026020,TRP_0026020,2026-06-10T09:09:00.000Z,ARRIVAL,34,DRIVER_LATE,OPS,false
TNT_002,DLY_TRP_0026025,TRP_0026025,2026-06-15T22:14:00.000Z,ARRIVAL,36,TRAFFIC,GPS,false
TNT_001,DLY_TRP_0026039,TRP_0026039,2026-06-29T10:19:00.000Z,ARRIVAL,57,VEHICLE_ISSUE,VENDOR,false
TNT_001,DLY_TRP_0026051,TRP_0026051,2026-07-11T10:13:00.000Z,ARRIVAL,47,WEATHER,GPS,false
TNT_003,DLY_TRP_0026052,TRP_0026052,2026-07-12T15:17:00.000Z,ARRIVAL,58,ROUTE_DEVIATION,GPS,false
TNT_003,DLY_TRP_0026057,TRP_0026057,2026-07-17T10:07:00.000Z,ARRIVAL,36,DRIVER_LATE,VENDOR,false
TNT_003,DLY_TRP_0026059,TRP_0026059,2026-07-19T09:45:00.000Z,ARRIVAL,52,DRIVER_LATE,OPS,false
TNT_001,DLY_TRP_0026062,TRP_0026062,2026-07-22T06:42:00.000Z,ARRIVAL,58,DRIVER_LATE,GPS,false
TNT_001,DLY_TRP_0026076,TRP_0026076,2026-08-05T06:46:00.000Z,ARRIVAL,49,WEATHER,VENDOR,false
TNT_001,DLY_TRP_0026084,TRP_0026084,2026-08-13T14:15:00.000Z,ARRIVAL,44,TRAFFIC,GPS,false
TNT_003,DLY_TRP_0026085,TRP_0026085,2026-08-14T09:37:00.000Z,ARRIVAL,24,WEATHER,GPS,false
TNT_001,DLY_TRP_0026106,TRP_0026106,2026-06-06T06:31:00.000Z,ARRIVAL,24,TRAFFIC,GPS,false
TNT_002,DLY_TRP_0026111,TRP_0026111,2026-06-11T14:16:00.000Z,ARRIVAL,33,WEATHER,OPS,false
TNT_003,DLY_TRP_0026117,TRP_0026117,2026-06-17T06:18:00.000Z,ARRIVAL,53,DRIVER_LATE,GPS,false
TNT_001,DLY_TRP_0026125,TRP_0026125,2026-06-25T09:34:00.000Z,ARRIVAL,48,ROUTE_DEVIATION,VENDOR,false
TNT_003,DLY_TRP_0026130,TRP_0026130,2026-06-30T14:14:00.000Z,ARRIVAL,15,WEATHER,GPS,false
TNT_003,DLY_TRP_0026145,TRP_0026145,2026-07-15T09:17:00.000Z,ARRIVAL,21,WEATHER,OPS,false
TNT_001,DLY_TRP_0026150,TRP_0026150,2026-07-20T14:56:00.000Z,ARRIVAL,16,WEATHER,OPS,false
TNT_001,DLY_TRP_0026158,TRP_0026158,2026-07-28T06:29:00.000Z,ARRIVAL,13,TRAFFIC,GPS,false
TNT_002,DLY_TRP_0026168,TRP_0026168,2026-08-07T23:32:00.000Z,ARRIVAL,33,TRAFFIC,GPS,false
TNT_001,DLY_TRP_0026183,TRP_0026183,2026-08-22T22:32:00.000Z,ARRIVAL,28,TRAFFIC,OPS,false
TNT_001,DLY_TRP_0026189,TRP_0026189,2026-08-28T10:08:00.000Z,ARRIVAL,12,TRAFFIC,VENDOR,false
TNT_001,DLY_TRP_0026192,TRP_0026192,2026-06-02T14:51:00.000Z,ARRIVAL,26,WEATHER,VENDOR,false
TNT_003,DLY_TRP_0026194,TRP_0026194,2026-06-04T14:38:00.000Z,ARRIVAL,30,WEATHER,GPS,false
TNT_002,DLY_TRP_0026195,TRP_0026195,2026-06-05T09:07:00.000Z,ARRIVAL,28,TRAFFIC,OPS,false
TNT_003,DLY_TRP_0026199,TRP_0026199,2026-06-09T09:59:00.000Z,ARRIVAL,35,WEATHER,GPS,false
TNT_001,DLY_TRP_0026203,TRP_0026203,2026-06-13T06:40:00.000Z,ARRIVAL,19,TRAFFIC,GPS,false
TNT_002,DLY_TRP_0026212,TRP_0026212,2026-06-22T14:45:00.000Z,ARRIVAL,27,DRIVER_LATE,VENDOR,false
TNT_001,DLY_TRP_0026216,TRP_0026216,2026-06-26T09:49:00.000Z,ARRIVAL,48,TRAFFIC,GPS,false
TNT_001,DLY_TRP_0026219,TRP_0026219,2026-06-29T06:35:00.000Z,ARRIVAL,19,DRIVER_LATE,OPS,false
TNT_001,DLY_TRP_0026242,TRP_0026242,2026-07-22T23:22:00.000Z,ARRIVAL,54,DRIVER_LATE,VENDOR,false
TNT_003,DLY_TRP_0026254,TRP_0026254,2026-08-03T22:38:00.000Z,ARRIVAL,43,DRIVER_LATE,OPS,false
TNT_001,DLY_TRP_0026263,TRP_0026263,2026-08-12T23:05:00.000Z,ARRIVAL,51,WEATHER,VENDOR,false
TNT_001,DLY_TRP_0026272,TRP_0026272,2026-08-21T15:14:00.000Z,ARRIVAL,42,ROUTE_DEVIATION,GPS,false
TNT_001,DLY_TRP_0026275,TRP_0026275,2026-08-24T09:41:00.000Z,ARRIVAL,26,TRAFFIC,GPS,false
TNT_003,DLY_TRP_0026276,TRP_0026276,2026-08-25T10:18:00.000Z,ARRIVAL,57,ROUTE_DEVIATION,GPS,false
TNT_001,DLY_TRP_0026285,TRP_0026285,2026-06-05T09:58:00.000Z,ARRIVAL,57,TRAFFIC,GPS,false
TNT_001,DLY_TRP_0026287,TRP_0026287,2026-06-07T22:58:00.000Z,ARRIVAL,56,TRAFFIC,VENDOR,false
TNT_001,DLY_TRP_0026289,TRP_0026289,2026-06-09T09:29:00.000Z,ARRIVAL,25,VEHICLE_ISSUE,VENDOR,false
TNT_001,DLY_TRP_0026296,TRP_0026296,2026-06-16T15:07:00.000Z,ARRIVAL,43,WEATHER,GPS,false
TNT_001,DLY_TRP_0026303,TRP_0026303,2026-06-23T09:46:00.000Z,ARRIVAL,40,TRAFFIC,VENDOR,false
TNT_001,DLY_TRP_0026304,TRP_0026304,2026-06-24T22:25:00.000Z,ARRIVAL,21,ROUTE_DEVIATION,GPS,false
TNT_001,DLY_TRP_0026309,TRP_0026309,2026-06-29T14:50:00.000Z,ARRIVAL,49,TRAFFIC,VENDOR,false
TNT_001,DLY_TRP_0026319,TRP_0026319,2026-07-09T06:03:00.000Z,ARRIVAL,19,TRAFFIC,VENDOR,false
TNT_001,DLY_TRP_0026320,TRP_0026320,2026-07-10T14:52:00.000Z,ARRIVAL,57,DRIVER_LATE,GPS,false
TNT_001,DLY_TRP_0026328,TRP_0026328,2026-07-18T09:33:00.000Z,ARRIVAL,19,WEATHER,GPS,false
TNT_001,DLY_TRP_0026331,TRP_0026331,2026-07-21T22:20:00.000Z,ARRIVAL,33,TRAFFIC,GPS,false
TNT_002,DLY_TRP_0026332,TRP_0026332,2026-07-22T09:29:00.000Z,ARRIVAL,36,VEHICLE_ISSUE,OPS,false
TNT_003,DLY_TRP_0026336,TRP_0026336,2026-07-26T06:27:00.000Z,ARRIVAL,41,TRAFFIC,VENDOR,false
TNT_002,DLY_TRP_0026340,TRP_0026340,2026-07-30T06:40:00.000Z,ARRIVAL,20,VEHICLE_ISSUE,GPS,false
TNT_001,DLY_TRP_0026357,TRP_0026357,2026-08-16T21:58:00.000Z,ARRIVAL,15,WEATHER,GPS,false
TNT_003,DLY_TRP_0026359,TRP_0026359,2026-08-18T10:16:00.000Z,ARRIVAL,55,WEATHER,OPS,false
TNT_001,DLY_TRP_0026363,TRP_0026363,2026-08-22T14:34:00.000Z,ARRIVAL,55,VEHICLE_ISSUE,GPS,false
TNT_002,DLY_TRP_0026365,TRP_0026365,2026-08-24T06:30:00.000Z,ARRIVAL,27,WEATHER,GPS,false
TNT_001,DLY_TRP_0026369,TRP_0026369,2026-08-28T22:08:00.000Z,ARRIVAL,23,DRIVER_LATE,OPS,false
TNT_002,DLY_TRP_0026372,TRP_0026372,2026-06-02T22:31:00.000Z,ARRIVAL,56,WEATHER,VENDOR,false
TNT_001,DLY_TRP_0026374,TRP_0026374,2026-06-04T10:09:00.000Z,ARRIVAL,36,TRAFFIC,VENDOR,false
TNT_002,DLY_TRP_0026383,TRP_0026383,2026-06-13T14:32:00.000Z,ARRIVAL,17,WEATHER,GPS,false
TNT_001,DLY_TRP_0026394,TRP_0026394,2026-06-24T22:26:00.000Z,ARRIVAL,44,TRAFFIC,VENDOR,false
TNT_001,DLY_TRP_0026417,TRP_0026417,2026-07-17T10:21:00.000Z,ARRIVAL,48,DRIVER_LATE,GPS,false
TNT_002,DLY_TRP_0026419,TRP_0026419,2026-07-19T09:38:00.000Z,ARRIVAL,15,TRAFFIC,GPS,false
TNT_003,DLY_TRP_0026421,TRP_0026421,2026-07-21T09:19:00.000Z,ARRIVAL,40,ROUTE_DEVIATION,VENDOR,false
TNT_001,DLY_TRP_0026433,TRP_0026433,2026-08-02T09:41:00.000Z,ARRIVAL,24,DRIVER_LATE,GPS,false
TNT_003,DLY_TRP_0026443,TRP_0026443,2026-08-12T10:20:00.000Z,ARRIVAL,24,TRAFFIC,GPS,false
TNT_001,DLY_TRP_0026445,TRP_0026445,2026-08-14T14:58:00.000Z,ARRIVAL,35,ROUTE_DEVIATION,OPS,false
TNT_001,DLY_TRP_0026448,TRP_0026448,2026-08-17T10:25:00.000Z,ARRIVAL,46,WEATHER,VENDOR,false
TNT_001,DLY_TRP_0026449,TRP_0026449,2026-08-18T09:46:00.000Z,ARRIVAL,32,VEHICLE_ISSUE,VENDOR,false
TNT_001,DLY_TRP_0026457,TRP_0026457,2026-08-26T22:53:00.000Z,ARRIVAL,53,DRIVER_LATE,OPS,false
TNT_003,DLY_TRP_0026460,TRP_0026460,2026-08-29T06:45:00.000Z,ARRIVAL,22,TRAFFIC,GPS,false
TNT_001,DLY_TRP_0026463,TRP_0026463,2026-06-03T14:30:00.000Z,ARRIVAL,37,VEHICLE_ISSUE,OPS,false
TNT_001,DLY_TRP_0026464,TRP_0026464,2026-06-04T22:58:00.000Z,ARRIVAL,51,TRAFFIC,VENDOR,false
TNT_001,DLY_TRP_0026471,TRP_0026471,2026-06-11T06:16:00.000Z,ARRIVAL,17,TRAFFIC,VENDOR,false
TNT_002,DLY_TRP_0026478,TRP_0026478,2026-06-18T22:50:00.000Z,ARRIVAL,50,TRAFFIC,GPS,false
TNT_001,DLY_TRP_0026490,TRP_0026490,2026-06-30T07:12:00.000Z,ARRIVAL,54,WEATHER,GPS,false
TNT_001,DLY_TRP_0026492,TRP_0026492,2026-07-02T06:37:00.000Z,ARRIVAL,14,TRAFFIC,GPS,false
TNT_001,DLY_TRP_0026496,TRP_0026496,2026-07-06T09:44:00.000Z,ARRIVAL,40,DRIVER_LATE,GPS,false
TNT_001,DLY_TRP_0026497,TRP_0026497,2026-07-07T06:55:00.000Z,ARRIVAL,54,TRAFFIC,GPS,false
TNT_001,DLY_TRP_0026500,TRP_0026500,2026-07-10T10:19:00.000Z,ARRIVAL,27,DRIVER_LATE,GPS,false
TNT_001,DLY_TRP_0026505,TRP_0026505,2026-07-15T09:18:00.000Z,ARRIVAL,23,TRAFFIC,GPS,false
TNT_003,DLY_TRP_0026514,TRP_0026514,2026-07-24T14:36:00.000Z,ARRIVAL,54,TRAFFIC,GPS,false
TNT_002,DLY_TRP_0026520,TRP_0026520,2026-07-30T10:15:00.000Z,ARRIVAL,48,DRIVER_LATE,GPS,false
TNT_001,DLY_TRP_0026532,TRP_0026532,2026-08-11T06:38:00.000Z,ARRIVAL,20,ROUTE_DEVIATION,GPS,false
TNT_001,DLY_TRP_0026535,TRP_0026535,2026-08-14T14:21:00.000Z,ARRIVAL,14,ROUTE_DEVIATION,GPS,false
TNT_002,DLY_TRP_0026538,TRP_0026538,2026-08-17T09:11:00.000Z,ARRIVAL,18,ROUTE_DEVIATION,OPS,false
TNT_001,DLY_TRP_0026541,TRP_0026541,2026-08-20T23:04:00.000Z,ARRIVAL,25,TRAFFIC,VENDOR,false
TNT_002,DLY_TRP_0026547,TRP_0026547,2026-08-26T09:15:00.000Z,ARRIVAL,26,TRAFFIC,GPS,false
TNT_001,DLY_TRP_0026548,TRP_0026548,2026-08-27T06:41:00.000Z,ARRIVAL,35,TRAFFIC,OPS,false
TNT_001,DLY_TRP_0026552,TRP_0026552,2026-06-02T10:05:00.000Z,ARRIVAL,32,TRAFFIC,GPS,false
TNT_002,DLY_TRP_0026558,TRP_0026558,2026-06-08T09:33:00.000Z,ARRIVAL,39,DRIVER_LATE,GPS,false
TNT_001,DLY_TRP_0026562,TRP_0026562,2026-06-12T09:23:00.000Z,ARRIVAL,25,VEHICLE_ISSUE,OPS,false
TNT_002,DLY_TRP_0026563,TRP_0026563,2026-06-13T22:11:00.000Z,ARRIVAL,21,TRAFFIC,OPS,false
TNT_001,DLY_TRP_0026565,TRP_0026565,2026-06-15T06:54:00.000Z,ARRIVAL,53,WEATHER,GPS,false
TNT_001,DLY_TRP_0026569,TRP_0026569,2026-06-19T22:04:00.000Z,ARRIVAL,25,TRAFFIC,GPS,false
TNT_002,DLY_TRP_0026598,TRP_0026598,2026-07-18T09:35:00.000Z,ARRIVAL,33,WEATHER,GPS,false
TNT_001,DLY_TRP_0026607,TRP_0026607,2026-07-27T22:47:00.000Z,ARRIVAL,40,WEATHER,GPS,false
TNT_001,DLY_TRP_0026611,TRP_0026611,2026-07-31T10:30:00.000Z,ARRIVAL,17,TRAFFIC,GPS,false
TNT_003,DLY_TRP_0026613,TRP_0026613,2026-08-02T06:38:00.000Z,ARRIVAL,32,TRAFFIC,GPS,false
TNT_001,DLY_TRP_0026614,TRP_0026614,2026-08-03T06:52:00.000Z,ARRIVAL,27,DRIVER_LATE,OPS,false
TNT_001,DLY_TRP_0026617,TRP_0026617,2026-08-06T06:37:00.000Z,ARRIVAL,13,TRAFFIC,OPS,false
TNT_003,DLY_TRP_0026636,TRP_0026636,2026-08-25T06:37:00.000Z,ARRIVAL,50,TRAFFIC,OPS,false
TNT_001,DLY_TRP_0026640,TRP_0026640,2026-08-29T06:33:00.000Z,ARRIVAL,35,TRAFFIC,GPS,false
TNT_001,DLY_TRP_0026647,TRP_0026647,2026-06-07T06:00:00.000Z,ARRIVAL,19,TRAFFIC,GPS,false
TNT_001,DLY_TRP_0026649,TRP_0026649,2026-06-09T14:53:00.000Z,ARRIVAL,42,ROUTE_DEVIATION,GPS,false
TNT_001,DLY_TRP_0026655,TRP_0026655,2026-06-15T22:00:00.000Z,ARRIVAL,24,TRAFFIC,GPS,false
TNT_001,DLY_TRP_0026657,TRP_0026657,2026-06-17T14:59:00.000Z,ARRIVAL,47,TRAFFIC,GPS,false
TNT_002,DLY_TRP_0026660,TRP_0026660,2026-06-20T22:24:00.000Z,ARRIVAL,25,TRAFFIC,OPS,false
TNT_002,DLY_TRP_0026664,TRP_0026664,2026-06-24T09:55:00.000Z,ARRIVAL,27,DRIVER_LATE,GPS,false
TNT_001,DLY_TRP_0026665,TRP_0026665,2026-06-25T22:39:00.000Z,ARRIVAL,43,ROUTE_DEVIATION,GPS,false
TNT_001,DLY_TRP_0026679,TRP_0026679,2026-07-09T06:27:00.000Z,ARRIVAL,30,TRAFFIC,GPS,false
TNT_001,DLY_TRP_0026695,TRP_0026695,2026-07-25T23:23:00.000Z,ARRIVAL,38,ROUTE_DEVIATION,GPS,false
TNT_003,DLY_TRP_0026709,TRP_0026709,2026-08-08T07:04:00.000Z,ARRIVAL,48,VEHICLE_ISSUE,GPS,false
TNT_001,DLY_TRP_0026712,TRP_0026712,2026-08-11T15:14:00.000Z,ARRIVAL,40,ROUTE_DEVIATION,VENDOR,false
TNT_002,DLY_TRP_0026715,TRP_0026715,2026-08-14T09:36:00.000Z,ARRIVAL,47,WEATHER,GPS,false
TNT_003,DLY_TRP_0026716,TRP_0026716,2026-08-15T09:38:00.000Z,ARRIVAL,39,WEATHER,GPS,false
TNT_001,DLY_TRP_0026722,TRP_0026722,2026-08-21T22:39:00.000Z,ARRIVAL,29,TRAFFIC,VENDOR,false
TNT_002,DLY_TRP_0026728,TRP_0026728,2026-08-27T09:43:00.000Z,ARRIVAL,39,DRIVER_LATE,GPS,false
TNT_001,DLY_TRP_0026731,TRP_0026731,2026-06-01T14:38:00.000Z,ARRIVAL,31,WEATHER,GPS,false
TNT_001,DLY_TRP_0026737,TRP_0026737,2026-06-07T14:47:00.000Z,ARRIVAL,40,DRIVER_LATE,VENDOR,false
TNT_002,DLY_TRP_0026748,TRP_0026748,2026-06-18T22:26:00.000Z,ARRIVAL,32,DRIVER_LATE,VENDOR,false
TNT_002,DLY_TRP_0026768,TRP_0026768,2026-07-08T07:12:00.000Z,ARRIVAL,56,ROUTE_DEVIATION,OPS,false
TNT_001,DLY_TRP_0026774,TRP_0026774,2026-07-14T22:52:00.000Z,ARRIVAL,26,DRIVER_LATE,OPS,false
TNT_001,DLY_TRP_0026780,TRP_0026780,2026-07-20T06:36:00.000Z,ARRIVAL,34,TRAFFIC,VENDOR,false
TNT_001,DLY_TRP_0026786,TRP_0026786,2026-07-26T09:53:00.000Z,ARRIVAL,33,TRAFFIC,GPS,false
TNT_001,DLY_TRP_0026791,TRP_0026791,2026-07-31T09:54:00.000Z,ARRIVAL,24,VEHICLE_ISSUE,VENDOR,false
TNT_001,DLY_TRP_0026815,TRP_0026815,2026-08-24T09:43:00.000Z,ARRIVAL,33,VEHICLE_ISSUE,VENDOR,false
TNT_001,DLY_TRP_0026821,TRP_0026821,2026-06-01T23:22:00.000Z,ARRIVAL,47,DRIVER_LATE,VENDOR,false
TNT_001,DLY_TRP_0026831,TRP_0026831,2026-06-11T15:26:00.000Z,ARRIVAL,50,DRIVER_LATE,GPS,false
TNT_003,DLY_TRP_0026833,TRP_0026833,2026-06-13T22:49:00.000Z,ARRIVAL,46,TRAFFIC,VENDOR,false
TNT_003,DLY_TRP_0026842,TRP_0026842,2026-06-22T22:23:00.000Z,ARRIVAL,12,ROUTE_DEVIATION,GPS,false
TNT_002,DLY_TRP_0026851,TRP_0026851,2026-07-01T06:39:00.000Z,ARRIVAL,45,TRAFFIC,GPS,false
TNT_001,DLY_TRP_0026853,TRP_0026853,2026-07-03T14:37:00.000Z,ARRIVAL,48,WEATHER,GPS,false
TNT_001,DLY_TRP_0026856,TRP_0026856,2026-07-06T23:05:00.000Z,ARRIVAL,28,DRIVER_LATE,OPS,false
TNT_001,DLY_TRP_0026868,TRP_0026868,2026-07-18T23:04:00.000Z,ARRIVAL,54,TRAFFIC,VENDOR,false
TNT_002,DLY_TRP_0026874,TRP_0026874,2026-07-24T06:34:00.000Z,ARRIVAL,53,DRIVER_LATE,GPS,false
TNT_001,DLY_TRP_0026886,TRP_0026886,2026-08-05T10:09:00.000Z,ARRIVAL,30,TRAFFIC,GPS,false
TNT_001,DLY_TRP_0026892,TRP_0026892,2026-08-11T22:38:00.000Z,ARRIVAL,36,TRAFFIC,GPS,false
TNT_001,DLY_TRP_0026893,TRP_0026893,2026-08-12T09:41:00.000Z,ARRIVAL,46,VEHICLE_ISSUE,VENDOR,false
TNT_003,DLY_TRP_0026897,TRP_0026897,2026-08-16T22:39:00.000Z,ARRIVAL,28,ROUTE_DEVIATION,GPS,false
TNT_001,DLY_TRP_0026901,TRP_0026901,2026-08-20T22:49:00.000Z,ARRIVAL,20,ROUTE_DEVIATION,GPS,false
TNT_001,DLY_TRP_0026914,TRP_0026914,2026-06-04T09:12:00.000Z,ARRIVAL,12,ROUTE_DEVIATION,VENDOR,false
TNT_001,DLY_TRP_0026920,TRP_0026920,2026-06-10T09:26:00.000Z,ARRIVAL,23,TRAFFIC,OPS,false
TNT_002,DLY_TRP_0026929,TRP_0026929,2026-06-19T06:43:00.000Z,ARRIVAL,20,DRIVER_LATE,GPS,false
TNT_001,DLY_TRP_0026942,TRP_0026942,2026-07-02T09:57:00.000Z,ARRIVAL,27,TRAFFIC,GPS,false
TNT_002,DLY_TRP_0026947,TRP_0026947,2026-07-07T09:13:00.000Z,ARRIVAL,33,TRAFFIC,GPS,false
TNT_001,DLY_TRP_0026955,TRP_0026955,2026-07-15T15:07:00.000Z,ARRIVAL,57,ROUTE_DEVIATION,GPS,false
TNT_001,DLY_TRP_0026968,TRP_0026968,2026-07-28T14:18:00.000Z,ARRIVAL,38,WEATHER,GPS,false
TNT_003,DLY_TRP_0026971,TRP_0026971,2026-07-31T22:13:00.000Z,ARRIVAL,48,ROUTE_DEVIATION,VENDOR,false
TNT_001,DLY_TRP_0026974,TRP_0026974,2026-08-03T23:07:00.000Z,ARRIVAL,55,VEHICLE_ISSUE,GPS,false
TNT_001,DLY_TRP_0026975,TRP_0026975,2026-08-04T10:11:00.000Z,ARRIVAL,20,TRAFFIC,GPS,false
TNT_001,DLY_TRP_0026977,TRP_0026977,2026-08-06T10:04:00.000Z,ARRIVAL,40,TRAFFIC,GPS,false
TNT_002,DLY_TRP_0026981,TRP_0026981,2026-08-10T14:18:00.000Z,ARRIVAL,14,WEATHER,GPS,false
TNT_002,DLY_TRP_0026991,TRP_0026991,2026-08-20T06:52:00.000Z,ARRIVAL,46,TRAFFIC,VENDOR,false
TNT_002,DLY_TRP_0027001,TRP_0027001,2026-06-01T22:22:00.000Z,ARRIVAL,16,TRAFFIC,GPS,false
TNT_001,DLY_TRP_0027020,TRP_0027020,2026-06-20T06:13:00.000Z,ARRIVAL,28,DRIVER_LATE,GPS,false
TNT_001,DLY_TRP_0027029,TRP_0027029,2026-06-29T06:48:00.000Z,ARRIVAL,58,DRIVER_LATE,GPS,false
TNT_002,DLY_TRP_0027040,TRP_0027040,2026-07-10T06:17:00.000Z,ARRIVAL,33,TRAFFIC,VENDOR,false
TNT_002,DLY_TRP_0027044,TRP_0027044,2026-07-14T07:00:00.000Z,ARRIVAL,42,ROUTE_DEVIATION,VENDOR,false
TNT_002,DLY_TRP_0027047,TRP_0027047,2026-07-17T09:08:00.000Z,ARRIVAL,16,WEATHER,GPS,false
TNT_001,DLY_TRP_0027055,TRP_0027055,2026-07-25T08:58:00.000Z,ARRIVAL,24,DRIVER_LATE,VENDOR,false
TNT_001,DLY_TRP_0027057,TRP_0027057,2026-07-27T14:04:00.000Z,ARRIVAL,18,TRAFFIC,GPS,false
TNT_003,DLY_TRP_0027060,TRP_0027060,2026-07-30T09:33:00.000Z,ARRIVAL,29,DRIVER_LATE,VENDOR,false
TNT_003,DLY_TRP_0027064,TRP_0027064,2026-08-03T06:23:00.000Z,ARRIVAL,42,TRAFFIC,VENDOR,false
TNT_001,DLY_TRP_0027080,TRP_0027080,2026-08-19T07:02:00.000Z,ARRIVAL,50,WEATHER,GPS,false
TNT_001,DLY_TRP_0027081,TRP_0027081,2026-08-20T05:57:00.000Z,ARRIVAL,16,TRAFFIC,GPS,false
TNT_002,DLY_TRP_0027091,TRP_0027091,2026-06-01T09:46:00.000Z,ARRIVAL,21,ROUTE_DEVIATION,GPS,false
TNT_002,DLY_TRP_0027114,TRP_0027114,2026-06-24T09:30:00.000Z,ARRIVAL,54,TRAFFIC,VENDOR,false
TNT_001,DLY_TRP_0027117,TRP_0027117,2026-06-27T21:55:00.000Z,ARRIVAL,34,DRIVER_LATE,GPS,false
TNT_001,DLY_TRP_0027124,TRP_0027124,2026-07-04T15:31:00.000Z,ARRIVAL,38,ROUTE_DEVIATION,GPS,false
TNT_002,DLY_TRP_0027127,TRP_0027127,2026-07-07T06:29:00.000Z,ARRIVAL,55,VEHICLE_ISSUE,VENDOR,false
TNT_002,DLY_TRP_0027130,TRP_0027130,2026-07-10T22:30:00.000Z,ARRIVAL,22,DRIVER_LATE,OPS,false
TNT_001,DLY_TRP_0027136,TRP_0027136,2026-07-16T14:16:00.000Z,ARRIVAL,11,VEHICLE_ISSUE,VENDOR,true
TNT_001,DLY_TRP_0027137,TRP_0027137,2026-07-17T09:14:00.000Z,ARRIVAL,29,TRAFFIC,OPS,false
TNT_003,DLY_TRP_0027142,TRP_0027142,2026-07-22T22:21:00.000Z,ARRIVAL,11,TRAFFIC,VENDOR,false
TNT_002,DLY_TRP_0027145,TRP_0027145,2026-07-25T14:45:00.000Z,ARRIVAL,46,TRAFFIC,GPS,false
TNT_001,DLY_TRP_0027146,TRP_0027146,2026-07-26T22:07:00.000Z,ARRIVAL,34,TRAFFIC,GPS,false
TNT_002,DLY_TRP_0027159,TRP_0027159,2026-08-08T14:24:00.000Z,ARRIVAL,24,VEHICLE_ISSUE,VENDOR,false
TNT_003,DLY_TRP_0027166,TRP_0027166,2026-08-15T09:54:00.000Z,ARRIVAL,52,DRIVER_LATE,GPS,false
TNT_001,DLY_TRP_0027167,TRP_0027167,2026-08-16T10:27:00.000Z,ARRIVAL,45,VEHICLE_ISSUE,GPS,true
TNT_003,DLY_TRP_0027175,TRP_0027175,2026-08-24T21:58:00.000Z,ARRIVAL,13,TRAFFIC,OPS,false
TNT_001,DLY_TRP_0027185,TRP_0027185,2026-06-05T14:53:00.000Z,ARRIVAL,58,WEATHER,GPS,false
TNT_002,DLY_TRP_0027205,TRP_0027205,2026-06-25T06:48:00.000Z,ARRIVAL,41,WEATHER,VENDOR,false
TNT_001,DLY_TRP_0027217,TRP_0027217,2026-07-07T06:00:00.000Z,ARRIVAL,20,TRAFFIC,GPS,false
TNT_001,DLY_TRP_0027228,TRP_0027228,2026-07-18T14:10:00.000Z,ARRIVAL,30,TRAFFIC,OPS,false
TNT_001,DLY_TRP_0027241,TRP_0027241,2026-07-31T10:09:00.000Z,ARRIVAL,33,VEHICLE_ISSUE,GPS,false
TNT_001,DLY_TRP_0027250,TRP_0027250,2026-08-09T15:07:00.000Z,ARRIVAL,24,TRAFFIC,GPS,false
TNT_002,DLY_TRP_0027251,TRP_0027251,2026-08-10T09:33:00.000Z,ARRIVAL,33,WEATHER,VENDOR,false
TNT_003,DLY_TRP_0027263,TRP_0027263,2026-08-22T07:33:00.000Z,ARRIVAL,58,WEATHER,GPS,false
TNT_001,DLY_TRP_0027271,TRP_0027271,2026-06-01T15:27:00.000Z,ARRIVAL,51,WEATHER,VENDOR,false
TNT_002,DLY_TRP_0027279,TRP_0027279,2026-06-09T14:47:00.000Z,ARRIVAL,41,DRIVER_LATE,GPS,false
TNT_001,DLY_TRP_0027289,TRP_0027289,2026-06-19T22:41:00.000Z,ARRIVAL,47,VEHICLE_ISSUE,VENDOR,false
TNT_003,DLY_TRP_0027293,TRP_0027293,2026-06-23T09:48:00.000Z,ARRIVAL,46,DRIVER_LATE,GPS,false
TNT_001,DLY_TRP_0027300,TRP_0027300,2026-06-30T09:34:00.000Z,ARRIVAL,28,TRAFFIC,GPS,false
TNT_002,DLY_TRP_0027302,TRP_0027302,2026-07-02T10:18:00.000Z,ARRIVAL,47,TRAFFIC,GPS,false
TNT_001,DLY_TRP_0027304,TRP_0027304,2026-07-04T06:52:00.000Z,ARRIVAL,44,TRAFFIC,GPS,false
TNT_001,DLY_TRP_0027315,TRP_0027315,2026-07-15T09:37:00.000Z,ARRIVAL,15,WEATHER,OPS,false
TNT_002,DLY_TRP_0027325,TRP_0027325,2026-07-25T09:20:00.000Z,ARRIVAL,26,TRAFFIC,GPS,false
TNT_002,DLY_TRP_0027338,TRP_0027338,2026-08-07T15:07:00.000Z,ARRIVAL,55,DRIVER_LATE,GPS,false
TNT_001,DLY_TRP_0027347,TRP_0027347,2026-08-16T09:04:00.000Z,ARRIVAL,30,WEATHER,GPS,false
TNT_001,DLY_TRP_0027357,TRP_0027357,2026-08-26T22:20:00.000Z,ARRIVAL,30,ROUTE_DEVIATION,OPS,false
TNT_001,DLY_TRP_0027359,TRP_0027359,2026-08-28T06:22:00.000Z,ARRIVAL,14,VEHICLE_ISSUE,GPS,false
TNT_001,DLY_TRP_0027376,TRP_0027376,2026-06-16T09:19:00.000Z,ARRIVAL,13,ROUTE_DEVIATION,OPS,false
TNT_001,DLY_TRP_0027378,TRP_0027378,2026-06-18T22:53:00.000Z,ARRIVAL,51,ROUTE_DEVIATION,GPS,false
TNT_002,DLY_TRP_0027397,TRP_0027397,2026-07-07T09:30:00.000Z,ARRIVAL,30,VEHICLE_ISSUE,VENDOR,false
TNT_003,DLY_TRP_0027406,TRP_0027406,2026-07-16T07:20:00.000Z,ARRIVAL,57,VEHICLE_ISSUE,GPS,false
TNT_001,DLY_TRP_0027409,TRP_0027409,2026-07-19T14:54:00.000Z,ARRIVAL,33,WEATHER,OPS,false
TNT_001,DLY_TRP_0027418,TRP_0027418,2026-07-28T09:31:00.000Z,ARRIVAL,11,TRAFFIC,GPS,false
TNT_003,DLY_TRP_0027421,TRP_0027421,2026-07-31T09:47:00.000Z,ARRIVAL,37,TRAFFIC,GPS,false
TNT_001,DLY_TRP_0027427,TRP_0027427,2026-08-06T21:56:00.000Z,ARRIVAL,13,TRAFFIC,VENDOR,false
TNT_002,DLY_TRP_0027439,TRP_0027439,2026-08-18T06:41:00.000Z,ARRIVAL,22,ROUTE_DEVIATION,OPS,false
TNT_001,DLY_TRP_0027442,TRP_0027442,2026-08-21T22:54:00.000Z,ARRIVAL,37,TRAFFIC,GPS,false
TNT_002,DLY_TRP_0027453,TRP_0027453,2026-06-03T07:06:00.000Z,ARRIVAL,31,ROUTE_DEVIATION,GPS,false
TNT_001,DLY_TRP_0027454,TRP_0027454,2026-06-04T14:57:00.000Z,ARRIVAL,45,TRAFFIC,VENDOR,false
TNT_001,DLY_TRP_0027457,TRP_0027457,2026-06-07T14:49:00.000Z,ARRIVAL,48,WEATHER,VENDOR,false
TNT_002,DLY_TRP_0027464,TRP_0027464,2026-06-14T09:14:00.000Z,ARRIVAL,16,TRAFFIC,GPS,false
TNT_001,DLY_TRP_0027465,TRP_0027465,2026-06-15T14:34:00.000Z,ARRIVAL,36,TRAFFIC,VENDOR,false
TNT_002,DLY_TRP_0027467,TRP_0027467,2026-06-17T14:25:00.000Z,ARRIVAL,32,WEATHER,VENDOR,false
TNT_003,DLY_TRP_0027472,TRP_0027472,2026-06-22T07:04:00.000Z,ARRIVAL,32,DRIVER_LATE,GPS,false
TNT_002,DLY_TRP_0027475,TRP_0027475,2026-06-25T14:16:00.000Z,ARRIVAL,33,DRIVER_LATE,GPS,false
TNT_002,DLY_TRP_0027479,TRP_0027479,2026-06-29T21:53:00.000Z,ARRIVAL,13,TRAFFIC,GPS,false
TNT_003,DLY_TRP_0027486,TRP_0027486,2026-07-06T14:33:00.000Z,ARRIVAL,14,TRAFFIC,GPS,false
TNT_001,DLY_TRP_0027488,TRP_0027488,2026-07-08T09:41:00.000Z,ARRIVAL,55,DRIVER_LATE,GPS,false
TNT_003,DLY_TRP_0027496,TRP_0027496,2026-07-16T22:56:00.000Z,ARRIVAL,22,TRAFFIC,OPS,false
TNT_001,DLY_TRP_0027498,TRP_0027498,2026-07-18T15:03:00.000Z,ARRIVAL,36,TRAFFIC,GPS,false
TNT_003,DLY_TRP_0027518,TRP_0027518,2026-08-07T22:43:00.000Z,ARRIVAL,53,TRAFFIC,GPS,false
TNT_001,DLY_TRP_0027521,TRP_0027521,2026-08-10T22:36:00.000Z,ARRIVAL,27,TRAFFIC,GPS,false
TNT_002,DLY_TRP_0027524,TRP_0027524,2026-08-13T07:09:00.000Z,ARRIVAL,16,VEHICLE_ISSUE,OPS,false
TNT_001,DLY_TRP_0027535,TRP_0027535,2026-08-24T07:40:00.000Z,ARRIVAL,58,ROUTE_DEVIATION,GPS,false
TNT_003,DLY_TRP_0027541,TRP_0027541,2026-06-01T06:54:00.000Z,ARRIVAL,56,DRIVER_LATE,GPS,false
TNT_002,DLY_TRP_0027549,TRP_0027549,2026-06-09T22:18:00.000Z,ARRIVAL,35,ROUTE_DEVIATION,GPS,false
TNT_002,DLY_TRP_0027551,TRP_0027551,2026-06-11T09:04:00.000Z,ARRIVAL,27,TRAFFIC,GPS,false
TNT_001,DLY_TRP_0027553,TRP_0027553,2026-06-13T23:21:00.000Z,ARRIVAL,40,WEATHER,GPS,false
TNT_002,DLY_TRP_0027562,TRP_0027562,2026-06-22T09:51:00.000Z,ARRIVAL,55,WEATHER,VENDOR,false
TNT_003,DLY_TRP_0027567,TRP_0027567,2026-06-27T06:25:00.000Z,ARRIVAL,12,TRAFFIC,GPS,false
TNT_001,DLY_TRP_0027583,TRP_0027583,2026-07-13T06:32:00.000Z,ARRIVAL,21,TRAFFIC,GPS,false
TNT_001,DLY_TRP_0027586,TRP_0027586,2026-07-16T09:44:00.000Z,ARRIVAL,47,TRAFFIC,GPS,false
TNT_002,DLY_TRP_0027592,TRP_0027592,2026-07-22T10:11:00.000Z,ARRIVAL,19,WEATHER,OPS,false
TNT_001,DLY_TRP_0027594,TRP_0027594,2026-07-24T10:05:00.000Z,ARRIVAL,30,TRAFFIC,GPS,false
TNT_001,DLY_TRP_0027598,TRP_0027598,2026-07-28T21:39:00.000Z,ARRIVAL,15,WEATHER,GPS,false
TNT_002,DLY_TRP_0027607,TRP_0027607,2026-08-06T22:46:00.000Z,ARRIVAL,45,WEATHER,OPS,false
TNT_001,DLY_TRP_0027616,TRP_0027616,2026-08-15T23:12:00.000Z,ARRIVAL,43,ROUTE_DEVIATION,GPS,false
TNT_003,DLY_TRP_0027622,TRP_0027622,2026-08-21T06:40:00.000Z,ARRIVAL,23,ROUTE_DEVIATION,GPS,false
TNT_001,DLY_TRP_0027626,TRP_0027626,2026-08-25T15:01:00.000Z,ARRIVAL,47,TRAFFIC,GPS,true
TNT_001,DLY_TRP_0027628,TRP_0027628,2026-08-27T22:28:00.000Z,ARRIVAL,23,TRAFFIC,GPS,false
TNT_002,DLY_TRP_0027635,TRP_0027635,2026-06-05T06:33:00.000Z,ARRIVAL,42,WEATHER,VENDOR,false
TNT_001,DLY_TRP_0027637,TRP_0027637,2026-06-07T09:16:00.000Z,ARRIVAL,33,DRIVER_LATE,GPS,false
TNT_002,DLY_TRP_0027638,TRP_0027638,2026-06-08T09:42:00.000Z,ARRIVAL,14,WEATHER,VENDOR,false
TNT_002,DLY_TRP_0027640,TRP_0027640,2026-06-10T09:51:00.000Z,ARRIVAL,33,VEHICLE_ISSUE,GPS,false
TNT_003,DLY_TRP_0027641,TRP_0027641,2026-06-11T22:22:00.000Z,ARRIVAL,36,TRAFFIC,GPS,false
TNT_001,DLY_TRP_0027642,TRP_0027642,2026-06-12T15:38:00.000Z,ARRIVAL,49,WEATHER,OPS,false
TNT_001,DLY_TRP_0027648,TRP_0027648,2026-06-18T06:28:00.000Z,ARRIVAL,39,DRIVER_LATE,GPS,false
TNT_001,DLY_TRP_0027656,TRP_0027656,2026-06-26T15:02:00.000Z,ARRIVAL,37,TRAFFIC,GPS,false
TNT_001,DLY_TRP_0027660,TRP_0027660,2026-06-30T06:54:00.000Z,ARRIVAL,26,VEHICLE_ISSUE,GPS,false
TNT_002,DLY_TRP_0027662,TRP_0027662,2026-07-02T13:55:00.000Z,ARRIVAL,13,WEATHER,OPS,true
TNT_001,DLY_TRP_0027663,TRP_0027663,2026-07-03T09:15:00.000Z,ARRIVAL,40,DRIVER_LATE,OPS,false
TNT_001,DLY_TRP_0027674,TRP_0027674,2026-07-14T06:39:00.000Z,ARRIVAL,20,VEHICLE_ISSUE,GPS,false
TNT_002,DLY_TRP_0027680,TRP_0027680,2026-07-20T22:32:00.000Z,ARRIVAL,39,WEATHER,GPS,false
TNT_003,DLY_TRP_0027681,TRP_0027681,2026-07-21T22:47:00.000Z,ARRIVAL,18,TRAFFIC,GPS,false
TNT_001,DLY_TRP_0027689,TRP_0027689,2026-07-29T06:56:00.000Z,ARRIVAL,34,TRAFFIC,VENDOR,false
TNT_002,DLY_TRP_0027693,TRP_0027693,2026-08-02T14:35:00.000Z,ARRIVAL,56,DRIVER_LATE,VENDOR,false
TNT_001,DLY_TRP_0027695,TRP_0027695,2026-08-04T22:03:00.000Z,ARRIVAL,33,TRAFFIC,GPS,false
TNT_003,DLY_TRP_0027697,TRP_0027697,2026-08-06T06:28:00.000Z,ARRIVAL,28,TRAFFIC,GPS,true
TNT_001,DLY_TRP_0027701,TRP_0027701,2026-08-10T14:18:00.000Z,ARRIVAL,28,ROUTE_DEVIATION,GPS,false
TNT_001,DLY_TRP_0027708,TRP_0027708,2026-08-17T22:56:00.000Z,ARRIVAL,36,TRAFFIC,GPS,false
TNT_001,DLY_TRP_0027732,TRP_0027732,2026-06-12T23:48:00.000Z,ARRIVAL,54,VEHICLE_ISSUE,GPS,false
TNT_001,DLY_TRP_0027736,TRP_0027736,2026-06-16T10:52:00.000Z,ARRIVAL,55,WEATHER,GPS,false
TNT_001,DLY_TRP_0027743,TRP_0027743,2026-06-23T06:27:00.000Z,ARRIVAL,24,DRIVER_LATE,GPS,false
TNT_001,DLY_TRP_0027749,TRP_0027749,2026-06-29T10:41:00.000Z,ARRIVAL,52,WEATHER,GPS,false
TNT_001,DLY_TRP_0027759,TRP_0027759,2026-07-09T14:46:00.000Z,ARRIVAL,55,TRAFFIC,OPS,false
TNT_002,DLY_TRP_0027762,TRP_0027762,2026-07-12T06:25:00.000Z,ARRIVAL,36,TRAFFIC,VENDOR,false
TNT_002,DLY_TRP_0027764,TRP_0027764,2026-07-14T06:58:00.000Z,ARRIVAL,58,TRAFFIC,OPS,false
TNT_002,DLY_TRP_0027778,TRP_0027778,2026-07-28T22:46:00.000Z,ARRIVAL,55,DRIVER_LATE,GPS,false
TNT_002,DLY_TRP_0027783,TRP_0027783,2026-08-02T09:15:00.000Z,ARRIVAL,12,WEATHER,VENDOR,false
TNT_001,DLY_TRP_0027810,TRP_0027810,2026-08-29T09:25:00.000Z,ARRIVAL,22,TRAFFIC,VENDOR,false
TNT_001,DLY_TRP_0027813,TRP_0027813,2026-06-03T09:43:00.000Z,ARRIVAL,36,TRAFFIC,GPS,false
TNT_003,DLY_TRP_0027823,TRP_0027823,2026-06-13T21:57:00.000Z,ARRIVAL,17,DRIVER_LATE,GPS,false
TNT_001,DLY_TRP_0027829,TRP_0027829,2026-06-19T09:24:00.000Z,ARRIVAL,26,TRAFFIC,VENDOR,false
TNT_001,DLY_TRP_0027849,TRP_0027849,2026-07-09T15:00:00.000Z,ARRIVAL,43,DRIVER_LATE,GPS,false
TNT_002,DLY_TRP_0027850,TRP_0027850,2026-07-10T06:31:00.000Z,ARRIVAL,55,WEATHER,GPS,false
TNT_001,DLY_TRP_0027852,TRP_0027852,2026-07-12T10:24:00.000Z,ARRIVAL,49,WEATHER,GPS,false
TNT_001,DLY_TRP_0027859,TRP_0027859,2026-07-19T06:19:00.000Z,ARRIVAL,32,TRAFFIC,OPS,false
TNT_001,DLY_TRP_0027866,TRP_0027866,2026-07-26T22:05:00.000Z,ARRIVAL,16,DRIVER_LATE,GPS,false
TNT_001,DLY_TRP_0027873,TRP_0027873,2026-08-02T15:09:00.000Z,ARRIVAL,27,TRAFFIC,GPS,false
TNT_002,DLY_TRP_0027880,TRP_0027880,2026-08-09T22:19:00.000Z,ARRIVAL,38,ROUTE_DEVIATION,VENDOR,false
TNT_003,DLY_TRP_0027894,TRP_0027894,2026-08-23T10:08:00.000Z,ARRIVAL,24,TRAFFIC,GPS,false
TNT_001,DLY_TRP_0027897,TRP_0027897,2026-08-26T23:13:00.000Z,ARRIVAL,58,TRAFFIC,VENDOR,false
TNT_001,DLY_TRP_0027900,TRP_0027900,2026-08-29T14:23:00.000Z,ARRIVAL,33,VEHICLE_ISSUE,GPS,false
TNT_001,DLY_TRP_0027904,TRP_0027904,2026-06-04T22:52:00.000Z,ARRIVAL,23,TRAFFIC,VENDOR,false
TNT_001,DLY_TRP_0027909,TRP_0027909,2026-06-09T09:34:00.000Z,ARRIVAL,29,TRAFFIC,VENDOR,false
TNT_003,DLY_TRP_0027910,TRP_0027910,2026-06-10T09:47:00.000Z,ARRIVAL,21,DRIVER_LATE,OPS,true
TNT_001,DLY_TRP_0027912,TRP_0027912,2026-06-12T22:09:00.000Z,ARRIVAL,21,WEATHER,GPS,false
TNT_001,DLY_TRP_0027921,TRP_0027921,2026-06-21T06:31:00.000Z,ARRIVAL,36,ROUTE_DEVIATION,OPS,false
TNT_002,DLY_TRP_0027923,TRP_0027923,2026-06-23T06:06:00.000Z,ARRIVAL,35,VEHICLE_ISSUE,GPS,false
TNT_003,DLY_TRP_0027924,TRP_0027924,2026-06-24T10:05:00.000Z,ARRIVAL,57,DRIVER_LATE,VENDOR,false
TNT_001,DLY_TRP_0027928,TRP_0027928,2026-06-28T22:42:00.000Z,ARRIVAL,39,DRIVER_LATE,GPS,false
TNT_002,DLY_TRP_0027932,TRP_0027932,2026-07-02T09:13:00.000Z,ARRIVAL,50,DRIVER_LATE,GPS,false
TNT_001,DLY_TRP_0027943,TRP_0027943,2026-07-13T07:30:00.000Z,ARRIVAL,35,DRIVER_LATE,GPS,false
TNT_001,DLY_TRP_0027949,TRP_0027949,2026-07-19T06:44:00.000Z,ARRIVAL,41,WEATHER,GPS,false
TNT_001,DLY_TRP_0027951,TRP_0027951,2026-07-21T22:50:00.000Z,ARRIVAL,41,VEHICLE_ISSUE,GPS,false
TNT_002,DLY_TRP_0027956,TRP_0027956,2026-07-26T09:41:00.000Z,ARRIVAL,15,DRIVER_LATE,VENDOR,false
TNT_001,DLY_TRP_0027958,TRP_0027958,2026-07-28T09:21:00.000Z,ARRIVAL,24,WEATHER,GPS,false
TNT_001,DLY_TRP_0027961,TRP_0027961,2026-07-31T22:58:00.000Z,ARRIVAL,21,TRAFFIC,VENDOR,false
TNT_002,DLY_TRP_0027962,TRP_0027962,2026-08-01T06:22:00.000Z,ARRIVAL,47,WEATHER,GPS,false
TNT_001,DLY_TRP_0027964,TRP_0027964,2026-08-03T10:16:00.000Z,ARRIVAL,53,DRIVER_LATE,OPS,false
TNT_001,DLY_TRP_0027967,TRP_0027967,2026-08-06T06:46:00.000Z,ARRIVAL,36,ROUTE_DEVIATION,GPS,false
TNT_001,DLY_TRP_0027973,TRP_0027973,2026-08-12T14:34:00.000Z,ARRIVAL,12,DRIVER_LATE,GPS,false
TNT_002,DLY_TRP_0027974,TRP_0027974,2026-08-13T22:08:00.000Z,ARRIVAL,13,TRAFFIC,OPS,false
TNT_001,DLY_TRP_0027987,TRP_0027987,2026-08-26T22:39:00.000Z,ARRIVAL,19,VEHICLE_ISSUE,GPS,false
TNT_001,DLY_TRP_0027990,TRP_0027990,2026-08-29T07:08:00.000Z,ARRIVAL,28,TRAFFIC,OPS,true
TNT_001,DLY_TRP_0027991,TRP_0027991,2026-06-01T09:55:00.000Z,ARRIVAL,17,TRAFFIC,GPS,false
TNT_001,DLY_TRP_0027996,TRP_0027996,2026-06-06T06:37:00.000Z,ARRIVAL,54,TRAFFIC,GPS,false
TNT_003,DLY_TRP_0028006,TRP_0028006,2026-06-16T10:44:00.000Z,ARRIVAL,23,VEHICLE_ISSUE,GPS,false
TNT_001,DLY_TRP_0028009,TRP_0028009,2026-06-19T06:47:00.000Z,ARRIVAL,58,TRAFFIC,GPS,false
TNT_002,DLY_TRP_0028015,TRP_0028015,2026-06-25T10:30:00.000Z,ARRIVAL,11,TRAFFIC,VENDOR,false
TNT_003,DLY_TRP_0028017,TRP_0028017,2026-06-27T22:54:00.000Z,ARRIVAL,54,WEATHER,GPS,false
TNT_001,DLY_TRP_0028020,TRP_0028020,2026-06-30T07:54:00.000Z,ARRIVAL,54,WEATHER,GPS,false
TNT_003,DLY_TRP_0028032,TRP_0028032,2026-07-12T09:18:00.000Z,ARRIVAL,27,ROUTE_DEVIATION,GPS,false
TNT_002,DLY_TRP_0028034,TRP_0028034,2026-07-14T06:41:00.000Z,ARRIVAL,58,TRAFFIC,GPS,false
TNT_001,DLY_TRP_0028046,TRP_0028046,2026-07-26T14:32:00.000Z,ARRIVAL,16,DRIVER_LATE,GPS,false
TNT_001,DLY_TRP_0028049,TRP_0028049,2026-07-29T14:44:00.000Z,ARRIVAL,34,DRIVER_LATE,GPS,false
TNT_001,DLY_TRP_0028063,TRP_0028063,2026-08-12T06:52:00.000Z,ARRIVAL,46,TRAFFIC,GPS,false
TNT_001,DLY_TRP_0028070,TRP_0028070,2026-08-19T06:51:00.000Z,ARRIVAL,12,VEHICLE_ISSUE,GPS,false
TNT_001,DLY_TRP_0028074,TRP_0028074,2026-08-23T15:16:00.000Z,ARRIVAL,55,DRIVER_LATE,GPS,false
TNT_003,DLY_TRP_0028077,TRP_0028077,2026-08-26T05:51:00.000Z,ARRIVAL,12,TRAFFIC,GPS,false
TNT_002,DLY_TRP_0028082,TRP_0028082,2026-06-02T22:22:00.000Z,ARRIVAL,34,TRAFFIC,OPS,false
TNT_001,DLY_TRP_0028095,TRP_0028095,2026-06-15T09:11:00.000Z,ARRIVAL,29,TRAFFIC,GPS,false
TNT_003,DLY_TRP_0028101,TRP_0028101,2026-06-21T14:44:00.000Z,ARRIVAL,15,VEHICLE_ISSUE,GPS,false
TNT_001,DLY_TRP_0028111,TRP_0028111,2026-07-01T10:08:00.000Z,ARRIVAL,58,TRAFFIC,OPS,false
TNT_001,DLY_TRP_0028112,TRP_0028112,2026-07-02T06:50:00.000Z,ARRIVAL,53,TRAFFIC,VENDOR,false
TNT_001,DLY_TRP_0028114,TRP_0028114,2026-07-04T06:37:00.000Z,ARRIVAL,22,TRAFFIC,GPS,false
TNT_001,DLY_TRP_0028124,TRP_0028124,2026-07-14T10:20:00.000Z,ARRIVAL,49,VEHICLE_ISSUE,VENDOR,false
TNT_002,DLY_TRP_0028135,TRP_0028135,2026-07-25T09:44:00.000Z,ARRIVAL,40,WEATHER,GPS,false
TNT_001,DLY_TRP_0028136,TRP_0028136,2026-07-26T10:17:00.000Z,ARRIVAL,41,ROUTE_DEVIATION,GPS,false
TNT_002,DLY_TRP_0028140,TRP_0028140,2026-07-30T09:28:00.000Z,ARRIVAL,44,VEHICLE_ISSUE,GPS,false
TNT_002,DLY_TRP_0028160,TRP_0028160,2026-08-19T22:07:00.000Z,ARRIVAL,27,DRIVER_LATE,GPS,false
TNT_001,DLY_TRP_0028166,TRP_0028166,2026-08-25T22:34:00.000Z,ARRIVAL,42,TRAFFIC,VENDOR,false
TNT_001,DLY_TRP_0028170,TRP_0028170,2026-08-29T06:50:00.000Z,ARRIVAL,31,VEHICLE_ISSUE,VENDOR,false
TNT_001,DLY_TRP_0028171,TRP_0028171,2026-06-01T07:06:00.000Z,ARRIVAL,53,TRAFFIC,OPS,false
TNT_001,DLY_TRP_0028180,TRP_0028180,2026-06-10T09:24:00.000Z,ARRIVAL,23,ROUTE_DEVIATION,GPS,false
TNT_001,DLY_TRP_0028183,TRP_0028183,2026-06-13T15:01:00.000Z,ARRIVAL,36,WEATHER,GPS,false
TNT_002,DLY_TRP_0028187,TRP_0028187,2026-06-17T13:44:00.000Z,ARRIVAL,11,WEATHER,GPS,false
TNT_002,DLY_TRP_0028197,TRP_0028197,2026-06-27T06:36:00.000Z,ARRIVAL,32,ROUTE_DEVIATION,GPS,false
TNT_001,DLY_TRP_0028203,TRP_0028203,2026-07-03T09:06:00.000Z,ARRIVAL,11,TRAFFIC,GPS,false
TNT_002,DLY_TRP_0028214,TRP_0028214,2026-07-14T14:22:00.000Z,ARRIVAL,14,DRIVER_LATE,GPS,false
TNT_002,DLY_TRP_0028217,TRP_0028217,2026-07-17T09:33:00.000Z,ARRIVAL,33,TRAFFIC,OPS,false
TNT_001,DLY_TRP_0028225,TRP_0028225,2026-07-25T09:45:00.000Z,ARRIVAL,55,TRAFFIC,GPS,false
TNT_001,DLY_TRP_0028236,TRP_0028236,2026-08-05T22:39:00.000Z,ARRIVAL,36,DRIVER_LATE,GPS,false
TNT_001,DLY_TRP_0028240,TRP_0028240,2026-08-09T06:41:00.000Z,ARRIVAL,15,VEHICLE_ISSUE,GPS,false
TNT_001,DLY_TRP_0028243,TRP_0028243,2026-08-12T10:26:00.000Z,ARRIVAL,35,DRIVER_LATE,GPS,false
TNT_002,DLY_TRP_0028244,TRP_0028244,2026-08-13T10:13:00.000Z,ARRIVAL,55,WEATHER,GPS,false
TNT_001,DLY_TRP_0028246,TRP_0028246,2026-08-15T06:59:00.000Z,ARRIVAL,22,WEATHER,GPS,false
TNT_001,DLY_TRP_0028259,TRP_0028259,2026-08-28T09:38:00.000Z,ARRIVAL,33,DRIVER_LATE,GPS,false
TNT_001,DLY_TRP_0028287,TRP_0028287,2026-06-27T22:10:00.000Z,ARRIVAL,37,DRIVER_LATE,GPS,false
TNT_001,DLY_TRP_0028301,TRP_0028301,2026-07-11T10:03:00.000Z,ARRIVAL,45,DRIVER_LATE,GPS,false
TNT_001,DLY_TRP_0028329,TRP_0028329,2026-08-08T22:41:00.000Z,ARRIVAL,58,WEATHER,GPS,false
TNT_001,DLY_TRP_0028334,TRP_0028334,2026-08-13T09:23:00.000Z,ARRIVAL,15,ROUTE_DEVIATION,GPS,false
TNT_001,DLY_TRP_0028336,TRP_0028336,2026-08-15T09:47:00.000Z,ARRIVAL,43,ROUTE_DEVIATION,VENDOR,false
TNT_002,DLY_TRP_0028341,TRP_0028341,2026-08-20T14:14:00.000Z,ARRIVAL,41,WEATHER,OPS,false
TNT_001,DLY_TRP_0028342,TRP_0028342,2026-08-21T06:53:00.000Z,ARRIVAL,51,ROUTE_DEVIATION,GPS,false
TNT_001,DLY_TRP_0028348,TRP_0028348,2026-08-27T15:02:00.000Z,ARRIVAL,30,TRAFFIC,OPS,false
TNT_001,DLY_TRP_0028352,TRP_0028352,2026-06-02T22:35:00.000Z,ARRIVAL,49,WEATHER,OPS,false
TNT_001,DLY_TRP_0028357,TRP_0028357,2026-06-07T14:29:00.000Z,ARRIVAL,47,TRAFFIC,VENDOR,false
TNT_003,DLY_TRP_0028358,TRP_0028358,2026-06-08T09:16:00.000Z,ARRIVAL,32,WEATHER,GPS,false
TNT_002,DLY_TRP_0028373,TRP_0028373,2026-06-23T09:20:00.000Z,ARRIVAL,49,WEATHER,GPS,false
TNT_002,DLY_TRP_0028393,TRP_0028393,2026-07-13T14:33:00.000Z,ARRIVAL,54,TRAFFIC,GPS,false
TNT_002,DLY_TRP_0028400,TRP_0028400,2026-07-20T09:27:00.000Z,ARRIVAL,36,DRIVER_LATE,GPS,false
TNT_002,DLY_TRP_0028407,TRP_0028407,2026-07-27T22:23:00.000Z,ARRIVAL,12,TRAFFIC,OPS,false
TNT_002,DLY_TRP_0028416,TRP_0028416,2026-08-05T08:57:00.000Z,ARRIVAL,26,DRIVER_LATE,VENDOR,false
TNT_001,DLY_TRP_0028435,TRP_0028435,2026-08-24T22:55:00.000Z,ARRIVAL,27,DRIVER_LATE,GPS,false
TNT_002,DLY_TRP_0028450,TRP_0028450,2026-06-10T09:47:00.000Z,ARRIVAL,56,TRAFFIC,GPS,false
TNT_002,DLY_TRP_0028457,TRP_0028457,2026-06-17T09:18:00.000Z,ARRIVAL,11,WEATHER,GPS,false
TNT_003,DLY_TRP_0028467,TRP_0028467,2026-06-27T09:04:00.000Z,ARRIVAL,18,TRAFFIC,GPS,false
TNT_003,DLY_TRP_0028481,TRP_0028481,2026-07-11T15:04:00.000Z,ARRIVAL,51,TRAFFIC,OPS,false
TNT_002,DLY_TRP_0028482,TRP_0028482,2026-07-12T22:19:00.000Z,ARRIVAL,20,WEATHER,VENDOR,false
TNT_001,DLY_TRP_0028489,TRP_0028489,2026-07-19T09:51:00.000Z,ARRIVAL,35,TRAFFIC,GPS,false
TNT_002,DLY_TRP_0028503,TRP_0028503,2026-08-02T06:41:00.000Z,ARRIVAL,48,TRAFFIC,GPS,false
TNT_001,DLY_TRP_0028505,TRP_0028505,2026-08-04T14:49:00.000Z,ARRIVAL,26,DRIVER_LATE,VENDOR,false
TNT_001,DLY_TRP_0028506,TRP_0028506,2026-08-05T15:09:00.000Z,ARRIVAL,50,ROUTE_DEVIATION,OPS,false
TNT_001,DLY_TRP_0028508,TRP_0028508,2026-08-07T09:40:00.000Z,ARRIVAL,24,WEATHER,GPS,false
TNT_001,DLY_TRP_0028516,TRP_0028516,2026-08-15T09:18:00.000Z,ARRIVAL,26,DRIVER_LATE,GPS,false
TNT_001,DLY_TRP_0028522,TRP_0028522,2026-08-21T22:17:00.000Z,ARRIVAL,38,TRAFFIC,GPS,false
TNT_002,DLY_TRP_0028535,TRP_0028535,2026-06-05T07:22:00.000Z,ARRIVAL,58,DRIVER_LATE,GPS,false
TNT_003,DLY_TRP_0028546,TRP_0028546,2026-06-16T15:16:00.000Z,ARRIVAL,21,WEATHER,GPS,false
TNT_003,DLY_TRP_0028552,TRP_0028552,2026-06-22T22:30:00.000Z,ARRIVAL,42,TRAFFIC,GPS,false
TNT_001,DLY_TRP_0028565,TRP_0028565,2026-07-05T09:46:00.000Z,ARRIVAL,56,TRAFFIC,VENDOR,false
TNT_001,DLY_TRP_0028571,TRP_0028571,2026-07-11T09:16:00.000Z,ARRIVAL,11,WEATHER,GPS,false
TNT_001,DLY_TRP_0028583,TRP_0028583,2026-07-23T22:31:00.000Z,ARRIVAL,41,TRAFFIC,OPS,false
TNT_001,DLY_TRP_0028605,TRP_0028605,2026-08-14T22:19:00.000Z,ARRIVAL,47,DRIVER_LATE,VENDOR,false
TNT_001,DLY_TRP_0028608,TRP_0028608,2026-08-17T10:15:00.000Z,ARRIVAL,19,VEHICLE_ISSUE,GPS,false
TNT_001,DLY_TRP_0028624,TRP_0028624,2026-06-04T09:45:00.000Z,ARRIVAL,28,TRAFFIC,GPS,false
TNT_001,DLY_TRP_0028625,TRP_0028625,2026-06-05T09:46:00.000Z,ARRIVAL,43,ROUTE_DEVIATION,GPS,false
TNT_003,DLY_TRP_0028628,TRP_0028628,2026-06-08T06:37:00.000Z,ARRIVAL,28,DRIVER_LATE,VENDOR,false
TNT_001,DLY_TRP_0028633,TRP_0028633,2026-06-13T22:23:00.000Z,ARRIVAL,41,ROUTE_DEVIATION,GPS,false
TNT_001,DLY_TRP_0028634,TRP_0028634,2026-06-14T09:42:00.000Z,ARRIVAL,53,ROUTE_DEVIATION,GPS,false
TNT_002,DLY_TRP_0028640,TRP_0028640,2026-06-20T09:54:00.000Z,ARRIVAL,58,TRAFFIC,VENDOR,false
TNT_002,DLY_TRP_0028653,TRP_0028653,2026-07-03T09:23:00.000Z,ARRIVAL,40,TRAFFIC,GPS,false
TNT_003,DLY_TRP_0028654,TRP_0028654,2026-07-04T14:13:00.000Z,ARRIVAL,29,TRAFFIC,GPS,false
TNT_001,DLY_TRP_0028662,TRP_0028662,2026-07-12T09:39:00.000Z,ARRIVAL,17,WEATHER,GPS,false
TNT_002,DLY_TRP_0028668,TRP_0028668,2026-07-18T22:24:00.000Z,ARRIVAL,12,DRIVER_LATE,VENDOR,false
TNT_003,DLY_TRP_0028684,TRP_0028684,2026-08-03T23:18:00.000Z,ARRIVAL,53,WEATHER,VENDOR,false
TNT_001,DLY_TRP_0028688,TRP_0028688,2026-08-07T10:01:00.000Z,ARRIVAL,56,DRIVER_LATE,GPS,false
TNT_001,DLY_TRP_0028690,TRP_0028690,2026-08-09T14:07:00.000Z,ARRIVAL,18,ROUTE_DEVIATION,VENDOR,false
TNT_001,DLY_TRP_0028693,TRP_0028693,2026-08-12T14:35:00.000Z,ARRIVAL,36,DRIVER_LATE,VENDOR,false
TNT_002,DLY_TRP_0028694,TRP_0028694,2026-08-13T06:24:00.000Z,ARRIVAL,35,ROUTE_DEVIATION,GPS,false
TNT_001,DLY_TRP_0028695,TRP_0028695,2026-08-14T14:53:00.000Z,ARRIVAL,58,ROUTE_DEVIATION,VENDOR,false
TNT_001,DLY_TRP_0028701,TRP_0028701,2026-08-20T06:50:00.000Z,ARRIVAL,40,TRAFFIC,GPS,false
TNT_002,DLY_TRP_0028703,TRP_0028703,2026-08-22T09:17:00.000Z,ARRIVAL,19,DRIVER_LATE,GPS,false
TNT_003,DLY_TRP_0028706,TRP_0028706,2026-08-25T09:37:00.000Z,ARRIVAL,44,DRIVER_LATE,OPS,false
TNT_001,DLY_TRP_0028733,TRP_0028733,2026-06-23T15:07:00.000Z,ARRIVAL,34,TRAFFIC,GPS,false
TNT_001,DLY_TRP_0028739,TRP_0028739,2026-06-29T06:25:00.000Z,ARRIVAL,17,TRAFFIC,GPS,false
TNT_002,DLY_TRP_0028741,TRP_0028741,2026-07-01T14:31:00.000Z,ARRIVAL,27,WEATHER,GPS,false
TNT_001,DLY_TRP_0028745,TRP_0028745,2026-07-05T22:19:00.000Z,ARRIVAL,32,TRAFFIC,OPS,false
TNT_001,DLY_TRP_0028747,TRP_0028747,2026-07-07T22:34:00.000Z,ARRIVAL,25,ROUTE_DEVIATION,GPS,false
TNT_001,DLY_TRP_0028753,TRP_0028753,2026-07-13T06:03:00.000Z,ARRIVAL,13,DRIVER_LATE,GPS,false
TNT_002,DLY_TRP_0028769,TRP_0028769,2026-07-29T22:35:00.000Z,ARRIVAL,32,ROUTE_DEVIATION,VENDOR,false
TNT_001,DLY_TRP_0028773,TRP_0028773,2026-08-02T06:41:00.000Z,ARRIVAL,57,WEATHER,GPS,false
TNT_001,DLY_TRP_0028781,TRP_0028781,2026-08-10T10:51:00.000Z,ARRIVAL,48,ROUTE_DEVIATION,GPS,true
TNT_001,DLY_TRP_0028783,TRP_0028783,2026-08-12T10:02:00.000Z,ARRIVAL,54,DRIVER_LATE,GPS,false
TNT_002,DLY_TRP_0028784,TRP_0028784,2026-08-13T14:25:00.000Z,ARRIVAL,31,WEATHER,OPS,false
TNT_001,DLY_TRP_0028789,TRP_0028789,2026-08-18T06:39:00.000Z,ARRIVAL,39,DRIVER_LATE,GPS,false
TNT_003,DLY_TRP_0028809,TRP_0028809,2026-06-09T09:58:00.000Z,ARRIVAL,33,DRIVER_LATE,OPS,false
TNT_001,DLY_TRP_0028810,TRP_0028810,2026-06-10T09:50:00.000Z,ARRIVAL,34,DRIVER_LATE,VENDOR,false
TNT_001,DLY_TRP_0028817,TRP_0028817,2026-06-17T10:10:00.000Z,ARRIVAL,55,WEATHER,VENDOR,false
TNT_001,DLY_TRP_0028827,TRP_0028827,2026-06-27T14:24:00.000Z,ARRIVAL,30,WEATHER,GPS,false
TNT_001,DLY_TRP_0028834,TRP_0028834,2026-07-04T14:50:00.000Z,ARRIVAL,49,TRAFFIC,OPS,false
TNT_003,DLY_TRP_0028837,TRP_0028837,2026-07-07T10:34:00.000Z,ARRIVAL,27,WEATHER,GPS,false
TNT_002,DLY_TRP_0028846,TRP_0028846,2026-07-16T10:00:00.000Z,ARRIVAL,51,DRIVER_LATE,GPS,false
TNT_001,DLY_TRP_0028847,TRP_0028847,2026-07-17T22:30:00.000Z,ARRIVAL,24,TRAFFIC,GPS,false
TNT_001,DLY_TRP_0028857,TRP_0028857,2026-07-27T15:01:00.000Z,ARRIVAL,20,TRAFFIC,GPS,false
TNT_001,DLY_TRP_0028861,TRP_0028861,2026-07-31T10:23:00.000Z,ARRIVAL,47,TRAFFIC,GPS,false
TNT_001,DLY_TRP_0028870,TRP_0028870,2026-08-09T07:02:00.000Z,ARRIVAL,22,TRAFFIC,OPS,false
TNT_001,DLY_TRP_0028885,TRP_0028885,2026-08-24T22:55:00.000Z,ARRIVAL,54,TRAFFIC,VENDOR,false
TNT_003,DLY_TRP_0028889,TRP_0028889,2026-08-28T09:48:00.000Z,ARRIVAL,56,TRAFFIC,OPS,false
TNT_001,DLY_TRP_0028891,TRP_0028891,2026-06-01T14:15:00.000Z,ARRIVAL,11,TRAFFIC,GPS,false
TNT_001,DLY_TRP_0028893,TRP_0028893,2026-06-03T09:46:00.000Z,ARRIVAL,14,DRIVER_LATE,GPS,false
TNT_001,DLY_TRP_0028897,TRP_0028897,2026-06-07T10:08:00.000Z,ARRIVAL,52,ROUTE_DEVIATION,VENDOR,false
TNT_001,DLY_TRP_0028905,TRP_0028905,2026-06-15T14:33:00.000Z,ARRIVAL,40,TRAFFIC,VENDOR,false
TNT_001,DLY_TRP_0028910,TRP_0028910,2026-06-20T22:53:00.000Z,ARRIVAL,56,DRIVER_LATE,VENDOR,false
TNT_001,DLY_TRP_0028916,TRP_0028916,2026-06-26T06:42:00.000Z,ARRIVAL,33,TRAFFIC,OPS,false
TNT_001,DLY_TRP_0028918,TRP_0028918,2026-06-28T10:12:00.000Z,ARRIVAL,33,WEATHER,GPS,false
TNT_001,DLY_TRP_0028923,TRP_0028923,2026-07-03T06:41:00.000Z,ARRIVAL,12,DRIVER_LATE,GPS,false
TNT_003,DLY_TRP_0028924,TRP_0028924,2026-07-04T07:11:00.000Z,ARRIVAL,55,TRAFFIC,GPS,false
TNT_002,DLY_TRP_0028926,TRP_0028926,2026-07-06T10:42:00.000Z,ARRIVAL,39,DRIVER_LATE,GPS,false
TNT_002,DLY_TRP_0028931,TRP_0028931,2026-07-11T22:30:00.000Z,ARRIVAL,23,DRIVER_LATE,GPS,false
TNT_001,DLY_TRP_0028936,TRP_0028936,2026-07-16T22:18:00.000Z,ARRIVAL,45,DRIVER_LATE,GPS,false
TNT_001,DLY_TRP_0028937,TRP_0028937,2026-07-17T09:19:00.000Z,ARRIVAL,34,DRIVER_LATE,GPS,false
TNT_001,DLY_TRP_0028944,TRP_0028944,2026-07-24T09:39:00.000Z,ARRIVAL,17,VEHICLE_ISSUE,GPS,false
TNT_002,DLY_TRP_0028948,TRP_0028948,2026-07-28T14:29:00.000Z,ARRIVAL,39,TRAFFIC,GPS,false
TNT_002,DLY_TRP_0028954,TRP_0028954,2026-08-03T05:59:00.000Z,ARRIVAL,19,TRAFFIC,GPS,false
TNT_001,DLY_TRP_0028960,TRP_0028960,2026-08-09T06:21:00.000Z,ARRIVAL,21,TRAFFIC,GPS,false
TNT_001,DLY_TRP_0028969,TRP_0028969,2026-08-18T22:55:00.000Z,ARRIVAL,41,ROUTE_DEVIATION,GPS,false
TNT_002,DLY_TRP_0028975,TRP_0028975,2026-08-24T06:30:00.000Z,ARRIVAL,25,ROUTE_DEVIATION,GPS,false
TNT_003,DLY_TRP_0028989,TRP_0028989,2026-06-09T10:14:00.000Z,ARRIVAL,40,TRAFFIC,GPS,false
TNT_003,DLY_TRP_0029014,TRP_0029014,2026-07-04T06:24:00.000Z,ARRIVAL,30,WEATHER,GPS,false
TNT_001,DLY_TRP_0029015,TRP_0029015,2026-07-05T06:50:00.000Z,ARRIVAL,24,ROUTE_DEVIATION,GPS,false
TNT_001,DLY_TRP_0029025,TRP_0029025,2026-07-15T22:47:00.000Z,ARRIVAL,40,TRAFFIC,OPS,false
TNT_003,DLY_TRP_0029026,TRP_0029026,2026-07-16T09:06:00.000Z,ARRIVAL,29,ROUTE_DEVIATION,GPS,false
TNT_001,DLY_TRP_0029044,TRP_0029044,2026-08-03T22:45:00.000Z,ARRIVAL,11,TRAFFIC,GPS,false
TNT_001,DLY_TRP_0029046,TRP_0029046,2026-08-05T06:58:00.000Z,ARRIVAL,25,ROUTE_DEVIATION,GPS,false
TNT_001,DLY_TRP_0029057,TRP_0029057,2026-08-16T22:28:00.000Z,ARRIVAL,26,ROUTE_DEVIATION,VENDOR,false
TNT_001,DLY_TRP_0029065,TRP_0029065,2026-08-24T22:45:00.000Z,ARRIVAL,56,TRAFFIC,VENDOR,false
TNT_003,DLY_TRP_0029074,TRP_0029074,2026-06-04T15:12:00.000Z,ARRIVAL,53,WEATHER,VENDOR,false
TNT_003,DLY_TRP_0029078,TRP_0029078,2026-06-08T22:53:00.000Z,ARRIVAL,50,WEATHER,GPS,false
TNT_001,DLY_TRP_0029080,TRP_0029080,2026-06-10T22:52:00.000Z,ARRIVAL,43,ROUTE_DEVIATION,GPS,false
TNT_002,DLY_TRP_0029083,TRP_0029083,2026-06-13T14:59:00.000Z,ARRIVAL,54,TRAFFIC,OPS,false
TNT_001,DLY_TRP_0029086,TRP_0029086,2026-06-16T15:39:00.000Z,ARRIVAL,28,TRAFFIC,GPS,false
TNT_001,DLY_TRP_0029090,TRP_0029090,2026-06-20T14:21:00.000Z,ARRIVAL,25,TRAFFIC,VENDOR,false
TNT_001,DLY_TRP_0029099,TRP_0029099,2026-06-29T06:25:00.000Z,ARRIVAL,12,TRAFFIC,GPS,false
TNT_001,DLY_TRP_0029107,TRP_0029107,2026-07-07T09:18:00.000Z,ARRIVAL,42,DRIVER_LATE,GPS,false
TNT_001,DLY_TRP_0029114,TRP_0029114,2026-07-14T22:40:00.000Z,ARRIVAL,54,TRAFFIC,GPS,false
TNT_002,DLY_TRP_0029126,TRP_0029126,2026-07-26T09:22:00.000Z,ARRIVAL,19,TRAFFIC,VENDOR,false
TNT_001,DLY_TRP_0029127,TRP_0029127,2026-07-27T06:32:00.000Z,ARRIVAL,38,ROUTE_DEVIATION,GPS,false
TNT_002,DLY_TRP_0029130,TRP_0029130,2026-07-30T06:18:00.000Z,ARRIVAL,12,DRIVER_LATE,GPS,false
TNT_001,DLY_TRP_0029131,TRP_0029131,2026-07-31T23:38:00.000Z,ARRIVAL,56,WEATHER,GPS,false
TNT_003,DLY_TRP_0029134,TRP_0029134,2026-08-03T06:07:00.000Z,ARRIVAL,16,TRAFFIC,GPS,false
TNT_002,DLY_TRP_0029138,TRP_0029138,2026-08-07T14:55:00.000Z,ARRIVAL,42,WEATHER,GPS,false
TNT_001,DLY_TRP_0029141,TRP_0029141,2026-08-10T09:45:00.000Z,ARRIVAL,29,DRIVER_LATE,GPS,false
TNT_002,DLY_TRP_0029145,TRP_0029145,2026-08-14T06:41:00.000Z,ARRIVAL,58,TRAFFIC,VENDOR,false
TNT_002,DLY_TRP_0029153,TRP_0029153,2026-08-22T14:22:00.000Z,ARRIVAL,12,TRAFFIC,VENDOR,false
TNT_002,DLY_TRP_0029156,TRP_0029156,2026-08-25T22:04:00.000Z,ARRIVAL,39,VEHICLE_ISSUE,OPS,false
TNT_001,DLY_TRP_0029159,TRP_0029159,2026-08-28T08:54:00.000Z,ARRIVAL,19,TRAFFIC,VENDOR,false
TNT_003,DLY_TRP_0029170,TRP_0029170,2026-06-10T09:30:00.000Z,ARRIVAL,39,DRIVER_LATE,OPS,false
TNT_002,DLY_TRP_0029173,TRP_0029173,2026-06-13T08:50:00.000Z,ARRIVAL,14,ROUTE_DEVIATION,GPS,false
TNT_001,DLY_TRP_0029174,TRP_0029174,2026-06-14T09:45:00.000Z,ARRIVAL,39,VEHICLE_ISSUE,GPS,false
TNT_001,DLY_TRP_0029185,TRP_0029185,2026-06-25T05:53:00.000Z,ARRIVAL,21,TRAFFIC,GPS,false
TNT_001,DLY_TRP_0029188,TRP_0029188,2026-06-28T14:07:00.000Z,ARRIVAL,17,ROUTE_DEVIATION,GPS,false
TNT_001,DLY_TRP_0029211,TRP_0029211,2026-07-21T22:48:00.000Z,ARRIVAL,48,WEATHER,GPS,false
TNT_001,DLY_TRP_0029218,TRP_0029218,2026-07-28T22:12:00.000Z,ARRIVAL,17,TRAFFIC,VENDOR,false
TNT_002,DLY_TRP_0029230,TRP_0029230,2026-08-09T06:35:00.000Z,ARRIVAL,51,DRIVER_LATE,VENDOR,false
TNT_001,DLY_TRP_0029250,TRP_0029250,2026-08-29T06:39:00.000Z,ARRIVAL,29,WEATHER,GPS,false
TNT_001,DLY_TRP_0029252,TRP_0029252,2026-06-02T06:30:00.000Z,ARRIVAL,24,TRAFFIC,VENDOR,false
TNT_003,DLY_TRP_0029255,TRP_0029255,2026-06-05T09:35:00.000Z,ARRIVAL,17,DRIVER_LATE,OPS,false
TNT_002,DLY_TRP_0029256,TRP_0029256,2026-06-06T06:24:00.000Z,ARRIVAL,12,VEHICLE_ISSUE,GPS,false
TNT_001,DLY_TRP_0029257,TRP_0029257,2026-06-07T14:54:00.000Z,ARRIVAL,49,VEHICLE_ISSUE,VENDOR,false
TNT_001,DLY_TRP_0029266,TRP_0029266,2026-06-16T06:09:00.000Z,ARRIVAL,13,WEATHER,OPS,false
TNT_002,DLY_TRP_0029284,TRP_0029284,2026-07-04T22:40:00.000Z,ARRIVAL,55,DRIVER_LATE,GPS,false
TNT_001,DLY_TRP_0029288,TRP_0029288,2026-07-08T06:05:00.000Z,ARRIVAL,21,TRAFFIC,VENDOR,false
TNT_001,DLY_TRP_0029306,TRP_0029306,2026-07-26T14:50:00.000Z,ARRIVAL,36,TRAFFIC,GPS,false
TNT_001,DLY_TRP_0029307,TRP_0029307,2026-07-27T06:02:00.000Z,ARRIVAL,30,ROUTE_DEVIATION,GPS,false
TNT_003,DLY_TRP_0029313,TRP_0029313,2026-08-02T09:09:00.000Z,ARRIVAL,32,TRAFFIC,GPS,false
TNT_003,DLY_TRP_0029317,TRP_0029317,2026-08-06T22:26:00.000Z,ARRIVAL,18,VEHICLE_ISSUE,GPS,false
TNT_002,DLY_TRP_0029327,TRP_0029327,2026-08-16T14:25:00.000Z,ARRIVAL,16,ROUTE_DEVIATION,GPS,false
TNT_001,DLY_TRP_0029329,TRP_0029329,2026-08-18T15:06:00.000Z,ARRIVAL,28,WEATHER,GPS,false
TNT_001,DLY_TRP_0029332,TRP_0029332,2026-08-21T14:58:00.000Z,ARRIVAL,27,TRAFFIC,GPS,false
TNT_001,DLY_TRP_0029341,TRP_0029341,2026-06-01T10:15:00.000Z,ARRIVAL,29,TRAFFIC,GPS,false
TNT_002,DLY_TRP_0029342,TRP_0029342,2026-06-02T06:45:00.000Z,ARRIVAL,54,TRAFFIC,GPS,false
TNT_002,DLY_TRP_0029347,TRP_0029347,2026-06-07T23:04:00.000Z,ARRIVAL,36,DRIVER_LATE,GPS,false
TNT_001,DLY_TRP_0029348,TRP_0029348,2026-06-08T21:56:00.000Z,ARRIVAL,14,DRIVER_LATE,GPS,false
TNT_001,DLY_TRP_0029356,TRP_0029356,2026-06-16T09:59:00.000Z,ARRIVAL,47,VEHICLE_ISSUE,OPS,false
TNT_001,DLY_TRP_0029359,TRP_0029359,2026-06-19T08:47:00.000Z,ARRIVAL,11,TRAFFIC,GPS,false
TNT_002,DLY_TRP_0029373,TRP_0029373,2026-07-03T22:28:00.000Z,ARRIVAL,45,TRAFFIC,OPS,false
TNT_002,DLY_TRP_0029374,TRP_0029374,2026-07-04T22:21:00.000Z,ARRIVAL,32,TRAFFIC,GPS,false
TNT_002,DLY_TRP_0029415,TRP_0029415,2026-08-14T06:31:00.000Z,ARRIVAL,36,DRIVER_LATE,GPS,true
TNT_001,DLY_TRP_0029423,TRP_0029423,2026-08-22T09:11:00.000Z,ARRIVAL,32,DRIVER_LATE,GPS,false
TNT_002,DLY_TRP_0029427,TRP_0029427,2026-08-26T09:04:00.000Z,ARRIVAL,27,ROUTE_DEVIATION,GPS,false
TNT_001,DLY_TRP_0029439,TRP_0029439,2026-06-09T14:54:00.000Z,ARRIVAL,40,ROUTE_DEVIATION,GPS,false
TNT_003,DLY_TRP_0029444,TRP_0029444,2026-06-14T09:25:00.000Z,ARRIVAL,34,DRIVER_LATE,GPS,false
TNT_003,DLY_TRP_0029450,TRP_0029450,2026-06-20T14:29:00.000Z,ARRIVAL,22,DRIVER_LATE,GPS,false
TNT_001,DLY_TRP_0029451,TRP_0029451,2026-06-21T22:12:00.000Z,ARRIVAL,36,TRAFFIC,GPS,false
TNT_002,DLY_TRP_0029463,TRP_0029463,2026-07-03T14:52:00.000Z,ARRIVAL,52,TRAFFIC,GPS,false
TNT_001,DLY_TRP_0029478,TRP_0029478,2026-07-18T10:07:00.000Z,ARRIVAL,30,WEATHER,GPS,false
TNT_003,DLY_TRP_0029481,TRP_0029481,2026-07-21T14:35:00.000Z,ARRIVAL,29,TRAFFIC,OPS,false
TNT_003,DLY_TRP_0029482,TRP_0029482,2026-07-22T07:21:00.000Z,ARRIVAL,50,WEATHER,GPS,false
TNT_001,DLY_TRP_0029485,TRP_0029485,2026-07-25T06:39:00.000Z,ARRIVAL,30,VEHICLE_ISSUE,GPS,false
TNT_002,DLY_TRP_0029503,TRP_0029503,2026-08-12T08:48:00.000Z,ARRIVAL,11,TRAFFIC,GPS,false
TNT_001,DLY_TRP_0029506,TRP_0029506,2026-08-15T23:16:00.000Z,ARRIVAL,35,DRIVER_LATE,VENDOR,false
TNT_001,DLY_TRP_0029510,TRP_0029510,2026-08-19T14:20:00.000Z,ARRIVAL,44,WEATHER,GPS,false
TNT_003,DLY_TRP_0029513,TRP_0029513,2026-08-22T06:59:00.000Z,ARRIVAL,46,WEATHER,VENDOR,false
TNT_003,DLY_TRP_0029514,TRP_0029514,2026-08-23T09:53:00.000Z,ARRIVAL,33,DRIVER_LATE,GPS,false
TNT_001,DLY_TRP_0029523,TRP_0029523,2026-06-03T07:17:00.000Z,ARRIVAL,52,TRAFFIC,VENDOR,false
TNT_001,DLY_TRP_0029529,TRP_0029529,2026-06-09T22:32:00.000Z,ARRIVAL,36,TRAFFIC,GPS,false
TNT_003,DLY_TRP_0029531,TRP_0029531,2026-06-11T22:26:00.000Z,ARRIVAL,11,WEATHER,GPS,false
TNT_001,DLY_TRP_0029532,TRP_0029532,2026-06-12T09:48:00.000Z,ARRIVAL,25,TRAFFIC,VENDOR,true
TNT_002,DLY_TRP_0029536,TRP_0029536,2026-06-16T09:50:00.000Z,ARRIVAL,54,WEATHER,VENDOR,false
TNT_001,DLY_TRP_0029551,TRP_0029551,2026-07-01T10:34:00.000Z,ARRIVAL,54,TRAFFIC,GPS,false
TNT_001,DLY_TRP_0029556,TRP_0029556,2026-07-06T22:55:00.000Z,ARRIVAL,18,TRAFFIC,GPS,false
TNT_002,DLY_TRP_0029557,TRP_0029557,2026-07-07T09:28:00.000Z,ARRIVAL,52,WEATHER,GPS,false
TNT_001,DLY_TRP_0029564,TRP_0029564,2026-07-14T09:54:00.000Z,ARRIVAL,52,WEATHER,GPS,false
TNT_002,DLY_TRP_0029570,TRP_0029570,2026-07-20T09:41:00.000Z,ARRIVAL,56,TRAFFIC,GPS,false
TNT_001,DLY_TRP_0029578,TRP_0029578,2026-07-28T09:44:00.000Z,ARRIVAL,19,ROUTE_DEVIATION,GPS,false
TNT_001,DLY_TRP_0029599,TRP_0029599,2026-08-18T09:39:00.000Z,ARRIVAL,16,WEATHER,GPS,false
TNT_001,DLY_TRP_0029600,TRP_0029600,2026-08-19T14:48:00.000Z,ARRIVAL,23,ROUTE_DEVIATION,OPS,false
TNT_002,DLY_TRP_0029605,TRP_0029605,2026-08-24T22:43:00.000Z,ARRIVAL,44,TRAFFIC,OPS,false
TNT_003,DLY_TRP_0029608,TRP_0029608,2026-08-27T23:27:00.000Z,ARRIVAL,45,VEHICLE_ISSUE,GPS,false
TNT_003,DLY_TRP_0029618,TRP_0029618,2026-06-08T06:29:00.000Z,ARRIVAL,28,DRIVER_LATE,GPS,false
TNT_001,DLY_TRP_0029625,TRP_0029625,2026-06-15T09:57:00.000Z,ARRIVAL,13,WEATHER,GPS,false
TNT_002,DLY_TRP_0029629,TRP_0029629,2026-06-19T14:37:00.000Z,ARRIVAL,56,VEHICLE_ISSUE,GPS,false
TNT_001,DLY_TRP_0029636,TRP_0029636,2026-06-26T14:31:00.000Z,ARRIVAL,38,DRIVER_LATE,GPS,false
TNT_001,DLY_TRP_0029644,TRP_0029644,2026-07-04T15:21:00.000Z,ARRIVAL,47,TRAFFIC,GPS,false
TNT_001,DLY_TRP_0029654,TRP_0029654,2026-07-14T14:36:00.000Z,ARRIVAL,25,DRIVER_LATE,VENDOR,false
TNT_001,DLY_TRP_0029659,TRP_0029659,2026-07-19T06:42:00.000Z,ARRIVAL,14,VEHICLE_ISSUE,GPS,false
TNT_001,DLY_TRP_0029660,TRP_0029660,2026-07-20T06:51:00.000Z,ARRIVAL,43,TRAFFIC,VENDOR,false
TNT_001,DLY_TRP_0029663,TRP_0029663,2026-07-23T07:00:00.000Z,ARRIVAL,30,WEATHER,VENDOR,false
TNT_001,DLY_TRP_0029685,TRP_0029685,2026-08-14T22:50:00.000Z,ARRIVAL,21,DRIVER_LATE,GPS,false
TNT_001,DLY_TRP_0029690,TRP_0029690,2026-08-19T09:48:00.000Z,ARRIVAL,49,ROUTE_DEVIATION,GPS,false
TNT_002,DLY_TRP_0029695,TRP_0029695,2026-08-24T22:30:00.000Z,ARRIVAL,29,DRIVER_LATE,VENDOR,false
TNT_001,DLY_TRP_0029696,TRP_0029696,2026-08-25T09:55:00.000Z,ARRIVAL,45,VEHICLE_ISSUE,GPS,false
TNT_001,DLY_TRP_0029704,TRP_0029704,2026-06-04T10:38:00.000Z,ARRIVAL,43,WEATHER,GPS,false
TNT_002,DLY_TRP_0029707,TRP_0029707,2026-06-07T09:22:00.000Z,ARRIVAL,13,ROUTE_DEVIATION,GPS,false
TNT_001,DLY_TRP_0029721,TRP_0029721,2026-06-21T22:51:00.000Z,ARRIVAL,56,DRIVER_LATE,GPS,false
TNT_001,DLY_TRP_0029728,TRP_0029728,2026-06-28T14:59:00.000Z,ARRIVAL,26,TRAFFIC,GPS,false
TNT_001,DLY_TRP_0029731,TRP_0029731,2026-07-01T14:58:00.000Z,ARRIVAL,46,TRAFFIC,VENDOR,false
TNT_001,DLY_TRP_0029732,TRP_0029732,2026-07-02T09:52:00.000Z,ARRIVAL,22,VEHICLE_ISSUE,VENDOR,false
TNT_002,DLY_TRP_0029734,TRP_0029734,2026-07-04T06:31:00.000Z,ARRIVAL,44,TRAFFIC,GPS,false
TNT_001,DLY_TRP_0029747,TRP_0029747,2026-07-17T14:59:00.000Z,ARRIVAL,50,WEATHER,VENDOR,false
TNT_001,DLY_TRP_0029775,TRP_0029775,2026-08-14T10:13:00.000Z,ARRIVAL,51,TRAFFIC,GPS,false
TNT_002,DLY_TRP_0029783,TRP_0029783,2026-08-22T23:04:00.000Z,ARRIVAL,55,VEHICLE_ISSUE,GPS,false
TNT_001,DLY_TRP_0029795,TRP_0029795,2026-06-05T23:39:00.000Z,ARRIVAL,57,TRAFFIC,VENDOR,false
TNT_001,DLY_TRP_0029796,TRP_0029796,2026-06-06T22:47:00.000Z,ARRIVAL,12,VEHICLE_ISSUE,VENDOR,false
TNT_001,DLY_TRP_0029810,TRP_0029810,2026-06-20T09:15:00.000Z,ARRIVAL,42,TRAFFIC,OPS,false
TNT_001,DLY_TRP_0029811,TRP_0029811,2026-06-21T06:18:00.000Z,ARRIVAL,29,VEHICLE_ISSUE,VENDOR,false
TNT_002,DLY_TRP_0029829,TRP_0029829,2026-07-09T07:09:00.000Z,ARRIVAL,38,WEATHER,VENDOR,false
TNT_001,DLY_TRP_0029838,TRP_0029838,2026-07-18T09:21:00.000Z,ARRIVAL,29,ROUTE_DEVIATION,GPS,false
TNT_001,DLY_TRP_0029850,TRP_0029850,2026-07-30T15:06:00.000Z,ARRIVAL,25,VEHICLE_ISSUE,GPS,false
TNT_003,DLY_TRP_0029857,TRP_0029857,2026-08-06T06:03:00.000Z,ARRIVAL,14,ROUTE_DEVIATION,GPS,false
TNT_001,DLY_TRP_0029867,TRP_0029867,2026-08-16T09:04:00.000Z,ARRIVAL,12,VEHICLE_ISSUE,VENDOR,false
TNT_001,DLY_TRP_0029871,TRP_0029871,2026-08-20T10:05:00.000Z,ARRIVAL,40,DRIVER_LATE,GPS,false
TNT_001,DLY_TRP_0029872,TRP_0029872,2026-08-21T07:14:00.000Z,ARRIVAL,57,VEHICLE_ISSUE,GPS,false
TNT_001,DLY_TRP_0029877,TRP_0029877,2026-08-26T23:11:00.000Z,ARRIVAL,55,DRIVER_LATE,GPS,false
TNT_001,DLY_TRP_0029884,TRP_0029884,2026-06-04T14:22:00.000Z,ARRIVAL,12,DRIVER_LATE,VENDOR,false
TNT_003,DLY_TRP_0029887,TRP_0029887,2026-06-07T22:31:00.000Z,ARRIVAL,32,WEATHER,GPS,false
TNT_001,DLY_TRP_0029893,TRP_0029893,2026-06-13T06:54:00.000Z,ARRIVAL,35,TRAFFIC,GPS,false
TNT_001,DLY_TRP_0029898,TRP_0029898,2026-06-18T10:10:00.000Z,ARRIVAL,43,ROUTE_DEVIATION,GPS,false
TNT_002,DLY_TRP_0029899,TRP_0029899,2026-06-19T22:38:00.000Z,ARRIVAL,33,WEATHER,GPS,false
TNT_002,DLY_TRP_0029910,TRP_0029910,2026-06-30T15:18:00.000Z,ARRIVAL,44,DRIVER_LATE,VENDOR,false
TNT_001,DLY_TRP_0029911,TRP_0029911,2026-07-01T09:44:00.000Z,ARRIVAL,34,VEHICLE_ISSUE,GPS,false
TNT_003,DLY_TRP_0029918,TRP_0029918,2026-07-08T06:59:00.000Z,ARRIVAL,52,WEATHER,GPS,false
TNT_001,DLY_TRP_0029928,TRP_0029928,2026-07-18T14:41:00.000Z,ARRIVAL,33,TRAFFIC,OPS,false
TNT_002,DLY_TRP_0029929,TRP_0029929,2026-07-19T09:24:00.000Z,ARRIVAL,15,ROUTE_DEVIATION,GPS,false
TNT_001,DLY_TRP_0029943,TRP_0029943,2026-08-02T22:47:00.000Z,ARRIVAL,43,WEATHER,OPS,false
TNT_002,DLY_TRP_0029945,TRP_0029945,2026-08-04T09:34:00.000Z,ARRIVAL,27,ROUTE_DEVIATION,VENDOR,false
TNT_003,DLY_TRP_0029946,TRP_0029946,2026-08-05T14:02:00.000Z,ARRIVAL,32,TRAFFIC,GPS,false
TNT_003,DLY_TRP_0029956,TRP_0029956,2026-08-15T09:53:00.000Z,ARRIVAL,19,DRIVER_LATE,VENDOR,false
TNT_001,DLY_TRP_0029964,TRP_0029964,2026-08-23T23:12:00.000Z,ARRIVAL,43,TRAFFIC,GPS,false
TNT_002,DLY_TRP_0029968,TRP_0029968,2026-08-27T14:44:00.000Z,ARRIVAL,50,VEHICLE_ISSUE,GPS,false
TNT_002,DLY_TRP_0029975,TRP_0029975,2026-06-05T06:41:00.000Z,ARRIVAL,56,ROUTE_DEVIATION,VENDOR,false
TNT_001,DLY_TRP_0029987,TRP_0029987,2026-06-17T06:02:00.000Z,ARRIVAL,11,TRAFFIC,OPS,true
TNT_001,DLY_TRP_0029989,TRP_0029989,2026-06-19T09:44:00.000Z,ARRIVAL,52,WEATHER,VENDOR,false
TNT_002,DLY_TRP_0029991,TRP_0029991,2026-06-21T14:21:00.000Z,ARRIVAL,12,VEHICLE_ISSUE,VENDOR,true
TNT_001,DLY_TRP_0029994,TRP_0029994,2026-06-24T06:42:00.000Z,ARRIVAL,40,TRAFFIC,VENDOR,false
TNT_001,DLY_TRP_0029996,TRP_0029996,2026-06-26T09:41:00.000Z,ARRIVAL,39,ROUTE_DEVIATION,GPS,false
TNT_001,DLY_TRP_0029999,TRP_0029999,2026-06-29T10:02:00.000Z,ARRIVAL,26,WEATHER,OPS,false
TNT_001,DLY_TRP_0030010,TRP_0030010,2026-07-10T10:08:00.000Z,ARRIVAL,36,TRAFFIC,OPS,false
TNT_002,DLY_TRP_0030032,TRP_0030032,2026-08-01T09:13:00.000Z,ARRIVAL,29,DRIVER_LATE,VENDOR,false
TNT_002,DLY_TRP_0030036,TRP_0030036,2026-08-05T10:02:00.000Z,ARRIVAL,56,WEATHER,GPS,false
TNT_001,DLY_TRP_0030040,TRP_0030040,2026-08-09T09:25:00.000Z,ARRIVAL,53,TRAFFIC,GPS,false
TNT_003,DLY_TRP_0030047,TRP_0030047,2026-08-16T22:33:00.000Z,ARRIVAL,54,TRAFFIC,GPS,false
TNT_001,DLY_TRP_0030053,TRP_0030053,2026-08-22T22:17:00.000Z,ARRIVAL,27,TRAFFIC,GPS,false
TNT_002,DLY_TRP_0030074,TRP_0030074,2026-06-14T09:15:00.000Z,ARRIVAL,40,ROUTE_DEVIATION,OPS,false
TNT_001,DLY_TRP_0030077,TRP_0030077,2026-06-17T22:42:00.000Z,ARRIVAL,23,TRAFFIC,OPS,false
TNT_001,DLY_TRP_0030081,TRP_0030081,2026-06-21T15:00:00.000Z,ARRIVAL,27,ROUTE_DEVIATION,VENDOR,false
TNT_001,DLY_TRP_0030082,TRP_0030082,2026-06-22T06:48:00.000Z,ARRIVAL,43,DRIVER_LATE,VENDOR,false
TNT_001,DLY_TRP_0030083,TRP_0030083,2026-06-23T15:23:00.000Z,ARRIVAL,47,TRAFFIC,VENDOR,false
TNT_003,DLY_TRP_0030092,TRP_0030092,2026-07-02T09:20:00.000Z,ARRIVAL,13,ROUTE_DEVIATION,GPS,false
TNT_003,DLY_TRP_0030094,TRP_0030094,2026-07-04T14:43:00.000Z,ARRIVAL,33,WEATHER,VENDOR,false
TNT_002,DLY_TRP_0030108,TRP_0030108,2026-07-18T06:10:00.000Z,ARRIVAL,41,DRIVER_LATE,VENDOR,false
TNT_003,DLY_TRP_0030118,TRP_0030118,2026-07-28T06:25:00.000Z,ARRIVAL,43,TRAFFIC,GPS,false
TNT_001,DLY_TRP_0030127,TRP_0030127,2026-08-06T08:41:00.000Z,ARRIVAL,16,WEATHER,GPS,false
TNT_003,DLY_TRP_0030153,TRP_0030153,2026-06-03T06:13:00.000Z,ARRIVAL,25,VEHICLE_ISSUE,OPS,false
TNT_001,DLY_TRP_0030173,TRP_0030173,2026-06-23T07:02:00.000Z,ARRIVAL,56,VEHICLE_ISSUE,OPS,false
TNT_002,DLY_TRP_0030189,TRP_0030189,2026-07-09T14:22:00.000Z,ARRIVAL,14,TRAFFIC,GPS,false
TNT_001,DLY_TRP_0030193,TRP_0030193,2026-07-13T23:35:00.000Z,ARRIVAL,57,ROUTE_DEVIATION,VENDOR,false
TNT_001,DLY_TRP_0030196,TRP_0030196,2026-07-16T14:48:00.000Z,ARRIVAL,19,WEATHER,GPS,false
TNT_001,DLY_TRP_0030199,TRP_0030199,2026-07-19T06:49:00.000Z,ARRIVAL,39,WEATHER,GPS,false
TNT_001,DLY_TRP_0030202,TRP_0030202,2026-07-22T09:46:00.000Z,ARRIVAL,47,TRAFFIC,GPS,false
TNT_002,DLY_TRP_0030206,TRP_0030206,2026-07-26T22:22:00.000Z,ARRIVAL,21,WEATHER,VENDOR,false
TNT_001,DLY_TRP_0030214,TRP_0030214,2026-08-03T06:45:00.000Z,ARRIVAL,20,TRAFFIC,GPS,false
TNT_001,DLY_TRP_0030219,TRP_0030219,2026-08-08T09:53:00.000Z,ARRIVAL,28,TRAFFIC,OPS,false
TNT_001,DLY_TRP_0030220,TRP_0030220,2026-08-09T09:40:00.000Z,ARRIVAL,46,ROUTE_DEVIATION,OPS,false
TNT_003,DLY_TRP_0030221,TRP_0030221,2026-08-10T09:55:00.000Z,ARRIVAL,48,DRIVER_LATE,GPS,false
TNT_001,DLY_TRP_0030234,TRP_0030234,2026-08-23T22:37:00.000Z,ARRIVAL,37,DRIVER_LATE,VENDOR,true
TNT_001,DLY_TRP_0030249,TRP_0030249,2026-06-09T10:13:00.000Z,ARRIVAL,58,TRAFFIC,VENDOR,false
TNT_002,DLY_TRP_0030250,TRP_0030250,2026-06-10T22:21:00.000Z,ARRIVAL,18,TRAFFIC,GPS,true
TNT_002,DLY_TRP_0030251,TRP_0030251,2026-06-11T09:43:00.000Z,ARRIVAL,38,TRAFFIC,VENDOR,false
TNT_002,DLY_TRP_0030254,TRP_0030254,2026-06-14T14:18:00.000Z,ARRIVAL,39,TRAFFIC,GPS,false
TNT_001,DLY_TRP_0030272,TRP_0030272,2026-07-02T14:32:00.000Z,ARRIVAL,51,TRAFFIC,OPS,false
TNT_001,DLY_TRP_0030276,TRP_0030276,2026-07-06T22:24:00.000Z,ARRIVAL,14,TRAFFIC,GPS,false
TNT_001,DLY_TRP_0030278,TRP_0030278,2026-07-08T06:59:00.000Z,ARRIVAL,50,DRIVER_LATE,GPS,false
TNT_001,DLY_TRP_0030292,TRP_0030292,2026-07-22T22:48:00.000Z,ARRIVAL,54,ROUTE_DEVIATION,GPS,false
TNT_001,DLY_TRP_0030297,TRP_0030297,2026-07-27T06:38:00.000Z,ARRIVAL,23,TRAFFIC,VENDOR,false
TNT_002,DLY_TRP_0030298,TRP_0030298,2026-07-28T09:52:00.000Z,ARRIVAL,53,WEATHER,GPS,false
TNT_001,DLY_TRP_0030299,TRP_0030299,2026-07-29T09:29:00.000Z,ARRIVAL,45,ROUTE_DEVIATION,GPS,false
TNT_002,DLY_TRP_0030300,TRP_0030300,2026-07-30T07:25:00.000Z,ARRIVAL,28,ROUTE_DEVIATION,GPS,false
TNT_001,DLY_TRP_0030301,TRP_0030301,2026-07-31T22:02:00.000Z,ARRIVAL,13,ROUTE_DEVIATION,GPS,false
TNT_001,DLY_TRP_0030317,TRP_0030317,2026-08-16T07:01:00.000Z,ARRIVAL,31,DRIVER_LATE,GPS,false
TNT_002,DLY_TRP_0030328,TRP_0030328,2026-08-27T05:53:00.000Z,ARRIVAL,18,WEATHER,GPS,false
TNT_002,DLY_TRP_0030336,TRP_0030336,2026-06-06T09:09:00.000Z,ARRIVAL,19,TRAFFIC,GPS,false
TNT_002,DLY_TRP_0030337,TRP_0030337,2026-06-07T14:43:00.000Z,ARRIVAL,42,TRAFFIC,GPS,false
TNT_001,DLY_TRP_0030348,TRP_0030348,2026-06-18T10:04:00.000Z,ARRIVAL,40,TRAFFIC,GPS,false
TNT_002,DLY_TRP_0030353,TRP_0030353,2026-06-23T06:49:00.000Z,ARRIVAL,34,DRIVER_LATE,OPS,false
TNT_003,DLY_TRP_0030361,TRP_0030361,2026-07-01T10:29:00.000Z,ARRIVAL,26,ROUTE_DEVIATION,GPS,false
TNT_002,DLY_TRP_0030368,TRP_0030368,2026-07-08T22:09:00.000Z,ARRIVAL,28,WEATHER,GPS,false
TNT_001,DLY_TRP_0030389,TRP_0030389,2026-07-29T10:18:00.000Z,ARRIVAL,48,WEATHER,OPS,false
TNT_001,DLY_TRP_0030396,TRP_0030396,2026-08-05T09:39:00.000Z,ARRIVAL,27,VEHICLE_ISSUE,GPS,false
TNT_001,DLY_TRP_0030398,TRP_0030398,2026-08-07T22:54:00.000Z,ARRIVAL,42,WEATHER,GPS,false
TNT_001,DLY_TRP_0030401,TRP_0030401,2026-08-10T10:05:00.000Z,ARRIVAL,44,TRAFFIC,GPS,false
TNT_002,DLY_TRP_0030412,TRP_0030412,2026-08-21T06:33:00.000Z,ARRIVAL,26,ROUTE_DEVIATION,VENDOR,false
TNT_003,DLY_TRP_0030419,TRP_0030419,2026-08-28T10:15:00.000Z,ARRIVAL,33,VEHICLE_ISSUE,GPS,false
TNT_001,DLY_TRP_0030422,TRP_0030422,2026-06-02T06:40:00.000Z,ARRIVAL,35,WEATHER,VENDOR,false
TNT_001,DLY_TRP_0030425,TRP_0030425,2026-06-05T09:29:00.000Z,ARRIVAL,14,WEATHER,GPS,false
TNT_002,DLY_TRP_0030429,TRP_0030429,2026-06-09T09:51:00.000Z,ARRIVAL,52,TRAFFIC,OPS,false
TNT_001,DLY_TRP_0030433,TRP_0030433,2026-06-13T09:59:00.000Z,ARRIVAL,47,WEATHER,GPS,false
TNT_001,DLY_TRP_0030435,TRP_0030435,2026-06-15T09:52:00.000Z,ARRIVAL,34,WEATHER,GPS,false
TNT_001,DLY_TRP_0030448,TRP_0030448,2026-06-28T07:28:00.000Z,ARRIVAL,53,ROUTE_DEVIATION,GPS,false
TNT_003,DLY_TRP_0030487,TRP_0030487,2026-08-06T07:05:00.000Z,ARRIVAL,29,TRAFFIC,GPS,false
TNT_001,DLY_TRP_0030488,TRP_0030488,2026-08-07T06:03:00.000Z,ARRIVAL,29,DRIVER_LATE,VENDOR,false
TNT_001,DLY_TRP_0030492,TRP_0030492,2026-08-11T09:00:00.000Z,ARRIVAL,15,ROUTE_DEVIATION,VENDOR,false
TNT_001,DLY_TRP_0030510,TRP_0030510,2026-08-29T07:08:00.000Z,ARRIVAL,31,TRAFFIC,OPS,false
TNT_001,DLY_TRP_0030521,TRP_0030521,2026-06-11T07:29:00.000Z,ARRIVAL,43,TRAFFIC,OPS,false
TNT_001,DLY_TRP_0030523,TRP_0030523,2026-06-13T09:41:00.000Z,ARRIVAL,40,WEATHER,VENDOR,false
TNT_002,DLY_TRP_0030524,TRP_0030524,2026-06-14T09:43:00.000Z,ARRIVAL,46,ROUTE_DEVIATION,OPS,false
TNT_003,DLY_TRP_0030526,TRP_0030526,2026-06-16T22:27:00.000Z,ARRIVAL,18,WEATHER,OPS,false
TNT_001,DLY_TRP_0030528,TRP_0030528,2026-06-18T14:37:00.000Z,ARRIVAL,57,WEATHER,OPS,false
TNT_002,DLY_TRP_0030529,TRP_0030529,2026-06-19T22:49:00.000Z,ARRIVAL,17,TRAFFIC,GPS,false
TNT_001,DLY_TRP_0030540,TRP_0030540,2026-06-30T09:34:00.000Z,ARRIVAL,46,TRAFFIC,GPS,false
TNT_001,DLY_TRP_0030556,TRP_0030556,2026-07-16T14:37:00.000Z,ARRIVAL,44,TRAFFIC,VENDOR,false
TNT_003,DLY_TRP_0030569,TRP_0030569,2026-07-29T07:09:00.000Z,ARRIVAL,47,TRAFFIC,GPS,false
TNT_003,DLY_TRP_0030571,TRP_0030571,2026-07-31T14:42:00.000Z,ARRIVAL,44,VEHICLE_ISSUE,GPS,false
TNT_001,DLY_TRP_0030589,TRP_0030589,2026-08-18T10:20:00.000Z,ARRIVAL,24,TRAFFIC,GPS,false
TNT_003,DLY_TRP_0030591,TRP_0030591,2026-08-20T22:38:00.000Z,ARRIVAL,34,VEHICLE_ISSUE,GPS,false
TNT_001,DLY_TRP_0030609,TRP_0030609,2026-06-09T06:56:00.000Z,ARRIVAL,51,TRAFFIC,OPS,false
TNT_002,DLY_TRP_0030610,TRP_0030610,2026-06-10T14:54:00.000Z,ARRIVAL,50,DRIVER_LATE,GPS,false
TNT_001,DLY_TRP_0030613,TRP_0030613,2026-06-13T06:31:00.000Z,ARRIVAL,18,DRIVER_LATE,GPS,false
TNT_002,DLY_TRP_0030629,TRP_0030629,2026-06-29T06:54:00.000Z,ARRIVAL,36,WEATHER,OPS,false
TNT_001,DLY_TRP_0030636,TRP_0030636,2026-07-06T14:05:00.000Z,ARRIVAL,35,DRIVER_LATE,GPS,false
TNT_001,DLY_TRP_0030642,TRP_0030642,2026-07-12T14:14:00.000Z,ARRIVAL,27,ROUTE_DEVIATION,VENDOR,false
TNT_001,DLY_TRP_0030647,TRP_0030647,2026-07-17T06:20:00.000Z,ARRIVAL,26,WEATHER,OPS,false
TNT_001,DLY_TRP_0030649,TRP_0030649,2026-07-19T06:44:00.000Z,ARRIVAL,28,DRIVER_LATE,VENDOR,false
TNT_002,DLY_TRP_0030653,TRP_0030653,2026-07-23T22:03:00.000Z,ARRIVAL,24,TRAFFIC,GPS,false
TNT_001,DLY_TRP_0030655,TRP_0030655,2026-07-25T23:23:00.000Z,ARRIVAL,45,ROUTE_DEVIATION,VENDOR,false
TNT_002,DLY_TRP_0030664,TRP_0030664,2026-08-03T14:09:00.000Z,ARRIVAL,29,ROUTE_DEVIATION,GPS,false
TNT_001,DLY_TRP_0030666,TRP_0030666,2026-08-05T10:13:00.000Z,ARRIVAL,40,VEHICLE_ISSUE,GPS,false
TNT_001,DLY_TRP_0030668,TRP_0030668,2026-08-07T09:12:00.000Z,ARRIVAL,33,TRAFFIC,GPS,true
TNT_001,DLY_TRP_0030677,TRP_0030677,2026-08-16T23:10:00.000Z,ARRIVAL,55,TRAFFIC,VENDOR,false
TNT_003,DLY_TRP_0030706,TRP_0030706,2026-06-16T22:42:00.000Z,ARRIVAL,28,ROUTE_DEVIATION,GPS,false
TNT_001,DLY_TRP_0030707,TRP_0030707,2026-06-17T14:40:00.000Z,ARRIVAL,25,TRAFFIC,GPS,true
TNT_001,DLY_TRP_0030711,TRP_0030711,2026-06-21T09:37:00.000Z,ARRIVAL,23,ROUTE_DEVIATION,GPS,false
TNT_002,DLY_TRP_0030712,TRP_0030712,2026-06-22T09:32:00.000Z,ARRIVAL,50,WEATHER,VENDOR,false
TNT_001,DLY_TRP_0030717,TRP_0030717,2026-06-27T09:02:00.000Z,ARRIVAL,19,WEATHER,GPS,false
TNT_001,DLY_TRP_0030719,TRP_0030719,2026-06-29T22:44:00.000Z,ARRIVAL,46,WEATHER,GPS,false
TNT_003,DLY_TRP_0030722,TRP_0030722,2026-07-02T09:39:00.000Z,ARRIVAL,57,ROUTE_DEVIATION,VENDOR,false
TNT_001,DLY_TRP_0030732,TRP_0030732,2026-07-12T09:33:00.000Z,ARRIVAL,51,ROUTE_DEVIATION,GPS,false
TNT_002,DLY_TRP_0030739,TRP_0030739,2026-07-19T09:39:00.000Z,ARRIVAL,23,DRIVER_LATE,GPS,false
TNT_001,DLY_TRP_0030743,TRP_0030743,2026-07-23T22:50:00.000Z,ARRIVAL,58,TRAFFIC,OPS,false
TNT_001,DLY_TRP_0030746,TRP_0030746,2026-07-26T10:07:00.000Z,ARRIVAL,55,TRAFFIC,VENDOR,false
TNT_001,DLY_TRP_0030759,TRP_0030759,2026-08-08T09:45:00.000Z,ARRIVAL,28,WEATHER,VENDOR,false
TNT_001,DLY_TRP_0030763,TRP_0030763,2026-08-12T15:20:00.000Z,ARRIVAL,48,VEHICLE_ISSUE,OPS,false
TNT_003,DLY_TRP_0030766,TRP_0030766,2026-08-15T10:30:00.000Z,ARRIVAL,20,TRAFFIC,GPS,true
TNT_001,DLY_TRP_0030772,TRP_0030772,2026-08-21T14:24:00.000Z,ARRIVAL,28,ROUTE_DEVIATION,OPS,false
TNT_003,DLY_TRP_0030780,TRP_0030780,2026-08-29T22:25:00.000Z,ARRIVAL,48,TRAFFIC,VENDOR,false
TNT_002,DLY_TRP_0030784,TRP_0030784,2026-06-04T09:34:00.000Z,ARRIVAL,36,TRAFFIC,GPS,false
TNT_003,DLY_TRP_0030794,TRP_0030794,2026-06-14T14:11:00.000Z,ARRIVAL,12,TRAFFIC,GPS,false
TNT_003,DLY_TRP_0030803,TRP_0030803,2026-06-23T22:39:00.000Z,ARRIVAL,49,WEATHER,GPS,false
TNT_001,DLY_TRP_0030805,TRP_0030805,2026-06-25T06:27:00.000Z,ARRIVAL,14,TRAFFIC,OPS,false
TNT_001,DLY_TRP_0030813,TRP_0030813,2026-07-03T09:59:00.000Z,ARRIVAL,31,TRAFFIC,OPS,false
TNT_001,DLY_TRP_0030818,TRP_0030818,2026-07-08T09:47:00.000Z,ARRIVAL,36,DRIVER_LATE,GPS,false
TNT_001,DLY_TRP_0030822,TRP_0030822,2026-07-12T10:17:00.000Z,ARRIVAL,38,TRAFFIC,GPS,false
TNT_003,DLY_TRP_0030830,TRP_0030830,2026-07-20T09:39:00.000Z,ARRIVAL,27,DRIVER_LATE,GPS,false
TNT_003,DLY_TRP_0030834,TRP_0030834,2026-07-24T14:33:00.000Z,ARRIVAL,19,WEATHER,GPS,false
TNT_001,DLY_TRP_0030838,TRP_0030838,2026-07-28T09:56:00.000Z,ARRIVAL,26,WEATHER,GPS,false
TNT_002,DLY_TRP_0030845,TRP_0030845,2026-08-04T15:08:00.000Z,ARRIVAL,39,TRAFFIC,OPS,false
TNT_001,DLY_TRP_0030850,TRP_0030850,2026-08-09T22:51:00.000Z,ARRIVAL,38,DRIVER_LATE,GPS,false
TNT_001,DLY_TRP_0030851,TRP_0030851,2026-08-10T06:39:00.000Z,ARRIVAL,53,ROUTE_DEVIATION,OPS,false
TNT_001,DLY_TRP_0030856,TRP_0030856,2026-08-15T09:44:00.000Z,ARRIVAL,32,ROUTE_DEVIATION,GPS,true
TNT_003,DLY_TRP_0030864,TRP_0030864,2026-08-23T06:32:00.000Z,ARRIVAL,13,TRAFFIC,OPS,true
TNT_001,DLY_TRP_0030868,TRP_0030868,2026-08-27T09:32:00.000Z,ARRIVAL,15,TRAFFIC,GPS,false
TNT_002,DLY_TRP_0030874,TRP_0030874,2026-06-04T22:08:00.000Z,ARRIVAL,11,TRAFFIC,GPS,false
TNT_001,DLY_TRP_0030877,TRP_0030877,2026-06-07T07:13:00.000Z,ARRIVAL,36,DRIVER_LATE,GPS,false
TNT_001,DLY_TRP_0030882,TRP_0030882,2026-06-12T07:23:00.000Z,ARRIVAL,44,TRAFFIC,GPS,false
TNT_001,DLY_TRP_0030887,TRP_0030887,2026-06-17T06:54:00.000Z,ARRIVAL,40,VEHICLE_ISSUE,VENDOR,false
TNT_001,DLY_TRP_0030891,TRP_0030891,2026-06-21T06:06:00.000Z,ARRIVAL,25,TRAFFIC,GPS,false
TNT_001,DLY_TRP_0030904,TRP_0030904,2026-07-04T15:00:00.000Z,ARRIVAL,22,TRAFFIC,GPS,false
TNT_001,DLY_TRP_0030920,TRP_0030920,2026-07-20T10:10:00.000Z,ARRIVAL,31,TRAFFIC,VENDOR,false
TNT_001,DLY_TRP_0030932,TRP_0030932,2026-08-01T22:03:00.000Z,ARRIVAL,35,TRAFFIC,GPS,false
TNT_001,DLY_TRP_0030935,TRP_0030935,2026-08-04T09:34:00.000Z,ARRIVAL,52,WEATHER,GPS,false
TNT_003,DLY_TRP_0030936,TRP_0030936,2026-08-05T10:08:00.000Z,ARRIVAL,48,WEATHER,OPS,false
TNT_001,DLY_TRP_0030937,TRP_0030937,2026-08-06T07:27:00.000Z,ARRIVAL,53,TRAFFIC,OPS,false
TNT_001,DLY_TRP_0030938,TRP_0030938,2026-08-07T14:19:00.000Z,ARRIVAL,15,TRAFFIC,GPS,false
TNT_001,DLY_TRP_0030941,TRP_0030941,2026-08-10T06:19:00.000Z,ARRIVAL,38,WEATHER,VENDOR,false
TNT_001,DLY_TRP_0030942,TRP_0030942,2026-08-11T06:23:00.000Z,ARRIVAL,25,VEHICLE_ISSUE,GPS,false
TNT_001,DLY_TRP_0030948,TRP_0030948,2026-08-17T10:24:00.000Z,ARRIVAL,41,WEATHER,VENDOR,false
TNT_001,DLY_TRP_0030950,TRP_0030950,2026-08-19T14:35:00.000Z,ARRIVAL,18,DRIVER_LATE,GPS,false
TNT_001,DLY_TRP_0030953,TRP_0030953,2026-08-22T22:32:00.000Z,ARRIVAL,27,TRAFFIC,VENDOR,false
TNT_001,DLY_TRP_0030977,TRP_0030977,2026-06-17T07:16:00.000Z,ARRIVAL,43,TRAFFIC,GPS,false
TNT_001,DLY_TRP_0030983,TRP_0030983,2026-06-23T22:30:00.000Z,ARRIVAL,12,WEATHER,VENDOR,false
TNT_002,DLY_TRP_0031003,TRP_0031003,2026-07-13T06:02:00.000Z,ARRIVAL,36,WEATHER,GPS,false
TNT_002,DLY_TRP_0031004,TRP_0031004,2026-07-14T09:06:00.000Z,ARRIVAL,14,TRAFFIC,GPS,false
TNT_001,DLY_TRP_0031008,TRP_0031008,2026-07-18T06:42:00.000Z,ARRIVAL,51,TRAFFIC,VENDOR,false
TNT_003,DLY_TRP_0031010,TRP_0031010,2026-07-20T09:46:00.000Z,ARRIVAL,32,TRAFFIC,GPS,true
TNT_002,DLY_TRP_0031015,TRP_0031015,2026-07-25T09:18:00.000Z,ARRIVAL,31,TRAFFIC,GPS,false
TNT_003,DLY_TRP_0031024,TRP_0031024,2026-08-03T09:45:00.000Z,ARRIVAL,45,WEATHER,GPS,false
TNT_002,DLY_TRP_0031043,TRP_0031043,2026-08-22T07:08:00.000Z,ARRIVAL,51,WEATHER,GPS,false
TNT_003,DLY_TRP_0031046,TRP_0031046,2026-08-25T06:25:00.000Z,ARRIVAL,25,WEATHER,GPS,false
TNT_001,DLY_TRP_0031053,TRP_0031053,2026-06-03T09:41:00.000Z,ARRIVAL,51,ROUTE_DEVIATION,GPS,false
TNT_002,DLY_TRP_0031055,TRP_0031055,2026-06-05T23:10:00.000Z,ARRIVAL,53,WEATHER,VENDOR,false
TNT_002,DLY_TRP_0031056,TRP_0031056,2026-06-06T21:41:00.000Z,ARRIVAL,14,TRAFFIC,GPS,false
TNT_003,DLY_TRP_0031077,TRP_0031077,2026-06-27T10:21:00.000Z,ARRIVAL,37,VEHICLE_ISSUE,GPS,false
TNT_001,DLY_TRP_0031079,TRP_0031079,2026-06-29T22:58:00.000Z,ARRIVAL,52,TRAFFIC,GPS,false
TNT_001,DLY_TRP_0031104,TRP_0031104,2026-07-24T14:39:00.000Z,ARRIVAL,21,TRAFFIC,GPS,false
TNT_001,DLY_TRP_0031105,TRP_0031105,2026-07-25T09:32:00.000Z,ARRIVAL,13,DRIVER_LATE,GPS,false
TNT_001,DLY_TRP_0031113,TRP_0031113,2026-08-02T14:26:00.000Z,ARRIVAL,27,VEHICLE_ISSUE,GPS,false
TNT_002,DLY_TRP_0031117,TRP_0031117,2026-08-06T09:49:00.000Z,ARRIVAL,28,WEATHER,OPS,false
TNT_001,DLY_TRP_0031121,TRP_0031121,2026-08-10T10:11:00.000Z,ARRIVAL,41,TRAFFIC,VENDOR,false
TNT_001,DLY_TRP_0031122,TRP_0031122,2026-08-11T09:43:00.000Z,ARRIVAL,58,TRAFFIC,GPS,false
TNT_003,DLY_TRP_0031123,TRP_0031123,2026-08-12T23:30:00.000Z,ARRIVAL,55,WEATHER,GPS,false
TNT_002,DLY_TRP_0031134,TRP_0031134,2026-08-23T14:26:00.000Z,ARRIVAL,23,ROUTE_DEVIATION,GPS,false
TNT_001,DLY_TRP_0031136,TRP_0031136,2026-08-25T22:26:00.000Z,ARRIVAL,27,VEHICLE_ISSUE,OPS,false
TNT_002,DLY_TRP_0031137,TRP_0031137,2026-08-26T06:05:00.000Z,ARRIVAL,25,ROUTE_DEVIATION,GPS,false
TNT_001,DLY_TRP_0031148,TRP_0031148,2026-06-08T09:37:00.000Z,ARRIVAL,16,WEATHER,GPS,false
TNT_003,DLY_TRP_0031149,TRP_0031149,2026-06-09T06:00:00.000Z,ARRIVAL,11,ROUTE_DEVIATION,OPS,false
TNT_003,DLY_TRP_0031161,TRP_0031161,2026-06-21T06:01:00.000Z,ARRIVAL,11,DRIVER_LATE,GPS,false
TNT_003,DLY_TRP_0031163,TRP_0031163,2026-06-23T23:09:00.000Z,ARRIVAL,45,TRAFFIC,GPS,false
TNT_001,DLY_TRP_0031165,TRP_0031165,2026-06-25T22:05:00.000Z,ARRIVAL,27,TRAFFIC,OPS,false
TNT_002,DLY_TRP_0031176,TRP_0031176,2026-07-06T14:18:00.000Z,ARRIVAL,45,ROUTE_DEVIATION,OPS,false
TNT_003,DLY_TRP_0031180,TRP_0031180,2026-07-10T09:38:00.000Z,ARRIVAL,25,ROUTE_DEVIATION,GPS,false
TNT_001,DLY_TRP_0031181,TRP_0031181,2026-07-11T07:14:00.000Z,ARRIVAL,49,VEHICLE_ISSUE,GPS,false
TNT_001,DLY_TRP_0031190,TRP_0031190,2026-07-20T07:14:00.000Z,ARRIVAL,55,TRAFFIC,OPS,false
TNT_001,DLY_TRP_0031193,TRP_0031193,2026-07-23T22:31:00.000Z,ARRIVAL,47,TRAFFIC,GPS,false
TNT_001,DLY_TRP_0031196,TRP_0031196,2026-07-26T09:47:00.000Z,ARRIVAL,51,TRAFFIC,GPS,false
TNT_001,DLY_TRP_0031197,TRP_0031197,2026-07-27T10:26:00.000Z,ARRIVAL,50,ROUTE_DEVIATION,GPS,false
TNT_002,DLY_TRP_0031198,TRP_0031198,2026-07-28T15:09:00.000Z,ARRIVAL,58,WEATHER,GPS,true
TNT_001,DLY_TRP_0031211,TRP_0031211,2026-08-10T06:08:00.000Z,ARRIVAL,45,WEATHER,GPS,false
TNT_001,DLY_TRP_0031214,TRP_0031214,2026-08-13T09:11:00.000Z,ARRIVAL,41,TRAFFIC,GPS,false
TNT_003,DLY_TRP_0031219,TRP_0031219,2026-08-18T14:47:00.000Z,ARRIVAL,24,ROUTE_DEVIATION,GPS,true
TNT_002,DLY_TRP_0031222,TRP_0031222,2026-08-21T22:15:00.000Z,ARRIVAL,31,VEHICLE_ISSUE,GPS,false
TNT_001,DLY_TRP_0031224,TRP_0031224,2026-08-23T06:23:00.000Z,ARRIVAL,20,VEHICLE_ISSUE,VENDOR,false
TNT_001,DLY_TRP_0031235,TRP_0031235,2026-06-05T23:14:00.000Z,ARRIVAL,19,WEATHER,VENDOR,false
TNT_001,DLY_TRP_0031276,TRP_0031276,2026-07-16T09:45:00.000Z,ARRIVAL,23,VEHICLE_ISSUE,GPS,false
TNT_001,DLY_TRP_0031279,TRP_0031279,2026-07-19T14:08:00.000Z,ARRIVAL,11,VEHICLE_ISSUE,OPS,false
TNT_001,DLY_TRP_0031283,TRP_0031283,2026-07-23T22:11:00.000Z,ARRIVAL,12,WEATHER,GPS,false
TNT_001,DLY_TRP_0031286,TRP_0031286,2026-07-26T07:13:00.000Z,ARRIVAL,48,ROUTE_DEVIATION,GPS,false
TNT_001,DLY_TRP_0031288,TRP_0031288,2026-07-28T10:35:00.000Z,ARRIVAL,32,TRAFFIC,GPS,false
TNT_002,DLY_TRP_0031289,TRP_0031289,2026-07-29T09:33:00.000Z,ARRIVAL,43,WEATHER,GPS,false
TNT_002,DLY_TRP_0031293,TRP_0031293,2026-08-02T10:07:00.000Z,ARRIVAL,48,TRAFFIC,VENDOR,false
TNT_002,DLY_TRP_0031298,TRP_0031298,2026-08-07T09:33:00.000Z,ARRIVAL,41,TRAFFIC,VENDOR,false
TNT_001,DLY_TRP_0031302,TRP_0031302,2026-08-11T22:41:00.000Z,ARRIVAL,55,DRIVER_LATE,GPS,false
TNT_003,DLY_TRP_0031304,TRP_0031304,2026-08-13T07:30:00.000Z,ARRIVAL,58,WEATHER,GPS,false
TNT_001,DLY_TRP_0031305,TRP_0031305,2026-08-14T09:43:00.000Z,ARRIVAL,48,DRIVER_LATE,VENDOR,false
TNT_001,DLY_TRP_0031310,TRP_0031310,2026-08-19T14:07:00.000Z,ARRIVAL,13,TRAFFIC,VENDOR,false
TNT_001,DLY_TRP_0031313,TRP_0031313,2026-08-22T22:35:00.000Z,ARRIVAL,23,WEATHER,VENDOR,false
TNT_001,DLY_TRP_0031314,TRP_0031314,2026-08-23T06:13:00.000Z,ARRIVAL,26,ROUTE_DEVIATION,OPS,true
TNT_003,DLY_TRP_0031326,TRP_0031326,2026-06-06T22:05:00.000Z,ARRIVAL,12,DRIVER_LATE,GPS,false
TNT_001,DLY_TRP_0031331,TRP_0031331,2026-06-11T09:06:00.000Z,ARRIVAL,11,WEATHER,VENDOR,false
TNT_003,DLY_TRP_0031334,TRP_0031334,2026-06-14T09:17:00.000Z,ARRIVAL,36,WEATHER,VENDOR,false
TNT_002,DLY_TRP_0031336,TRP_0031336,2026-06-16T09:42:00.000Z,ARRIVAL,29,WEATHER,GPS,false
TNT_001,DLY_TRP_0031339,TRP_0031339,2026-06-19T09:26:00.000Z,ARRIVAL,16,ROUTE_DEVIATION,OPS,false
TNT_003,DLY_TRP_0031345,TRP_0031345,2026-06-25T10:03:00.000Z,ARRIVAL,18,TRAFFIC,GPS,false
TNT_002,DLY_TRP_0031357,TRP_0031357,2026-07-07T06:29:00.000Z,ARRIVAL,36,WEATHER,GPS,false
TNT_001,DLY_TRP_0031360,TRP_0031360,2026-07-10T09:34:00.000Z,ARRIVAL,53,DRIVER_LATE,GPS,false
TNT_002,DLY_TRP_0031367,TRP_0031367,2026-07-17T06:14:00.000Z,ARRIVAL,42,TRAFFIC,GPS,false
TNT_003,DLY_TRP_0031368,TRP_0031368,2026-07-18T10:54:00.000Z,ARRIVAL,54,DRIVER_LATE,VENDOR,false
TNT_001,DLY_TRP_0031370,TRP_0031370,2026-07-20T14:13:00.000Z,ARRIVAL,11,ROUTE_DEVIATION,GPS,false
TNT_002,DLY_TRP_0031372,TRP_0031372,2026-07-22T14:54:00.000Z,ARRIVAL,39,WEATHER,GPS,false
TNT_001,DLY_TRP_0031374,TRP_0031374,2026-07-24T09:45:00.000Z,ARRIVAL,51,WEATHER,GPS,false
TNT_003,DLY_TRP_0031376,TRP_0031376,2026-07-26T14:37:00.000Z,ARRIVAL,23,DRIVER_LATE,GPS,false
TNT_002,DLY_TRP_0031392,TRP_0031392,2026-08-11T09:05:00.000Z,ARRIVAL,18,DRIVER_LATE,GPS,false
TNT_003,DLY_TRP_0031395,TRP_0031395,2026-08-14T09:09:00.000Z,ARRIVAL,18,WEATHER,OPS,false
TNT_001,DLY_TRP_0031409,TRP_0031409,2026-08-28T22:20:00.000Z,ARRIVAL,39,TRAFFIC,VENDOR,false
TNT_003,DLY_TRP_0031418,TRP_0031418,2026-06-08T22:08:00.000Z,ARRIVAL,25,DRIVER_LATE,GPS,false
TNT_001,DLY_TRP_0031422,TRP_0031422,2026-06-12T09:15:00.000Z,ARRIVAL,26,TRAFFIC,GPS,false
TNT_001,DLY_TRP_0031425,TRP_0031425,2026-06-15T06:34:00.000Z,ARRIVAL,19,WEATHER,GPS,false
TNT_002,DLY_TRP_0031428,TRP_0031428,2026-06-18T13:49:00.000Z,ARRIVAL,23,DRIVER_LATE,OPS,false
TNT_002,DLY_TRP_0031429,TRP_0031429,2026-06-19T06:54:00.000Z,ARRIVAL,51,DRIVER_LATE,VENDOR,false
TNT_002,DLY_TRP_0031431,TRP_0031431,2026-06-21T06:33:00.000Z,ARRIVAL,49,TRAFFIC,GPS,false
TNT_001,DLY_TRP_0031433,TRP_0031433,2026-06-23T14:17:00.000Z,ARRIVAL,38,ROUTE_DEVIATION,VENDOR,false
TNT_001,DLY_TRP_0031435,TRP_0031435,2026-06-25T22:12:00.000Z,ARRIVAL,22,ROUTE_DEVIATION,GPS,false
TNT_001,DLY_TRP_0031444,TRP_0031444,2026-07-04T14:24:00.000Z,ARRIVAL,15,ROUTE_DEVIATION,OPS,false
TNT_001,DLY_TRP_0031446,TRP_0031446,2026-07-06T14:45:00.000Z,ARRIVAL,32,ROUTE_DEVIATION,GPS,false
TNT_002,DLY_TRP_0031449,TRP_0031449,2026-07-09T14:42:00.000Z,ARRIVAL,15,TRAFFIC,GPS,false
TNT_001,DLY_TRP_0031450,TRP_0031450,2026-07-10T13:54:00.000Z,ARRIVAL,28,TRAFFIC,GPS,false
TNT_001,DLY_TRP_0031456,TRP_0031456,2026-07-16T22:58:00.000Z,ARRIVAL,41,ROUTE_DEVIATION,GPS,false
TNT_002,DLY_TRP_0031460,TRP_0031460,2026-07-20T06:09:00.000Z,ARRIVAL,27,WEATHER,GPS,false
TNT_002,DLY_TRP_0031476,TRP_0031476,2026-08-05T08:54:00.000Z,ARRIVAL,22,VEHICLE_ISSUE,OPS,false
TNT_001,DLY_TRP_0031489,TRP_0031489,2026-08-18T09:26:00.000Z,ARRIVAL,13,DRIVER_LATE,GPS,false
TNT_001,DLY_TRP_0031494,TRP_0031494,2026-08-23T23:08:00.000Z,ARRIVAL,23,WEATHER,VENDOR,false
TNT_001,DLY_TRP_0031508,TRP_0031508,2026-06-08T06:39:00.000Z,ARRIVAL,33,WEATHER,GPS,false
TNT_002,DLY_TRP_0031514,TRP_0031514,2026-06-14T06:47:00.000Z,ARRIVAL,21,DRIVER_LATE,GPS,false
TNT_001,DLY_TRP_0031533,TRP_0031533,2026-07-03T14:25:00.000Z,ARRIVAL,44,DRIVER_LATE,GPS,false
TNT_002,DLY_TRP_0031541,TRP_0031541,2026-07-11T09:34:00.000Z,ARRIVAL,26,TRAFFIC,GPS,true
TNT_003,DLY_TRP_0031546,TRP_0031546,2026-07-16T14:12:00.000Z,ARRIVAL,25,DRIVER_LATE,GPS,false
TNT_001,DLY_TRP_0031552,TRP_0031552,2026-07-22T14:23:00.000Z,ARRIVAL,38,TRAFFIC,GPS,false
TNT_003,DLY_TRP_0031564,TRP_0031564,2026-08-03T06:37:00.000Z,ARRIVAL,36,WEATHER,GPS,false
TNT_001,DLY_TRP_0031568,TRP_0031568,2026-08-07T23:08:00.000Z,ARRIVAL,52,WEATHER,GPS,false
TNT_002,DLY_TRP_0031574,TRP_0031574,2026-08-13T14:43:00.000Z,ARRIVAL,39,ROUTE_DEVIATION,VENDOR,false
TNT_001,DLY_TRP_0031580,TRP_0031580,2026-08-19T09:50:00.000Z,ARRIVAL,32,TRAFFIC,GPS,false
TNT_001,DLY_TRP_0031586,TRP_0031586,2026-08-25T22:39:00.000Z,ARRIVAL,45,VEHICLE_ISSUE,OPS,false
TNT_001,DLY_TRP_0031590,TRP_0031590,2026-08-29T07:01:00.000Z,ARRIVAL,37,WEATHER,GPS,false
TNT_002,DLY_TRP_0031602,TRP_0031602,2026-06-12T09:59:00.000Z,ARRIVAL,47,WEATHER,OPS,false
TNT_001,DLY_TRP_0031609,TRP_0031609,2026-06-19T06:11:00.000Z,ARRIVAL,13,TRAFFIC,OPS,false
TNT_001,DLY_TRP_0031625,TRP_0031625,2026-07-05T10:30:00.000Z,ARRIVAL,55,ROUTE_DEVIATION,GPS,false
TNT_001,DLY_TRP_0031629,TRP_0031629,2026-07-09T06:43:00.000Z,ARRIVAL,35,DRIVER_LATE,GPS,false
TNT_001,DLY_TRP_0031659,TRP_0031659,2026-08-08T07:06:00.000Z,ARRIVAL,20,ROUTE_DEVIATION,VENDOR,false
TNT_001,DLY_TRP_0031662,TRP_0031662,2026-08-11T14:20:00.000Z,ARRIVAL,34,DRIVER_LATE,GPS,false
TNT_001,DLY_TRP_0031668,TRP_0031668,2026-08-17T14:26:00.000Z,ARRIVAL,15,TRAFFIC,GPS,false
TNT_002,DLY_TRP_0031673,TRP_0031673,2026-08-22T06:36:00.000Z,ARRIVAL,26,DRIVER_LATE,GPS,false
TNT_001,DLY_TRP_0031681,TRP_0031681,2026-06-01T14:39:00.000Z,ARRIVAL,42,TRAFFIC,GPS,false
TNT_002,DLY_TRP_0031685,TRP_0031685,2026-06-05T08:55:00.000Z,ARRIVAL,34,ROUTE_DEVIATION,GPS,false
TNT_003,DLY_TRP_0031687,TRP_0031687,2026-06-07T06:22:00.000Z,ARRIVAL,20,TRAFFIC,VENDOR,false
TNT_003,DLY_TRP_0031698,TRP_0031698,2026-06-18T09:07:00.000Z,ARRIVAL,27,ROUTE_DEVIATION,GPS,false
TNT_002,DLY_TRP_0031704,TRP_0031704,2026-06-24T14:11:00.000Z,ARRIVAL,15,TRAFFIC,VENDOR,false
TNT_003,DLY_TRP_0031711,TRP_0031711,2026-07-01T06:41:00.000Z,ARRIVAL,33,TRAFFIC,GPS,false
TNT_001,DLY_TRP_0031717,TRP_0031717,2026-07-07T15:00:00.000Z,ARRIVAL,57,ROUTE_DEVIATION,GPS,false
TNT_001,DLY_TRP_0031718,TRP_0031718,2026-07-08T14:47:00.000Z,ARRIVAL,30,DRIVER_LATE,VENDOR,false
TNT_001,DLY_TRP_0031724,TRP_0031724,2026-07-14T06:23:00.000Z,ARRIVAL,39,TRAFFIC,GPS,false
TNT_002,DLY_TRP_0031726,TRP_0031726,2026-07-16T06:55:00.000Z,ARRIVAL,58,ROUTE_DEVIATION,GPS,false
TNT_001,DLY_TRP_0031728,TRP_0031728,2026-07-18T15:17:00.000Z,ARRIVAL,50,TRAFFIC,GPS,false
TNT_001,DLY_TRP_0031734,TRP_0031734,2026-07-24T06:22:00.000Z,ARRIVAL,46,TRAFFIC,GPS,false
TNT_002,DLY_TRP_0031738,TRP_0031738,2026-07-28T14:21:00.000Z,ARRIVAL,58,TRAFFIC,GPS,false
TNT_002,DLY_TRP_0031741,TRP_0031741,2026-07-31T09:28:00.000Z,ARRIVAL,45,ROUTE_DEVIATION,GPS,false
TNT_002,DLY_TRP_0031745,TRP_0031745,2026-08-04T14:25:00.000Z,ARRIVAL,15,TRAFFIC,GPS,false
TNT_001,DLY_TRP_0031746,TRP_0031746,2026-08-05T14:34:00.000Z,ARRIVAL,32,TRAFFIC,GPS,false
TNT_001,DLY_TRP_0031751,TRP_0031751,2026-08-10T09:49:00.000Z,ARRIVAL,20,TRAFFIC,GPS,false
TNT_001,DLY_TRP_0031754,TRP_0031754,2026-08-13T06:59:00.000Z,ARRIVAL,46,DRIVER_LATE,VENDOR,false
TNT_001,DLY_TRP_0031769,TRP_0031769,2026-08-28T06:44:00.000Z,ARRIVAL,47,WEATHER,GPS,false
TNT_002,DLY_TRP_0031772,TRP_0031772,2026-06-02T09:19:00.000Z,ARRIVAL,38,ROUTE_DEVIATION,OPS,false
TNT_001,DLY_TRP_0031784,TRP_0031784,2026-06-14T08:45:00.000Z,ARRIVAL,13,TRAFFIC,GPS,false
TNT_002,DLY_TRP_0031787,TRP_0031787,2026-06-17T14:35:00.000Z,ARRIVAL,20,VEHICLE_ISSUE,GPS,false
TNT_001,DLY_TRP_0031788,TRP_0031788,2026-06-18T22:24:00.000Z,ARRIVAL,30,TRAFFIC,VENDOR,false
TNT_001,DLY_TRP_0031789,TRP_0031789,2026-06-19T23:16:00.000Z,ARRIVAL,30,TRAFFIC,OPS,false
TNT_001,DLY_TRP_0031792,TRP_0031792,2026-06-22T10:52:00.000Z,ARRIVAL,34,ROUTE_DEVIATION,VENDOR,false
TNT_001,DLY_TRP_0031793,TRP_0031793,2026-06-23T22:10:00.000Z,ARRIVAL,22,DRIVER_LATE,VENDOR,false
TNT_001,DLY_TRP_0031795,TRP_0031795,2026-06-25T06:25:00.000Z,ARRIVAL,35,WEATHER,VENDOR,false
TNT_001,DLY_TRP_0031800,TRP_0031800,2026-06-30T06:34:00.000Z,ARRIVAL,37,TRAFFIC,VENDOR,false
TNT_003,DLY_TRP_0031807,TRP_0031807,2026-07-07T09:29:00.000Z,ARRIVAL,24,VEHICLE_ISSUE,GPS,false
TNT_001,DLY_TRP_0031813,TRP_0031813,2026-07-13T14:39:00.000Z,ARRIVAL,54,DRIVER_LATE,OPS,false
TNT_001,DLY_TRP_0031814,TRP_0031814,2026-07-14T21:57:00.000Z,ARRIVAL,13,VEHICLE_ISSUE,OPS,false
TNT_002,DLY_TRP_0031817,TRP_0031817,2026-07-17T06:56:00.000Z,ARRIVAL,58,TRAFFIC,GPS,false
TNT_002,DLY_TRP_0031828,TRP_0031828,2026-07-28T06:15:00.000Z,ARRIVAL,16,TRAFFIC,VENDOR,false
TNT_001,DLY_TRP_0031835,TRP_0031835,2026-08-04T09:40:00.000Z,ARRIVAL,11,DRIVER_LATE,GPS,false
TNT_003,DLY_TRP_0031839,TRP_0031839,2026-08-08T14:50:00.000Z,ARRIVAL,36,DRIVER_LATE,VENDOR,false
TNT_002,DLY_TRP_0031850,TRP_0031850,2026-08-19T06:12:00.000Z,ARRIVAL,16,WEATHER,VENDOR,false
TNT_001,DLY_TRP_0031854,TRP_0031854,2026-08-23T22:52:00.000Z,ARRIVAL,26,TRAFFIC,GPS,false
TNT_001,DLY_TRP_0031865,TRP_0031865,2026-06-05T22:33:00.000Z,ARRIVAL,32,TRAFFIC,GPS,false
TNT_001,DLY_TRP_0031866,TRP_0031866,2026-06-06T22:47:00.000Z,ARRIVAL,35,TRAFFIC,GPS,false
TNT_002,DLY_TRP_0031873,TRP_0031873,2026-06-13T08:55:00.000Z,ARRIVAL,13,TRAFFIC,OPS,false
TNT_002,DLY_TRP_0031887,TRP_0031887,2026-06-27T14:58:00.000Z,ARRIVAL,51,DRIVER_LATE,GPS,false
TNT_001,DLY_TRP_0031896,TRP_0031896,2026-07-06T14:18:00.000Z,ARRIVAL,42,TRAFFIC,VENDOR,false
TNT_001,DLY_TRP_0031911,TRP_0031911,2026-07-21T23:23:00.000Z,ARRIVAL,22,DRIVER_LATE,GPS,false
TNT_001,DLY_TRP_0031913,TRP_0031913,2026-07-23T15:23:00.000Z,ARRIVAL,57,TRAFFIC,GPS,false
TNT_001,DLY_TRP_0031915,TRP_0031915,2026-07-25T09:39:00.000Z,ARRIVAL,29,WEATHER,GPS,false
TNT_002,DLY_TRP_0031926,TRP_0031926,2026-08-05T06:48:00.000Z,ARRIVAL,47,ROUTE_DEVIATION,GPS,false
TNT_003,DLY_TRP_0031940,TRP_0031940,2026-08-19T14:24:00.000Z,ARRIVAL,14,WEATHER,OPS,false
TNT_002,DLY_TRP_0031944,TRP_0031944,2026-08-23T09:16:00.000Z,ARRIVAL,30,WEATHER,GPS,false
TNT_003,DLY_TRP_0031947,TRP_0031947,2026-08-26T14:39:00.000Z,ARRIVAL,38,ROUTE_DEVIATION,GPS,false
TNT_001,DLY_TRP_0031949,TRP_0031949,2026-08-28T22:30:00.000Z,ARRIVAL,22,DRIVER_LATE,GPS,false
TNT_001,DLY_TRP_0031956,TRP_0031956,2026-06-06T08:47:00.000Z,ARRIVAL,14,WEATHER,GPS,false
TNT_001,DLY_TRP_0031966,TRP_0031966,2026-06-16T09:52:00.000Z,ARRIVAL,37,WEATHER,GPS,false
TNT_001,DLY_TRP_0031968,TRP_0031968,2026-06-18T09:59:00.000Z,ARRIVAL,45,TRAFFIC,VENDOR,false
TNT_003,DLY_TRP_0031973,TRP_0031973,2026-06-23T09:51:00.000Z,ARRIVAL,38,TRAFFIC,VENDOR,false
TNT_001,DLY_TRP_0031975,TRP_0031975,2026-06-25T22:15:00.000Z,ARRIVAL,25,WEATHER,GPS,false
TNT_001,DLY_TRP_0031993,TRP_0031993,2026-07-13T06:47:00.000Z,ARRIVAL,28,DRIVER_LATE,VENDOR,false
TNT_002,DLY_TRP_0031994,TRP_0031994,2026-07-14T10:13:00.000Z,ARRIVAL,43,DRIVER_LATE,GPS,false
TNT_003,DLY_TRP_0031996,TRP_0031996,2026-07-16T09:21:00.000Z,ARRIVAL,28,DRIVER_LATE,GPS,false
TNT_002,DLY_TRP_0031997,TRP_0031997,2026-07-17T09:02:00.000Z,ARRIVAL,37,TRAFFIC,GPS,false
TNT_001,DLY_TRP_0031998,TRP_0031998,2026-07-18T09:36:00.000Z,ARRIVAL,55,TRAFFIC,GPS,false
TNT_001,DLY_TRP_0032002,TRP_0032002,2026-07-22T06:50:00.000Z,ARRIVAL,25,DRIVER_LATE,GPS,false
TNT_001,DLY_TRP_0032004,TRP_0032004,2026-07-24T23:00:00.000Z,ARRIVAL,58,WEATHER,GPS,false
TNT_001,DLY_TRP_0032012,TRP_0032012,2026-08-01T09:44:00.000Z,ARRIVAL,39,DRIVER_LATE,VENDOR,false
TNT_001,DLY_TRP_0032028,TRP_0032028,2026-08-17T14:58:00.000Z,ARRIVAL,58,TRAFFIC,GPS,false
TNT_001,DLY_TRP_0032039,TRP_0032039,2026-08-28T22:25:00.000Z,ARRIVAL,26,DRIVER_LATE,GPS,false
TNT_003,DLY_TRP_0032040,TRP_0032040,2026-08-29T06:57:00.000Z,ARRIVAL,35,VEHICLE_ISSUE,GPS,false
TNT_002,DLY_TRP_0032042,TRP_0032042,2026-06-02T06:15:00.000Z,ARRIVAL,33,ROUTE_DEVIATION,GPS,false
TNT_001,DLY_TRP_0032044,TRP_0032044,2026-06-04T14:31:00.000Z,ARRIVAL,38,TRAFFIC,OPS,false
TNT_001,DLY_TRP_0032050,TRP_0032050,2026-06-10T09:58:00.000Z,ARRIVAL,50,WEATHER,GPS,false
TNT_003,DLY_TRP_0032052,TRP_0032052,2026-06-12T10:27:00.000Z,ARRIVAL,54,WEATHER,GPS,false
TNT_001,DLY_TRP_0032053,TRP_0032053,2026-06-13T14:53:00.000Z,ARRIVAL,36,TRAFFIC,GPS,false
TNT_002,DLY_TRP_0032056,TRP_0032056,2026-06-16T09:43:00.000Z,ARRIVAL,17,ROUTE_DEVIATION,OPS,false
TNT_003,DLY_TRP_0032062,TRP_0032062,2026-06-22T10:03:00.000Z,ARRIVAL,20,DRIVER_LATE,VENDOR,false
TNT_002,DLY_TRP_0032091,TRP_0032091,2026-07-21T08:49:00.000Z,ARRIVAL,17,DRIVER_LATE,OPS,false
TNT_002,DLY_TRP_0032098,TRP_0032098,2026-07-28T09:14:00.000Z,ARRIVAL,27,DRIVER_LATE,VENDOR,false
TNT_002,DLY_TRP_0032107,TRP_0032107,2026-08-06T08:53:00.000Z,ARRIVAL,11,DRIVER_LATE,OPS,false
TNT_001,DLY_TRP_0032110,TRP_0032110,2026-08-09T07:28:00.000Z,ARRIVAL,51,TRAFFIC,GPS,false
TNT_001,DLY_TRP_0032121,TRP_0032121,2026-08-20T14:35:00.000Z,ARRIVAL,16,TRAFFIC,GPS,false
TNT_001,DLY_TRP_0032123,TRP_0032123,2026-08-22T10:10:00.000Z,ARRIVAL,22,TRAFFIC,VENDOR,false
TNT_002,DLY_TRP_0032124,TRP_0032124,2026-08-23T21:54:00.000Z,ARRIVAL,15,DRIVER_LATE,VENDOR,false
TNT_001,DLY_TRP_0032129,TRP_0032129,2026-08-28T07:26:00.000Z,ARRIVAL,29,TRAFFIC,GPS,false
TNT_001,DLY_TRP_0032130,TRP_0032130,2026-08-29T22:46:00.000Z,ARRIVAL,11,TRAFFIC,VENDOR,false
TNT_001,DLY_TRP_0032152,TRP_0032152,2026-06-22T09:36:00.000Z,ARRIVAL,21,DRIVER_LATE,GPS,false
TNT_001,DLY_TRP_0032161,TRP_0032161,2026-07-01T07:13:00.000Z,ARRIVAL,48,ROUTE_DEVIATION,GPS,false
TNT_001,DLY_TRP_0032167,TRP_0032167,2026-07-07T09:14:00.000Z,ARRIVAL,15,VEHICLE_ISSUE,GPS,false
TNT_003,DLY_TRP_0032185,TRP_0032185,2026-07-25T06:43:00.000Z,ARRIVAL,24,WEATHER,GPS,false
TNT_001,DLY_TRP_0032195,TRP_0032195,2026-08-04T14:32:00.000Z,ARRIVAL,49,VEHICLE_ISSUE,GPS,false
TNT_001,DLY_TRP_0032197,TRP_0032197,2026-08-06T06:28:00.000Z,ARRIVAL,26,DRIVER_LATE,GPS,false
TNT_003,DLY_TRP_0032201,TRP_0032201,2026-08-10T22:29:00.000Z,ARRIVAL,51,DRIVER_LATE,GPS,false
TNT_002,DLY_TRP_0032205,TRP_0032205,2026-08-14T09:42:00.000Z,ARRIVAL,36,WEATHER,OPS,false
TNT_003,DLY_TRP_0032208,TRP_0032208,2026-08-17T14:20:00.000Z,ARRIVAL,19,TRAFFIC,VENDOR,false
TNT_003,DLY_TRP_0032216,TRP_0032216,2026-08-25T09:16:00.000Z,ARRIVAL,18,TRAFFIC,GPS,false
TNT_001,DLY_TRP_0032218,TRP_0032218,2026-08-27T14:25:00.000Z,ARRIVAL,58,TRAFFIC,GPS,false
TNT_003,DLY_TRP_0032220,TRP_0032220,2026-08-29T10:08:00.000Z,ARRIVAL,55,DRIVER_LATE,GPS,false
TNT_001,DLY_TRP_0032222,TRP_0032222,2026-06-02T22:55:00.000Z,ARRIVAL,42,TRAFFIC,OPS,false
TNT_001,DLY_TRP_0032228,TRP_0032228,2026-06-08T06:28:00.000Z,ARRIVAL,15,DRIVER_LATE,GPS,false
TNT_002,DLY_TRP_0032236,TRP_0032236,2026-06-16T22:40:00.000Z,ARRIVAL,50,TRAFFIC,GPS,false
TNT_001,DLY_TRP_0032240,TRP_0032240,2026-06-20T09:54:00.000Z,ARRIVAL,39,ROUTE_DEVIATION,GPS,false
TNT_002,DLY_TRP_0032241,TRP_0032241,2026-06-21T13:47:00.000Z,ARRIVAL,22,TRAFFIC,GPS,false
TNT_003,DLY_TRP_0032242,TRP_0032242,2026-06-22T07:29:00.000Z,ARRIVAL,28,WEATHER,GPS,false
TNT_002,DLY_TRP_0032247,TRP_0032247,2026-06-27T06:13:00.000Z,ARRIVAL,21,ROUTE_DEVIATION,VENDOR,false
TNT_001,DLY_TRP_0032253,TRP_0032253,2026-07-03T06:25:00.000Z,ARRIVAL,18,WEATHER,VENDOR,false
TNT_003,DLY_TRP_0032254,TRP_0032254,2026-07-04T06:35:00.000Z,ARRIVAL,28,ROUTE_DEVIATION,VENDOR,false
TNT_003,DLY_TRP_0032258,TRP_0032258,2026-07-08T09:35:00.000Z,ARRIVAL,39,WEATHER,VENDOR,false
TNT_001,DLY_TRP_0032292,TRP_0032292,2026-08-11T22:06:00.000Z,ARRIVAL,16,TRAFFIC,OPS,false
TNT_001,DLY_TRP_0032297,TRP_0032297,2026-08-16T06:50:00.000Z,ARRIVAL,23,TRAFFIC,VENDOR,false
TNT_001,DLY_TRP_0032300,TRP_0032300,2026-08-19T09:38:00.000Z,ARRIVAL,41,TRAFFIC,GPS,false
TNT_001,DLY_TRP_0032305,TRP_0032305,2026-08-24T09:03:00.000Z,ARRIVAL,15,WEATHER,GPS,false
TNT_002,DLY_TRP_0032309,TRP_0032309,2026-08-28T07:28:00.000Z,ARRIVAL,41,ROUTE_DEVIATION,GPS,false
TNT_002,DLY_TRP_0032312,TRP_0032312,2026-06-02T23:19:00.000Z,ARRIVAL,55,VEHICLE_ISSUE,GPS,false
TNT_001,DLY_TRP_0032316,TRP_0032316,2026-06-06T10:31:00.000Z,ARRIVAL,41,TRAFFIC,OPS,false
TNT_002,DLY_TRP_0032328,TRP_0032328,2026-06-18T22:55:00.000Z,ARRIVAL,45,DRIVER_LATE,GPS,false
TNT_003,DLY_TRP_0032329,TRP_0032329,2026-06-19T07:14:00.000Z,ARRIVAL,57,DRIVER_LATE,VENDOR,false
TNT_001,DLY_TRP_0032331,TRP_0032331,2026-06-21T09:49:00.000Z,ARRIVAL,53,TRAFFIC,VENDOR,false
TNT_001,DLY_TRP_0032336,TRP_0032336,2026-06-26T15:04:00.000Z,ARRIVAL,21,VEHICLE_ISSUE,VENDOR,false
TNT_002,DLY_TRP_0032343,TRP_0032343,2026-07-03T09:23:00.000Z,ARRIVAL,12,TRAFFIC,VENDOR,false
TNT_001,DLY_TRP_0032363,TRP_0032363,2026-07-23T07:09:00.000Z,ARRIVAL,57,DRIVER_LATE,VENDOR,false
TNT_001,DLY_TRP_0032364,TRP_0032364,2026-07-24T14:01:00.000Z,ARRIVAL,13,TRAFFIC,VENDOR,false
TNT_002,DLY_TRP_0032371,TRP_0032371,2026-07-31T06:21:00.000Z,ARRIVAL,27,ROUTE_DEVIATION,GPS,false
TNT_003,DLY_TRP_0032374,TRP_0032374,2026-08-03T06:20:00.000Z,ARRIVAL,27,TRAFFIC,GPS,false
TNT_002,DLY_TRP_0032376,TRP_0032376,2026-08-05T14:01:00.000Z,ARRIVAL,28,DRIVER_LATE,VENDOR,false
TNT_001,DLY_TRP_0032377,TRP_0032377,2026-08-06T14:41:00.000Z,ARRIVAL,34,ROUTE_DEVIATION,VENDOR,false
TNT_001,DLY_TRP_0032379,TRP_0032379,2026-08-08T14:22:00.000Z,ARRIVAL,36,TRAFFIC,VENDOR,false
TNT_001,DLY_TRP_0032382,TRP_0032382,2026-08-11T06:54:00.000Z,ARRIVAL,29,WEATHER,GPS,false
TNT_001,DLY_TRP_0032389,TRP_0032389,2026-08-18T14:24:00.000Z,ARRIVAL,45,ROUTE_DEVIATION,GPS,false
TNT_001,DLY_TRP_0032390,TRP_0032390,2026-08-19T07:12:00.000Z,ARRIVAL,23,TRAFFIC,GPS,false
TNT_003,DLY_TRP_0032411,TRP_0032411,2026-06-11T07:01:00.000Z,ARRIVAL,43,TRAFFIC,VENDOR,false
TNT_001,DLY_TRP_0032426,TRP_0032426,2026-06-26T09:39:00.000Z,ARRIVAL,36,TRAFFIC,GPS,false
TNT_002,DLY_TRP_0032429,TRP_0032429,2026-06-29T10:04:00.000Z,ARRIVAL,58,TRAFFIC,OPS,false
TNT_001,DLY_TRP_0032431,TRP_0032431,2026-07-01T06:04:00.000Z,ARRIVAL,13,ROUTE_DEVIATION,GPS,false
TNT_001,DLY_TRP_0032440,TRP_0032440,2026-07-10T15:30:00.000Z,ARRIVAL,43,ROUTE_DEVIATION,GPS,false
TNT_002,DLY_TRP_0032442,TRP_0032442,2026-07-12T06:25:00.000Z,ARRIVAL,11,ROUTE_DEVIATION,VENDOR,false
TNT_003,DLY_TRP_0032447,TRP_0032447,2026-07-17T09:35:00.000Z,ARRIVAL,53,WEATHER,GPS,true
TNT_001,DLY_TRP_0032450,TRP_0032450,2026-07-20T09:54:00.000Z,ARRIVAL,33,DRIVER_LATE,OPS,false
TNT_001,DLY_TRP_0032458,TRP_0032458,2026-07-28T06:43:00.000Z,ARRIVAL,55,WEATHER,GPS,false
TNT_001,DLY_TRP_0032460,TRP_0032460,2026-07-30T22:14:00.000Z,ARRIVAL,12,DRIVER_LATE,GPS,false
TNT_001,DLY_TRP_0032464,TRP_0032464,2026-08-03T09:40:00.000Z,ARRIVAL,14,DRIVER_LATE,GPS,false
TNT_003,DLY_TRP_0032469,TRP_0032469,2026-08-08T06:43:00.000Z,ARRIVAL,51,WEATHER,VENDOR,false
TNT_001,DLY_TRP_0032471,TRP_0032471,2026-08-10T15:31:00.000Z,ARRIVAL,50,WEATHER,GPS,false
TNT_001,DLY_TRP_0032485,TRP_0032485,2026-08-24T10:11:00.000Z,ARRIVAL,27,VEHICLE_ISSUE,VENDOR,false
TNT_002,DLY_TRP_0032488,TRP_0032488,2026-08-27T07:05:00.000Z,ARRIVAL,40,TRAFFIC,GPS,false
TNT_003,DLY_TRP_0032496,TRP_0032496,2026-06-06T08:53:00.000Z,ARRIVAL,14,TRAFFIC,OPS,false
TNT_002,DLY_TRP_0032507,TRP_0032507,2026-06-17T05:38:00.000Z,ARRIVAL,13,DRIVER_LATE,GPS,false
TNT_001,DLY_TRP_0032516,TRP_0032516,2026-06-26T22:38:00.000Z,ARRIVAL,46,TRAFFIC,GPS,false
TNT_002,DLY_TRP_0032525,TRP_0032525,2026-07-05T14:36:00.000Z,ARRIVAL,20,VEHICLE_ISSUE,GPS,false
TNT_001,DLY_TRP_0032528,TRP_0032528,2026-07-08T09:39:00.000Z,ARRIVAL,33,TRAFFIC,VENDOR,false
TNT_003,DLY_TRP_0032535,TRP_0032535,2026-07-15T06:41:00.000Z,ARRIVAL,43,TRAFFIC,VENDOR,false
TNT_001,DLY_TRP_0032563,TRP_0032563,2026-08-12T09:38:00.000Z,ARRIVAL,18,ROUTE_DEVIATION,GPS,false
TNT_001,DLY_TRP_0032565,TRP_0032565,2026-08-14T10:13:00.000Z,ARRIVAL,52,DRIVER_LATE,VENDOR,false
TNT_002,DLY_TRP_0032567,TRP_0032567,2026-08-16T14:55:00.000Z,ARRIVAL,34,DRIVER_LATE,GPS,false
TNT_003,DLY_TRP_0032580,TRP_0032580,2026-08-29T09:44:00.000Z,ARRIVAL,39,DRIVER_LATE,OPS,true
TNT_002,DLY_TRP_0032581,TRP_0032581,2026-06-01T09:18:00.000Z,ARRIVAL,31,VEHICLE_ISSUE,GPS,false
TNT_001,DLY_TRP_0032582,TRP_0032582,2026-06-02T10:04:00.000Z,ARRIVAL,36,TRAFFIC,OPS,false
TNT_001,DLY_TRP_0032585,TRP_0032585,2026-06-05T09:47:00.000Z,ARRIVAL,23,ROUTE_DEVIATION,GPS,false
TNT_002,DLY_TRP_0032587,TRP_0032587,2026-06-07T07:01:00.000Z,ARRIVAL,40,DRIVER_LATE,GPS,true
TNT_001,DLY_TRP_0032590,TRP_0032590,2026-06-10T09:58:00.000Z,ARRIVAL,52,TRAFFIC,GPS,false
TNT_002,DLY_TRP_0032593,TRP_0032593,2026-06-13T09:21:00.000Z,ARRIVAL,30,TRAFFIC,GPS,false
TNT_001,DLY_TRP_0032608,TRP_0032608,2026-06-28T06:35:00.000Z,ARRIVAL,27,DRIVER_LATE,VENDOR,false
TNT_001,DLY_TRP_0032609,TRP_0032609,2026-06-29T06:03:00.000Z,ARRIVAL,16,VEHICLE_ISSUE,VENDOR,false
TNT_002,DLY_TRP_0032615,TRP_0032615,2026-07-05T14:31:00.000Z,ARRIVAL,14,TRAFFIC,GPS,false
TNT_003,DLY_TRP_0032618,TRP_0032618,2026-07-08T13:55:00.000Z,ARRIVAL,16,DRIVER_LATE,GPS,false
TNT_002,DLY_TRP_0032621,TRP_0032621,2026-07-11T14:18:00.000Z,ARRIVAL,28,ROUTE_DEVIATION,VENDOR,false
TNT_001,DLY_TRP_0032628,TRP_0032628,2026-07-18T06:24:00.000Z,ARRIVAL,18,ROUTE_DEVIATION,GPS,false
TNT_003,DLY_TRP_0032636,TRP_0032636,2026-07-26T08:51:00.000Z,ARRIVAL,17,TRAFFIC,GPS,false
TNT_001,DLY_TRP_0032640,TRP_0032640,2026-07-30T15:02:00.000Z,ARRIVAL,29,TRAFFIC,VENDOR,false
TNT_001,DLY_TRP_0032642,TRP_0032642,2026-08-01T09:55:00.000Z,ARRIVAL,58,TRAFFIC,GPS,false
TNT_001,DLY_TRP_0032651,TRP_0032651,2026-08-10T09:40:00.000Z,ARRIVAL,32,TRAFFIC,GPS,false
TNT_001,DLY_TRP_0032652,TRP_0032652,2026-08-11T09:07:00.000Z,ARRIVAL,27,TRAFFIC,GPS,false
TNT_003,DLY_TRP_0032654,TRP_0032654,2026-08-13T06:51:00.000Z,ARRIVAL,24,TRAFFIC,GPS,false
TNT_001,DLY_TRP_0032663,TRP_0032663,2026-08-22T09:20:00.000Z,ARRIVAL,13,ROUTE_DEVIATION,GPS,false
TNT_001,DLY_TRP_0032665,TRP_0032665,2026-08-24T23:04:00.000Z,ARRIVAL,52,TRAFFIC,GPS,false
TNT_001,DLY_TRP_0032674,TRP_0032674,2026-06-04T15:01:00.000Z,ARRIVAL,56,TRAFFIC,OPS,false
TNT_001,DLY_TRP_0032683,TRP_0032683,2026-06-13T06:37:00.000Z,ARRIVAL,30,ROUTE_DEVIATION,GPS,false
TNT_001,DLY_TRP_0032685,TRP_0032685,2026-06-15T14:50:00.000Z,ARRIVAL,42,WEATHER,GPS,false
TNT_002,DLY_TRP_0032697,TRP_0032697,2026-06-27T14:59:00.000Z,ARRIVAL,51,VEHICLE_ISSUE,GPS,false
TNT_001,DLY_TRP_0032713,TRP_0032713,2026-07-13T06:57:00.000Z,ARRIVAL,58,VEHICLE_ISSUE,GPS,false
TNT_002,DLY_TRP_0032723,TRP_0032723,2026-07-23T09:47:00.000Z,ARRIVAL,35,WEATHER,VENDOR,false
TNT_001,DLY_TRP_0032724,TRP_0032724,2026-07-24T10:33:00.000Z,ARRIVAL,46,TRAFFIC,VENDOR,false
TNT_002,DLY_TRP_0032728,TRP_0032728,2026-07-28T06:32:00.000Z,ARRIVAL,51,TRAFFIC,OPS,false
TNT_002,DLY_TRP_0032729,TRP_0032729,2026-07-29T14:32:00.000Z,ARRIVAL,48,VEHICLE_ISSUE,GPS,false
TNT_001,DLY_TRP_0032755,TRP_0032755,2026-08-24T15:11:00.000Z,ARRIVAL,50,TRAFFIC,GPS,false
TNT_001,DLY_TRP_0032756,TRP_0032756,2026-08-25T23:10:00.000Z,ARRIVAL,44,ROUTE_DEVIATION,VENDOR,false
TNT_001,DLY_TRP_0032765,TRP_0032765,2026-06-05T23:09:00.000Z,ARRIVAL,29,TRAFFIC,GPS,false
TNT_001,DLY_TRP_0032768,TRP_0032768,2026-06-08T06:37:00.000Z,ARRIVAL,28,DRIVER_LATE,GPS,false
TNT_001,DLY_TRP_0032779,TRP_0032779,2026-06-19T06:50:00.000Z,ARRIVAL,41,DRIVER_LATE,GPS,false
TNT_001,DLY_TRP_0032780,TRP_0032780,2026-06-20T22:48:00.000Z,ARRIVAL,46,DRIVER_LATE,GPS,false
TNT_001,DLY_TRP_0032783,TRP_0032783,2026-06-23T09:37:00.000Z,ARRIVAL,34,DRIVER_LATE,OPS,false
TNT_001,DLY_TRP_0032785,TRP_0032785,2026-06-25T06:54:00.000Z,ARRIVAL,26,DRIVER_LATE,GPS,false
TNT_001,DLY_TRP_0032794,TRP_0032794,2026-07-04T14:57:00.000Z,ARRIVAL,37,TRAFFIC,OPS,false
TNT_001,DLY_TRP_0032804,TRP_0032804,2026-07-14T10:00:00.000Z,ARRIVAL,55,ROUTE_DEVIATION,VENDOR,false
TNT_001,DLY_TRP_0032808,TRP_0032808,2026-07-18T08:51:00.000Z,ARRIVAL,17,WEATHER,GPS,false
TNT_002,DLY_TRP_0032814,TRP_0032814,2026-07-24T09:22:00.000Z,ARRIVAL,17,TRAFFIC,GPS,false
TNT_002,DLY_TRP_0032824,TRP_0032824,2026-08-03T22:17:00.000Z,ARRIVAL,14,WEATHER,GPS,true
TNT_001,DLY_TRP_0032832,TRP_0032832,2026-08-11T09:47:00.000Z,ARRIVAL,48,TRAFFIC,OPS,false
TNT_002,DLY_TRP_0032833,TRP_0032833,2026-08-12T09:05:00.000Z,ARRIVAL,13,TRAFFIC,GPS,false
TNT_001,DLY_TRP_0032856,TRP_0032856,2026-06-06T09:58:00.000Z,ARRIVAL,29,ROUTE_DEVIATION,OPS,false
TNT_001,DLY_TRP_0032859,TRP_0032859,2026-06-09T23:09:00.000Z,ARRIVAL,21,TRAFFIC,GPS,false
TNT_001,DLY_TRP_0032866,TRP_0032866,2026-06-16T06:35:00.000Z,ARRIVAL,28,TRAFFIC,GPS,false
TNT_001,DLY_TRP_0032874,TRP_0032874,2026-06-24T09:03:00.000Z,ARRIVAL,28,WEATHER,OPS,false
TNT_001,DLY_TRP_0032892,TRP_0032892,2026-07-12T09:29:00.000Z,ARRIVAL,44,TRAFFIC,GPS,false
TNT_001,DLY_TRP_0032899,TRP_0032899,2026-07-19T15:03:00.000Z,ARRIVAL,34,TRAFFIC,GPS,false
TNT_003,DLY_TRP_0032915,TRP_0032915,2026-08-04T08:44:00.000Z,ARRIVAL,13,VEHICLE_ISSUE,OPS,false
TNT_001,DLY_TRP_0032918,TRP_0032918,2026-08-07T06:18:00.000Z,ARRIVAL,28,TRAFFIC,GPS,false
TNT_001,DLY_TRP_0032921,TRP_0032921,2026-08-10T06:05:00.000Z,ARRIVAL,19,ROUTE_DEVIATION,GPS,false
TNT_002,DLY_TRP_0032922,TRP_0032922,2026-08-11T06:47:00.000Z,ARRIVAL,17,WEATHER,GPS,false
TNT_002,DLY_TRP_0032923,TRP_0032923,2026-08-12T15:08:00.000Z,ARRIVAL,45,TRAFFIC,VENDOR,false
TNT_002,DLY_TRP_0032930,TRP_0032930,2026-08-19T09:38:00.000Z,ARRIVAL,28,ROUTE_DEVIATION,GPS,false
TNT_002,DLY_TRP_0032932,TRP_0032932,2026-08-21T09:26:00.000Z,ARRIVAL,19,TRAFFIC,GPS,false
TNT_001,DLY_TRP_0032939,TRP_0032939,2026-08-28T22:37:00.000Z,ARRIVAL,32,ROUTE_DEVIATION,GPS,false
TNT_001,DLY_TRP_0032946,TRP_0032946,2026-06-06T09:53:00.000Z,ARRIVAL,27,ROUTE_DEVIATION,OPS,false
TNT_002,DLY_TRP_0032949,TRP_0032949,2026-06-09T22:39:00.000Z,ARRIVAL,46,TRAFFIC,GPS,false
TNT_003,DLY_TRP_0032953,TRP_0032953,2026-06-13T06:37:00.000Z,ARRIVAL,27,WEATHER,GPS,false
TNT_001,DLY_TRP_0032954,TRP_0032954,2026-06-14T14:46:00.000Z,ARRIVAL,40,DRIVER_LATE,OPS,false
TNT_001,DLY_TRP_0032968,TRP_0032968,2026-06-28T09:19:00.000Z,ARRIVAL,34,VEHICLE_ISSUE,GPS,false
TNT_001,DLY_TRP_0032974,TRP_0032974,2026-07-04T09:40:00.000Z,ARRIVAL,48,WEATHER,GPS,false
TNT_002,DLY_TRP_0032990,TRP_0032990,2026-07-20T09:24:00.000Z,ARRIVAL,34,ROUTE_DEVIATION,VENDOR,false
TNT_001,DLY_TRP_0032996,TRP_0032996,2026-07-26T14:48:00.000Z,ARRIVAL,56,TRAFFIC,GPS,false
TNT_001,DLY_TRP_0033017,TRP_0033017,2026-08-16T06:02:00.000Z,ARRIVAL,14,TRAFFIC,GPS,false
TNT_002,DLY_TRP_0033023,TRP_0033023,2026-08-22T10:04:00.000Z,ARRIVAL,19,DRIVER_LATE,OPS,false
TNT_001,DLY_TRP_0033025,TRP_0033025,2026-08-24T07:19:00.000Z,ARRIVAL,38,TRAFFIC,GPS,false
TNT_002,DLY_TRP_0033031,TRP_0033031,2026-06-01T09:05:00.000Z,ARRIVAL,34,TRAFFIC,GPS,false
TNT_001,DLY_TRP_0033032,TRP_0033032,2026-06-02T09:30:00.000Z,ARRIVAL,44,WEATHER,GPS,false
TNT_001,DLY_TRP_0033039,TRP_0033039,2026-06-09T09:44:00.000Z,ARRIVAL,50,TRAFFIC,VENDOR,false
TNT_003,DLY_TRP_0033075,TRP_0033075,2026-07-15T22:36:00.000Z,ARRIVAL,34,VEHICLE_ISSUE,GPS,false
TNT_003,DLY_TRP_0033078,TRP_0033078,2026-07-18T22:16:00.000Z,ARRIVAL,46,DRIVER_LATE,OPS,false
TNT_001,DLY_TRP_0033080,TRP_0033080,2026-07-20T06:26:00.000Z,ARRIVAL,48,TRAFFIC,OPS,false
TNT_003,DLY_TRP_0033103,TRP_0033103,2026-08-12T06:01:00.000Z,ARRIVAL,30,DRIVER_LATE,VENDOR,false
TNT_003,DLY_TRP_0033104,TRP_0033104,2026-08-13T14:36:00.000Z,ARRIVAL,32,WEATHER,VENDOR,false
TNT_001,DLY_TRP_0033113,TRP_0033113,2026-08-22T07:33:00.000Z,ARRIVAL,57,TRAFFIC,GPS,false
TNT_003,DLY_TRP_0033124,TRP_0033124,2026-06-04T22:39:00.000Z,ARRIVAL,30,TRAFFIC,GPS,false
TNT_002,DLY_TRP_0033135,TRP_0033135,2026-06-15T14:17:00.000Z,ARRIVAL,13,WEATHER,GPS,false
TNT_001,DLY_TRP_0033138,TRP_0033138,2026-06-18T23:20:00.000Z,ARRIVAL,28,DRIVER_LATE,OPS,false
TNT_001,DLY_TRP_0033139,TRP_0033139,2026-06-19T23:35:00.000Z,ARRIVAL,38,TRAFFIC,GPS,false
TNT_003,DLY_TRP_0033144,TRP_0033144,2026-06-24T22:51:00.000Z,ARRIVAL,54,TRAFFIC,GPS,false
TNT_003,DLY_TRP_0033154,TRP_0033154,2026-07-04T15:04:00.000Z,ARRIVAL,30,WEATHER,OPS,false
TNT_003,DLY_TRP_0033162,TRP_0033162,2026-07-12T14:36:00.000Z,ARRIVAL,23,ROUTE_DEVIATION,VENDOR,false
TNT_002,DLY_TRP_0033166,TRP_0033166,2026-07-16T14:34:00.000Z,ARRIVAL,33,ROUTE_DEVIATION,GPS,false
TNT_002,DLY_TRP_0033167,TRP_0033167,2026-07-17T14:18:00.000Z,ARRIVAL,31,WEATHER,GPS,false
TNT_001,DLY_TRP_0033168,TRP_0033168,2026-07-18T06:08:00.000Z,ARRIVAL,25,ROUTE_DEVIATION,VENDOR,false
TNT_001,DLY_TRP_0033177,TRP_0033177,2026-07-27T09:39:00.000Z,ARRIVAL,57,ROUTE_DEVIATION,GPS,false
TNT_001,DLY_TRP_0033178,TRP_0033178,2026-07-28T07:02:00.000Z,ARRIVAL,57,WEATHER,GPS,false
TNT_001,DLY_TRP_0033190,TRP_0033190,2026-08-09T22:25:00.000Z,ARRIVAL,13,TRAFFIC,GPS,false
TNT_001,DLY_TRP_0033199,TRP_0033199,2026-08-18T09:43:00.000Z,ARRIVAL,15,VEHICLE_ISSUE,GPS,false
TNT_002,DLY_TRP_0033204,TRP_0033204,2026-08-23T06:11:00.000Z,ARRIVAL,16,DRIVER_LATE,VENDOR,false
TNT_003,DLY_TRP_0033206,TRP_0033206,2026-08-25T10:00:00.000Z,ARRIVAL,50,TRAFFIC,GPS,false
TNT_001,DLY_TRP_0033207,TRP_0033207,2026-08-26T22:44:00.000Z,ARRIVAL,53,DRIVER_LATE,VENDOR,false
TNT_002,DLY_TRP_0033214,TRP_0033214,2026-06-04T23:03:00.000Z,ARRIVAL,54,TRAFFIC,GPS,false
TNT_001,DLY_TRP_0033220,TRP_0033220,2026-06-10T09:25:00.000Z,ARRIVAL,27,TRAFFIC,GPS,false
TNT_002,DLY_TRP_0033235,TRP_0033235,2026-06-25T22:03:00.000Z,ARRIVAL,28,VEHICLE_ISSUE,OPS,false
TNT_001,DLY_TRP_0033238,TRP_0033238,2026-06-28T22:58:00.000Z,ARRIVAL,50,TRAFFIC,OPS,false
TNT_001,DLY_TRP_0033245,TRP_0033245,2026-07-05T08:46:00.000Z,ARRIVAL,13,TRAFFIC,GPS,false
TNT_002,DLY_TRP_0033260,TRP_0033260,2026-07-20T09:41:00.000Z,ARRIVAL,36,TRAFFIC,GPS,false
TNT_001,DLY_TRP_0033273,TRP_0033273,2026-08-02T22:39:00.000Z,ARRIVAL,41,TRAFFIC,VENDOR,false
TNT_001,DLY_TRP_0033284,TRP_0033284,2026-08-13T22:40:00.000Z,ARRIVAL,24,VEHICLE_ISSUE,GPS,false
TNT_002,DLY_TRP_0033293,TRP_0033293,2026-08-22T09:33:00.000Z,ARRIVAL,53,TRAFFIC,GPS,false
TNT_001,DLY_TRP_0033300,TRP_0033300,2026-08-29T22:16:00.000Z,ARRIVAL,29,ROUTE_DEVIATION,OPS,false
TNT_001,DLY_TRP_0033302,TRP_0033302,2026-06-02T14:38:00.000Z,ARRIVAL,30,ROUTE_DEVIATION,VENDOR,false
TNT_001,DLY_TRP_0033306,TRP_0033306,2026-06-06T09:31:00.000Z,ARRIVAL,43,DRIVER_LATE,GPS,false
TNT_001,DLY_TRP_0033320,TRP_0033320,2026-06-20T15:10:00.000Z,ARRIVAL,40,WEATHER,GPS,false
TNT_002,DLY_TRP_0033324,TRP_0033324,2026-06-24T05:51:00.000Z,ARRIVAL,21,WEATHER,OPS,false
TNT_001,DLY_TRP_0033326,TRP_0033326,2026-06-26T22:37:00.000Z,ARRIVAL,24,DRIVER_LATE,GPS,false
TNT_001,DLY_TRP_0033350,TRP_0033350,2026-07-20T05:40:00.000Z,ARRIVAL,12,TRAFFIC,GPS,false
TNT_002,DLY_TRP_0033351,TRP_0033351,2026-07-21T05:58:00.000Z,ARRIVAL,17,WEATHER,VENDOR,false
TNT_001,DLY_TRP_0033358,TRP_0033358,2026-07-28T09:53:00.000Z,ARRIVAL,47,TRAFFIC,GPS,false
TNT_001,DLY_TRP_0033364,TRP_0033364,2026-08-03T14:46:00.000Z,ARRIVAL,36,TRAFFIC,GPS,false
TNT_003,DLY_TRP_0033384,TRP_0033384,2026-08-23T10:02:00.000Z,ARRIVAL,44,ROUTE_DEVIATION,GPS,false
TNT_002,DLY_TRP_0033388,TRP_0033388,2026-08-27T14:43:00.000Z,ARRIVAL,22,VEHICLE_ISSUE,VENDOR,false
TNT_001,DLY_TRP_0033390,TRP_0033390,2026-08-29T22:28:00.000Z,ARRIVAL,41,DRIVER_LATE,VENDOR,false
TNT_001,DLY_TRP_0033392,TRP_0033392,2026-06-02T10:17:00.000Z,ARRIVAL,58,TRAFFIC,GPS,false
TNT_001,DLY_TRP_0033409,TRP_0033409,2026-06-19T22:32:00.000Z,ARRIVAL,29,TRAFFIC,VENDOR,false
TNT_001,DLY_TRP_0033411,TRP_0033411,2026-06-21T14:35:00.000Z,ARRIVAL,32,TRAFFIC,GPS,false
TNT_001,DLY_TRP_0033415,TRP_0033415,2026-06-25T22:45:00.000Z,ARRIVAL,51,VEHICLE_ISSUE,GPS,false
TNT_003,DLY_TRP_0033418,TRP_0033418,2026-06-28T10:08:00.000Z,ARRIVAL,52,WEATHER,GPS,false
TNT_003,DLY_TRP_0033428,TRP_0033428,2026-07-08T09:34:00.000Z,ARRIVAL,29,DRIVER_LATE,GPS,false
TNT_001,DLY_TRP_0033434,TRP_0033434,2026-07-14T22:53:00.000Z,ARRIVAL,32,DRIVER_LATE,GPS,false
TNT_001,DLY_TRP_0033438,TRP_0033438,2026-07-18T22:51:00.000Z,ARRIVAL,31,TRAFFIC,VENDOR,false
TNT_002,DLY_TRP_0033445,TRP_0033445,2026-07-25T06:42:00.000Z,ARRIVAL,56,TRAFFIC,VENDOR,false
TNT_002,DLY_TRP_0033451,TRP_0033451,2026-07-31T06:49:00.000Z,ARRIVAL,45,DRIVER_LATE,VENDOR,false
TNT_002,DLY_TRP_0033458,TRP_0033458,2026-08-07T09:37:00.000Z,ARRIVAL,41,DRIVER_LATE,GPS,false
TNT_001,DLY_TRP_0033459,TRP_0033459,2026-08-08T06:12:00.000Z,ARRIVAL,22,VEHICLE_ISSUE,GPS,false
TNT_001,DLY_TRP_0033461,TRP_0033461,2026-08-10T15:33:00.000Z,ARRIVAL,45,DRIVER_LATE,OPS,false
TNT_001,DLY_TRP_0033462,TRP_0033462,2026-08-11T22:51:00.000Z,ARRIVAL,16,TRAFFIC,GPS,false
TNT_003,DLY_TRP_0033463,TRP_0033463,2026-08-12T22:58:00.000Z,ARRIVAL,52,ROUTE_DEVIATION,OPS,false
TNT_001,DLY_TRP_0033465,TRP_0033465,2026-08-14T14:23:00.000Z,ARRIVAL,21,TRAFFIC,GPS,false
TNT_001,DLY_TRP_0033467,TRP_0033467,2026-08-16T09:44:00.000Z,ARRIVAL,47,DRIVER_LATE,VENDOR,false
TNT_003,DLY_TRP_0033469,TRP_0033469,2026-08-18T06:39:00.000Z,ARRIVAL,34,TRAFFIC,OPS,false
TNT_001,DLY_TRP_0033477,TRP_0033477,2026-08-26T22:47:00.000Z,ARRIVAL,47,VEHICLE_ISSUE,VENDOR,false
TNT_001,DLY_TRP_0033489,TRP_0033489,2026-06-09T09:19:00.000Z,ARRIVAL,21,VEHICLE_ISSUE,OPS,false
TNT_002,DLY_TRP_0033490,TRP_0033490,2026-06-10T14:42:00.000Z,ARRIVAL,44,DRIVER_LATE,VENDOR,false
TNT_001,DLY_TRP_0033493,TRP_0033493,2026-06-13T10:00:00.000Z,ARRIVAL,51,ROUTE_DEVIATION,GPS,false
TNT_001,DLY_TRP_0033495,TRP_0033495,2026-06-15T22:34:00.000Z,ARRIVAL,27,WEATHER,VENDOR,false
TNT_002,DLY_TRP_0033510,TRP_0033510,2026-06-30T05:50:00.000Z,ARRIVAL,15,VEHICLE_ISSUE,GPS,false
TNT_002,DLY_TRP_0033520,TRP_0033520,2026-07-10T14:55:00.000Z,ARRIVAL,50,TRAFFIC,VENDOR,false
TNT_002,DLY_TRP_0033521,TRP_0033521,2026-07-11T09:12:00.000Z,ARRIVAL,16,TRAFFIC,VENDOR,false
TNT_002,DLY_TRP_0033533,TRP_0033533,2026-07-23T15:02:00.000Z,ARRIVAL,55,WEATHER,GPS,false
TNT_001,DLY_TRP_0033536,TRP_0033536,2026-07-26T15:21:00.000Z,ARRIVAL,39,WEATHER,GPS,false
TNT_001,DLY_TRP_0033537,TRP_0033537,2026-07-27T06:14:00.000Z,ARRIVAL,30,ROUTE_DEVIATION,GPS,false
TNT_002,DLY_TRP_0033543,TRP_0033543,2026-08-02T06:14:00.000Z,ARRIVAL,19,WEATHER,VENDOR,false
TNT_001,DLY_TRP_0033547,TRP_0033547,2026-08-06T09:25:00.000Z,ARRIVAL,42,DRIVER_LATE,OPS,false
TNT_001,DLY_TRP_0033550,TRP_0033550,2026-08-09T06:05:00.000Z,ARRIVAL,29,TRAFFIC,GPS,false
TNT_001,DLY_TRP_0033553,TRP_0033553,2026-08-12T09:32:00.000Z,ARRIVAL,20,TRAFFIC,VENDOR,false
TNT_001,DLY_TRP_0033560,TRP_0033560,2026-08-19T14:50:00.000Z,ARRIVAL,32,TRAFFIC,GPS,true
TNT_001,DLY_TRP_0033562,TRP_0033562,2026-08-21T09:06:00.000Z,ARRIVAL,12,WEATHER,OPS,false
TNT_002,DLY_TRP_0033568,TRP_0033568,2026-08-27T09:26:00.000Z,ARRIVAL,12,ROUTE_DEVIATION,GPS,false
TNT_002,DLY_TRP_0033569,TRP_0033569,2026-08-28T06:29:00.000Z,ARRIVAL,46,WEATHER,GPS,false
TNT_001,DLY_TRP_0033572,TRP_0033572,2026-06-02T23:20:00.000Z,ARRIVAL,46,WEATHER,VENDOR,false
TNT_003,DLY_TRP_0033578,TRP_0033578,2026-06-08T06:29:00.000Z,ARRIVAL,37,WEATHER,GPS,false
TNT_001,DLY_TRP_0033579,TRP_0033579,2026-06-09T10:14:00.000Z,ARRIVAL,50,TRAFFIC,GPS,false
TNT_002,DLY_TRP_0033589,TRP_0033589,2026-06-19T22:35:00.000Z,ARRIVAL,28,TRAFFIC,OPS,false
TNT_001,DLY_TRP_0033596,TRP_0033596,2026-06-26T07:05:00.000Z,ARRIVAL,36,ROUTE_DEVIATION,GPS,false
TNT_002,DLY_TRP_0033597,TRP_0033597,2026-06-27T06:24:00.000Z,ARRIVAL,30,VEHICLE_ISSUE,GPS,false
TNT_001,DLY_TRP_0033598,TRP_0033598,2026-06-28T22:21:00.000Z,ARRIVAL,47,TRAFFIC,GPS,false
TNT_001,DLY_TRP_0033601,TRP_0033601,2026-07-01T09:28:00.000Z,ARRIVAL,13,TRAFFIC,GPS,false
TNT_003,DLY_TRP_0033607,TRP_0033607,2026-07-07T06:47:00.000Z,ARRIVAL,36,DRIVER_LATE,VENDOR,false
TNT_001,DLY_TRP_0033626,TRP_0033626,2026-07-26T22:39:00.000Z,ARRIVAL,17,ROUTE_DEVIATION,VENDOR,false
TNT_001,DLY_TRP_0033627,TRP_0033627,2026-07-27T05:51:00.000Z,ARRIVAL,13,ROUTE_DEVIATION,VENDOR,false
TNT_002,DLY_TRP_0033629,TRP_0033629,2026-07-29T09:23:00.000Z,ARRIVAL,34,TRAFFIC,GPS,false
TNT_002,DLY_TRP_0033631,TRP_0033631,2026-07-31T14:15:00.000Z,ARRIVAL,13,TRAFFIC,GPS,false
TNT_003,DLY_TRP_0033648,TRP_0033648,2026-08-17T23:11:00.000Z,ARRIVAL,40,TRAFFIC,VENDOR,false
TNT_002,DLY_TRP_0033650,TRP_0033650,2026-08-19T14:43:00.000Z,ARRIVAL,43,TRAFFIC,GPS,false
TNT_003,DLY_TRP_0033660,TRP_0033660,2026-08-29T09:16:00.000Z,ARRIVAL,11,VEHICLE_ISSUE,VENDOR,false
TNT_001,DLY_TRP_0033664,TRP_0033664,2026-06-04T09:19:00.000Z,ARRIVAL,26,TRAFFIC,GPS,false
TNT_001,DLY_TRP_0033667,TRP_0033667,2026-06-07T10:19:00.000Z,ARRIVAL,44,WEATHER,VENDOR,false
TNT_001,DLY_TRP_0033676,TRP_0033676,2026-06-16T14:15:00.000Z,ARRIVAL,22,TRAFFIC,GPS,false
TNT_001,DLY_TRP_0033679,TRP_0033679,2026-06-19T14:41:00.000Z,ARRIVAL,54,WEATHER,GPS,false
TNT_003,DLY_TRP_0033682,TRP_0033682,2026-06-22T06:45:00.000Z,ARRIVAL,39,VEHICLE_ISSUE,VENDOR,false
TNT_003,DLY_TRP_0033683,TRP_0033683,2026-06-23T09:10:00.000Z,ARRIVAL,31,VEHICLE_ISSUE,GPS,false
TNT_002,DLY_TRP_0033690,TRP_0033690,2026-06-30T06:37:00.000Z,ARRIVAL,40,WEATHER,GPS,false
TNT_001,DLY_TRP_0033714,TRP_0033714,2026-07-24T15:08:00.000Z,ARRIVAL,35,TRAFFIC,GPS,false
TNT_001,DLY_TRP_0033723,TRP_0033723,2026-08-02T22:15:00.000Z,ARRIVAL,24,TRAFFIC,GPS,false
TNT_002,DLY_TRP_0033726,TRP_0033726,2026-08-05T09:04:00.000Z,ARRIVAL,29,TRAFFIC,OPS,false
TNT_002,DLY_TRP_0033727,TRP_0033727,2026-08-06T09:54:00.000Z,ARRIVAL,29,VEHICLE_ISSUE,GPS,false
TNT_001,DLY_TRP_0033729,TRP_0033729,2026-08-08T14:35:00.000Z,ARRIVAL,56,TRAFFIC,VENDOR,false
TNT_002,DLY_TRP_0033732,TRP_0033732,2026-08-11T06:16:00.000Z,ARRIVAL,11,VEHICLE_ISSUE,VENDOR,false
TNT_003,DLY_TRP_0033737,TRP_0033737,2026-08-16T09:37:00.000Z,ARRIVAL,16,TRAFFIC,GPS,false
TNT_002,DLY_TRP_0033743,TRP_0033743,2026-08-22T09:20:00.000Z,ARRIVAL,16,WEATHER,GPS,false
TNT_001,DLY_TRP_0033745,TRP_0033745,2026-08-24T09:48:00.000Z,ARRIVAL,27,ROUTE_DEVIATION,GPS,false
TNT_001,DLY_TRP_0033746,TRP_0033746,2026-08-25T15:29:00.000Z,ARRIVAL,56,VEHICLE_ISSUE,OPS,false
TNT_002,DLY_TRP_0033748,TRP_0033748,2026-08-27T15:03:00.000Z,ARRIVAL,57,WEATHER,GPS,false
TNT_001,DLY_TRP_0033763,TRP_0033763,2026-06-13T09:37:00.000Z,ARRIVAL,21,TRAFFIC,GPS,false
TNT_001,DLY_TRP_0033765,TRP_0033765,2026-06-15T06:05:00.000Z,ARRIVAL,42,WEATHER,OPS,false
TNT_001,DLY_TRP_0033768,TRP_0033768,2026-06-18T22:31:00.000Z,ARRIVAL,28,ROUTE_DEVIATION,GPS,false
TNT_003,DLY_TRP_0033775,TRP_0033775,2026-06-25T10:01:00.000Z,ARRIVAL,54,TRAFFIC,GPS,false
TNT_001,DLY_TRP_0033779,TRP_0033779,2026-06-29T09:32:00.000Z,ARRIVAL,23,WEATHER,GPS,false
TNT_001,DLY_TRP_0033783,TRP_0033783,2026-07-03T06:49:00.000Z,ARRIVAL,50,DRIVER_LATE,GPS,false
TNT_002,DLY_TRP_0033795,TRP_0033795,2026-07-15T23:00:00.000Z,ARRIVAL,42,WEATHER,VENDOR,false
TNT_001,DLY_TRP_0033812,TRP_0033812,2026-08-01T22:36:00.000Z,ARRIVAL,18,DRIVER_LATE,GPS,false
TNT_002,DLY_TRP_0033815,TRP_0033815,2026-08-04T06:42:00.000Z,ARRIVAL,49,ROUTE_DEVIATION,GPS,false
TNT_003,DLY_TRP_0033823,TRP_0033823,2026-08-12T14:42:00.000Z,ARRIVAL,47,TRAFFIC,GPS,false
TNT_002,DLY_TRP_0033837,TRP_0033837,2026-08-26T09:49:00.000Z,ARRIVAL,29,TRAFFIC,GPS,false
TNT_002,DLY_TRP_0033840,TRP_0033840,2026-08-29T14:27:00.000Z,ARRIVAL,34,TRAFFIC,GPS,false
TNT_002,DLY_TRP_0033844,TRP_0033844,2026-06-04T05:54:00.000Z,ARRIVAL,15,DRIVER_LATE,GPS,false
TNT_001,DLY_TRP_0033847,TRP_0033847,2026-06-07T06:56:00.000Z,ARRIVAL,43,TRAFFIC,OPS,false
TNT_003,DLY_TRP_0033857,TRP_0033857,2026-06-17T06:20:00.000Z,ARRIVAL,42,TRAFFIC,GPS,false
TNT_002,DLY_TRP_0033868,TRP_0033868,2026-06-28T09:24:00.000Z,ARRIVAL,30,DRIVER_LATE,GPS,false
TNT_001,DLY_TRP_0033869,TRP_0033869,2026-06-29T22:29:00.000Z,ARRIVAL,31,TRAFFIC,VENDOR,false
TNT_001,DLY_TRP_0033873,TRP_0033873,2026-07-03T07:04:00.000Z,ARRIVAL,27,VEHICLE_ISSUE,GPS,false
TNT_001,DLY_TRP_0033882,TRP_0033882,2026-07-12T07:16:00.000Z,ARRIVAL,49,TRAFFIC,OPS,false
TNT_001,DLY_TRP_0033914,TRP_0033914,2026-08-13T22:41:00.000Z,ARRIVAL,31,ROUTE_DEVIATION,OPS,false
TNT_001,DLY_TRP_0033924,TRP_0033924,2026-08-23T23:46:00.000Z,ARRIVAL,56,TRAFFIC,GPS,false
TNT_001,DLY_TRP_0033925,TRP_0033925,2026-08-24T09:03:00.000Z,ARRIVAL,17,WEATHER,GPS,false
TNT_001,DLY_TRP_0033929,TRP_0033929,2026-08-28T14:58:00.000Z,ARRIVAL,43,WEATHER,GPS,false
TNT_001,DLY_TRP_0033938,TRP_0033938,2026-06-08T22:30:00.000Z,ARRIVAL,35,TRAFFIC,GPS,false
TNT_002,DLY_TRP_0033948,TRP_0033948,2026-06-18T09:38:00.000Z,ARRIVAL,58,TRAFFIC,GPS,false
TNT_003,DLY_TRP_0033949,TRP_0033949,2026-06-19T06:13:00.000Z,ARRIVAL,25,WEATHER,GPS,false
TNT_001,DLY_TRP_0033952,TRP_0033952,2026-06-22T14:36:00.000Z,ARRIVAL,42,DRIVER_LATE,VENDOR,false
TNT_003,DLY_TRP_0033956,TRP_0033956,2026-06-26T10:02:00.000Z,ARRIVAL,45,ROUTE_DEVIATION,GPS,false
TNT_001,DLY_TRP_0033963,TRP_0033963,2026-07-03T14:22:00.000Z,ARRIVAL,19,WEATHER,GPS,false
TNT_002,DLY_TRP_0033966,TRP_0033966,2026-07-06T06:49:00.000Z,ARRIVAL,25,WEATHER,GPS,false
TNT_001,DLY_TRP_0033969,TRP_0033969,2026-07-09T14:43:00.000Z,ARRIVAL,57,ROUTE_DEVIATION,GPS,false
TNT_001,DLY_TRP_0033975,TRP_0033975,2026-07-15T09:41:00.000Z,ARRIVAL,12,TRAFFIC,VENDOR,false
TNT_001,DLY_TRP_0033991,TRP_0033991,2026-07-31T14:31:00.000Z,ARRIVAL,35,DRIVER_LATE,VENDOR,false
TNT_001,DLY_TRP_0033996,TRP_0033996,2026-08-05T09:56:00.000Z,ARRIVAL,33,WEATHER,GPS,false
TNT_001,DLY_TRP_0034006,TRP_0034006,2026-08-15T09:43:00.000Z,ARRIVAL,19,WEATHER,VENDOR,false
TNT_002,DLY_TRP_0034011,TRP_0034011,2026-08-20T09:37:00.000Z,ARRIVAL,48,DRIVER_LATE,VENDOR,false
TNT_001,DLY_TRP_0034029,TRP_0034029,2026-06-09T14:29:00.000Z,ARRIVAL,18,WEATHER,GPS,false
TNT_002,DLY_TRP_0034030,TRP_0034030,2026-06-10T14:52:00.000Z,ARRIVAL,55,VEHICLE_ISSUE,GPS,false
TNT_001,DLY_TRP_0034037,TRP_0034037,2026-06-17T22:25:00.000Z,ARRIVAL,31,TRAFFIC,VENDOR,false
TNT_002,DLY_TRP_0034053,TRP_0034053,2026-07-03T06:32:00.000Z,ARRIVAL,18,VEHICLE_ISSUE,VENDOR,false
TNT_001,DLY_TRP_0034054,TRP_0034054,2026-07-04T14:48:00.000Z,ARRIVAL,11,TRAFFIC,VENDOR,false
TNT_001,DLY_TRP_0034060,TRP_0034060,2026-07-10T09:20:00.000Z,ARRIVAL,18,WEATHER,OPS,false
TNT_002,DLY_TRP_0034062,TRP_0034062,2026-07-12T22:51:00.000Z,ARRIVAL,35,TRAFFIC,OPS,false
TNT_001,DLY_TRP_0034082,TRP_0034082,2026-08-01T09:34:00.000Z,ARRIVAL,28,DRIVER_LATE,GPS,false
TNT_002,DLY_TRP_0034084,TRP_0034084,2026-08-03T10:21:00.000Z,ARRIVAL,51,DRIVER_LATE,VENDOR,false
TNT_003,DLY_TRP_0034093,TRP_0034093,2026-08-12T09:39:00.000Z,ARRIVAL,39,TRAFFIC,GPS,false
TNT_001,DLY_TRP_0034103,TRP_0034103,2026-08-22T22:24:00.000Z,ARRIVAL,21,TRAFFIC,VENDOR,false
TNT_001,DLY_TRP_0034104,TRP_0034104,2026-08-23T23:17:00.000Z,ARRIVAL,57,DRIVER_LATE,GPS,false
TNT_001,DLY_TRP_0034106,TRP_0034106,2026-08-25T09:39:00.000Z,ARRIVAL,31,ROUTE_DEVIATION,GPS,false
TNT_001,DLY_TRP_0034111,TRP_0034111,2026-06-01T09:29:00.000Z,ARRIVAL,57,VEHICLE_ISSUE,GPS,false
TNT_001,DLY_TRP_0034132,TRP_0034132,2026-06-22T06:39:00.000Z,ARRIVAL,48,ROUTE_DEVIATION,GPS,false
TNT_001,DLY_TRP_0034136,TRP_0034136,2026-06-26T23:03:00.000Z,ARRIVAL,33,TRAFFIC,GPS,false
TNT_001,DLY_TRP_0034140,TRP_0034140,2026-06-30T10:00:00.000Z,ARRIVAL,46,WEATHER,GPS,false
TNT_002,DLY_TRP_0034144,TRP_0034144,2026-07-04T22:13:00.000Z,ARRIVAL,46,TRAFFIC,GPS,false
TNT_001,DLY_TRP_0034155,TRP_0034155,2026-07-15T09:29:00.000Z,ARRIVAL,14,ROUTE_DEVIATION,GPS,false
TNT_001,DLY_TRP_0034184,TRP_0034184,2026-08-13T09:16:00.000Z,ARRIVAL,48,TRAFFIC,GPS,false
TNT_001,DLY_TRP_0034185,TRP_0034185,2026-08-14T22:37:00.000Z,ARRIVAL,31,TRAFFIC,VENDOR,false
TNT_002,DLY_TRP_0034191,TRP_0034191,2026-08-20T09:14:00.000Z,ARRIVAL,39,TRAFFIC,VENDOR,false
TNT_001,DLY_TRP_0034197,TRP_0034197,2026-08-26T15:09:00.000Z,ARRIVAL,32,DRIVER_LATE,GPS,false
TNT_001,DLY_TRP_0034203,TRP_0034203,2026-06-03T09:30:00.000Z,ARRIVAL,21,TRAFFIC,VENDOR,false
TNT_001,DLY_TRP_0034209,TRP_0034209,2026-06-09T09:01:00.000Z,ARRIVAL,30,TRAFFIC,VENDOR,false
TNT_003,DLY_TRP_0034223,TRP_0034223,2026-06-23T13:59:00.000Z,ARRIVAL,12,TRAFFIC,VENDOR,false
TNT_002,DLY_TRP_0034224,TRP_0034224,2026-06-24T08:55:00.000Z,ARRIVAL,17,TRAFFIC,GPS,false
TNT_003,DLY_TRP_0034227,TRP_0034227,2026-06-27T14:35:00.000Z,ARRIVAL,56,VEHICLE_ISSUE,GPS,false
TNT_002,DLY_TRP_0034228,TRP_0034228,2026-06-28T09:32:00.000Z,ARRIVAL,30,TRAFFIC,VENDOR,false
TNT_001,DLY_TRP_0034233,TRP_0034233,2026-07-03T09:44:00.000Z,ARRIVAL,56,DRIVER_LATE,GPS,true
TNT_001,DLY_TRP_0034245,TRP_0034245,2026-07-15T15:10:00.000Z,ARRIVAL,39,WEATHER,GPS,false
TNT_002,DLY_TRP_0034247,TRP_0034247,2026-07-17T23:10:00.000Z,ARRIVAL,43,ROUTE_DEVIATION,GPS,false
TNT_001,DLY_TRP_0034255,TRP_0034255,2026-07-25T06:48:00.000Z,ARRIVAL,46,TRAFFIC,GPS,false
TNT_001,DLY_TRP_0034257,TRP_0034257,2026-07-27T14:30:00.000Z,ARRIVAL,20,DRIVER_LATE,GPS,false
TNT_003,DLY_TRP_0034258,TRP_0034258,2026-07-28T09:24:00.000Z,ARRIVAL,18,TRAFFIC,OPS,false
TNT_001,DLY_TRP_0034263,TRP_0034263,2026-08-02T15:01:00.000Z,ARRIVAL,48,DRIVER_LATE,GPS,false
TNT_003,DLY_TRP_0034268,TRP_0034268,2026-08-07T09:47:00.000Z,ARRIVAL,45,TRAFFIC,GPS,false
TNT_001,DLY_TRP_0034274,TRP_0034274,2026-08-13T22:58:00.000Z,ARRIVAL,15,TRAFFIC,GPS,false
TNT_001,DLY_TRP_0034277,TRP_0034277,2026-08-16T09:57:00.000Z,ARRIVAL,45,WEATHER,GPS,false
TNT_002,DLY_TRP_0034297,TRP_0034297,2026-06-07T14:23:00.000Z,ARRIVAL,28,WEATHER,GPS,false
TNT_002,DLY_TRP_0034309,TRP_0034309,2026-06-19T14:20:00.000Z,ARRIVAL,13,ROUTE_DEVIATION,GPS,false
TNT_001,DLY_TRP_0034313,TRP_0034313,2026-06-23T14:35:00.000Z,ARRIVAL,48,TRAFFIC,OPS,false
TNT_002,DLY_TRP_0034315,TRP_0034315,2026-06-25T22:14:00.000Z,ARRIVAL,30,ROUTE_DEVIATION,OPS,false
TNT_001,DLY_TRP_0034320,TRP_0034320,2026-06-30T14:50:00.000Z,ARRIVAL,44,VEHICLE_ISSUE,GPS,false
TNT_003,DLY_TRP_0034336,TRP_0034336,2026-07-16T06:54:00.000Z,ARRIVAL,38,DRIVER_LATE,OPS,false
TNT_001,DLY_TRP_0034347,TRP_0034347,2026-07-27T06:17:00.000Z,ARRIVAL,12,TRAFFIC,OPS,false
TNT_001,DLY_TRP_0034354,TRP_0034354,2026-08-03T09:56:00.000Z,ARRIVAL,41,TRAFFIC,GPS,false
TNT_001,DLY_TRP_0034361,TRP_0034361,2026-08-10T06:45:00.000Z,ARRIVAL,52,DRIVER_LATE,GPS,false
TNT_003,DLY_TRP_0034363,TRP_0034363,2026-08-12T09:52:00.000Z,ARRIVAL,15,VEHICLE_ISSUE,VENDOR,false
TNT_001,DLY_TRP_0034368,TRP_0034368,2026-08-17T06:44:00.000Z,ARRIVAL,32,DRIVER_LATE,GPS,false
TNT_001,DLY_TRP_0034374,TRP_0034374,2026-08-23T09:27:00.000Z,ARRIVAL,18,TRAFFIC,VENDOR,false
TNT_001,DLY_TRP_0034380,TRP_0034380,2026-08-29T14:11:00.000Z,ARRIVAL,23,DRIVER_LATE,OPS,false
TNT_001,DLY_TRP_0034387,TRP_0034387,2026-06-07T22:53:00.000Z,ARRIVAL,33,DRIVER_LATE,VENDOR,false
TNT_001,DLY_TRP_0034390,TRP_0034390,2026-06-10T14:58:00.000Z,ARRIVAL,49,VEHICLE_ISSUE,GPS,false
TNT_001,DLY_TRP_0034396,TRP_0034396,2026-06-16T22:40:00.000Z,ARRIVAL,34,DRIVER_LATE,GPS,false
TNT_001,DLY_TRP_0034397,TRP_0034397,2026-06-17T23:27:00.000Z,ARRIVAL,45,WEATHER,GPS,false
TNT_001,DLY_TRP_0034405,TRP_0034405,2026-06-25T06:14:00.000Z,ARRIVAL,15,TRAFFIC,VENDOR,false
TNT_001,DLY_TRP_0034409,TRP_0034409,2026-06-29T06:17:00.000Z,ARRIVAL,31,ROUTE_DEVIATION,GPS,false
TNT_003,DLY_TRP_0034411,TRP_0034411,2026-07-01T22:29:00.000Z,ARRIVAL,31,DRIVER_LATE,GPS,false
TNT_002,DLY_TRP_0034418,TRP_0034418,2026-07-08T14:34:00.000Z,ARRIVAL,53,WEATHER,GPS,false
TNT_001,DLY_TRP_0034444,TRP_0034444,2026-08-03T14:19:00.000Z,ARRIVAL,40,DRIVER_LATE,GPS,false
TNT_001,DLY_TRP_0034451,TRP_0034451,2026-08-10T14:02:00.000Z,ARRIVAL,25,VEHICLE_ISSUE,OPS,false
TNT_003,DLY_TRP_0034457,TRP_0034457,2026-08-16T23:27:00.000Z,ARRIVAL,42,WEATHER,VENDOR,false
TNT_001,DLY_TRP_0034464,TRP_0034464,2026-08-23T09:11:00.000Z,ARRIVAL,15,WEATHER,VENDOR,false
TNT_001,DLY_TRP_0034465,TRP_0034465,2026-08-24T22:11:00.000Z,ARRIVAL,22,DRIVER_LATE,GPS,false
TNT_001,DLY_TRP_0034470,TRP_0034470,2026-08-29T10:22:00.000Z,ARRIVAL,49,ROUTE_DEVIATION,OPS,false
TNT_002,DLY_TRP_0034479,TRP_0034479,2026-06-09T09:24:00.000Z,ARRIVAL,28,TRAFFIC,GPS,false
TNT_002,DLY_TRP_0034484,TRP_0034484,2026-06-14T14:56:00.000Z,ARRIVAL,27,DRIVER_LATE,GPS,false
TNT_002,DLY_TRP_0034488,TRP_0034488,2026-06-18T09:51:00.000Z,ARRIVAL,52,TRAFFIC,GPS,false
TNT_003,DLY_TRP_0034493,TRP_0034493,2026-06-23T15:16:00.000Z,ARRIVAL,48,VEHICLE_ISSUE,OPS,false
TNT_002,DLY_TRP_0034500,TRP_0034500,2026-06-30T22:12:00.000Z,ARRIVAL,46,TRAFFIC,VENDOR,false
TNT_002,DLY_TRP_0034511,TRP_0034511,2026-07-11T09:47:00.000Z,ARRIVAL,39,WEATHER,GPS,false
TNT_003,DLY_TRP_0034512,TRP_0034512,2026-07-12T22:37:00.000Z,ARRIVAL,40,TRAFFIC,GPS,false
TNT_001,DLY_TRP_0034528,TRP_0034528,2026-07-28T14:35:00.000Z,ARRIVAL,18,WEATHER,GPS,false
TNT_003,DLY_TRP_0034529,TRP_0034529,2026-07-29T14:31:00.000Z,ARRIVAL,15,TRAFFIC,OPS,true
TNT_002,DLY_TRP_0034532,TRP_0034532,2026-08-01T14:01:00.000Z,ARRIVAL,35,VEHICLE_ISSUE,GPS,false
TNT_001,DLY_TRP_0034547,TRP_0034547,2026-08-16T06:41:00.000Z,ARRIVAL,50,TRAFFIC,GPS,false
TNT_001,DLY_TRP_0034557,TRP_0034557,2026-08-26T14:53:00.000Z,ARRIVAL,51,TRAFFIC,VENDOR,false
TNT_002,DLY_TRP_0034576,TRP_0034576,2026-06-16T09:24:00.000Z,ARRIVAL,28,DRIVER_LATE,GPS,false
TNT_002,DLY_TRP_0034577,TRP_0034577,2026-06-17T22:19:00.000Z,ARRIVAL,46,TRAFFIC,GPS,false
TNT_001,DLY_TRP_0034590,TRP_0034590,2026-06-30T06:14:00.000Z,ARRIVAL,18,TRAFFIC,VENDOR,false
TNT_001,DLY_TRP_0034605,TRP_0034605,2026-07-15T14:44:00.000Z,ARRIVAL,35,DRIVER_LATE,GPS,false
TNT_001,DLY_TRP_0034608,TRP_0034608,2026-07-18T09:52:00.000Z,ARRIVAL,48,WEATHER,VENDOR,false
TNT_001,DLY_TRP_0034615,TRP_0034615,2026-07-25T06:15:00.000Z,ARRIVAL,17,WEATHER,VENDOR,false
TNT_002,DLY_TRP_0034617,TRP_0034617,2026-07-27T10:17:00.000Z,ARRIVAL,45,WEATHER,GPS,false
TNT_003,DLY_TRP_0034621,TRP_0034621,2026-07-31T14:30:00.000Z,ARRIVAL,40,WEATHER,GPS,false
TNT_001,DLY_TRP_0034639,TRP_0034639,2026-08-18T08:59:00.000Z,ARRIVAL,20,DRIVER_LATE,VENDOR,false
TNT_001,DLY_TRP_0034656,TRP_0034656,2026-06-06T15:10:00.000Z,ARRIVAL,43,WEATHER,VENDOR,false
TNT_001,DLY_TRP_0034671,TRP_0034671,2026-06-21T14:15:00.000Z,ARRIVAL,27,TRAFFIC,GPS,false
TNT_001,DLY_TRP_0034678,TRP_0034678,2026-06-28T23:17:00.000Z,ARRIVAL,16,WEATHER,VENDOR,false
TNT_001,DLY_TRP_0034685,TRP_0034685,2026-07-05T22:34:00.000Z,ARRIVAL,47,TRAFFIC,VENDOR,false
TNT_001,DLY_TRP_0034699,TRP_0034699,2026-07-19T07:10:00.000Z,ARRIVAL,43,WEATHER,VENDOR,false
TNT_002,DLY_TRP_0034707,TRP_0034707,2026-07-27T22:24:00.000Z,ARRIVAL,32,VEHICLE_ISSUE,GPS,false
TNT_001,DLY_TRP_0034721,TRP_0034721,2026-08-10T06:14:00.000Z,ARRIVAL,20,VEHICLE_ISSUE,GPS,false
TNT_003,DLY_TRP_0034722,TRP_0034722,2026-08-11T09:23:00.000Z,ARRIVAL,12,TRAFFIC,VENDOR,false
TNT_001,DLY_TRP_0034723,TRP_0034723,2026-08-12T15:25:00.000Z,ARRIVAL,21,WEATHER,GPS,false
TNT_002,DLY_TRP_0034730,TRP_0034730,2026-08-19T22:36:00.000Z,ARRIVAL,39,TRAFFIC,GPS,false
TNT_001,DLY_TRP_0034741,TRP_0034741,2026-06-01T13:54:00.000Z,ARRIVAL,16,VEHICLE_ISSUE,GPS,false
TNT_002,DLY_TRP_0034744,TRP_0034744,2026-06-04T06:19:00.000Z,ARRIVAL,28,WEATHER,VENDOR,false
TNT_003,DLY_TRP_0034745,TRP_0034745,2026-06-05T06:43:00.000Z,ARRIVAL,29,TRAFFIC,GPS,false
TNT_001,DLY_TRP_0034756,TRP_0034756,2026-06-16T07:16:00.000Z,ARRIVAL,33,WEATHER,GPS,false
TNT_001,DLY_TRP_0034757,TRP_0034757,2026-06-17T09:50:00.000Z,ARRIVAL,43,ROUTE_DEVIATION,VENDOR,false
TNT_002,DLY_TRP_0034765,TRP_0034765,2026-06-25T09:18:00.000Z,ARRIVAL,11,WEATHER,GPS,false
TNT_001,DLY_TRP_0034772,TRP_0034772,2026-07-02T14:46:00.000Z,ARRIVAL,58,WEATHER,GPS,false
TNT_001,DLY_TRP_0034777,TRP_0034777,2026-07-07T14:44:00.000Z,ARRIVAL,11,VEHICLE_ISSUE,GPS,false
TNT_002,DLY_TRP_0034784,TRP_0034784,2026-07-14T10:04:00.000Z,ARRIVAL,43,TRAFFIC,GPS,false
TNT_003,DLY_TRP_0034792,TRP_0034792,2026-07-22T22:56:00.000Z,ARRIVAL,21,TRAFFIC,GPS,false
TNT_001,DLY_TRP_0034808,TRP_0034808,2026-08-07T06:33:00.000Z,ARRIVAL,34,DRIVER_LATE,VENDOR,false
TNT_001,DLY_TRP_0034823,TRP_0034823,2026-08-22T09:15:00.000Z,ARRIVAL,11,VEHICLE_ISSUE,GPS,false
TNT_002,DLY_TRP_0034828,TRP_0034828,2026-08-27T06:43:00.000Z,ARRIVAL,57,ROUTE_DEVIATION,GPS,false
TNT_001,DLY_TRP_0034840,TRP_0034840,2026-06-10T22:56:00.000Z,ARRIVAL,42,DRIVER_LATE,GPS,false
TNT_003,DLY_TRP_0034846,TRP_0034846,2026-06-16T09:36:00.000Z,ARRIVAL,30,DRIVER_LATE,OPS,false
TNT_002,DLY_TRP_0034848,TRP_0034848,2026-06-18T23:05:00.000Z,ARRIVAL,49,ROUTE_DEVIATION,VENDOR,false
TNT_002,DLY_TRP_0034855,TRP_0034855,2026-06-25T06:41:00.000Z,ARRIVAL,51,ROUTE_DEVIATION,GPS,false
TNT_001,DLY_TRP_0034866,TRP_0034866,2026-07-06T16:01:00.000Z,ARRIVAL,58,TRAFFIC,OPS,false
TNT_002,DLY_TRP_0034868,TRP_0034868,2026-07-08T14:25:00.000Z,ARRIVAL,37,WEATHER,GPS,false
TNT_001,DLY_TRP_0034880,TRP_0034880,2026-07-20T22:30:00.000Z,ARRIVAL,50,TRAFFIC,GPS,false
TNT_001,DLY_TRP_0034887,TRP_0034887,2026-07-27T10:03:00.000Z,ARRIVAL,25,TRAFFIC,VENDOR,false
TNT_001,DLY_TRP_0034892,TRP_0034892,2026-08-01T22:37:00.000Z,ARRIVAL,54,TRAFFIC,GPS,false
TNT_002,DLY_TRP_0034901,TRP_0034901,2026-08-10T22:38:00.000Z,ARRIVAL,44,WEATHER,GPS,false
TNT_002,DLY_TRP_0034905,TRP_0034905,2026-08-14T06:02:00.000Z,ARRIVAL,16,WEATHER,OPS,false
TNT_002,DLY_TRP_0034908,TRP_0034908,2026-08-17T14:45:00.000Z,ARRIVAL,23,WEATHER,GPS,false
TNT_001,DLY_TRP_0034922,TRP_0034922,2026-06-02T22:29:00.000Z,ARRIVAL,32,TRAFFIC,VENDOR,false
TNT_001,DLY_TRP_0034925,TRP_0034925,2026-06-05T14:39:00.000Z,ARRIVAL,58,WEATHER,VENDOR,false
TNT_001,DLY_TRP_0034948,TRP_0034948,2026-06-28T15:05:00.000Z,ARRIVAL,50,WEATHER,GPS,false
TNT_003,DLY_TRP_0034960,TRP_0034960,2026-07-10T09:48:00.000Z,ARRIVAL,39,VEHICLE_ISSUE,GPS,false
TNT_003,DLY_TRP_0034964,TRP_0034964,2026-07-14T09:29:00.000Z,ARRIVAL,55,ROUTE_DEVIATION,OPS,false
TNT_002,DLY_TRP_0034976,TRP_0034976,2026-07-26T05:48:00.000Z,ARRIVAL,14,VEHICLE_ISSUE,GPS,false
TNT_002,DLY_TRP_0035007,TRP_0035007,2026-08-26T06:05:00.000Z,ARRIVAL,21,WEATHER,VENDOR,false
TNT_003,DLY_TRP_0035041,TRP_0035041,2026-07-01T10:01:00.000Z,ARRIVAL,50,VEHICLE_ISSUE,VENDOR,false
TNT_002,DLY_TRP_0035042,TRP_0035042,2026-07-02T09:27:00.000Z,ARRIVAL,30,WEATHER,GPS,false
TNT_001,DLY_TRP_0035052,TRP_0035052,2026-07-12T07:28:00.000Z,ARRIVAL,55,TRAFFIC,GPS,false
TNT_002,DLY_TRP_0035057,TRP_0035057,2026-07-17T09:03:00.000Z,ARRIVAL,23,DRIVER_LATE,GPS,false
TNT_001,DLY_TRP_0035066,TRP_0035066,2026-07-26T09:39:00.000Z,ARRIVAL,16,TRAFFIC,GPS,false
TNT_003,DLY_TRP_0035068,TRP_0035068,2026-07-28T09:58:00.000Z,ARRIVAL,38,TRAFFIC,VENDOR,false
TNT_003,DLY_TRP_0035078,TRP_0035078,2026-08-07T06:41:00.000Z,ARRIVAL,24,TRAFFIC,VENDOR,false
TNT_003,DLY_TRP_0035087,TRP_0035087,2026-08-16T14:59:00.000Z,ARRIVAL,25,DRIVER_LATE,GPS,false
TNT_001,DLY_TRP_0035090,TRP_0035090,2026-08-19T07:27:00.000Z,ARRIVAL,40,ROUTE_DEVIATION,OPS,false
TNT_003,DLY_TRP_0035096,TRP_0035096,2026-08-25T06:29:00.000Z,ARRIVAL,36,TRAFFIC,GPS,false
TNT_001,DLY_TRP_0035107,TRP_0035107,2026-06-07T22:59:00.000Z,ARRIVAL,34,DRIVER_LATE,GPS,false
TNT_001,DLY_TRP_0035114,TRP_0035114,2026-06-14T09:35:00.000Z,ARRIVAL,33,ROUTE_DEVIATION,VENDOR,false
TNT_002,DLY_TRP_0035117,TRP_0035117,2026-06-17T22:07:00.000Z,ARRIVAL,23,TRAFFIC,VENDOR,false
TNT_001,DLY_TRP_0035122,TRP_0035122,2026-06-22T22:43:00.000Z,ARRIVAL,34,VEHICLE_ISSUE,GPS,false
TNT_003,DLY_TRP_0035123,TRP_0035123,2026-06-23T06:07:00.000Z,ARRIVAL,13,DRIVER_LATE,GPS,false
TNT_001,DLY_TRP_0035128,TRP_0035128,2026-06-28T10:15:00.000Z,ARRIVAL,43,WEATHER,GPS,false
TNT_002,DLY_TRP_0035130,TRP_0035130,2026-06-30T09:17:00.000Z,ARRIVAL,17,TRAFFIC,GPS,false
TNT_001,DLY_TRP_0035136,TRP_0035136,2026-07-06T09:05:00.000Z,ARRIVAL,16,ROUTE_DEVIATION,OPS,true
TNT_001,DLY_TRP_0035153,TRP_0035153,2026-07-23T07:04:00.000Z,ARRIVAL,26,WEATHER,GPS,false
TNT_002,DLY_TRP_0035154,TRP_0035154,2026-07-24T22:44:00.000Z,ARRIVAL,48,TRAFFIC,VENDOR,false
TNT_001,DLY_TRP_0035168,TRP_0035168,2026-08-07T09:18:00.000Z,ARRIVAL,40,WEATHER,GPS,true
TNT_001,DLY_TRP_0035174,TRP_0035174,2026-08-13T23:27:00.000Z,ARRIVAL,56,TRAFFIC,GPS,false
TNT_002,DLY_TRP_0035178,TRP_0035178,2026-08-17T09:38:00.000Z,ARRIVAL,24,DRIVER_LATE,GPS,false
TNT_001,DLY_TRP_0035180,TRP_0035180,2026-08-19T09:41:00.000Z,ARRIVAL,43,TRAFFIC,GPS,false
TNT_002,DLY_TRP_0035204,TRP_0035204,2026-06-14T06:39:00.000Z,ARRIVAL,52,TRAFFIC,GPS,false
TNT_001,DLY_TRP_0035206,TRP_0035206,2026-06-16T09:12:00.000Z,ARRIVAL,44,TRAFFIC,VENDOR,false
TNT_001,DLY_TRP_0035208,TRP_0035208,2026-06-18T10:03:00.000Z,ARRIVAL,14,VEHICLE_ISSUE,VENDOR,false
TNT_001,DLY_TRP_0035210,TRP_0035210,2026-06-20T09:15:00.000Z,ARRIVAL,45,TRAFFIC,GPS,false
TNT_002,DLY_TRP_0035214,TRP_0035214,2026-06-24T06:18:00.000Z,ARRIVAL,11,WEATHER,GPS,false
TNT_001,DLY_TRP_0035228,TRP_0035228,2026-07-08T06:23:00.000Z,ARRIVAL,27,ROUTE_DEVIATION,VENDOR,false
TNT_001,DLY_TRP_0035229,TRP_0035229,2026-07-09T23:13:00.000Z,ARRIVAL,43,ROUTE_DEVIATION,GPS,false
TNT_001,DLY_TRP_0035239,TRP_0035239,2026-07-19T06:33:00.000Z,ARRIVAL,37,ROUTE_DEVIATION,GPS,false
TNT_002,DLY_TRP_0035245,TRP_0035245,2026-07-25T22:36:00.000Z,ARRIVAL,35,DRIVER_LATE,GPS,false
TNT_001,DLY_TRP_0035248,TRP_0035248,2026-07-28T06:19:00.000Z,ARRIVAL,26,WEATHER,GPS,false
TNT_001,DLY_TRP_0035257,TRP_0035257,2026-08-06T14:08:00.000Z,ARRIVAL,24,ROUTE_DEVIATION,GPS,false
TNT_001,DLY_TRP_0035266,TRP_0035266,2026-08-15T06:58:00.000Z,ARRIVAL,36,WEATHER,GPS,false
TNT_001,DLY_TRP_0035271,TRP_0035271,2026-08-20T09:41:00.000Z,ARRIVAL,18,ROUTE_DEVIATION,OPS,false
TNT_001,DLY_TRP_0035290,TRP_0035290,2026-06-10T22:53:00.000Z,ARRIVAL,27,WEATHER,GPS,false
TNT_003,DLY_TRP_0035301,TRP_0035301,2026-06-21T14:48:00.000Z,ARRIVAL,25,TRAFFIC,VENDOR,false
TNT_001,DLY_TRP_0035306,TRP_0035306,2026-06-26T14:14:00.000Z,ARRIVAL,19,ROUTE_DEVIATION,OPS,false
TNT_001,DLY_TRP_0035311,TRP_0035311,2026-07-01T10:05:00.000Z,ARRIVAL,32,WEATHER,GPS,false
TNT_001,DLY_TRP_0035316,TRP_0035316,2026-07-06T07:03:00.000Z,ARRIVAL,48,DRIVER_LATE,VENDOR,true
TNT_001,DLY_TRP_0035319,TRP_0035319,2026-07-09T22:46:00.000Z,ARRIVAL,48,WEATHER,GPS,false
TNT_001,DLY_TRP_0035326,TRP_0035326,2026-07-16T06:24:00.000Z,ARRIVAL,30,ROUTE_DEVIATION,GPS,false
TNT_002,DLY_TRP_0035333,TRP_0035333,2026-07-23T13:56:00.000Z,ARRIVAL,23,DRIVER_LATE,GPS,false
TNT_001,DLY_TRP_0035337,TRP_0035337,2026-07-27T22:58:00.000Z,ARRIVAL,33,WEATHER,GPS,false
TNT_001,DLY_TRP_0035352,TRP_0035352,2026-08-11T09:37:00.000Z,ARRIVAL,22,TRAFFIC,GPS,false
TNT_001,DLY_TRP_0035355,TRP_0035355,2026-08-14T22:49:00.000Z,ARRIVAL,55,ROUTE_DEVIATION,GPS,false
TNT_002,DLY_TRP_0035371,TRP_0035371,2026-06-01T09:46:00.000Z,ARRIVAL,49,TRAFFIC,OPS,false
TNT_003,DLY_TRP_0035372,TRP_0035372,2026-06-02T09:40:00.000Z,ARRIVAL,50,WEATHER,VENDOR,false
TNT_002,DLY_TRP_0035374,TRP_0035374,2026-06-04T22:07:00.000Z,ARRIVAL,17,ROUTE_DEVIATION,GPS,false
TNT_001,DLY_TRP_0035384,TRP_0035384,2026-06-14T09:52:00.000Z,ARRIVAL,41,WEATHER,VENDOR,false
TNT_001,DLY_TRP_0035385,TRP_0035385,2026-06-15T15:00:00.000Z,ARRIVAL,43,DRIVER_LATE,GPS,false
TNT_003,DLY_TRP_0035400,TRP_0035400,2026-06-30T09:48:00.000Z,ARRIVAL,28,ROUTE_DEVIATION,GPS,false
TNT_002,DLY_TRP_0035401,TRP_0035401,2026-07-01T22:01:00.000Z,ARRIVAL,24,TRAFFIC,VENDOR,false
TNT_002,DLY_TRP_0035407,TRP_0035407,2026-07-07T09:33:00.000Z,ARRIVAL,32,TRAFFIC,GPS,true
TNT_003,DLY_TRP_0035412,TRP_0035412,2026-07-12T10:32:00.000Z,ARRIVAL,31,WEATHER,GPS,false
TNT_002,DLY_TRP_0035417,TRP_0035417,2026-07-17T10:09:00.000Z,ARRIVAL,50,TRAFFIC,GPS,false
TNT_002,DLY_TRP_0035421,TRP_0035421,2026-07-21T22:39:00.000Z,ARRIVAL,17,TRAFFIC,VENDOR,false
TNT_003,DLY_TRP_0035430,TRP_0035430,2026-07-30T21:42:00.000Z,ARRIVAL,11,ROUTE_DEVIATION,GPS,false
TNT_001,DLY_TRP_0035434,TRP_0035434,2026-08-03T23:18:00.000Z,ARRIVAL,58,WEATHER,VENDOR,false
TNT_002,DLY_TRP_0035436,TRP_0035436,2026-08-05T09:44:00.000Z,ARRIVAL,26,WEATHER,VENDOR,false
TNT_001,DLY_TRP_0035438,TRP_0035438,2026-08-07T22:40:00.000Z,ARRIVAL,40,TRAFFIC,OPS,false
TNT_003,DLY_TRP_0035443,TRP_0035443,2026-08-12T14:12:00.000Z,ARRIVAL,33,TRAFFIC,GPS,false
TNT_002,DLY_TRP_0035452,TRP_0035452,2026-08-21T23:04:00.000Z,ARRIVAL,50,WEATHER,OPS,false
TNT_001,DLY_TRP_0035457,TRP_0035457,2026-08-26T15:17:00.000Z,ARRIVAL,14,TRAFFIC,GPS,false
TNT_001,DLY_TRP_0035470,TRP_0035470,2026-06-10T15:26:00.000Z,ARRIVAL,49,DRIVER_LATE,VENDOR,false
TNT_001,DLY_TRP_0035472,TRP_0035472,2026-06-12T14:53:00.000Z,ARRIVAL,45,DRIVER_LATE,GPS,false
TNT_002,DLY_TRP_0035481,TRP_0035481,2026-06-21T09:40:00.000Z,ARRIVAL,25,WEATHER,GPS,false
TNT_001,DLY_TRP_0035486,TRP_0035486,2026-06-26T06:38:00.000Z,ARRIVAL,44,WEATHER,GPS,false
TNT_001,DLY_TRP_0035490,TRP_0035490,2026-06-30T22:14:00.000Z,ARRIVAL,27,ROUTE_DEVIATION,GPS,false
TNT_003,DLY_TRP_0035494,TRP_0035494,2026-07-04T22:46:00.000Z,ARRIVAL,45,DRIVER_LATE,GPS,false
TNT_001,DLY_TRP_0035495,TRP_0035495,2026-07-05T06:38:00.000Z,ARRIVAL,32,TRAFFIC,VENDOR,false
TNT_001,DLY_TRP_0035505,TRP_0035505,2026-07-15T06:51:00.000Z,ARRIVAL,54,TRAFFIC,OPS,false
TNT_001,DLY_TRP_0035512,TRP_0035512,2026-07-22T22:44:00.000Z,ARRIVAL,57,VEHICLE_ISSUE,GPS,false
TNT_002,DLY_TRP_0035514,TRP_0035514,2026-07-24T09:39:00.000Z,ARRIVAL,38,WEATHER,GPS,true
TNT_001,DLY_TRP_0035515,TRP_0035515,2026-07-25T10:02:00.000Z,ARRIVAL,35,TRAFFIC,GPS,false
TNT_002,DLY_TRP_0035534,TRP_0035534,2026-08-13T22:33:00.000Z,ARRIVAL,20,DRIVER_LATE,GPS,false
TNT_001,DLY_TRP_0035536,TRP_0035536,2026-08-15T10:09:00.000Z,ARRIVAL,52,ROUTE_DEVIATION,GPS,false
TNT_002,DLY_TRP_0035538,TRP_0035538,2026-08-17T22:49:00.000Z,ARRIVAL,41,TRAFFIC,VENDOR,false
TNT_002,DLY_TRP_0035544,TRP_0035544,2026-08-23T06:37:00.000Z,ARRIVAL,27,TRAFFIC,OPS,false
TNT_001,DLY_TRP_0035550,TRP_0035550,2026-08-29T14:45:00.000Z,ARRIVAL,56,WEATHER,VENDOR,false
TNT_003,DLY_TRP_0035556,TRP_0035556,2026-06-06T10:10:00.000Z,ARRIVAL,36,WEATHER,VENDOR,false
TNT_001,DLY_TRP_0035559,TRP_0035559,2026-06-09T10:43:00.000Z,ARRIVAL,38,WEATHER,GPS,false
TNT_002,DLY_TRP_0035578,TRP_0035578,2026-06-28T06:41:00.000Z,ARRIVAL,38,ROUTE_DEVIATION,GPS,false
TNT_001,DLY_TRP_0035587,TRP_0035587,2026-07-07T14:33:00.000Z,ARRIVAL,54,WEATHER,GPS,false
TNT_001,DLY_TRP_0035593,TRP_0035593,2026-07-13T23:03:00.000Z,ARRIVAL,53,DRIVER_LATE,GPS,false
TNT_001,DLY_TRP_0035601,TRP_0035601,2026-07-21T10:12:00.000Z,ARRIVAL,34,TRAFFIC,VENDOR,false
TNT_002,DLY_TRP_0035602,TRP_0035602,2026-07-22T09:19:00.000Z,ARRIVAL,18,TRAFFIC,GPS,false
TNT_001,DLY_TRP_0035613,TRP_0035613,2026-08-02T06:42:00.000Z,ARRIVAL,47,WEATHER,GPS,false
TNT_001,DLY_TRP_0035615,TRP_0035615,2026-08-04T15:06:00.000Z,ARRIVAL,58,DRIVER_LATE,GPS,false
TNT_002,DLY_TRP_0035619,TRP_0035619,2026-08-08T06:33:00.000Z,ARRIVAL,20,TRAFFIC,GPS,false
TNT_001,DLY_TRP_0035623,TRP_0035623,2026-08-12T22:25:00.000Z,ARRIVAL,26,ROUTE_DEVIATION,OPS,false
TNT_001,DLY_TRP_0035627,TRP_0035627,2026-08-16T10:21:00.000Z,ARRIVAL,45,TRAFFIC,GPS,false
TNT_001,DLY_TRP_0035628,TRP_0035628,2026-08-17T22:28:00.000Z,ARRIVAL,50,DRIVER_LATE,GPS,false
TNT_001,DLY_TRP_0035634,TRP_0035634,2026-08-23T22:31:00.000Z,ARRIVAL,46,DRIVER_LATE,VENDOR,true
TNT_001,DLY_TRP_0035638,TRP_0035638,2026-08-27T22:45:00.000Z,ARRIVAL,38,ROUTE_DEVIATION,GPS,false
TNT_002,DLY_TRP_0035655,TRP_0035655,2026-06-15T09:32:00.000Z,ARRIVAL,30,TRAFFIC,VENDOR,false
TNT_001,DLY_TRP_0035657,TRP_0035657,2026-06-17T09:31:00.000Z,ARRIVAL,27,TRAFFIC,VENDOR,false
TNT_003,DLY_TRP_0035660,TRP_0035660,2026-06-20T09:39:00.000Z,ARRIVAL,39,WEATHER,VENDOR,false
TNT_003,DLY_TRP_0035664,TRP_0035664,2026-06-24T10:14:00.000Z,ARRIVAL,55,VEHICLE_ISSUE,GPS,false
TNT_002,DLY_TRP_0035667,TRP_0035667,2026-06-27T14:04:00.000Z,ARRIVAL,35,WEATHER,GPS,false
TNT_001,DLY_TRP_0035683,TRP_0035683,2026-07-13T10:26:00.000Z,ARRIVAL,49,TRAFFIC,GPS,false
TNT_001,DLY_TRP_0035684,TRP_0035684,2026-07-14T09:52:00.000Z,ARRIVAL,41,WEATHER,GPS,false
TNT_001,DLY_TRP_0035688,TRP_0035688,2026-07-18T09:19:00.000Z,ARRIVAL,28,DRIVER_LATE,VENDOR,false
TNT_001,DLY_TRP_0035695,TRP_0035695,2026-07-25T09:34:00.000Z,ARRIVAL,41,WEATHER,GPS,false
TNT_001,DLY_TRP_0035702,TRP_0035702,2026-08-01T09:38:00.000Z,ARRIVAL,33,TRAFFIC,GPS,false
TNT_002,DLY_TRP_0035711,TRP_0035711,2026-08-10T06:35:00.000Z,ARRIVAL,55,TRAFFIC,GPS,false
TNT_001,DLY_TRP_0035715,TRP_0035715,2026-08-14T09:30:00.000Z,ARRIVAL,38,WEATHER,VENDOR,false
TNT_001,DLY_TRP_0035720,TRP_0035720,2026-08-19T22:47:00.000Z,ARRIVAL,42,VEHICLE_ISSUE,GPS,false
TNT_001,DLY_TRP_0035724,TRP_0035724,2026-08-23T06:35:00.000Z,ARRIVAL,41,ROUTE_DEVIATION,GPS,false
TNT_003,DLY_TRP_0035725,TRP_0035725,2026-08-24T09:44:00.000Z,ARRIVAL,35,TRAFFIC,OPS,false
TNT_003,DLY_TRP_0035733,TRP_0035733,2026-06-03T14:54:00.000Z,ARRIVAL,31,TRAFFIC,OPS,false
TNT_001,DLY_TRP_0035734,TRP_0035734,2026-06-04T22:48:00.000Z,ARRIVAL,40,WEATHER,GPS,false
TNT_001,DLY_TRP_0035742,TRP_0035742,2026-06-12T14:53:00.000Z,ARRIVAL,37,DRIVER_LATE,GPS,false
TNT_003,DLY_TRP_0035744,TRP_0035744,2026-06-14T14:46:00.000Z,ARRIVAL,34,ROUTE_DEVIATION,GPS,false
TNT_003,DLY_TRP_0035751,TRP_0035751,2026-06-21T14:26:00.000Z,ARRIVAL,28,WEATHER,GPS,false
TNT_002,DLY_TRP_0035766,TRP_0035766,2026-07-06T22:15:00.000Z,ARRIVAL,28,TRAFFIC,GPS,false
TNT_002,DLY_TRP_0035771,TRP_0035771,2026-07-11T09:25:00.000Z,ARRIVAL,29,TRAFFIC,GPS,false
TNT_001,DLY_TRP_0035773,TRP_0035773,2026-07-13T06:19:00.000Z,ARRIVAL,40,WEATHER,GPS,false
TNT_002,DLY_TRP_0035791,TRP_0035791,2026-07-31T09:31:00.000Z,ARRIVAL,55,WEATHER,GPS,false
TNT_001,DLY_TRP_0035797,TRP_0035797,2026-08-06T07:06:00.000Z,ARRIVAL,18,DRIVER_LATE,GPS,false
TNT_001,DLY_TRP_0035802,TRP_0035802,2026-08-11T22:45:00.000Z,ARRIVAL,47,DRIVER_LATE,VENDOR,false
TNT_001,DLY_TRP_0035803,TRP_0035803,2026-08-12T10:15:00.000Z,ARRIVAL,52,TRAFFIC,GPS,false
TNT_001,DLY_TRP_0035805,TRP_0035805,2026-08-14T22:06:00.000Z,ARRIVAL,26,TRAFFIC,GPS,false
TNT_001,DLY_TRP_0035815,TRP_0035815,2026-08-24T22:43:00.000Z,ARRIVAL,40,TRAFFIC,GPS,false
TNT_001,DLY_TRP_0035817,TRP_0035817,2026-08-26T22:46:00.000Z,ARRIVAL,43,DRIVER_LATE,OPS,false
TNT_001,DLY_TRP_0035825,TRP_0035825,2026-06-05T09:53:00.000Z,ARRIVAL,32,WEATHER,GPS,false
TNT_001,DLY_TRP_0035826,TRP_0035826,2026-06-06T09:32:00.000Z,ARRIVAL,47,WEATHER,GPS,false
TNT_001,DLY_TRP_0035831,TRP_0035831,2026-06-11T10:46:00.000Z,ARRIVAL,56,DRIVER_LATE,GPS,false
TNT_003,DLY_TRP_0035842,TRP_0035842,2026-06-22T09:50:00.000Z,ARRIVAL,58,DRIVER_LATE,GPS,false
TNT_001,DLY_TRP_0035844,TRP_0035844,2026-06-24T09:28:00.000Z,ARRIVAL,38,VEHICLE_ISSUE,VENDOR,false
TNT_003,DLY_TRP_0035845,TRP_0035845,2026-06-25T10:05:00.000Z,ARRIVAL,58,VEHICLE_ISSUE,GPS,true
TNT_002,DLY_TRP_0035866,TRP_0035866,2026-07-16T09:43:00.000Z,ARRIVAL,48,WEATHER,GPS,false
TNT_003,DLY_TRP_0035872,TRP_0035872,2026-07-22T09:28:00.000Z,ARRIVAL,28,TRAFFIC,GPS,false
TNT_002,DLY_TRP_0035880,TRP_0035880,2026-07-30T09:40:00.000Z,ARRIVAL,42,DRIVER_LATE,GPS,false
TNT_003,DLY_TRP_0035909,TRP_0035909,2026-08-28T06:32:00.000Z,ARRIVAL,46,TRAFFIC,GPS,false
TNT_001,DLY_TRP_0035911,TRP_0035911,2026-06-01T22:38:00.000Z,ARRIVAL,39,DRIVER_LATE,VENDOR,false
TNT_001,DLY_TRP_0035913,TRP_0035913,2026-06-03T09:19:00.000Z,ARRIVAL,11,TRAFFIC,GPS,false
TNT_001,DLY_TRP_0035920,TRP_0035920,2026-06-10T23:24:00.000Z,ARRIVAL,28,DRIVER_LATE,GPS,false
TNT_003,DLY_TRP_0035931,TRP_0035931,2026-06-21T09:26:00.000Z,ARRIVAL,11,WEATHER,GPS,false
TNT_001,DLY_TRP_0035933,TRP_0035933,2026-06-23T08:51:00.000Z,ARRIVAL,15,TRAFFIC,VENDOR,false
TNT_003,DLY_TRP_0035941,TRP_0035941,2026-07-01T10:14:00.000Z,ARRIVAL,56,TRAFFIC,GPS,true
TNT_002,DLY_TRP_0035946,TRP_0035946,2026-07-06T09:23:00.000Z,ARRIVAL,32,TRAFFIC,GPS,false
TNT_002,DLY_TRP_0035956,TRP_0035956,2026-07-16T06:20:00.000Z,ARRIVAL,35,TRAFFIC,OPS,false
TNT_003,DLY_TRP_0035961,TRP_0035961,2026-07-21T23:02:00.000Z,ARRIVAL,29,WEATHER,GPS,false
TNT_002,DLY_TRP_0035967,TRP_0035967,2026-07-27T09:42:00.000Z,ARRIVAL,43,WEATHER,VENDOR,false
TNT_001,DLY_TRP_0035993,TRP_0035993,2026-08-22T22:02:00.000Z,ARRIVAL,12,TRAFFIC,GPS,false
TNT_001,DLY_TRP_0035994,TRP_0035994,2026-08-23T10:07:00.000Z,ARRIVAL,11,DRIVER_LATE,OPS,false
TNT_002,DLY_TRP_0035998,TRP_0035998,2026-08-27T14:49:00.000Z,ARRIVAL,32,TRAFFIC,OPS,false
TNT_002,DLY_TRP_0036002,TRP_0036002,2026-06-02T09:40:00.000Z,ARRIVAL,13,VEHICLE_ISSUE,GPS,false
TNT_002,DLY_TRP_0036008,TRP_0036008,2026-06-08T06:14:00.000Z,ARRIVAL,18,DRIVER_LATE,OPS,false
TNT_001,DLY_TRP_0036009,TRP_0036009,2026-06-09T10:31:00.000Z,ARRIVAL,57,VEHICLE_ISSUE,OPS,false
TNT_001,DLY_TRP_0036013,TRP_0036013,2026-06-13T22:44:00.000Z,ARRIVAL,41,VEHICLE_ISSUE,GPS,false
TNT_001,DLY_TRP_0036016,TRP_0036016,2026-06-16T09:33:00.000Z,ARRIVAL,40,DRIVER_LATE,OPS,false
TNT_001,DLY_TRP_0036039,TRP_0036039,2026-07-09T14:32:00.000Z,ARRIVAL,40,WEATHER,GPS,false
TNT_001,DLY_TRP_0036043,TRP_0036043,2026-07-13T15:02:00.000Z,ARRIVAL,39,WEATHER,GPS,false
TNT_002,DLY_TRP_0036044,TRP_0036044,2026-07-14T22:18:00.000Z,ARRIVAL,14,TRAFFIC,GPS,false
TNT_001,DLY_TRP_0036046,TRP_0036046,2026-07-16T09:47:00.000Z,ARRIVAL,46,TRAFFIC,VENDOR,false
TNT_001,DLY_TRP_0036057,TRP_0036057,2026-07-27T09:33:00.000Z,ARRIVAL,28,TRAFFIC,OPS,false
TNT_001,DLY_TRP_0036059,TRP_0036059,2026-07-29T09:15:00.000Z,ARRIVAL,13,TRAFFIC,GPS,false
TNT_002,DLY_TRP_0036065,TRP_0036065,2026-08-04T10:14:00.000Z,ARRIVAL,37,WEATHER,VENDOR,false
TNT_001,DLY_TRP_0036067,TRP_0036067,2026-08-06T14:12:00.000Z,ARRIVAL,22,TRAFFIC,GPS,false
TNT_002,DLY_TRP_0036076,TRP_0036076,2026-08-15T09:53:00.000Z,ARRIVAL,53,TRAFFIC,GPS,false
TNT_001,DLY_TRP_0036086,TRP_0036086,2026-08-25T09:32:00.000Z,ARRIVAL,50,TRAFFIC,GPS,false
TNT_002,DLY_TRP_0036096,TRP_0036096,2026-06-06T14:16:00.000Z,ARRIVAL,35,DRIVER_LATE,GPS,false
TNT_002,DLY_TRP_0036109,TRP_0036109,2026-06-19T07:07:00.000Z,ARRIVAL,54,WEATHER,VENDOR,false
TNT_001,DLY_TRP_0036115,TRP_0036115,2026-06-25T14:36:00.000Z,ARRIVAL,25,TRAFFIC,GPS,false
TNT_001,DLY_TRP_0036122,TRP_0036122,2026-07-02T09:19:00.000Z,ARRIVAL,30,TRAFFIC,OPS,false
TNT_001,DLY_TRP_0036126,TRP_0036126,2026-07-06T06:28:00.000Z,ARRIVAL,24,WEATHER,GPS,false
TNT_001,DLY_TRP_0036127,TRP_0036127,2026-07-07T14:07:00.000Z,ARRIVAL,31,ROUTE_DEVIATION,OPS,false
TNT_003,DLY_TRP_0036130,TRP_0036130,2026-07-10T22:50:00.000Z,ARRIVAL,33,TRAFFIC,GPS,false
TNT_001,DLY_TRP_0036138,TRP_0036138,2026-07-18T14:34:00.000Z,ARRIVAL,19,DRIVER_LATE,GPS,false
TNT_003,DLY_TRP_0036139,TRP_0036139,2026-07-19T06:07:00.000Z,ARRIVAL,18,DRIVER_LATE,GPS,false
TNT_001,DLY_TRP_0036144,TRP_0036144,2026-07-24T09:32:00.000Z,ARRIVAL,36,TRAFFIC,OPS,false
TNT_002,DLY_TRP_0036147,TRP_0036147,2026-07-27T09:49:00.000Z,ARRIVAL,58,TRAFFIC,OPS,false
TNT_002,DLY_TRP_0036149,TRP_0036149,2026-07-29T06:03:00.000Z,ARRIVAL,26,WEATHER,VENDOR,false
TNT_001,DLY_TRP_0036154,TRP_0036154,2026-08-03T14:24:00.000Z,ARRIVAL,49,TRAFFIC,OPS,false
TNT_002,DLY_TRP_0036156,TRP_0036156,2026-08-05T09:16:00.000Z,ARRIVAL,19,ROUTE_DEVIATION,GPS,false
TNT_001,DLY_TRP_0036157,TRP_0036157,2026-08-06T14:30:00.000Z,ARRIVAL,24,WEATHER,VENDOR,false
TNT_002,DLY_TRP_0036162,TRP_0036162,2026-08-11T13:48:00.000Z,ARRIVAL,24,TRAFFIC,GPS,false
TNT_002,DLY_TRP_0036179,TRP_0036179,2026-08-28T09:24:00.000Z,ARRIVAL,19,DRIVER_LATE,GPS,true
TNT_001,DLY_TRP_0036190,TRP_0036190,2026-06-10T14:13:00.000Z,ARRIVAL,15,TRAFFIC,GPS,false
TNT_001,DLY_TRP_0036200,TRP_0036200,2026-06-20T09:48:00.000Z,ARRIVAL,13,TRAFFIC,GPS,false
TNT_001,DLY_TRP_0036236,TRP_0036236,2026-07-26T06:19:00.000Z,ARRIVAL,34,TRAFFIC,GPS,false
TNT_001,DLY_TRP_0036253,TRP_0036253,2026-08-12T22:49:00.000Z,ARRIVAL,33,TRAFFIC,GPS,false
TNT_002,DLY_TRP_0036263,TRP_0036263,2026-08-22T14:16:00.000Z,ARRIVAL,42,DRIVER_LATE,GPS,false
TNT_001,DLY_TRP_0036275,TRP_0036275,2026-06-05T09:39:00.000Z,ARRIVAL,57,WEATHER,GPS,false
TNT_002,DLY_TRP_0036293,TRP_0036293,2026-06-23T14:08:00.000Z,ARRIVAL,36,ROUTE_DEVIATION,GPS,false
TNT_001,DLY_TRP_0036312,TRP_0036312,2026-07-12T09:10:00.000Z,ARRIVAL,21,WEATHER,OPS,false
TNT_001,DLY_TRP_0036318,TRP_0036318,2026-07-18T06:42:00.000Z,ARRIVAL,31,TRAFFIC,GPS,false
TNT_001,DLY_TRP_0036321,TRP_0036321,2026-07-21T16:05:00.000Z,ARRIVAL,55,TRAFFIC,GPS,false
TNT_002,DLY_TRP_0036325,TRP_0036325,2026-07-25T15:03:00.000Z,ARRIVAL,42,TRAFFIC,GPS,false
TNT_002,DLY_TRP_0036334,TRP_0036334,2026-08-03T09:25:00.000Z,ARRIVAL,29,DRIVER_LATE,GPS,false
TNT_002,DLY_TRP_0036339,TRP_0036339,2026-08-08T09:07:00.000Z,ARRIVAL,21,TRAFFIC,GPS,false
TNT_003,DLY_TRP_0036348,TRP_0036348,2026-08-17T14:30:00.000Z,ARRIVAL,16,ROUTE_DEVIATION,OPS,false
TNT_001,DLY_TRP_0036349,TRP_0036349,2026-08-18T10:07:00.000Z,ARRIVAL,28,TRAFFIC,GPS,false
TNT_002,DLY_TRP_0036350,TRP_0036350,2026-08-19T06:09:00.000Z,ARRIVAL,36,DRIVER_LATE,VENDOR,false
TNT_002,DLY_TRP_0036354,TRP_0036354,2026-08-23T07:02:00.000Z,ARRIVAL,47,ROUTE_DEVIATION,GPS,false
TNT_001,DLY_TRP_0036355,TRP_0036355,2026-08-24T22:54:00.000Z,ARRIVAL,37,TRAFFIC,GPS,false
TNT_001,DLY_TRP_0036356,TRP_0036356,2026-08-25T23:22:00.000Z,ARRIVAL,46,TRAFFIC,GPS,false
TNT_001,DLY_TRP_0036360,TRP_0036360,2026-08-29T07:06:00.000Z,ARRIVAL,28,WEATHER,GPS,false
TNT_002,DLY_TRP_0036361,TRP_0036361,2026-06-01T22:36:00.000Z,ARRIVAL,24,DRIVER_LATE,VENDOR,false
TNT_002,DLY_TRP_0036362,TRP_0036362,2026-06-02T22:05:00.000Z,ARRIVAL,18,TRAFFIC,GPS,false
TNT_001,DLY_TRP_0036369,TRP_0036369,2026-06-09T23:18:00.000Z,ARRIVAL,44,TRAFFIC,OPS,false
TNT_001,DLY_TRP_0036376,TRP_0036376,2026-06-16T10:32:00.000Z,ARRIVAL,54,ROUTE_DEVIATION,VENDOR,false
TNT_001,DLY_TRP_0036385,TRP_0036385,2026-06-25T06:14:00.000Z,ARRIVAL,13,WEATHER,VENDOR,false
TNT_001,DLY_TRP_0036388,TRP_0036388,2026-06-28T10:00:00.000Z,ARRIVAL,38,WEATHER,GPS,false
TNT_003,DLY_TRP_0036395,TRP_0036395,2026-07-05T07:23:00.000Z,ARRIVAL,41,WEATHER,GPS,false
TNT_003,DLY_TRP_0036398,TRP_0036398,2026-07-08T09:34:00.000Z,ARRIVAL,21,TRAFFIC,VENDOR,false
TNT_001,DLY_TRP_0036401,TRP_0036401,2026-07-11T22:42:00.000Z,ARRIVAL,39,ROUTE_DEVIATION,GPS,false
TNT_001,DLY_TRP_0036403,TRP_0036403,2026-07-13T06:17:00.000Z,ARRIVAL,17,DRIVER_LATE,GPS,false
TNT_001,DLY_TRP_0036410,TRP_0036410,2026-07-20T08:50:00.000Z,ARRIVAL,16,VEHICLE_ISSUE,OPS,false
TNT_001,DLY_TRP_0036426,TRP_0036426,2026-08-05T06:45:00.000Z,ARRIVAL,45,DRIVER_LATE,GPS,false
TNT_001,DLY_TRP_0036428,TRP_0036428,2026-08-07T22:25:00.000Z,ARRIVAL,30,TRAFFIC,GPS,false
TNT_001,DLY_TRP_0036448,TRP_0036448,2026-08-27T09:03:00.000Z,ARRIVAL,34,TRAFFIC,GPS,false
TNT_002,DLY_TRP_0036450,TRP_0036450,2026-08-29T22:43:00.000Z,ARRIVAL,23,ROUTE_DEVIATION,GPS,false
TNT_001,DLY_TRP_0036459,TRP_0036459,2026-06-09T09:59:00.000Z,ARRIVAL,31,TRAFFIC,GPS,false
TNT_002,DLY_TRP_0036499,TRP_0036499,2026-07-19T09:25:00.000Z,ARRIVAL,43,TRAFFIC,OPS,false
TNT_003,DLY_TRP_0036533,TRP_0036533,2026-08-22T06:35:00.000Z,ARRIVAL,18,ROUTE_DEVIATION,GPS,false
TNT_002,DLY_TRP_0036537,TRP_0036537,2026-08-26T14:16:00.000Z,ARRIVAL,32,TRAFFIC,VENDOR,false
TNT_002,DLY_TRP_0036542,TRP_0036542,2026-06-02T09:35:00.000Z,ARRIVAL,22,WEATHER,GPS,false
TNT_001,DLY_TRP_0036543,TRP_0036543,2026-06-03T15:04:00.000Z,ARRIVAL,53,VEHICLE_ISSUE,GPS,false
TNT_001,DLY_TRP_0036548,TRP_0036548,2026-06-08T09:08:00.000Z,ARRIVAL,20,ROUTE_DEVIATION,GPS,false
TNT_001,DLY_TRP_0036552,TRP_0036552,2026-06-12T10:26:00.000Z,ARRIVAL,48,VEHICLE_ISSUE,GPS,false
TNT_002,DLY_TRP_0036565,TRP_0036565,2026-06-25T14:44:00.000Z,ARRIVAL,47,TRAFFIC,VENDOR,false
TNT_001,DLY_TRP_0036573,TRP_0036573,2026-07-03T22:16:00.000Z,ARRIVAL,13,WEATHER,VENDOR,false
TNT_003,DLY_TRP_0036581,TRP_0036581,2026-07-11T09:45:00.000Z,ARRIVAL,22,ROUTE_DEVIATION,OPS,false
TNT_001,DLY_TRP_0036583,TRP_0036583,2026-07-13T09:34:00.000Z,ARRIVAL,41,ROUTE_DEVIATION,OPS,false
TNT_002,DLY_TRP_0036586,TRP_0036586,2026-07-16T06:17:00.000Z,ARRIVAL,38,WEATHER,GPS,false
TNT_001,DLY_TRP_0036594,TRP_0036594,2026-07-24T07:35:00.000Z,ARRIVAL,38,ROUTE_DEVIATION,GPS,false
TNT_002,DLY_TRP_0036612,TRP_0036612,2026-08-11T07:22:00.000Z,ARRIVAL,57,ROUTE_DEVIATION,OPS,false
TNT_002,DLY_TRP_0036632,TRP_0036632,2026-06-02T09:46:00.000Z,ARRIVAL,48,ROUTE_DEVIATION,GPS,false
TNT_003,DLY_TRP_0036638,TRP_0036638,2026-06-08T06:46:00.000Z,ARRIVAL,24,ROUTE_DEVIATION,VENDOR,false
TNT_002,DLY_TRP_0036651,TRP_0036651,2026-06-21T09:23:00.000Z,ARRIVAL,55,VEHICLE_ISSUE,OPS,false
TNT_002,DLY_TRP_0036668,TRP_0036668,2026-07-08T22:15:00.000Z,ARRIVAL,22,TRAFFIC,VENDOR,false
TNT_003,DLY_TRP_0036669,TRP_0036669,2026-07-09T06:24:00.000Z,ARRIVAL,24,VEHICLE_ISSUE,OPS,false
TNT_001,DLY_TRP_0036674,TRP_0036674,2026-07-14T06:59:00.000Z,ARRIVAL,43,ROUTE_DEVIATION,GPS,false
TNT_002,DLY_TRP_0036681,TRP_0036681,2026-07-21T07:15:00.000Z,ARRIVAL,43,TRAFFIC,OPS,false
TNT_002,DLY_TRP_0036699,TRP_0036699,2026-08-08T22:44:00.000Z,ARRIVAL,50,TRAFFIC,VENDOR,false
TNT_001,DLY_TRP_0036706,TRP_0036706,2026-08-15T09:15:00.000Z,ARRIVAL,11,DRIVER_LATE,OPS,false
TNT_001,DLY_TRP_0036707,TRP_0036707,2026-08-16T09:48:00.000Z,ARRIVAL,30,TRAFFIC,GPS,false
TNT_001,DLY_TRP_0036711,TRP_0036711,2026-08-20T22:40:00.000Z,ARRIVAL,57,VEHICLE_ISSUE,VENDOR,false
TNT_001,DLY_TRP_0036715,TRP_0036715,2026-08-24T09:54:00.000Z,ARRIVAL,33,WEATHER,VENDOR,false
TNT_001,DLY_TRP_0036718,TRP_0036718,2026-08-27T14:20:00.000Z,ARRIVAL,17,TRAFFIC,GPS,false
TNT_003,DLY_TRP_0036726,TRP_0036726,2026-06-06T09:34:00.000Z,ARRIVAL,41,TRAFFIC,OPS,false
TNT_001,DLY_TRP_0036733,TRP_0036733,2026-06-13T06:48:00.000Z,ARRIVAL,19,VEHICLE_ISSUE,GPS,false
TNT_002,DLY_TRP_0036740,TRP_0036740,2026-06-20T06:36:00.000Z,ARRIVAL,11,TRAFFIC,GPS,false
TNT_001,DLY_TRP_0036743,TRP_0036743,2026-06-23T09:02:00.000Z,ARRIVAL,23,WEATHER,GPS,false
TNT_001,DLY_TRP_0036747,TRP_0036747,2026-06-27T06:31:00.000Z,ARRIVAL,11,WEATHER,GPS,false
TNT_001,DLY_TRP_0036750,TRP_0036750,2026-06-30T06:23:00.000Z,ARRIVAL,46,WEATHER,OPS,false
TNT_002,DLY_TRP_0036757,TRP_0036757,2026-07-07T14:40:00.000Z,ARRIVAL,41,DRIVER_LATE,GPS,false
TNT_003,DLY_TRP_0036762,TRP_0036762,2026-07-12T09:57:00.000Z,ARRIVAL,22,WEATHER,GPS,false
TNT_001,DLY_TRP_0036769,TRP_0036769,2026-07-19T22:34:00.000Z,ARRIVAL,55,VEHICLE_ISSUE,GPS,false
TNT_003,DLY_TRP_0036770,TRP_0036770,2026-07-20T06:22:00.000Z,ARRIVAL,12,TRAFFIC,VENDOR,false
TNT_001,DLY_TRP_0036776,TRP_0036776,2026-07-26T08:48:00.000Z,ARRIVAL,11,TRAFFIC,GPS,false
TNT_001,DLY_TRP_0036790,TRP_0036790,2026-08-09T23:18:00.000Z,ARRIVAL,39,WEATHER,GPS,false
TNT_003,DLY_TRP_0036797,TRP_0036797,2026-08-16T14:40:00.000Z,ARRIVAL,44,DRIVER_LATE,VENDOR,false
TNT_003,DLY_TRP_0036798,TRP_0036798,2026-08-17T09:27:00.000Z,ARRIVAL,22,WEATHER,OPS,false
TNT_002,DLY_TRP_0036805,TRP_0036805,2026-08-24T22:10:00.000Z,ARRIVAL,40,TRAFFIC,VENDOR,false
TNT_001,DLY_TRP_0036806,TRP_0036806,2026-08-25T10:00:00.000Z,ARRIVAL,29,ROUTE_DEVIATION,OPS,false
TNT_003,DLY_TRP_0036808,TRP_0036808,2026-08-27T06:46:00.000Z,ARRIVAL,51,ROUTE_DEVIATION,VENDOR,false
TNT_001,DLY_TRP_0036811,TRP_0036811,2026-06-01T14:27:00.000Z,ARRIVAL,37,DRIVER_LATE,GPS,false
TNT_001,DLY_TRP_0036814,TRP_0036814,2026-06-04T22:56:00.000Z,ARRIVAL,39,TRAFFIC,GPS,false
TNT_002,DLY_TRP_0036815,TRP_0036815,2026-06-05T06:55:00.000Z,ARRIVAL,30,TRAFFIC,VENDOR,false
TNT_001,DLY_TRP_0036816,TRP_0036816,2026-06-06T22:32:00.000Z,ARRIVAL,35,TRAFFIC,GPS,true
TNT_002,DLY_TRP_0036819,TRP_0036819,2026-06-09T06:35:00.000Z,ARRIVAL,13,TRAFFIC,GPS,false
TNT_001,DLY_TRP_0036820,TRP_0036820,2026-06-10T09:54:00.000Z,ARRIVAL,44,TRAFFIC,GPS,false
TNT_001,DLY_TRP_0036839,TRP_0036839,2026-06-29T14:59:00.000Z,ARRIVAL,50,VEHICLE_ISSUE,GPS,false
TNT_001,DLY_TRP_0036843,TRP_0036843,2026-07-03T06:56:00.000Z,ARRIVAL,40,TRAFFIC,VENDOR,false
TNT_001,DLY_TRP_0036847,TRP_0036847,2026-07-07T06:24:00.000Z,ARRIVAL,32,TRAFFIC,VENDOR,false
TNT_001,DLY_TRP_0036850,TRP_0036850,2026-07-10T22:08:00.000Z,ARRIVAL,19,TRAFFIC,VENDOR,false
TNT_001,DLY_TRP_0036857,TRP_0036857,2026-07-17T15:15:00.000Z,ARRIVAL,35,DRIVER_LATE,VENDOR,false
TNT_001,DLY_TRP_0036868,TRP_0036868,2026-07-28T09:15:00.000Z,ARRIVAL,29,TRAFFIC,GPS,false
TNT_002,DLY_TRP_0036872,TRP_0036872,2026-08-01T09:16:00.000Z,ARRIVAL,13,WEATHER,GPS,true
TNT_002,DLY_TRP_0036890,TRP_0036890,2026-08-19T07:15:00.000Z,ARRIVAL,57,WEATHER,OPS,false
TNT_002,DLY_TRP_0036893,TRP_0036893,2026-08-22T06:32:00.000Z,ARRIVAL,47,TRAFFIC,GPS,false
TNT_001,DLY_TRP_0036894,TRP_0036894,2026-08-23T15:32:00.000Z,ARRIVAL,55,TRAFFIC,GPS,false
TNT_001,DLY_TRP_0036898,TRP_0036898,2026-08-27T14:59:00.000Z,ARRIVAL,42,DRIVER_LATE,GPS,false
TNT_003,DLY_TRP_0036918,TRP_0036918,2026-06-18T22:32:00.000Z,ARRIVAL,31,VEHICLE_ISSUE,GPS,false
TNT_001,DLY_TRP_0036922,TRP_0036922,2026-06-22T06:34:00.000Z,ARRIVAL,16,DRIVER_LATE,VENDOR,false
TNT_001,DLY_TRP_0036923,TRP_0036923,2026-06-23T22:17:00.000Z,ARRIVAL,25,DRIVER_LATE,VENDOR,false
TNT_002,DLY_TRP_0036929,TRP_0036929,2026-06-29T09:07:00.000Z,ARRIVAL,26,TRAFFIC,GPS,false
TNT_001,DLY_TRP_0036932,TRP_0036932,2026-07-02T07:12:00.000Z,ARRIVAL,57,WEATHER,VENDOR,false
TNT_001,DLY_TRP_0036933,TRP_0036933,2026-07-03T09:33:00.000Z,ARRIVAL,21,TRAFFIC,VENDOR,true
TNT_003,DLY_TRP_0036940,TRP_0036940,2026-07-10T10:14:00.000Z,ARRIVAL,48,DRIVER_LATE,OPS,false
TNT_001,DLY_TRP_0036945,TRP_0036945,2026-07-15T09:46:00.000Z,ARRIVAL,23,WEATHER,GPS,false
TNT_001,DLY_TRP_0036948,TRP_0036948,2026-07-18T06:46:00.000Z,ARRIVAL,46,DRIVER_LATE,GPS,false
TNT_001,DLY_TRP_0036949,TRP_0036949,2026-07-19T22:49:00.000Z,ARRIVAL,35,TRAFFIC,GPS,true
TNT_001,DLY_TRP_0036951,TRP_0036951,2026-07-21T22:42:00.000Z,ARRIVAL,36,TRAFFIC,OPS,false
TNT_002,DLY_TRP_0036957,TRP_0036957,2026-07-27T22:29:00.000Z,ARRIVAL,39,TRAFFIC,GPS,false
TNT_002,DLY_TRP_0036962,TRP_0036962,2026-08-01T14:55:00.000Z,ARRIVAL,41,TRAFFIC,GPS,false
TNT_002,DLY_TRP_0036967,TRP_0036967,2026-08-06T09:54:00.000Z,ARRIVAL,34,TRAFFIC,GPS,false
TNT_001,DLY_TRP_0036971,TRP_0036971,2026-08-10T06:41:00.000Z,ARRIVAL,20,VEHICLE_ISSUE,VENDOR,false
TNT_003,DLY_TRP_0036972,TRP_0036972,2026-08-11T09:55:00.000Z,ARRIVAL,45,TRAFFIC,GPS,false
TNT_001,DLY_TRP_0036983,TRP_0036983,2026-08-22T22:46:00.000Z,ARRIVAL,16,TRAFFIC,VENDOR,false
TNT_003,DLY_TRP_0036984,TRP_0036984,2026-08-23T09:07:00.000Z,ARRIVAL,21,ROUTE_DEVIATION,GPS,false
TNT_001,DLY_TRP_0036990,TRP_0036990,2026-08-29T06:48:00.000Z,ARRIVAL,42,ROUTE_DEVIATION,GPS,false
TNT_002,DLY_TRP_0036993,TRP_0036993,2026-06-03T06:18:00.000Z,ARRIVAL,47,TRAFFIC,GPS,false
TNT_001,DLY_TRP_0037000,TRP_0037000,2026-06-10T06:15:00.000Z,ARRIVAL,15,TRAFFIC,VENDOR,false
TNT_001,DLY_TRP_0037008,TRP_0037008,2026-06-18T14:21:00.000Z,ARRIVAL,30,VEHICLE_ISSUE,VENDOR,false
TNT_002,DLY_TRP_0037011,TRP_0037011,2026-06-21T22:55:00.000Z,ARRIVAL,19,VEHICLE_ISSUE,VENDOR,false
TNT_001,DLY_TRP_0037012,TRP_0037012,2026-06-22T07:03:00.000Z,ARRIVAL,48,DRIVER_LATE,GPS,false
TNT_001,DLY_TRP_0037014,TRP_0037014,2026-06-24T23:42:00.000Z,ARRIVAL,44,TRAFFIC,GPS,false
TNT_001,DLY_TRP_0037016,TRP_0037016,2026-06-26T22:29:00.000Z,ARRIVAL,16,VEHICLE_ISSUE,GPS,false
TNT_002,DLY_TRP_0037026,TRP_0037026,2026-07-06T06:34:00.000Z,ARRIVAL,49,DRIVER_LATE,VENDOR,false
TNT_001,DLY_TRP_0037034,TRP_0037034,2026-07-14T14:16:00.000Z,ARRIVAL,45,ROUTE_DEVIATION,GPS,false
TNT_001,DLY_TRP_0037046,TRP_0037046,2026-07-26T10:22:00.000Z,ARRIVAL,54,WEATHER,VENDOR,false
TNT_002,DLY_TRP_0037057,TRP_0037057,2026-08-06T14:19:00.000Z,ARRIVAL,41,WEATHER,GPS,false
TNT_001,DLY_TRP_0037059,TRP_0037059,2026-08-08T10:36:00.000Z,ARRIVAL,54,TRAFFIC,OPS,false
TNT_002,DLY_TRP_0037063,TRP_0037063,2026-08-12T14:53:00.000Z,ARRIVAL,50,ROUTE_DEVIATION,OPS,false
TNT_001,DLY_TRP_0037074,TRP_0037074,2026-08-23T14:13:00.000Z,ARRIVAL,30,TRAFFIC,GPS,false
TNT_001,DLY_TRP_0037075,TRP_0037075,2026-08-24T09:25:00.000Z,ARRIVAL,41,TRAFFIC,GPS,false
TNT_001,DLY_TRP_0037077,TRP_0037077,2026-08-26T22:27:00.000Z,ARRIVAL,50,TRAFFIC,GPS,false
TNT_003,DLY_TRP_0037081,TRP_0037081,2026-06-01T14:22:00.000Z,ARRIVAL,22,TRAFFIC,VENDOR,false
TNT_002,DLY_TRP_0037110,TRP_0037110,2026-06-30T05:52:00.000Z,ARRIVAL,13,WEATHER,GPS,false
TNT_001,DLY_TRP_0037125,TRP_0037125,2026-07-15T06:52:00.000Z,ARRIVAL,21,DRIVER_LATE,GPS,false
TNT_001,DLY_TRP_0037133,TRP_0037133,2026-07-23T22:37:00.000Z,ARRIVAL,23,WEATHER,OPS,false
TNT_001,DLY_TRP_0037151,TRP_0037151,2026-08-10T22:11:00.000Z,ARRIVAL,30,TRAFFIC,GPS,false
TNT_001,DLY_TRP_0037157,TRP_0037157,2026-08-16T22:54:00.000Z,ARRIVAL,57,VEHICLE_ISSUE,GPS,false
TNT_001,DLY_TRP_0037172,TRP_0037172,2026-06-02T22:01:00.000Z,ARRIVAL,15,WEATHER,OPS,false
TNT_003,DLY_TRP_0037176,TRP_0037176,2026-06-06T06:17:00.000Z,ARRIVAL,19,TRAFFIC,OPS,false
TNT_002,DLY_TRP_0037177,TRP_0037177,2026-06-07T14:36:00.000Z,ARRIVAL,41,TRAFFIC,GPS,false
TNT_001,DLY_TRP_0037182,TRP_0037182,2026-06-12T07:05:00.000Z,ARRIVAL,47,TRAFFIC,GPS,false
TNT_001,DLY_TRP_0037195,TRP_0037195,2026-06-25T23:02:00.000Z,ARRIVAL,38,TRAFFIC,VENDOR,false
TNT_001,DLY_TRP_0037199,TRP_0037199,2026-06-29T06:24:00.000Z,ARRIVAL,33,WEATHER,GPS,false
TNT_001,DLY_TRP_0037221,TRP_0037221,2026-07-21T06:52:00.000Z,ARRIVAL,11,DRIVER_LATE,VENDOR,false
TNT_001,DLY_TRP_0037238,TRP_0037238,2026-08-07T22:49:00.000Z,ARRIVAL,49,WEATHER,VENDOR,false
TNT_001,DLY_TRP_0037248,TRP_0037248,2026-08-17T06:58:00.000Z,ARRIVAL,27,TRAFFIC,GPS,false
TNT_001,DLY_TRP_0037252,TRP_0037252,2026-08-21T13:48:00.000Z,ARRIVAL,21,DRIVER_LATE,OPS,false
TNT_001,DLY_TRP_0037255,TRP_0037255,2026-08-24T22:11:00.000Z,ARRIVAL,38,DRIVER_LATE,GPS,false
TNT_001,DLY_TRP_0037269,TRP_0037269,2026-06-09T14:52:00.000Z,ARRIVAL,49,VEHICLE_ISSUE,GPS,false
TNT_001,DLY_TRP_0037274,TRP_0037274,2026-06-14T06:58:00.000Z,ARRIVAL,28,TRAFFIC,GPS,false
TNT_001,DLY_TRP_0037284,TRP_0037284,2026-06-24T09:55:00.000Z,ARRIVAL,56,WEATHER,GPS,false
TNT_003,DLY_TRP_0037285,TRP_0037285,2026-06-25T14:56:00.000Z,ARRIVAL,42,DRIVER_LATE,GPS,false
TNT_003,DLY_TRP_0037301,TRP_0037301,2026-07-11T14:45:00.000Z,ARRIVAL,18,DRIVER_LATE,GPS,false
TNT_002,DLY_TRP_0037305,TRP_0037305,2026-07-15T22:00:00.000Z,ARRIVAL,28,TRAFFIC,OPS,false
TNT_002,DLY_TRP_0037319,TRP_0037319,2026-07-29T06:49:00.000Z,ARRIVAL,41,WEATHER,GPS,false
TNT_001,DLY_TRP_0037328,TRP_0037328,2026-08-07T06:37:00.000Z,ARRIVAL,43,WEATHER,GPS,false
TNT_001,DLY_TRP_0037336,TRP_0037336,2026-08-15T09:29:00.000Z,ARRIVAL,42,TRAFFIC,GPS,false
TNT_003,DLY_TRP_0037343,TRP_0037343,2026-08-22T07:08:00.000Z,ARRIVAL,39,WEATHER,GPS,false
TNT_002,DLY_TRP_0037356,TRP_0037356,2026-06-06T15:02:00.000Z,ARRIVAL,43,ROUTE_DEVIATION,GPS,false
TNT_003,DLY_TRP_0037361,TRP_0037361,2026-06-11T09:04:00.000Z,ARRIVAL,23,VEHICLE_ISSUE,GPS,false
TNT_001,DLY_TRP_0037369,TRP_0037369,2026-06-19T10:00:00.000Z,ARRIVAL,33,DRIVER_LATE,OPS,false
TNT_001,DLY_TRP_0037373,TRP_0037373,2026-06-23T10:14:00.000Z,ARRIVAL,57,ROUTE_DEVIATION,VENDOR,false
TNT_001,DLY_TRP_0037374,TRP_0037374,2026-06-24T09:39:00.000Z,ARRIVAL,19,ROUTE_DEVIATION,VENDOR,false
TNT_002,DLY_TRP_0037375,TRP_0037375,2026-06-25T06:42:00.000Z,ARRIVAL,56,VEHICLE_ISSUE,GPS,false
TNT_002,DLY_TRP_0037378,TRP_0037378,2026-06-28T06:16:00.000Z,ARRIVAL,50,WEATHER,VENDOR,false
TNT_001,DLY_TRP_0037381,TRP_0037381,2026-07-01T22:33:00.000Z,ARRIVAL,24,TRAFFIC,GPS,false
TNT_002,DLY_TRP_0037382,TRP_0037382,2026-07-02T09:43:00.000Z,ARRIVAL,49,ROUTE_DEVIATION,OPS,false
TNT_002,DLY_TRP_0037385,TRP_0037385,2026-07-05T22:47:00.000Z,ARRIVAL,38,TRAFFIC,GPS,false
TNT_001,DLY_TRP_0037389,TRP_0037389,2026-07-09T07:31:00.000Z,ARRIVAL,21,TRAFFIC,GPS,false
TNT_003,DLY_TRP_0037398,TRP_0037398,2026-07-18T22:28:00.000Z,ARRIVAL,15,TRAFFIC,OPS,false
TNT_001,DLY_TRP_0037401,TRP_0037401,2026-07-21T23:04:00.000Z,ARRIVAL,35,TRAFFIC,GPS,false
TNT_001,DLY_TRP_0037408,TRP_0037408,2026-07-28T09:43:00.000Z,ARRIVAL,51,TRAFFIC,OPS,false
TNT_001,DLY_TRP_0037409,TRP_0037409,2026-07-29T06:25:00.000Z,ARRIVAL,48,DRIVER_LATE,GPS,false
TNT_001,DLY_TRP_0037421,TRP_0037421,2026-08-10T14:48:00.000Z,ARRIVAL,53,VEHICLE_ISSUE,GPS,false
TNT_001,DLY_TRP_0037434,TRP_0037434,2026-08-23T23:28:00.000Z,ARRIVAL,48,TRAFFIC,OPS,false
TNT_001,DLY_TRP_0037439,TRP_0037439,2026-08-28T22:16:00.000Z,ARRIVAL,19,VEHICLE_ISSUE,VENDOR,false
TNT_002,DLY_TRP_0037440,TRP_0037440,2026-08-29T06:47:00.000Z,ARRIVAL,53,WEATHER,GPS,false
TNT_001,DLY_TRP_0037447,TRP_0037447,2026-06-07T09:50:00.000Z,ARRIVAL,52,TRAFFIC,GPS,false
TNT_001,DLY_TRP_0037466,TRP_0037466,2026-06-26T14:56:00.000Z,ARRIVAL,57,WEATHER,GPS,false
TNT_001,DLY_TRP_0037473,TRP_0037473,2026-07-03T14:52:00.000Z,ARRIVAL,46,ROUTE_DEVIATION,VENDOR,false
TNT_001,DLY_TRP_0037485,TRP_0037485,2026-07-15T10:01:00.000Z,ARRIVAL,26,TRAFFIC,GPS,false
TNT_003,DLY_TRP_0037487,TRP_0037487,2026-07-17T10:14:00.000Z,ARRIVAL,51,DRIVER_LATE,GPS,false
TNT_002,DLY_TRP_0037492,TRP_0037492,2026-07-22T06:31:00.000Z,ARRIVAL,39,TRAFFIC,VENDOR,false
TNT_002,DLY_TRP_0037494,TRP_0037494,2026-07-24T08:58:00.000Z,ARRIVAL,22,ROUTE_DEVIATION,GPS,false
TNT_003,DLY_TRP_0037499,TRP_0037499,2026-07-29T09:00:00.000Z,ARRIVAL,23,WEATHER,GPS,false
TNT_002,DLY_TRP_0037516,TRP_0037516,2026-08-15T06:12:00.000Z,ARRIVAL,41,TRAFFIC,GPS,false
TNT_001,DLY_TRP_0037524,TRP_0037524,2026-08-23T22:34:00.000Z,ARRIVAL,31,DRIVER_LATE,VENDOR,false
TNT_001,DLY_TRP_0037537,TRP_0037537,2026-06-07T09:50:00.000Z,ARRIVAL,50,DRIVER_LATE,VENDOR,false
TNT_003,DLY_TRP_0037540,TRP_0037540,2026-06-10T23:16:00.000Z,ARRIVAL,55,WEATHER,VENDOR,false
TNT_001,DLY_TRP_0037541,TRP_0037541,2026-06-11T09:25:00.000Z,ARRIVAL,19,TRAFFIC,GPS,false
TNT_002,DLY_TRP_0037566,TRP_0037566,2026-07-06T14:32:00.000Z,ARRIVAL,34,DRIVER_LATE,OPS,false
TNT_001,DLY_TRP_0037574,TRP_0037574,2026-07-14T23:11:00.000Z,ARRIVAL,54,TRAFFIC,VENDOR,true
TNT_001,DLY_TRP_0037578,TRP_0037578,2026-07-18T09:48:00.000Z,ARRIVAL,22,TRAFFIC,VENDOR,false
TNT_002,DLY_TRP_0037582,TRP_0037582,2026-07-22T09:23:00.000Z,ARRIVAL,34,TRAFFIC,VENDOR,false
TNT_003,DLY_TRP_0037583,TRP_0037583,2026-07-23T07:26:00.000Z,ARRIVAL,20,DRIVER_LATE,GPS,false
TNT_001,DLY_TRP_0037600,TRP_0037600,2026-08-09T10:02:00.000Z,ARRIVAL,52,WEATHER,VENDOR,false
TNT_002,DLY_TRP_0037612,TRP_0037612,2026-08-21T14:53:00.000Z,ARRIVAL,53,VEHICLE_ISSUE,VENDOR,false
TNT_001,DLY_TRP_0037613,TRP_0037613,2026-08-22T14:53:00.000Z,ARRIVAL,12,ROUTE_DEVIATION,GPS,false
TNT_001,DLY_TRP_0037617,TRP_0037617,2026-08-26T22:39:00.000Z,ARRIVAL,34,TRAFFIC,VENDOR,false
TNT_001,DLY_TRP_0037637,TRP_0037637,2026-06-17T22:04:00.000Z,ARRIVAL,22,TRAFFIC,GPS,false
TNT_003,DLY_TRP_0037650,TRP_0037650,2026-06-30T09:54:00.000Z,ARRIVAL,28,ROUTE_DEVIATION,GPS,false
TNT_002,DLY_TRP_0037657,TRP_0037657,2026-07-07T09:46:00.000Z,ARRIVAL,46,WEATHER,GPS,false
TNT_002,DLY_TRP_0037668,TRP_0037668,2026-07-18T09:39:00.000Z,ARRIVAL,23,VEHICLE_ISSUE,GPS,false
TNT_002,DLY_TRP_0037669,TRP_0037669,2026-07-19T09:46:00.000Z,ARRIVAL,29,ROUTE_DEVIATION,GPS,false
TNT_001,DLY_TRP_0037683,TRP_0037683,2026-08-02T14:35:00.000Z,ARRIVAL,23,TRAFFIC,VENDOR,false
TNT_002,DLY_TRP_0037687,TRP_0037687,2026-08-06T22:48:00.000Z,ARRIVAL,38,DRIVER_LATE,GPS,false
TNT_003,DLY_TRP_0037710,TRP_0037710,2026-08-29T06:39:00.000Z,ARRIVAL,23,ROUTE_DEVIATION,GPS,false
TNT_003,DLY_TRP_0037712,TRP_0037712,2026-06-02T09:57:00.000Z,ARRIVAL,48,TRAFFIC,GPS,false
TNT_001,DLY_TRP_0037718,TRP_0037718,2026-06-08T22:07:00.000Z,ARRIVAL,15,TRAFFIC,GPS,false
TNT_003,DLY_TRP_0037721,TRP_0037721,2026-06-11T10:00:00.000Z,ARRIVAL,52,ROUTE_DEVIATION,OPS,false
TNT_002,DLY_TRP_0037726,TRP_0037726,2026-06-16T06:52:00.000Z,ARRIVAL,31,TRAFFIC,GPS,false
TNT_001,DLY_TRP_0037727,TRP_0037727,2026-06-17T07:04:00.000Z,ARRIVAL,53,DRIVER_LATE,VENDOR,false
TNT_001,DLY_TRP_0037731,TRP_0037731,2026-06-21T14:56:00.000Z,ARRIVAL,21,TRAFFIC,OPS,false
TNT_001,DLY_TRP_0037733,TRP_0037733,2026-06-23T06:37:00.000Z,ARRIVAL,14,TRAFFIC,VENDOR,false
TNT_001,DLY_TRP_0037738,TRP_0037738,2026-06-28T09:49:00.000Z,ARRIVAL,52,DRIVER_LATE,OPS,false
TNT_001,DLY_TRP_0037742,TRP_0037742,2026-07-02T09:11:00.000Z,ARRIVAL,11,TRAFFIC,OPS,false
TNT_001,DLY_TRP_0037758,TRP_0037758,2026-07-18T09:59:00.000Z,ARRIVAL,44,WEATHER,VENDOR,false
TNT_001,DLY_TRP_0037768,TRP_0037768,2026-07-28T15:00:00.000Z,ARRIVAL,11,TRAFFIC,OPS,false
TNT_001,DLY_TRP_0037771,TRP_0037771,2026-07-31T23:00:00.000Z,ARRIVAL,41,ROUTE_DEVIATION,VENDOR,false
TNT_002,DLY_TRP_0037780,TRP_0037780,2026-08-09T06:47:00.000Z,ARRIVAL,41,TRAFFIC,GPS,false
TNT_001,DLY_TRP_0037783,TRP_0037783,2026-08-12T07:27:00.000Z,ARRIVAL,30,VEHICLE_ISSUE,GPS,false
TNT_003,DLY_TRP_0037784,TRP_0037784,2026-08-13T06:37:00.000Z,ARRIVAL,34,WEATHER,VENDOR,false
TNT_003,DLY_TRP_0037806,TRP_0037806,2026-06-06T09:43:00.000Z,ARRIVAL,34,TRAFFIC,GPS,false
TNT_001,DLY_TRP_0037812,TRP_0037812,2026-06-12T09:26:00.000Z,ARRIVAL,34,TRAFFIC,VENDOR,false
TNT_002,DLY_TRP_0037815,TRP_0037815,2026-06-15T22:33:00.000Z,ARRIVAL,40,WEATHER,GPS,false
TNT_001,DLY_TRP_0037816,TRP_0037816,2026-06-16T06:41:00.000Z,ARRIVAL,38,TRAFFIC,OPS,false
TNT_002,DLY_TRP_0037822,TRP_0037822,2026-06-22T14:00:00.000Z,ARRIVAL,13,TRAFFIC,GPS,false
TNT_001,DLY_TRP_0037824,TRP_0037824,2026-06-24T09:13:00.000Z,ARRIVAL,15,DRIVER_LATE,GPS,false
TNT_001,DLY_TRP_0037828,TRP_0037828,2026-06-28T22:58:00.000Z,ARRIVAL,16,TRAFFIC,GPS,false
TNT_001,DLY_TRP_0037834,TRP_0037834,2026-07-04T09:49:00.000Z,ARRIVAL,36,DRIVER_LATE,GPS,false
TNT_001,DLY_TRP_0037835,TRP_0037835,2026-07-05T15:43:00.000Z,ARRIVAL,35,DRIVER_LATE,GPS,false
TNT_002,DLY_TRP_0037845,TRP_0037845,2026-07-15T22:52:00.000Z,ARRIVAL,31,WEATHER,OPS,false
TNT_001,DLY_TRP_0037847,TRP_0037847,2026-07-17T06:32:00.000Z,ARRIVAL,40,ROUTE_DEVIATION,GPS,false
TNT_001,DLY_TRP_0037848,TRP_0037848,2026-07-18T14:23:00.000Z,ARRIVAL,20,DRIVER_LATE,GPS,false
TNT_001,DLY_TRP_0037857,TRP_0037857,2026-07-27T15:03:00.000Z,ARRIVAL,49,WEATHER,OPS,false
TNT_001,DLY_TRP_0037858,TRP_0037858,2026-07-28T21:57:00.000Z,ARRIVAL,25,WEATHER,GPS,false
TNT_002,DLY_TRP_0037859,TRP_0037859,2026-07-29T22:12:00.000Z,ARRIVAL,43,TRAFFIC,GPS,false
TNT_002,DLY_TRP_0037862,TRP_0037862,2026-08-01T06:13:00.000Z,ARRIVAL,11,TRAFFIC,GPS,false
TNT_002,DLY_TRP_0037869,TRP_0037869,2026-08-08T21:43:00.000Z,ARRIVAL,12,DRIVER_LATE,GPS,false
TNT_001,DLY_TRP_0037872,TRP_0037872,2026-08-11T09:09:00.000Z,ARRIVAL,11,WEATHER,OPS,false
TNT_002,DLY_TRP_0037896,TRP_0037896,2026-06-06T08:59:00.000Z,ARRIVAL,30,ROUTE_DEVIATION,VENDOR,false
TNT_002,DLY_TRP_0037898,TRP_0037898,2026-06-08T09:23:00.000Z,ARRIVAL,48,VEHICLE_ISSUE,VENDOR,false
TNT_002,DLY_TRP_0037900,TRP_0037900,2026-06-10T05:42:00.000Z,ARRIVAL,11,WEATHER,GPS,false
TNT_002,DLY_TRP_0037908,TRP_0037908,2026-06-18T09:33:00.000Z,ARRIVAL,53,TRAFFIC,GPS,false
TNT_001,DLY_TRP_0037916,TRP_0037916,2026-06-26T22:50:00.000Z,ARRIVAL,54,TRAFFIC,GPS,false
TNT_001,DLY_TRP_0037942,TRP_0037942,2026-07-22T06:31:00.000Z,ARRIVAL,47,TRAFFIC,GPS,false
TNT_001,DLY_TRP_0037954,TRP_0037954,2026-08-03T06:50:00.000Z,ARRIVAL,47,ROUTE_DEVIATION,GPS,false
TNT_001,DLY_TRP_0037958,TRP_0037958,2026-08-07T22:19:00.000Z,ARRIVAL,29,WEATHER,GPS,false
TNT_001,DLY_TRP_0037967,TRP_0037967,2026-08-16T14:22:00.000Z,ARRIVAL,25,TRAFFIC,GPS,false
TNT_001,DLY_TRP_0037989,TRP_0037989,2026-06-09T22:44:00.000Z,ARRIVAL,45,DRIVER_LATE,GPS,false
TNT_001,DLY_TRP_0037993,TRP_0037993,2026-06-13T22:14:00.000Z,ARRIVAL,33,TRAFFIC,GPS,false
TNT_001,DLY_TRP_0037996,TRP_0037996,2026-06-16T06:47:00.000Z,ARRIVAL,36,DRIVER_LATE,GPS,false
TNT_002,DLY_TRP_0038017,TRP_0038017,2026-07-07T14:27:00.000Z,ARRIVAL,32,TRAFFIC,GPS,false
TNT_002,DLY_TRP_0038032,TRP_0038032,2026-07-22T14:04:00.000Z,ARRIVAL,28,ROUTE_DEVIATION,GPS,false
TNT_002,DLY_TRP_0038063,TRP_0038063,2026-08-22T09:31:00.000Z,ARRIVAL,30,TRAFFIC,VENDOR,false
TNT_001,DLY_TRP_0038069,TRP_0038069,2026-08-28T06:55:00.000Z,ARRIVAL,49,WEATHER,GPS,false
TNT_001,DLY_TRP_0038075,TRP_0038075,2026-06-05T14:51:00.000Z,ARRIVAL,50,VEHICLE_ISSUE,GPS,false
TNT_001,DLY_TRP_0038092,TRP_0038092,2026-06-22T22:13:00.000Z,ARRIVAL,19,WEATHER,VENDOR,false
TNT_003,DLY_TRP_0038119,TRP_0038119,2026-07-19T15:26:00.000Z,ARRIVAL,47,TRAFFIC,GPS,false
TNT_001,DLY_TRP_0038123,TRP_0038123,2026-07-23T06:42:00.000Z,ARRIVAL,25,VEHICLE_ISSUE,GPS,false
TNT_002,DLY_TRP_0038125,TRP_0038125,2026-07-25T06:32:00.000Z,ARRIVAL,32,VEHICLE_ISSUE,VENDOR,false
TNT_001,DLY_TRP_0038126,TRP_0038126,2026-07-26T06:49:00.000Z,ARRIVAL,37,TRAFFIC,OPS,false
TNT_003,DLY_TRP_0038131,TRP_0038131,2026-07-31T14:23:00.000Z,ARRIVAL,52,WEATHER,VENDOR,false
TNT_002,DLY_TRP_0038134,TRP_0038134,2026-08-03T14:34:00.000Z,ARRIVAL,36,TRAFFIC,GPS,false
TNT_001,DLY_TRP_0038139,TRP_0038139,2026-08-08T22:20:00.000Z,ARRIVAL,46,TRAFFIC,GPS,false
TNT_003,DLY_TRP_0038140,TRP_0038140,2026-08-09T22:51:00.000Z,ARRIVAL,49,WEATHER,GPS,false
TNT_001,DLY_TRP_0038141,TRP_0038141,2026-08-10T15:29:00.000Z,ARRIVAL,46,DRIVER_LATE,GPS,false
TNT_003,DLY_TRP_0038142,TRP_0038142,2026-08-11T07:13:00.000Z,ARRIVAL,46,TRAFFIC,GPS,false
TNT_001,DLY_TRP_0038146,TRP_0038146,2026-08-15T09:24:00.000Z,ARRIVAL,34,DRIVER_LATE,GPS,false
TNT_002,DLY_TRP_0038152,TRP_0038152,2026-08-21T06:58:00.000Z,ARRIVAL,57,DRIVER_LATE,OPS,false
TNT_001,DLY_TRP_0038158,TRP_0038158,2026-08-27T22:41:00.000Z,ARRIVAL,26,TRAFFIC,GPS,false
TNT_001,DLY_TRP_0038165,TRP_0038165,2026-06-05T14:45:00.000Z,ARRIVAL,19,VEHICLE_ISSUE,GPS,false
TNT_001,DLY_TRP_0038195,TRP_0038195,2026-07-05T09:39:00.000Z,ARRIVAL,47,DRIVER_LATE,GPS,false
TNT_003,DLY_TRP_0038199,TRP_0038199,2026-07-09T06:38:00.000Z,ARRIVAL,42,WEATHER,VENDOR,false
TNT_001,DLY_TRP_0038205,TRP_0038205,2026-07-15T22:35:00.000Z,ARRIVAL,57,TRAFFIC,GPS,false
TNT_001,DLY_TRP_0038206,TRP_0038206,2026-07-16T10:17:00.000Z,ARRIVAL,23,TRAFFIC,VENDOR,false
TNT_003,DLY_TRP_0038207,TRP_0038207,2026-07-17T06:11:00.000Z,ARRIVAL,27,VEHICLE_ISSUE,GPS,false
TNT_002,DLY_TRP_0038216,TRP_0038216,2026-07-26T22:33:00.000Z,ARRIVAL,28,DRIVER_LATE,VENDOR,false
TNT_001,DLY_TRP_0038234,TRP_0038234,2026-08-13T14:19:00.000Z,ARRIVAL,21,WEATHER,VENDOR,true
TNT_001,DLY_TRP_0038237,TRP_0038237,2026-08-16T06:49:00.000Z,ARRIVAL,32,TRAFFIC,GPS,false
TNT_002,DLY_TRP_0038254,TRP_0038254,2026-06-04T22:14:00.000Z,ARRIVAL,25,VEHICLE_ISSUE,GPS,false
TNT_001,DLY_TRP_0038265,TRP_0038265,2026-06-15T09:03:00.000Z,ARRIVAL,16,TRAFFIC,VENDOR,false
TNT_001,DLY_TRP_0038269,TRP_0038269,2026-06-19T14:32:00.000Z,ARRIVAL,34,TRAFFIC,GPS,false
TNT_001,DLY_TRP_0038275,TRP_0038275,2026-06-25T14:56:00.000Z,ARRIVAL,28,WEATHER,OPS,false
TNT_001,DLY_TRP_0038282,TRP_0038282,2026-07-02T23:01:00.000Z,ARRIVAL,52,VEHICLE_ISSUE,GPS,false
TNT_001,DLY_TRP_0038295,TRP_0038295,2026-07-15T06:46:00.000Z,ARRIVAL,45,TRAFFIC,GPS,false
TNT_001,DLY_TRP_0038297,TRP_0038297,2026-07-17T22:32:00.000Z,ARRIVAL,33,WEATHER,GPS,false
TNT_001,DLY_TRP_0038302,TRP_0038302,2026-07-22T06:53:00.000Z,ARRIVAL,49,WEATHER,GPS,false
TNT_002,DLY_TRP_0038303,TRP_0038303,2026-07-23T10:03:00.000Z,ARRIVAL,50,TRAFFIC,GPS,false
TNT_002,DLY_TRP_0038321,TRP_0038321,2026-08-10T14:36:00.000Z,ARRIVAL,24,DRIVER_LATE,OPS,false
TNT_001,DLY_TRP_0038323,TRP_0038323,2026-08-12T14:47:00.000Z,ARRIVAL,44,TRAFFIC,GPS,false
TNT_001,DLY_TRP_0038324,TRP_0038324,2026-08-13T06:03:00.000Z,ARRIVAL,27,WEATHER,GPS,false
TNT_003,DLY_TRP_0038327,TRP_0038327,2026-08-16T14:22:00.000Z,ARRIVAL,55,TRAFFIC,OPS,false
TNT_003,DLY_TRP_0038341,TRP_0038341,2026-06-01T23:32:00.000Z,ARRIVAL,49,WEATHER,GPS,false
TNT_001,DLY_TRP_0038349,TRP_0038349,2026-06-09T09:25:00.000Z,ARRIVAL,22,TRAFFIC,VENDOR,false
TNT_002,DLY_TRP_0038356,TRP_0038356,2026-06-16T14:19:00.000Z,ARRIVAL,22,WEATHER,GPS,true
TNT_001,DLY_TRP_0038358,TRP_0038358,2026-06-18T06:42:00.000Z,ARRIVAL,52,TRAFFIC,GPS,false
TNT_001,DLY_TRP_0038364,TRP_0038364,2026-06-24T14:49:00.000Z,ARRIVAL,49,TRAFFIC,GPS,false
TNT_001,DLY_TRP_0038373,TRP_0038373,2026-07-03T23:25:00.000Z,ARRIVAL,28,VEHICLE_ISSUE,VENDOR,true
TNT_001,DLY_TRP_0038387,TRP_0038387,2026-07-17T15:00:00.000Z,ARRIVAL,35,WEATHER,GPS,false
TNT_001,DLY_TRP_0038401,TRP_0038401,2026-07-31T07:31:00.000Z,ARRIVAL,43,DRIVER_LATE,VENDOR,false
TNT_001,DLY_TRP_0038406,TRP_0038406,2026-08-05T22:56:00.000Z,ARRIVAL,24,DRIVER_LATE,GPS,false
TNT_001,DLY_TRP_0038410,TRP_0038410,2026-08-09T06:18:00.000Z,ARRIVAL,11,TRAFFIC,OPS,false
TNT_001,DLY_TRP_0038414,TRP_0038414,2026-08-13T09:34:00.000Z,ARRIVAL,19,WEATHER,GPS,false
TNT_001,DLY_TRP_0038417,TRP_0038417,2026-08-16T08:56:00.000Z,ARRIVAL,16,WEATHER,GPS,false
TNT_003,DLY_TRP_0038419,TRP_0038419,2026-08-18T07:09:00.000Z,ARRIVAL,52,ROUTE_DEVIATION,OPS,false
TNT_001,DLY_TRP_0038422,TRP_0038422,2026-08-21T22:12:00.000Z,ARRIVAL,22,TRAFFIC,GPS,false
TNT_002,DLY_TRP_0038423,TRP_0038423,2026-08-22T14:03:00.000Z,ARRIVAL,14,TRAFFIC,GPS,false
TNT_001,DLY_TRP_0038427,TRP_0038427,2026-08-26T23:34:00.000Z,ARRIVAL,57,TRAFFIC,GPS,false
TNT_001,DLY_TRP_0038430,TRP_0038430,2026-08-29T23:25:00.000Z,ARRIVAL,43,DRIVER_LATE,GPS,false
TNT_001,DLY_TRP_0038431,TRP_0038431,2026-06-01T23:03:00.000Z,ARRIVAL,51,VEHICLE_ISSUE,GPS,false
TNT_001,DLY_TRP_0038436,TRP_0038436,2026-06-06T10:03:00.000Z,ARRIVAL,45,WEATHER,GPS,false
TNT_002,DLY_TRP_0038437,TRP_0038437,2026-06-07T09:59:00.000Z,ARRIVAL,57,TRAFFIC,GPS,false
TNT_003,DLY_TRP_0038440,TRP_0038440,2026-06-10T09:03:00.000Z,ARRIVAL,14,DRIVER_LATE,OPS,false
TNT_002,DLY_TRP_0038446,TRP_0038446,2026-06-16T09:24:00.000Z,ARRIVAL,51,VEHICLE_ISSUE,GPS,false
TNT_001,DLY_TRP_0038466,TRP_0038466,2026-07-06T10:35:00.000Z,ARRIVAL,38,DRIVER_LATE,GPS,false
TNT_001,DLY_TRP_0038470,TRP_0038470,2026-07-10T07:26:00.000Z,ARRIVAL,57,WEATHER,VENDOR,false
TNT_001,DLY_TRP_0038472,TRP_0038472,2026-07-12T22:38:00.000Z,ARRIVAL,34,WEATHER,GPS,false
TNT_002,DLY_TRP_0038480,TRP_0038480,2026-07-20T14:52:00.000Z,ARRIVAL,51,TRAFFIC,OPS,false
TNT_001,DLY_TRP_0038486,TRP_0038486,2026-07-26T10:29:00.000Z,ARRIVAL,41,TRAFFIC,GPS,false
TNT_001,DLY_TRP_0038488,TRP_0038488,2026-07-28T22:15:00.000Z,ARRIVAL,24,TRAFFIC,VENDOR,false
TNT_001,DLY_TRP_0038500,TRP_0038500,2026-08-09T09:16:00.000Z,ARRIVAL,24,WEATHER,VENDOR,false
TNT_002,DLY_TRP_0038501,TRP_0038501,2026-08-10T09:41:00.000Z,ARRIVAL,23,TRAFFIC,VENDOR,false
TNT_002,DLY_TRP_0038503,TRP_0038503,2026-08-12T09:57:00.000Z,ARRIVAL,48,DRIVER_LATE,GPS,false
TNT_001,DLY_TRP_0038518,TRP_0038518,2026-08-27T10:03:00.000Z,ARRIVAL,27,DRIVER_LATE,VENDOR,false
TNT_002,DLY_TRP_0038521,TRP_0038521,2026-06-01T06:49:00.000Z,ARRIVAL,36,WEATHER,GPS,false
TNT_002,DLY_TRP_0038527,TRP_0038527,2026-06-07T22:28:00.000Z,ARRIVAL,24,VEHICLE_ISSUE,VENDOR,false
TNT_003,DLY_TRP_0038534,TRP_0038534,2026-06-14T22:41:00.000Z,ARRIVAL,29,TRAFFIC,GPS,false
TNT_003,DLY_TRP_0038546,TRP_0038546,2026-06-26T14:45:00.000Z,ARRIVAL,16,TRAFFIC,GPS,false
TNT_001,DLY_TRP_0038555,TRP_0038555,2026-07-05T06:44:00.000Z,ARRIVAL,40,DRIVER_LATE,VENDOR,false
TNT_001,DLY_TRP_0038568,TRP_0038568,2026-07-18T07:05:00.000Z,ARRIVAL,58,WEATHER,OPS,false
TNT_001,DLY_TRP_0038606,TRP_0038606,2026-08-25T09:58:00.000Z,ARRIVAL,26,TRAFFIC,VENDOR,false
TNT_001,DLY_TRP_0038612,TRP_0038612,2026-06-02T10:07:00.000Z,ARRIVAL,47,DRIVER_LATE,GPS,false
TNT_001,DLY_TRP_0038626,TRP_0038626,2026-06-16T09:59:00.000Z,ARRIVAL,27,WEATHER,GPS,false
TNT_001,DLY_TRP_0038629,TRP_0038629,2026-06-19T14:41:00.000Z,ARRIVAL,53,TRAFFIC,GPS,false
TNT_001,DLY_TRP_0038634,TRP_0038634,2026-06-24T09:31:00.000Z,ARRIVAL,51,WEATHER,VENDOR,false
TNT_001,DLY_TRP_0038645,TRP_0038645,2026-07-05T09:29:00.000Z,ARRIVAL,52,TRAFFIC,GPS,false
TNT_002,DLY_TRP_0038648,TRP_0038648,2026-07-08T05:53:00.000Z,ARRIVAL,25,ROUTE_DEVIATION,GPS,false
TNT_003,DLY_TRP_0038653,TRP_0038653,2026-07-13T14:47:00.000Z,ARRIVAL,57,DRIVER_LATE,VENDOR,false
TNT_002,DLY_TRP_0038662,TRP_0038662,2026-07-22T06:11:00.000Z,ARRIVAL,11,TRAFFIC,GPS,false
TNT_001,DLY_TRP_0038668,TRP_0038668,2026-07-28T09:38:00.000Z,ARRIVAL,14,TRAFFIC,VENDOR,false
TNT_001,DLY_TRP_0038673,TRP_0038673,2026-08-02T14:25:00.000Z,ARRIVAL,34,TRAFFIC,VENDOR,false
TNT_001,DLY_TRP_0038680,TRP_0038680,2026-08-09T22:23:00.000Z,ARRIVAL,22,DRIVER_LATE,VENDOR,false
TNT_002,DLY_TRP_0038685,TRP_0038685,2026-08-14T06:24:00.000Z,ARRIVAL,42,TRAFFIC,GPS,false
TNT_001,DLY_TRP_0038691,TRP_0038691,2026-08-20T22:23:00.000Z,ARRIVAL,41,DRIVER_LATE,GPS,false
TNT_001,DLY_TRP_0038693,TRP_0038693,2026-08-22T09:35:00.000Z,ARRIVAL,25,DRIVER_LATE,GPS,false
TNT_001,DLY_TRP_0038699,TRP_0038699,2026-08-28T23:00:00.000Z,ARRIVAL,54,ROUTE_DEVIATION,VENDOR,false
TNT_001,DLY_TRP_0038705,TRP_0038705,2026-06-05T10:17:00.000Z,ARRIVAL,57,TRAFFIC,GPS,false
TNT_002,DLY_TRP_0038712,TRP_0038712,2026-06-12T21:52:00.000Z,ARRIVAL,28,TRAFFIC,GPS,false
TNT_001,DLY_TRP_0038713,TRP_0038713,2026-06-13T10:06:00.000Z,ARRIVAL,37,WEATHER,GPS,false
TNT_001,DLY_TRP_0038714,TRP_0038714,2026-06-14T09:16:00.000Z,ARRIVAL,28,DRIVER_LATE,GPS,false
TNT_001,DLY_TRP_0038723,TRP_0038723,2026-06-23T09:00:00.000Z,ARRIVAL,12,WEATHER,GPS,false
TNT_001,DLY_TRP_0038724,TRP_0038724,2026-06-24T09:32:00.000Z,ARRIVAL,44,TRAFFIC,GPS,false
TNT_003,DLY_TRP_0038740,TRP_0038740,2026-07-10T22:50:00.000Z,ARRIVAL,43,DRIVER_LATE,GPS,false
TNT_001,DLY_TRP_0038746,TRP_0038746,2026-07-16T15:04:00.000Z,ARRIVAL,38,TRAFFIC,OPS,false
TNT_002,DLY_TRP_0038747,TRP_0038747,2026-07-17T09:53:00.000Z,ARRIVAL,17,ROUTE_DEVIATION,GPS,false
TNT_002,DLY_TRP_0038753,TRP_0038753,2026-07-23T22:39:00.000Z,ARRIVAL,12,ROUTE_DEVIATION,GPS,false
TNT_001,DLY_TRP_0038764,TRP_0038764,2026-08-03T14:34:00.000Z,ARRIVAL,16,TRAFFIC,VENDOR,false
TNT_001,DLY_TRP_0038766,TRP_0038766,2026-08-05T14:21:00.000Z,ARRIVAL,35,TRAFFIC,GPS,false
TNT_002,DLY_TRP_0038782,TRP_0038782,2026-08-21T06:36:00.000Z,ARRIVAL,54,TRAFFIC,VENDOR,false
TNT_001,DLY_TRP_0038784,TRP_0038784,2026-08-23T09:34:00.000Z,ARRIVAL,32,WEATHER,GPS,false
TNT_001,DLY_TRP_0038790,TRP_0038790,2026-08-29T09:14:00.000Z,ARRIVAL,39,TRAFFIC,GPS,false
TNT_002,DLY_TRP_0038794,TRP_0038794,2026-06-04T09:49:00.000Z,ARRIVAL,56,ROUTE_DEVIATION,OPS,false
TNT_003,DLY_TRP_0038797,TRP_0038797,2026-06-07T14:23:00.000Z,ARRIVAL,23,TRAFFIC,OPS,false
TNT_002,DLY_TRP_0038798,TRP_0038798,2026-06-08T22:14:00.000Z,ARRIVAL,14,TRAFFIC,GPS,false
TNT_001,DLY_TRP_0038801,TRP_0038801,2026-06-11T14:55:00.000Z,ARRIVAL,47,ROUTE_DEVIATION,GPS,false
TNT_001,DLY_TRP_0038805,TRP_0038805,2026-06-15T07:17:00.000Z,ARRIVAL,55,TRAFFIC,GPS,false
TNT_001,DLY_TRP_0038810,TRP_0038810,2026-06-20T10:47:00.000Z,ARRIVAL,58,DRIVER_LATE,VENDOR,false
TNT_002,DLY_TRP_0038814,TRP_0038814,2026-06-24T09:30:00.000Z,ARRIVAL,41,TRAFFIC,GPS,false
TNT_002,DLY_TRP_0038819,TRP_0038819,2026-06-29T22:43:00.000Z,ARRIVAL,13,TRAFFIC,VENDOR,false
TNT_001,DLY_TRP_0038824,TRP_0038824,2026-07-04T09:20:00.000Z,ARRIVAL,27,WEATHER,GPS,false
TNT_001,DLY_TRP_0038827,TRP_0038827,2026-07-07T06:15:00.000Z,ARRIVAL,13,TRAFFIC,OPS,false
TNT_002,DLY_TRP_0038830,TRP_0038830,2026-07-10T22:25:00.000Z,ARRIVAL,31,TRAFFIC,GPS,false
TNT_001,DLY_TRP_0038831,TRP_0038831,2026-07-11T09:03:00.000Z,ARRIVAL,17,ROUTE_DEVIATION,GPS,false
TNT_001,DLY_TRP_0038839,TRP_0038839,2026-07-19T09:40:00.000Z,ARRIVAL,15,ROUTE_DEVIATION,GPS,false
TNT_001,DLY_TRP_0038851,TRP_0038851,2026-07-31T10:06:00.000Z,ARRIVAL,58,TRAFFIC,VENDOR,false
TNT_001,DLY_TRP_0038858,TRP_0038858,2026-08-07T09:19:00.000Z,ARRIVAL,18,ROUTE_DEVIATION,VENDOR,false
TNT_001,DLY_TRP_0038862,TRP_0038862,2026-08-11T14:51:00.000Z,ARRIVAL,47,DRIVER_LATE,GPS,false
TNT_001,DLY_TRP_0038864,TRP_0038864,2026-08-13T06:43:00.000Z,ARRIVAL,27,VEHICLE_ISSUE,VENDOR,false
TNT_001,DLY_TRP_0038867,TRP_0038867,2026-08-16T09:30:00.000Z,ARRIVAL,44,TRAFFIC,GPS,false
TNT_002,DLY_TRP_0038873,TRP_0038873,2026-08-22T07:00:00.000Z,ARRIVAL,44,ROUTE_DEVIATION,GPS,false
TNT_001,DLY_TRP_0038878,TRP_0038878,2026-08-27T23:24:00.000Z,ARRIVAL,45,ROUTE_DEVIATION,VENDOR,false
TNT_001,DLY_TRP_0038880,TRP_0038880,2026-08-29T23:02:00.000Z,ARRIVAL,48,DRIVER_LATE,GPS,false
TNT_001,DLY_TRP_0038893,TRP_0038893,2026-06-13T07:07:00.000Z,ARRIVAL,43,DRIVER_LATE,OPS,false
TNT_003,DLY_TRP_0038899,TRP_0038899,2026-06-19T22:29:00.000Z,ARRIVAL,41,ROUTE_DEVIATION,GPS,false
TNT_002,DLY_TRP_0038902,TRP_0038902,2026-06-22T09:30:00.000Z,ARRIVAL,57,TRAFFIC,GPS,false
TNT_002,DLY_TRP_0038917,TRP_0038917,2026-07-07T14:31:00.000Z,ARRIVAL,44,ROUTE_DEVIATION,GPS,false
TNT_001,DLY_TRP_0038923,TRP_0038923,2026-07-13T05:53:00.000Z,ARRIVAL,11,TRAFFIC,GPS,false
TNT_003,DLY_TRP_0038925,TRP_0038925,2026-07-15T09:57:00.000Z,ARRIVAL,36,TRAFFIC,VENDOR,false
TNT_002,DLY_TRP_0038926,TRP_0038926,2026-07-16T09:58:00.000Z,ARRIVAL,38,DRIVER_LATE,GPS,false
TNT_002,DLY_TRP_0038929,TRP_0038929,2026-07-19T09:48:00.000Z,ARRIVAL,34,TRAFFIC,OPS,false
TNT_002,DLY_TRP_0038934,TRP_0038934,2026-07-24T14:50:00.000Z,ARRIVAL,46,DRIVER_LATE,OPS,false
TNT_001,DLY_TRP_0038941,TRP_0038941,2026-07-31T09:39:00.000Z,ARRIVAL,46,VEHICLE_ISSUE,OPS,false
TNT_001,DLY_TRP_0038949,TRP_0038949,2026-08-08T05:42:00.000Z,ARRIVAL,12,WEATHER,VENDOR,false
TNT_001,DLY_TRP_0038952,TRP_0038952,2026-08-11T09:16:00.000Z,ARRIVAL,23,TRAFFIC,GPS,false
TNT_001,DLY_TRP_0038957,TRP_0038957,2026-08-16T09:33:00.000Z,ARRIVAL,17,DRIVER_LATE,VENDOR,false
TNT_001,DLY_TRP_0038970,TRP_0038970,2026-08-29T22:19:00.000Z,ARRIVAL,28,DRIVER_LATE,VENDOR,true
TNT_003,DLY_TRP_0038977,TRP_0038977,2026-06-07T22:27:00.000Z,ARRIVAL,36,WEATHER,GPS,false
TNT_003,DLY_TRP_0038988,TRP_0038988,2026-06-18T14:17:00.000Z,ARRIVAL,38,TRAFFIC,GPS,false
TNT_001,DLY_TRP_0038989,TRP_0038989,2026-06-19T22:38:00.000Z,ARRIVAL,20,VEHICLE_ISSUE,GPS,false
TNT_001,DLY_TRP_0038996,TRP_0038996,2026-06-26T10:23:00.000Z,ARRIVAL,56,TRAFFIC,GPS,false
TNT_001,DLY_TRP_0039004,TRP_0039004,2026-07-04T23:03:00.000Z,ARRIVAL,16,TRAFFIC,GPS,true
TNT_003,DLY_TRP_0039017,TRP_0039017,2026-07-17T22:48:00.000Z,ARRIVAL,48,DRIVER_LATE,VENDOR,false
TNT_002,DLY_TRP_0039019,TRP_0039019,2026-07-19T09:15:00.000Z,ARRIVAL,25,VEHICLE_ISSUE,GPS,false
TNT_003,DLY_TRP_0039024,TRP_0039024,2026-07-24T14:33:00.000Z,ARRIVAL,18,TRAFFIC,GPS,false
TNT_003,DLY_TRP_0039025,TRP_0039025,2026-07-25T09:53:00.000Z,ARRIVAL,57,TRAFFIC,OPS,false
TNT_001,DLY_TRP_0039053,TRP_0039053,2026-08-22T06:31:00.000Z,ARRIVAL,32,TRAFFIC,VENDOR,false
TNT_001,DLY_TRP_0039054,TRP_0039054,2026-08-23T10:35:00.000Z,ARRIVAL,31,TRAFFIC,GPS,false
TNT_001,DLY_TRP_0039058,TRP_0039058,2026-08-27T07:14:00.000Z,ARRIVAL,55,WEATHER,OPS,false
TNT_003,DLY_TRP_0039067,TRP_0039067,2026-06-07T09:58:00.000Z,ARRIVAL,31,TRAFFIC,VENDOR,false
TNT_001,DLY_TRP_0039071,TRP_0039071,2026-06-11T22:25:00.000Z,ARRIVAL,55,VEHICLE_ISSUE,GPS,false
TNT_001,DLY_TRP_0039089,TRP_0039089,2026-06-29T09:26:00.000Z,ARRIVAL,20,TRAFFIC,GPS,false
TNT_001,DLY_TRP_0039106,TRP_0039106,2026-07-16T14:34:00.000Z,ARRIVAL,48,TRAFFIC,GPS,false
TNT_003,DLY_TRP_0039111,TRP_0039111,2026-07-21T22:21:00.000Z,ARRIVAL,43,WEATHER,VENDOR,false
TNT_002,DLY_TRP_0039112,TRP_0039112,2026-07-22T05:52:00.000Z,ARRIVAL,15,TRAFFIC,GPS,false
TNT_001,DLY_TRP_0039120,TRP_0039120,2026-07-30T14:28:00.000Z,ARRIVAL,24,DRIVER_LATE,VENDOR,false
TNT_001,DLY_TRP_0039125,TRP_0039125,2026-08-04T22:41:00.000Z,ARRIVAL,22,TRAFFIC,GPS,false
TNT_002,DLY_TRP_0039133,TRP_0039133,2026-08-12T06:19:00.000Z,ARRIVAL,23,ROUTE_DEVIATION,VENDOR,false
TNT_002,DLY_TRP_0039135,TRP_0039135,2026-08-14T07:22:00.000Z,ARRIVAL,58,TRAFFIC,GPS,false
TNT_001,DLY_TRP_0039136,TRP_0039136,2026-08-15T10:04:00.000Z,ARRIVAL,35,VEHICLE_ISSUE,VENDOR,false
TNT_002,DLY_TRP_0039138,TRP_0039138,2026-08-17T14:26:00.000Z,ARRIVAL,46,TRAFFIC,VENDOR,false
TNT_001,DLY_TRP_0039145,TRP_0039145,2026-08-24T14:26:00.000Z,ARRIVAL,31,DRIVER_LATE,GPS,false
TNT_003,DLY_TRP_0039147,TRP_0039147,2026-08-26T09:27:00.000Z,ARRIVAL,44,VEHICLE_ISSUE,GPS,false
TNT_001,DLY_TRP_0039149,TRP_0039149,2026-08-28T06:07:00.000Z,ARRIVAL,12,TRAFFIC,GPS,false
TNT_001,DLY_TRP_0039153,TRP_0039153,2026-06-03T23:30:00.000Z,ARRIVAL,56,TRAFFIC,GPS,false
TNT_001,DLY_TRP_0039154,TRP_0039154,2026-06-04T09:38:00.000Z,ARRIVAL,15,TRAFFIC,GPS,false
TNT_002,DLY_TRP_0039178,TRP_0039178,2026-06-28T22:48:00.000Z,ARRIVAL,39,TRAFFIC,OPS,false
TNT_002,DLY_TRP_0039179,TRP_0039179,2026-06-29T06:39:00.000Z,ARRIVAL,49,DRIVER_LATE,OPS,false
TNT_002,DLY_TRP_0039181,TRP_0039181,2026-07-01T09:26:00.000Z,ARRIVAL,11,TRAFFIC,GPS,true
TNT_002,DLY_TRP_0039185,TRP_0039185,2026-07-05T09:05:00.000Z,ARRIVAL,29,TRAFFIC,VENDOR,false
TNT_003,DLY_TRP_0039187,TRP_0039187,2026-07-07T22:40:00.000Z,ARRIVAL,56,WEATHER,OPS,false
TNT_001,DLY_TRP_0039193,TRP_0039193,2026-07-13T22:36:00.000Z,ARRIVAL,22,TRAFFIC,GPS,false
TNT_001,DLY_TRP_0039197,TRP_0039197,2026-07-17T09:08:00.000Z,ARRIVAL,23,ROUTE_DEVIATION,GPS,false
TNT_001,DLY_TRP_0039209,TRP_0039209,2026-07-29T06:36:00.000Z,ARRIVAL,16,VEHICLE_ISSUE,GPS,false
TNT_001,DLY_TRP_0039211,TRP_0039211,2026-07-31T06:33:00.000Z,ARRIVAL,45,TRAFFIC,GPS,false
TNT_002,DLY_TRP_0039215,TRP_0039215,2026-08-04T05:59:00.000Z,ARRIVAL,33,WEATHER,VENDOR,false
TNT_001,DLY_TRP_0039216,TRP_0039216,2026-08-05T15:14:00.000Z,ARRIVAL,58,TRAFFIC,GPS,false
TNT_003,DLY_TRP_0039224,TRP_0039224,2026-08-13T10:19:00.000Z,ARRIVAL,48,TRAFFIC,OPS,false
TNT_002,DLY_TRP_0039247,TRP_0039247,2026-06-07T06:49:00.000Z,ARRIVAL,57,TRAFFIC,VENDOR,false
TNT_003,DLY_TRP_0039251,TRP_0039251,2026-06-11T14:59:00.000Z,ARRIVAL,49,DRIVER_LATE,GPS,false
TNT_001,DLY_TRP_0039258,TRP_0039258,2026-06-18T06:24:00.000Z,ARRIVAL,39,TRAFFIC,OPS,false
TNT_001,DLY_TRP_0039271,TRP_0039271,2026-07-01T22:26:00.000Z,ARRIVAL,17,TRAFFIC,GPS,false
TNT_001,DLY_TRP_0039272,TRP_0039272,2026-07-02T09:40:00.000Z,ARRIVAL,37,DRIVER_LATE,OPS,false
TNT_002,DLY_TRP_0039274,TRP_0039274,2026-07-04T14:31:00.000Z,ARRIVAL,20,WEATHER,GPS,false
TNT_001,DLY_TRP_0039277,TRP_0039277,2026-07-07T14:45:00.000Z,ARRIVAL,46,TRAFFIC,GPS,false
TNT_001,DLY_TRP_0039286,TRP_0039286,2026-07-16T09:22:00.000Z,ARRIVAL,14,VEHICLE_ISSUE,VENDOR,false
TNT_001,DLY_TRP_0039293,TRP_0039293,2026-07-23T10:08:00.000Z,ARRIVAL,23,TRAFFIC,VENDOR,false
TNT_001,DLY_TRP_0039306,TRP_0039306,2026-08-05T22:31:00.000Z,ARRIVAL,39,TRAFFIC,VENDOR,false
TNT_001,DLY_TRP_0039310,TRP_0039310,2026-08-09T09:23:00.000Z,ARRIVAL,25,TRAFFIC,GPS,true
TNT_003,DLY_TRP_0039315,TRP_0039315,2026-08-14T09:58:00.000Z,ARRIVAL,43,TRAFFIC,GPS,false
TNT_001,DLY_TRP_0039318,TRP_0039318,2026-08-17T22:25:00.000Z,ARRIVAL,30,WEATHER,GPS,false
TNT_001,DLY_TRP_0039319,TRP_0039319,2026-08-18T14:17:00.000Z,ARRIVAL,35,WEATHER,OPS,false
TNT_001,DLY_TRP_0039323,TRP_0039323,2026-08-22T06:09:00.000Z,ARRIVAL,16,ROUTE_DEVIATION,GPS,false
TNT_003,DLY_TRP_0039326,TRP_0039326,2026-08-25T06:52:00.000Z,ARRIVAL,30,VEHICLE_ISSUE,GPS,false
TNT_001,DLY_TRP_0039328,TRP_0039328,2026-08-27T09:27:00.000Z,ARRIVAL,28,WEATHER,GPS,false
TNT_002,DLY_TRP_0039331,TRP_0039331,2026-06-01T09:16:00.000Z,ARRIVAL,12,TRAFFIC,GPS,false
TNT_003,DLY_TRP_0039344,TRP_0039344,2026-06-14T22:38:00.000Z,ARRIVAL,32,TRAFFIC,GPS,false
TNT_001,DLY_TRP_0039351,TRP_0039351,2026-06-21T15:01:00.000Z,ARRIVAL,33,WEATHER,OPS,false
TNT_002,DLY_TRP_0039356,TRP_0039356,2026-06-26T22:11:00.000Z,ARRIVAL,22,TRAFFIC,VENDOR,false
TNT_003,DLY_TRP_0039364,TRP_0039364,2026-07-04T09:36:00.000Z,ARRIVAL,32,WEATHER,GPS,false
TNT_001,DLY_TRP_0039378,TRP_0039378,2026-07-18T22:49:00.000Z,ARRIVAL,41,DRIVER_LATE,GPS,false
TNT_001,DLY_TRP_0039379,TRP_0039379,2026-07-19T23:12:00.000Z,ARRIVAL,43,VEHICLE_ISSUE,OPS,false
TNT_002,DLY_TRP_0039384,TRP_0039384,2026-07-24T22:27:00.000Z,ARRIVAL,27,TRAFFIC,GPS,false
TNT_002,DLY_TRP_0039385,TRP_0039385,2026-07-25T08:58:00.000Z,ARRIVAL,15,TRAFFIC,GPS,false
TNT_002,DLY_TRP_0039389,TRP_0039389,2026-07-29T21:43:00.000Z,ARRIVAL,21,VEHICLE_ISSUE,GPS,false
TNT_002,DLY_TRP_0039393,TRP_0039393,2026-08-02T23:17:00.000Z,ARRIVAL,25,WEATHER,VENDOR,false
TNT_001,DLY_TRP_0039396,TRP_0039396,2026-08-05T23:04:00.000Z,ARRIVAL,49,ROUTE_DEVIATION,GPS,false
TNT_001,DLY_TRP_0039415,TRP_0039415,2026-08-24T13:56:00.000Z,ARRIVAL,11,TRAFFIC,VENDOR,false
TNT_001,DLY_TRP_0039422,TRP_0039422,2026-06-02T22:42:00.000Z,ARRIVAL,35,TRAFFIC,VENDOR,false
TNT_001,DLY_TRP_0039432,TRP_0039432,2026-06-12T10:07:00.000Z,ARRIVAL,57,DRIVER_LATE,GPS,false
TNT_001,DLY_TRP_0039444,TRP_0039444,2026-06-24T22:47:00.000Z,ARRIVAL,28,TRAFFIC,GPS,false
TNT_001,DLY_TRP_0039451,TRP_0039451,2026-07-01T14:37:00.000Z,ARRIVAL,34,VEHICLE_ISSUE,VENDOR,false
TNT_001,DLY_TRP_0039456,TRP_0039456,2026-07-06T22:30:00.000Z,ARRIVAL,21,TRAFFIC,VENDOR,false
TNT_001,DLY_TRP_0039460,TRP_0039460,2026-07-10T23:04:00.000Z,ARRIVAL,55,WEATHER,GPS,false
TNT_001,DLY_TRP_0039463,TRP_0039463,2026-07-13T09:51:00.000Z,ARRIVAL,44,DRIVER_LATE,GPS,false
TNT_001,DLY_TRP_0039472,TRP_0039472,2026-07-22T09:55:00.000Z,ARRIVAL,21,WEATHER,GPS,false
TNT_002,DLY_TRP_0039486,TRP_0039486,2026-08-05T09:17:00.000Z,ARRIVAL,33,WEATHER,GPS,false
TNT_001,DLY_TRP_0039507,TRP_0039507,2026-08-26T22:01:00.000Z,ARRIVAL,28,VEHICLE_ISSUE,GPS,false
TNT_001,DLY_TRP_0039513,TRP_0039513,2026-06-03T06:50:00.000Z,ARRIVAL,21,WEATHER,GPS,false
TNT_001,DLY_TRP_0039514,TRP_0039514,2026-06-04T06:30:00.000Z,ARRIVAL,31,ROUTE_DEVIATION,OPS,false
TNT_001,DLY_TRP_0039519,TRP_0039519,2026-06-09T22:31:00.000Z,ARRIVAL,55,TRAFFIC,GPS,false
TNT_001,DLY_TRP_0039524,TRP_0039524,2026-06-14T10:05:00.000Z,ARRIVAL,41,DRIVER_LATE,GPS,false
TNT_001,DLY_TRP_0039529,TRP_0039529,2026-06-19T06:40:00.000Z,ARRIVAL,25,WEATHER,GPS,false
TNT_003,DLY_TRP_0039533,TRP_0039533,2026-06-23T22:29:00.000Z,ARRIVAL,34,VEHICLE_ISSUE,GPS,false
TNT_001,DLY_TRP_0039542,TRP_0039542,2026-07-02T09:40:00.000Z,ARRIVAL,20,WEATHER,VENDOR,false
TNT_002,DLY_TRP_0039549,TRP_0039549,2026-07-09T10:14:00.000Z,ARRIVAL,58,WEATHER,VENDOR,false
TNT_001,DLY_TRP_0039551,TRP_0039551,2026-07-11T09:37:00.000Z,ARRIVAL,53,VEHICLE_ISSUE,VENDOR,false
TNT_001,DLY_TRP_0039558,TRP_0039558,2026-07-18T14:02:00.000Z,ARRIVAL,11,WEATHER,GPS,false
TNT_001,DLY_TRP_0039564,TRP_0039564,2026-07-24T22:46:00.000Z,ARRIVAL,45,VEHICLE_ISSUE,GPS,false
TNT_003,DLY_TRP_0039574,TRP_0039574,2026-08-03T14:54:00.000Z,ARRIVAL,53,ROUTE_DEVIATION,OPS,false
TNT_002,DLY_TRP_0039578,TRP_0039578,2026-08-07T09:33:00.000Z,ARRIVAL,52,WEATHER,GPS,false
TNT_001,DLY_TRP_0039584,TRP_0039584,2026-08-13T22:45:00.000Z,ARRIVAL,28,VEHICLE_ISSUE,VENDOR,false
TNT_001,DLY_TRP_0039586,TRP_0039586,2026-08-15T09:09:00.000Z,ARRIVAL,42,WEATHER,GPS,false
TNT_001,DLY_TRP_0039597,TRP_0039597,2026-08-26T14:45:00.000Z,ARRIVAL,22,TRAFFIC,VENDOR,false
TNT_001,DLY_TRP_0039599,TRP_0039599,2026-08-28T22:33:00.000Z,ARRIVAL,21,DRIVER_LATE,GPS,false
TNT_002,DLY_TRP_0039606,TRP_0039606,2026-06-06T09:37:00.000Z,ARRIVAL,42,DRIVER_LATE,GPS,false
TNT_002,DLY_TRP_0039612,TRP_0039612,2026-06-12T22:46:00.000Z,ARRIVAL,20,TRAFFIC,VENDOR,false
TNT_001,DLY_TRP_0039620,TRP_0039620,2026-06-20T09:49:00.000Z,ARRIVAL,19,WEATHER,OPS,false
TNT_001,DLY_TRP_0039623,TRP_0039623,2026-06-23T23:04:00.000Z,ARRIVAL,47,ROUTE_DEVIATION,GPS,false
TNT_002,DLY_TRP_0039627,TRP_0039627,2026-06-27T06:30:00.000Z,ARRIVAL,26,DRIVER_LATE,GPS,false
TNT_001,DLY_TRP_0039632,TRP_0039632,2026-07-02T06:15:00.000Z,ARRIVAL,20,WEATHER,VENDOR,false
TNT_002,DLY_TRP_0039653,TRP_0039653,2026-07-23T06:17:00.000Z,ARRIVAL,50,TRAFFIC,GPS,false
TNT_003,DLY_TRP_0039654,TRP_0039654,2026-07-24T09:13:00.000Z,ARRIVAL,29,TRAFFIC,GPS,false
TNT_002,DLY_TRP_0039663,TRP_0039663,2026-08-02T09:15:00.000Z,ARRIVAL,15,VEHICLE_ISSUE,GPS,false
TNT_001,DLY_TRP_0039670,TRP_0039670,2026-08-09T10:26:00.000Z,ARRIVAL,54,TRAFFIC,GPS,false
TNT_002,DLY_TRP_0039671,TRP_0039671,2026-08-10T13:49:00.000Z,ARRIVAL,11,WEATHER,GPS,false
TNT_001,DLY_TRP_0039672,TRP_0039672,2026-08-11T22:29:00.000Z,ARRIVAL,18,TRAFFIC,GPS,false
TNT_003,DLY_TRP_0039681,TRP_0039681,2026-08-20T14:14:00.000Z,ARRIVAL,37,WEATHER,GPS,false
TNT_002,DLY_TRP_0039694,TRP_0039694,2026-06-04T06:13:00.000Z,ARRIVAL,19,DRIVER_LATE,VENDOR,false
TNT_003,DLY_TRP_0039699,TRP_0039699,2026-06-09T22:58:00.000Z,ARRIVAL,53,TRAFFIC,GPS,false
TNT_003,DLY_TRP_0039700,TRP_0039700,2026-06-10T15:04:00.000Z,ARRIVAL,56,TRAFFIC,VENDOR,false
TNT_001,DLY_TRP_0039706,TRP_0039706,2026-06-16T22:50:00.000Z,ARRIVAL,51,DRIVER_LATE,GPS,false
TNT_001,DLY_TRP_0039715,TRP_0039715,2026-06-25T14:58:00.000Z,ARRIVAL,41,DRIVER_LATE,GPS,false
TNT_001,DLY_TRP_0039720,TRP_0039720,2026-06-30T09:49:00.000Z,ARRIVAL,27,TRAFFIC,GPS,false
TNT_001,DLY_TRP_0039734,TRP_0039734,2026-07-14T22:28:00.000Z,ARRIVAL,42,TRAFFIC,OPS,false
TNT_003,DLY_TRP_0039745,TRP_0039745,2026-07-25T23:02:00.000Z,ARRIVAL,54,ROUTE_DEVIATION,OPS,false
TNT_003,DLY_TRP_0039758,TRP_0039758,2026-08-07T14:40:00.000Z,ARRIVAL,24,ROUTE_DEVIATION,OPS,false
TNT_001,DLY_TRP_0039761,TRP_0039761,2026-08-10T23:31:00.000Z,ARRIVAL,48,WEATHER,GPS,false
TNT_003,DLY_TRP_0039768,TRP_0039768,2026-08-17T10:01:00.000Z,ARRIVAL,50,TRAFFIC,OPS,false
TNT_001,DLY_TRP_0039769,TRP_0039769,2026-08-18T09:49:00.000Z,ARRIVAL,47,ROUTE_DEVIATION,GPS,false
TNT_002,DLY_TRP_0039773,TRP_0039773,2026-08-22T09:30:00.000Z,ARRIVAL,55,TRAFFIC,VENDOR,false
TNT_003,DLY_TRP_0039775,TRP_0039775,2026-08-24T07:15:00.000Z,ARRIVAL,51,TRAFFIC,GPS,false
TNT_001,DLY_TRP_0039788,TRP_0039788,2026-06-08T22:55:00.000Z,ARRIVAL,36,WEATHER,GPS,false
TNT_001,DLY_TRP_0039790,TRP_0039790,2026-06-10T09:40:00.000Z,ARRIVAL,43,ROUTE_DEVIATION,GPS,false
TNT_001,DLY_TRP_0039803,TRP_0039803,2026-06-23T09:22:00.000Z,ARRIVAL,13,ROUTE_DEVIATION,GPS,false
TNT_002,DLY_TRP_0039817,TRP_0039817,2026-07-07T16:13:00.000Z,ARRIVAL,52,TRAFFIC,VENDOR,false
TNT_001,DLY_TRP_0039822,TRP_0039822,2026-07-12T06:12:00.000Z,ARRIVAL,12,TRAFFIC,GPS,false
TNT_001,DLY_TRP_0039824,TRP_0039824,2026-07-14T06:03:00.000Z,ARRIVAL,30,ROUTE_DEVIATION,GPS,false
TNT_001,DLY_TRP_0039827,TRP_0039827,2026-07-17T14:18:00.000Z,ARRIVAL,41,ROUTE_DEVIATION,GPS,false
TNT_002,DLY_TRP_0039830,TRP_0039830,2026-07-20T22:06:00.000Z,ARRIVAL,19,ROUTE_DEVIATION,VENDOR,false
TNT_002,DLY_TRP_0039849,TRP_0039849,2026-08-08T09:37:00.000Z,ARRIVAL,30,TRAFFIC,OPS,false
TNT_002,DLY_TRP_0039859,TRP_0039859,2026-08-18T10:24:00.000Z,ARRIVAL,53,VEHICLE_ISSUE,VENDOR,true
TNT_001,DLY_TRP_0039872,TRP_0039872,2026-06-02T14:37:00.000Z,ARRIVAL,37,WEATHER,GPS,false
TNT_003,DLY_TRP_0039878,TRP_0039878,2026-06-08T07:18:00.000Z,ARRIVAL,56,TRAFFIC,GPS,false
TNT_003,DLY_TRP_0039907,TRP_0039907,2026-07-07T22:49:00.000Z,ARRIVAL,36,DRIVER_LATE,GPS,false
TNT_002,DLY_TRP_0039915,TRP_0039915,2026-07-15T10:14:00.000Z,ARRIVAL,19,VEHICLE_ISSUE,GPS,false
TNT_001,DLY_TRP_0039927,TRP_0039927,2026-07-27T09:19:00.000Z,ARRIVAL,35,TRAFFIC,VENDOR,false
TNT_002,DLY_TRP_0039928,TRP_0039928,2026-07-28T09:20:00.000Z,ARRIVAL,40,TRAFFIC,GPS,false
TNT_001,DLY_TRP_0039929,TRP_0039929,2026-07-29T14:07:00.000Z,ARRIVAL,29,VEHICLE_ISSUE,OPS,false
TNT_001,DLY_TRP_0039930,TRP_0039930,2026-07-30T22:27:00.000Z,ARRIVAL,15,ROUTE_DEVIATION,GPS,false
TNT_003,DLY_TRP_0039947,TRP_0039947,2026-08-16T15:02:00.000Z,ARRIVAL,30,WEATHER,GPS,false
TNT_002,DLY_TRP_0039953,TRP_0039953,2026-08-22T23:00:00.000Z,ARRIVAL,47,TRAFFIC,VENDOR,false
TNT_001,DLY_TRP_0039968,TRP_0039968,2026-06-08T10:02:00.000Z,ARRIVAL,36,WEATHER,GPS,true
TNT_001,DLY_TRP_0039976,TRP_0039976,2026-06-16T09:44:00.000Z,ARRIVAL,14,WEATHER,GPS,false
TNT_001,DLY_TRP_0039977,TRP_0039977,2026-06-17T09:21:00.000Z,ARRIVAL,17,DRIVER_LATE,GPS,false
TNT_001,DLY_TRP_0039987,TRP_0039987,2026-06-27T22:35:00.000Z,ARRIVAL,26,TRAFFIC,GPS,false
TNT_001,DLY_TRP_0039993,TRP_0039993,2026-07-03T10:05:00.000Z,ARRIVAL,38,TRAFFIC,VENDOR,false
TNT_001,DLY_TRP_0039997,TRP_0039997,2026-07-07T06:51:00.000Z,ARRIVAL,40,TRAFFIC,GPS,false
TNT_001,DLY_TRP_0040009,TRP_0040009,2026-07-19T23:05:00.000Z,ARRIVAL,45,ROUTE_DEVIATION,GPS,false
TNT_003,DLY_TRP_0040011,TRP_0040011,2026-07-21T09:39:00.000Z,ARRIVAL,30,DRIVER_LATE,GPS,false
TNT_002,DLY_TRP_0040017,TRP_0040017,2026-07-27T22:53:00.000Z,ARRIVAL,45,ROUTE_DEVIATION,GPS,false
TNT_001,DLY_TRP_0040028,TRP_0040028,2026-08-07T09:35:00.000Z,ARRIVAL,41,WEATHER,OPS,false
TNT_001,DLY_TRP_0040041,TRP_0040041,2026-08-20T06:23:00.000Z,ARRIVAL,26,DRIVER_LATE,GPS,false
TNT_001,DLY_TRP_0040043,TRP_0040043,2026-08-22T10:07:00.000Z,ARRIVAL,46,TRAFFIC,GPS,false
TNT_002,DLY_TRP_0040047,TRP_0040047,2026-08-26T09:56:00.000Z,ARRIVAL,58,TRAFFIC,GPS,false
TNT_001,DLY_TRP_0040052,TRP_0040052,2026-06-02T22:57:00.000Z,ARRIVAL,45,WEATHER,GPS,false
TNT_001,DLY_TRP_0040053,TRP_0040053,2026-06-03T09:50:00.000Z,ARRIVAL,11,TRAFFIC,VENDOR,false
TNT_001,DLY_TRP_0040056,TRP_0040056,2026-06-06T10:22:00.000Z,ARRIVAL,58,VEHICLE_ISSUE,GPS,false
TNT_001,DLY_TRP_0040068,TRP_0040068,2026-06-18T14:46:00.000Z,ARRIVAL,17,WEATHER,GPS,false
TNT_001,DLY_TRP_0040072,TRP_0040072,2026-06-22T09:35:00.000Z,ARRIVAL,33,TRAFFIC,VENDOR,false
TNT_003,DLY_TRP_0040076,TRP_0040076,2026-06-26T22:57:00.000Z,ARRIVAL,38,DRIVER_LATE,OPS,false
TNT_001,DLY_TRP_0040081,TRP_0040081,2026-07-01T14:25:00.000Z,ARRIVAL,35,TRAFFIC,VENDOR,false
TNT_002,DLY_TRP_0040092,TRP_0040092,2026-07-12T06:13:00.000Z,ARRIVAL,22,TRAFFIC,VENDOR,false
TNT_002,DLY_TRP_0040093,TRP_0040093,2026-07-13T09:54:00.000Z,ARRIVAL,42,VEHICLE_ISSUE,GPS,false
TNT_003,DLY_TRP_0040099,TRP_0040099,2026-07-19T22:46:00.000Z,ARRIVAL,39,WEATHER,GPS,false
TNT_003,DLY_TRP_0040102,TRP_0040102,2026-07-22T10:02:00.000Z,ARRIVAL,50,VEHICLE_ISSUE,VENDOR,false
TNT_001,DLY_TRP_0040105,TRP_0040105,2026-07-25T10:15:00.000Z,ARRIVAL,31,TRAFFIC,GPS,false
TNT_001,DLY_TRP_0040122,TRP_0040122,2026-08-11T23:06:00.000Z,ARRIVAL,50,TRAFFIC,VENDOR,false
TNT_002,DLY_TRP_0040144,TRP_0040144,2026-06-04T22:14:00.000Z,ARRIVAL,31,VEHICLE_ISSUE,VENDOR,false
TNT_002,DLY_TRP_0040154,TRP_0040154,2026-06-14T15:16:00.000Z,ARRIVAL,48,WEATHER,VENDOR,false
TNT_001,DLY_TRP_0040159,TRP_0040159,2026-06-19T09:07:00.000Z,ARRIVAL,28,VEHICLE_ISSUE,GPS,false
TNT_002,DLY_TRP_0040164,TRP_0040164,2026-06-24T14:55:00.000Z,ARRIVAL,50,WEATHER,GPS,false
TNT_001,DLY_TRP_0040171,TRP_0040171,2026-07-01T09:20:00.000Z,ARRIVAL,12,DRIVER_LATE,VENDOR,false
TNT_001,DLY_TRP_0040188,TRP_0040188,2026-07-18T14:36:00.000Z,ARRIVAL,44,VEHICLE_ISSUE,VENDOR,false
TNT_002,DLY_TRP_0040190,TRP_0040190,2026-07-20T06:04:00.000Z,ARRIVAL,28,WEATHER,GPS,false
TNT_003,DLY_TRP_0040191,TRP_0040191,2026-07-21T22:34:00.000Z,ARRIVAL,26,TRAFFIC,GPS,false
TNT_001,DLY_TRP_0040203,TRP_0040203,2026-08-02T14:11:00.000Z,ARRIVAL,11,WEATHER,GPS,false
TNT_002,DLY_TRP_0040223,TRP_0040223,2026-08-22T14:05:00.000Z,ARRIVAL,22,DRIVER_LATE,GPS,false
TNT_002,DLY_TRP_0040227,TRP_0040227,2026-08-26T09:31:00.000Z,ARRIVAL,55,WEATHER,OPS,false
TNT_001,DLY_TRP_0040230,TRP_0040230,2026-08-29T22:26:00.000Z,ARRIVAL,30,DRIVER_LATE,GPS,false
TNT_001,DLY_TRP_0040236,TRP_0040236,2026-06-06T22:19:00.000Z,ARRIVAL,43,DRIVER_LATE,GPS,false
TNT_001,DLY_TRP_0040242,TRP_0040242,2026-06-12T22:57:00.000Z,ARRIVAL,48,VEHICLE_ISSUE,GPS,false
TNT_002,DLY_TRP_0040255,TRP_0040255,2026-06-25T06:38:00.000Z,ARRIVAL,14,WEATHER,OPS,false
TNT_001,DLY_TRP_0040261,TRP_0040261,2026-07-01T06:40:00.000Z,ARRIVAL,36,DRIVER_LATE,VENDOR,false
TNT_002,DLY_TRP_0040268,TRP_0040268,2026-07-08T09:23:00.000Z,ARRIVAL,32,WEATHER,VENDOR,false
TNT_002,DLY_TRP_0040269,TRP_0040269,2026-07-09T10:00:00.000Z,ARRIVAL,30,TRAFFIC,GPS,false
TNT_002,DLY_TRP_0040273,TRP_0040273,2026-07-13T09:47:00.000Z,ARRIVAL,37,DRIVER_LATE,GPS,false
TNT_001,DLY_TRP_0040276,TRP_0040276,2026-07-16T14:38:00.000Z,ARRIVAL,27,DRIVER_LATE,VENDOR,false
TNT_002,DLY_TRP_0040279,TRP_0040279,2026-07-19T07:13:00.000Z,ARRIVAL,53,ROUTE_DEVIATION,OPS,false
TNT_001,DLY_TRP_0040285,TRP_0040285,2026-07-25T06:47:00.000Z,ARRIVAL,52,VEHICLE_ISSUE,GPS,false
TNT_002,DLY_TRP_0040296,TRP_0040296,2026-08-05T22:25:00.000Z,ARRIVAL,32,ROUTE_DEVIATION,VENDOR,true
TNT_002,DLY_TRP_0040309,TRP_0040309,2026-08-18T09:48:00.000Z,ARRIVAL,36,TRAFFIC,GPS,false
TNT_002,DLY_TRP_0040328,TRP_0040328,2026-06-08T23:03:00.000Z,ARRIVAL,34,TRAFFIC,VENDOR,false
TNT_001,DLY_TRP_0040336,TRP_0040336,2026-06-16T06:22:00.000Z,ARRIVAL,24,DRIVER_LATE,GPS,false
TNT_001,DLY_TRP_0040355,TRP_0040355,2026-07-05T06:42:00.000Z,ARRIVAL,26,TRAFFIC,GPS,false
TNT_003,DLY_TRP_0040366,TRP_0040366,2026-07-16T10:14:00.000Z,ARRIVAL,57,DRIVER_LATE,VENDOR,false
TNT_001,DLY_TRP_0040369,TRP_0040369,2026-07-19T22:45:00.000Z,ARRIVAL,31,WEATHER,GPS,false
TNT_002,DLY_TRP_0040370,TRP_0040370,2026-07-20T14:04:00.000Z,ARRIVAL,35,TRAFFIC,VENDOR,false
TNT_001,DLY_TRP_0040374,TRP_0040374,2026-07-24T06:33:00.000Z,ARRIVAL,24,DRIVER_LATE,VENDOR,false
TNT_002,DLY_TRP_0040384,TRP_0040384,2026-08-03T07:15:00.000Z,ARRIVAL,55,ROUTE_DEVIATION,GPS,false
TNT_003,DLY_TRP_0040390,TRP_0040390,2026-08-09T10:18:00.000Z,ARRIVAL,54,TRAFFIC,GPS,false
TNT_001,DLY_TRP_0040393,TRP_0040393,2026-08-12T15:17:00.000Z,ARRIVAL,49,VEHICLE_ISSUE,GPS,false
TNT_002,DLY_TRP_0040402,TRP_0040402,2026-08-21T09:10:00.000Z,ARRIVAL,28,VEHICLE_ISSUE,GPS,false
TNT_003,DLY_TRP_0040404,TRP_0040404,2026-08-23T14:05:00.000Z,ARRIVAL,20,VEHICLE_ISSUE,VENDOR,false
TNT_001,DLY_TRP_0040406,TRP_0040406,2026-08-25T06:17:00.000Z,ARRIVAL,12,TRAFFIC,GPS,false
TNT_002,DLY_TRP_0040422,TRP_0040422,2026-06-12T23:04:00.000Z,ARRIVAL,40,DRIVER_LATE,GPS,false
TNT_001,DLY_TRP_0040429,TRP_0040429,2026-06-19T09:34:00.000Z,ARRIVAL,16,TRAFFIC,GPS,false
TNT_001,DLY_TRP_0040431,TRP_0040431,2026-06-21T14:42:00.000Z,ARRIVAL,45,TRAFFIC,GPS,false
TNT_002,DLY_TRP_0040433,TRP_0040433,2026-06-23T06:44:00.000Z,ARRIVAL,43,TRAFFIC,GPS,false
TNT_001,DLY_TRP_0040436,TRP_0040436,2026-06-26T14:43:00.000Z,ARRIVAL,33,DRIVER_LATE,GPS,false
TNT_001,DLY_TRP_0040438,TRP_0040438,2026-06-28T06:25:00.000Z,ARRIVAL,28,VEHICLE_ISSUE,GPS,false
TNT_001,DLY_TRP_0040447,TRP_0040447,2026-07-07T10:09:00.000Z,ARRIVAL,15,TRAFFIC,GPS,false
TNT_001,DLY_TRP_0040469,TRP_0040469,2026-07-29T14:43:00.000Z,ARRIVAL,25,TRAFFIC,VENDOR,false
TNT_001,DLY_TRP_0040471,TRP_0040471,2026-07-31T15:30:00.000Z,ARRIVAL,45,DRIVER_LATE,GPS,false
TNT_002,DLY_TRP_0040476,TRP_0040476,2026-08-05T09:56:00.000Z,ARRIVAL,32,ROUTE_DEVIATION,GPS,false
TNT_001,DLY_TRP_0040495,TRP_0040495,2026-08-24T10:24:00.000Z,ARRIVAL,53,WEATHER,OPS,false
TNT_002,DLY_TRP_0040501,TRP_0040501,2026-06-01T13:57:00.000Z,ARRIVAL,17,ROUTE_DEVIATION,GPS,false
TNT_001,DLY_TRP_0040520,TRP_0040520,2026-06-20T06:36:00.000Z,ARRIVAL,52,TRAFFIC,GPS,false
TNT_001,DLY_TRP_0040523,TRP_0040523,2026-06-23T14:58:00.000Z,ARRIVAL,58,TRAFFIC,GPS,false
TNT_001,DLY_TRP_0040532,TRP_0040532,2026-07-02T09:34:00.000Z,ARRIVAL,47,ROUTE_DEVIATION,GPS,false
TNT_001,DLY_TRP_0040542,TRP_0040542,2026-07-12T06:58:00.000Z,ARRIVAL,34,TRAFFIC,VENDOR,false
TNT_001,DLY_TRP_0040554,TRP_0040554,2026-07-24T15:10:00.000Z,ARRIVAL,48,DRIVER_LATE,GPS,false
TNT_002,DLY_TRP_0040557,TRP_0040557,2026-07-27T09:36:00.000Z,ARRIVAL,46,VEHICLE_ISSUE,GPS,true
TNT_002,DLY_TRP_0040558,TRP_0040558,2026-07-28T09:22:00.000Z,ARRIVAL,18,VEHICLE_ISSUE,GPS,false
TNT_001,DLY_TRP_0040561,TRP_0040561,2026-07-31T23:06:00.000Z,ARRIVAL,32,ROUTE_DEVIATION,GPS,false
TNT_001,DLY_TRP_0040569,TRP_0040569,2026-08-08T07:03:00.000Z,ARRIVAL,35,ROUTE_DEVIATION,GPS,false
TNT_001,DLY_TRP_0040577,TRP_0040577,2026-08-16T21:57:00.000Z,ARRIVAL,21,ROUTE_DEVIATION,GPS,false
TNT_001,DLY_TRP_0040595,TRP_0040595,2026-06-05T09:42:00.000Z,ARRIVAL,19,TRAFFIC,GPS,false
TNT_001,DLY_TRP_0040597,TRP_0040597,2026-06-07T22:44:00.000Z,ARRIVAL,29,TRAFFIC,GPS,false
TNT_002,DLY_TRP_0040610,TRP_0040610,2026-06-20T09:21:00.000Z,ARRIVAL,41,DRIVER_LATE,GPS,false
TNT_001,DLY_TRP_0040615,TRP_0040615,2026-06-25T09:36:00.000Z,ARRIVAL,28,WEATHER,GPS,false
TNT_001,DLY_TRP_0040632,TRP_0040632,2026-07-12T09:56:00.000Z,ARRIVAL,42,TRAFFIC,GPS,false
TNT_001,DLY_TRP_0040635,TRP_0040635,2026-07-15T10:03:00.000Z,ARRIVAL,34,TRAFFIC,OPS,false
TNT_001,DLY_TRP_0040644,TRP_0040644,2026-07-24T15:01:00.000Z,ARRIVAL,45,DRIVER_LATE,VENDOR,false
TNT_001,DLY_TRP_0040648,TRP_0040648,2026-07-28T09:28:00.000Z,ARRIVAL,49,WEATHER,GPS,false
TNT_001,DLY_TRP_0040652,TRP_0040652,2026-08-01T10:24:00.000Z,ARRIVAL,44,TRAFFIC,OPS,false
TNT_001,DLY_TRP_0040653,TRP_0040653,2026-08-02T09:50:00.000Z,ARRIVAL,17,DRIVER_LATE,GPS,false
TNT_003,DLY_TRP_0040660,TRP_0040660,2026-08-09T09:54:00.000Z,ARRIVAL,45,TRAFFIC,GPS,false
TNT_002,DLY_TRP_0040663,TRP_0040663,2026-08-12T22:16:00.000Z,ARRIVAL,16,WEATHER,OPS,false
TNT_002,DLY_TRP_0040671,TRP_0040671,2026-08-20T14:22:00.000Z,ARRIVAL,17,VEHICLE_ISSUE,GPS,false
TNT_002,DLY_TRP_0040674,TRP_0040674,2026-08-23T14:49:00.000Z,ARRIVAL,23,WEATHER,VENDOR,false
TNT_001,DLY_TRP_0040688,TRP_0040688,2026-06-08T06:16:00.000Z,ARRIVAL,20,DRIVER_LATE,OPS,false
TNT_001,DLY_TRP_0040696,TRP_0040696,2026-06-16T07:01:00.000Z,ARRIVAL,54,VEHICLE_ISSUE,GPS,false
TNT_001,DLY_TRP_0040711,TRP_0040711,2026-07-01T09:42:00.000Z,ARRIVAL,51,DRIVER_LATE,VENDOR,false
TNT_001,DLY_TRP_0040712,TRP_0040712,2026-07-02T06:59:00.000Z,ARRIVAL,53,DRIVER_LATE,GPS,true
TNT_001,DLY_TRP_0040714,TRP_0040714,2026-07-04T09:38:00.000Z,ARRIVAL,56,TRAFFIC,OPS,false
TNT_001,DLY_TRP_0040737,TRP_0040737,2026-07-27T09:52:00.000Z,ARRIVAL,36,ROUTE_DEVIATION,VENDOR,false
TNT_001,DLY_TRP_0040750,TRP_0040750,2026-08-09T14:22:00.000Z,ARRIVAL,31,DRIVER_LATE,GPS,false
TNT_001,DLY_TRP_0040757,TRP_0040757,2026-08-16T15:00:00.000Z,ARRIVAL,12,ROUTE_DEVIATION,OPS,false
TNT_002,DLY_TRP_0040758,TRP_0040758,2026-08-17T09:26:00.000Z,ARRIVAL,21,ROUTE_DEVIATION,VENDOR,false
TNT_002,DLY_TRP_0040760,TRP_0040760,2026-08-19T14:26:00.000Z,ARRIVAL,35,TRAFFIC,OPS,false
TNT_001,DLY_TRP_0040764,TRP_0040764,2026-08-23T22:41:00.000Z,ARRIVAL,47,DRIVER_LATE,VENDOR,false
TNT_002,DLY_TRP_0040778,TRP_0040778,2026-06-08T14:37:00.000Z,ARRIVAL,46,WEATHER,GPS,false
TNT_002,DLY_TRP_0040793,TRP_0040793,2026-06-23T06:20:00.000Z,ARRIVAL,20,WEATHER,GPS,false
TNT_001,DLY_TRP_0040797,TRP_0040797,2026-06-27T22:40:00.000Z,ARRIVAL,49,ROUTE_DEVIATION,GPS,false
TNT_003,DLY_TRP_0040803,TRP_0040803,2026-07-03T23:11:00.000Z,ARRIVAL,38,ROUTE_DEVIATION,GPS,false
TNT_001,DLY_TRP_0040805,TRP_0040805,2026-07-05T15:08:00.000Z,ARRIVAL,37,TRAFFIC,OPS,false
TNT_001,DLY_TRP_0040822,TRP_0040822,2026-07-22T09:58:00.000Z,ARRIVAL,37,ROUTE_DEVIATION,GPS,false
TNT_001,DLY_TRP_0040836,TRP_0040836,2026-08-05T09:21:00.000Z,ARRIVAL,26,TRAFFIC,VENDOR,false
TNT_001,DLY_TRP_0040839,TRP_0040839,2026-08-08T06:05:00.000Z,ARRIVAL,15,DRIVER_LATE,GPS,false
TNT_001,DLY_TRP_0040843,TRP_0040843,2026-08-12T10:15:00.000Z,ARRIVAL,55,TRAFFIC,GPS,false
TNT_001,DLY_TRP_0040848,TRP_0040848,2026-08-17T14:02:00.000Z,ARRIVAL,24,WEATHER,GPS,false
TNT_002,DLY_TRP_0040853,TRP_0040853,2026-08-22T05:41:00.000Z,ARRIVAL,14,ROUTE_DEVIATION,OPS,false
TNT_001,DLY_TRP_0040855,TRP_0040855,2026-08-24T22:53:00.000Z,ARRIVAL,39,DRIVER_LATE,GPS,false
TNT_001,DLY_TRP_0040867,TRP_0040867,2026-06-07T22:57:00.000Z,ARRIVAL,17,WEATHER,GPS,false
TNT_002,DLY_TRP_0040873,TRP_0040873,2026-06-13T09:34:00.000Z,ARRIVAL,46,VEHICLE_ISSUE,GPS,false
TNT_001,DLY_TRP_0040888,TRP_0040888,2026-06-28T06:35:00.000Z,ARRIVAL,49,WEATHER,VENDOR,false
TNT_001,DLY_TRP_0040890,TRP_0040890,2026-06-30T06:23:00.000Z,ARRIVAL,12,TRAFFIC,OPS,false
TNT_001,DLY_TRP_0040893,TRP_0040893,2026-07-03T14:53:00.000Z,ARRIVAL,30,DRIVER_LATE,GPS,false
TNT_001,DLY_TRP_0040896,TRP_0040896,2026-07-06T14:14:00.000Z,ARRIVAL,36,TRAFFIC,VENDOR,false
TNT_001,DLY_TRP_0040905,TRP_0040905,2026-07-15T14:50:00.000Z,ARRIVAL,22,DRIVER_LATE,VENDOR,false
TNT_001,DLY_TRP_0040912,TRP_0040912,2026-07-22T09:30:00.000Z,ARRIVAL,28,TRAFFIC,GPS,false
TNT_002,DLY_TRP_0040918,TRP_0040918,2026-07-28T09:20:00.000Z,ARRIVAL,47,TRAFFIC,OPS,false
TNT_001,DLY_TRP_0040942,TRP_0040942,2026-08-21T22:39:00.000Z,ARRIVAL,24,DRIVER_LATE,GPS,false
TNT_001,DLY_TRP_0040948,TRP_0040948,2026-08-27T22:51:00.000Z,ARRIVAL,39,TRAFFIC,GPS,false
TNT_001,DLY_TRP_0040949,TRP_0040949,2026-08-28T23:14:00.000Z,ARRIVAL,55,ROUTE_DEVIATION,GPS,false
TNT_001,DLY_TRP_0040956,TRP_0040956,2026-06-06T06:08:00.000Z,ARRIVAL,16,TRAFFIC,GPS,true
TNT_003,DLY_TRP_0040957,TRP_0040957,2026-06-07T10:03:00.000Z,ARRIVAL,30,WEATHER,VENDOR,false
TNT_001,DLY_TRP_0040959,TRP_0040959,2026-06-09T06:41:00.000Z,ARRIVAL,26,VEHICLE_ISSUE,GPS,false
TNT_001,DLY_TRP_0040971,TRP_0040971,2026-06-21T23:29:00.000Z,ARRIVAL,57,TRAFFIC,GPS,false
TNT_002,DLY_TRP_0040985,TRP_0040985,2026-07-05T06:46:00.000Z,ARRIVAL,52,VEHICLE_ISSUE,OPS,false
TNT_001,DLY_TRP_0040987,TRP_0040987,2026-07-07T09:26:00.000Z,ARRIVAL,19,TRAFFIC,GPS,false
TNT_002,DLY_TRP_0040990,TRP_0040990,2026-07-10T22:04:00.000Z,ARRIVAL,19,TRAFFIC,VENDOR,false
TNT_001,DLY_TRP_0040993,TRP_0040993,2026-07-13T09:50:00.000Z,ARRIVAL,57,WEATHER,VENDOR,false
TNT_001,DLY_TRP_0040997,TRP_0040997,2026-07-17T06:28:00.000Z,ARRIVAL,41,TRAFFIC,GPS,false
TNT_003,DLY_TRP_0040999,TRP_0040999,2026-07-19T23:25:00.000Z,ARRIVAL,31,WEATHER,OPS,false
TNT_003,DLY_TRP_0041001,TRP_0041001,2026-07-21T10:07:00.000Z,ARRIVAL,52,TRAFFIC,GPS,false
TNT_001,DLY_TRP_0041006,TRP_0041006,2026-07-26T06:03:00.000Z,ARRIVAL,12,TRAFFIC,VENDOR,false
TNT_002,DLY_TRP_0041009,TRP_0041009,2026-07-29T06:09:00.000Z,ARRIVAL,48,WEATHER,GPS,false
TNT_003,DLY_TRP_0041010,TRP_0041010,2026-07-30T07:24:00.000Z,ARRIVAL,46,TRAFFIC,VENDOR,false
TNT_001,DLY_TRP_0041024,TRP_0041024,2026-08-13T22:21:00.000Z,ARRIVAL,26,TRAFFIC,GPS,false
TNT_003,DLY_TRP_0041028,TRP_0041028,2026-08-17T14:22:00.000Z,ARRIVAL,26,WEATHER,OPS,false
TNT_001,DLY_TRP_0041037,TRP_0041037,2026-08-26T14:39:00.000Z,ARRIVAL,29,TRAFFIC,GPS,false
TNT_001,DLY_TRP_0041040,TRP_0041040,2026-08-29T09:58:00.000Z,ARRIVAL,42,ROUTE_DEVIATION,GPS,false
TNT_001,DLY_TRP_0041057,TRP_0041057,2026-06-17T14:23:00.000Z,ARRIVAL,29,TRAFFIC,GPS,false
TNT_002,DLY_TRP_0041059,TRP_0041059,2026-06-19T06:32:00.000Z,ARRIVAL,40,TRAFFIC,OPS,false
TNT_001,DLY_TRP_0041064,TRP_0041064,2026-06-24T09:51:00.000Z,ARRIVAL,33,TRAFFIC,VENDOR,false
TNT_001,DLY_TRP_0041073,TRP_0041073,2026-07-03T07:22:00.000Z,ARRIVAL,57,WEATHER,VENDOR,false
TNT_001,DLY_TRP_0041076,TRP_0041076,2026-07-06T09:38:00.000Z,ARRIVAL,18,TRAFFIC,GPS,false
TNT_002,DLY_TRP_0041079,TRP_0041079,2026-07-09T09:33:00.000Z,ARRIVAL,26,WEATHER,GPS,false
TNT_003,DLY_TRP_0041088,TRP_0041088,2026-07-18T14:43:00.000Z,ARRIVAL,37,TRAFFIC,GPS,false
TNT_001,DLY_TRP_0041101,TRP_0041101,2026-07-31T22:14:00.000Z,ARRIVAL,16,TRAFFIC,VENDOR,false
TNT_002,DLY_TRP_0041111,TRP_0041111,2026-08-10T10:38:00.000Z,ARRIVAL,27,ROUTE_DEVIATION,OPS,false
TNT_003,DLY_TRP_0041114,TRP_0041114,2026-08-13T15:12:00.000Z,ARRIVAL,26,DRIVER_LATE,GPS,false
TNT_003,DLY_TRP_0041118,TRP_0041118,2026-08-17T09:15:00.000Z,ARRIVAL,22,TRAFFIC,GPS,false
TNT_001,DLY_TRP_0041119,TRP_0041119,2026-08-18T16:26:00.000Z,ARRIVAL,56,TRAFFIC,VENDOR,false
TNT_003,DLY_TRP_0041127,TRP_0041127,2026-08-26T09:49:00.000Z,ARRIVAL,19,DRIVER_LATE,GPS,true
TNT_001,DLY_TRP_0041130,TRP_0041130,2026-08-30T00:20:00.000Z,ARRIVAL,57,DRIVER_LATE,GPS,false
TNT_001,DLY_TRP_0041132,TRP_0041132,2026-06-02T15:14:00.000Z,ARRIVAL,52,ROUTE_DEVIATION,GPS,false
TNT_001,DLY_TRP_0041135,TRP_0041135,2026-06-05T09:23:00.000Z,ARRIVAL,39,TRAFFIC,VENDOR,false
TNT_001,DLY_TRP_0041144,TRP_0041144,2026-06-14T22:42:00.000Z,ARRIVAL,58,DRIVER_LATE,OPS,false
TNT_001,DLY_TRP_0041163,TRP_0041163,2026-07-03T14:37:00.000Z,ARRIVAL,55,TRAFFIC,GPS,false
TNT_002,DLY_TRP_0041164,TRP_0041164,2026-07-04T22:27:00.000Z,ARRIVAL,36,ROUTE_DEVIATION,GPS,false
TNT_001,DLY_TRP_0041184,TRP_0041184,2026-07-24T06:00:00.000Z,ARRIVAL,28,TRAFFIC,GPS,false
TNT_001,DLY_TRP_0041202,TRP_0041202,2026-08-11T09:21:00.000Z,ARRIVAL,36,WEATHER,VENDOR,false
TNT_001,DLY_TRP_0041214,TRP_0041214,2026-08-23T08:51:00.000Z,ARRIVAL,12,TRAFFIC,GPS,false
TNT_001,DLY_TRP_0041216,TRP_0041216,2026-08-25T22:34:00.000Z,ARRIVAL,56,TRAFFIC,GPS,false
TNT_003,DLY_TRP_0041220,TRP_0041220,2026-08-29T06:25:00.000Z,ARRIVAL,14,WEATHER,GPS,false
TNT_002,DLY_TRP_0041234,TRP_0041234,2026-06-14T06:03:00.000Z,ARRIVAL,28,ROUTE_DEVIATION,GPS,false
TNT_001,DLY_TRP_0041236,TRP_0041236,2026-06-16T14:48:00.000Z,ARRIVAL,18,ROUTE_DEVIATION,GPS,false
TNT_001,DLY_TRP_0041239,TRP_0041239,2026-06-19T07:04:00.000Z,ARRIVAL,37,ROUTE_DEVIATION,GPS,false
TNT_001,DLY_TRP_0041257,TRP_0041257,2026-07-07T15:05:00.000Z,ARRIVAL,57,VEHICLE_ISSUE,GPS,false
TNT_001,DLY_TRP_0041283,TRP_0041283,2026-08-02T06:00:00.000Z,ARRIVAL,26,TRAFFIC,GPS,false
TNT_001,DLY_TRP_0041291,TRP_0041291,2026-08-10T14:04:00.000Z,ARRIVAL,14,ROUTE_DEVIATION,GPS,false
TNT_001,DLY_TRP_0041292,TRP_0041292,2026-08-11T09:38:00.000Z,ARRIVAL,57,WEATHER,GPS,false
TNT_002,DLY_TRP_0041293,TRP_0041293,2026-08-12T21:50:00.000Z,ARRIVAL,25,VEHICLE_ISSUE,VENDOR,false
TNT_001,DLY_TRP_0041294,TRP_0041294,2026-08-13T09:24:00.000Z,ARRIVAL,13,TRAFFIC,VENDOR,false
TNT_001,DLY_TRP_0041298,TRP_0041298,2026-08-17T09:49:00.000Z,ARRIVAL,58,WEATHER,GPS,false
TNT_001,DLY_TRP_0041299,TRP_0041299,2026-08-18T05:49:00.000Z,ARRIVAL,13,WEATHER,VENDOR,false
TNT_001,DLY_TRP_0041310,TRP_0041310,2026-08-29T23:06:00.000Z,ARRIVAL,22,ROUTE_DEVIATION,GPS,false
TNT_003,DLY_TRP_0041319,TRP_0041319,2026-06-09T14:32:00.000Z,ARRIVAL,32,TRAFFIC,GPS,false
TNT_003,DLY_TRP_0041327,TRP_0041327,2026-06-17T14:38:00.000Z,ARRIVAL,39,TRAFFIC,GPS,false
TNT_001,DLY_TRP_0041336,TRP_0041336,2026-06-26T22:42:00.000Z,ARRIVAL,48,TRAFFIC,GPS,false
TNT_001,DLY_TRP_0041338,TRP_0041338,2026-06-28T09:41:00.000Z,ARRIVAL,48,TRAFFIC,VENDOR,false
TNT_001,DLY_TRP_0041350,TRP_0041350,2026-07-10T10:25:00.000Z,ARRIVAL,53,TRAFFIC,GPS,false
TNT_001,DLY_TRP_0041369,TRP_0041369,2026-07-29T06:54:00.000Z,ARRIVAL,48,DRIVER_LATE,GPS,false
TNT_002,DLY_TRP_0041375,TRP_0041375,2026-08-04T07:13:00.000Z,ARRIVAL,53,ROUTE_DEVIATION,GPS,false
TNT_001,DLY_TRP_0041376,TRP_0041376,2026-08-05T09:42:00.000Z,ARRIVAL,33,WEATHER,GPS,true
TNT_003,DLY_TRP_0041378,TRP_0041378,2026-08-07T09:28:00.000Z,ARRIVAL,12,ROUTE_DEVIATION,GPS,false
TNT_001,DLY_TRP_0041389,TRP_0041389,2026-08-18T09:24:00.000Z,ARRIVAL,25,TRAFFIC,GPS,false
TNT_002,DLY_TRP_0041406,TRP_0041406,2026-06-06T23:05:00.000Z,ARRIVAL,49,WEATHER,GPS,false
TNT_001,DLY_TRP_0041408,TRP_0041408,2026-06-08T06:37:00.000Z,ARRIVAL,33,ROUTE_DEVIATION,GPS,false
TNT_002,DLY_TRP_0041455,TRP_0041455,2026-07-25T14:23:00.000Z,ARRIVAL,24,DRIVER_LATE,VENDOR,false
TNT_001,DLY_TRP_0041462,TRP_0041462,2026-08-01T22:51:00.000Z,ARRIVAL,51,TRAFFIC,VENDOR,false
TNT_003,DLY_TRP_0041472,TRP_0041472,2026-08-11T22:49:00.000Z,ARRIVAL,50,TRAFFIC,GPS,false
TNT_001,DLY_TRP_0041480,TRP_0041480,2026-08-19T09:56:00.000Z,ARRIVAL,37,TRAFFIC,GPS,false
TNT_001,DLY_TRP_0041484,TRP_0041484,2026-08-23T08:59:00.000Z,ARRIVAL,32,TRAFFIC,GPS,false
TNT_001,DLY_TRP_0041504,TRP_0041504,2026-06-14T15:16:00.000Z,ARRIVAL,48,WEATHER,VENDOR,false
TNT_003,DLY_TRP_0041510,TRP_0041510,2026-06-20T09:43:00.000Z,ARRIVAL,31,DRIVER_LATE,OPS,false
TNT_003,DLY_TRP_0041514,TRP_0041514,2026-06-24T06:57:00.000Z,ARRIVAL,32,TRAFFIC,OPS,false
TNT_001,DLY_TRP_0041522,TRP_0041522,2026-07-02T09:50:00.000Z,ARRIVAL,29,TRAFFIC,GPS,false
TNT_001,DLY_TRP_0041537,TRP_0041537,2026-07-17T09:20:00.000Z,ARRIVAL,22,DRIVER_LATE,VENDOR,false
TNT_001,DLY_TRP_0041561,TRP_0041561,2026-08-10T14:40:00.000Z,ARRIVAL,14,TRAFFIC,GPS,false
TNT_001,DLY_TRP_0041562,TRP_0041562,2026-08-11T09:16:00.000Z,ARRIVAL,36,TRAFFIC,GPS,false
TNT_001,DLY_TRP_0041564,TRP_0041564,2026-08-13T09:42:00.000Z,ARRIVAL,13,WEATHER,GPS,false
TNT_003,DLY_TRP_0041574,TRP_0041574,2026-08-23T07:33:00.000Z,ARRIVAL,37,TRAFFIC,GPS,false
TNT_001,DLY_TRP_0041575,TRP_0041575,2026-08-24T06:38:00.000Z,ARRIVAL,34,VEHICLE_ISSUE,VENDOR,false
TNT_002,DLY_TRP_0041579,TRP_0041579,2026-08-28T09:34:00.000Z,ARRIVAL,48,DRIVER_LATE,GPS,false
TNT_002,DLY_TRP_0041583,TRP_0041583,2026-06-03T14:12:00.000Z,ARRIVAL,35,DRIVER_LATE,GPS,false
TNT_001,DLY_TRP_0041588,TRP_0041588,2026-06-08T14:33:00.000Z,ARRIVAL,29,TRAFFIC,OPS,false
TNT_002,DLY_TRP_0041595,TRP_0041595,2026-06-15T14:43:00.000Z,ARRIVAL,53,TRAFFIC,VENDOR,false
TNT_001,DLY_TRP_0041612,TRP_0041612,2026-07-02T09:55:00.000Z,ARRIVAL,52,ROUTE_DEVIATION,VENDOR,false
TNT_001,DLY_TRP_0041616,TRP_0041616,2026-07-06T06:18:00.000Z,ARRIVAL,33,ROUTE_DEVIATION,OPS,false
TNT_001,DLY_TRP_0041628,TRP_0041628,2026-07-18T09:56:00.000Z,ARRIVAL,32,TRAFFIC,GPS,false
TNT_001,DLY_TRP_0041630,TRP_0041630,2026-07-20T07:35:00.000Z,ARRIVAL,17,WEATHER,GPS,false
TNT_001,DLY_TRP_0041635,TRP_0041635,2026-07-25T22:51:00.000Z,ARRIVAL,16,WEATHER,GPS,false
TNT_002,DLY_TRP_0041653,TRP_0041653,2026-08-12T14:26:00.000Z,ARRIVAL,47,VEHICLE_ISSUE,VENDOR,false
TNT_001,DLY_TRP_0041657,TRP_0041657,2026-08-16T06:46:00.000Z,ARRIVAL,47,DRIVER_LATE,GPS,false
TNT_001,DLY_TRP_0041668,TRP_0041668,2026-08-27T23:13:00.000Z,ARRIVAL,53,ROUTE_DEVIATION,GPS,false
TNT_003,DLY_TRP_0041671,TRP_0041671,2026-06-01T22:52:00.000Z,ARRIVAL,33,ROUTE_DEVIATION,GPS,false
TNT_003,DLY_TRP_0041680,TRP_0041680,2026-06-10T22:30:00.000Z,ARRIVAL,15,ROUTE_DEVIATION,GPS,false
TNT_001,DLY_TRP_0041681,TRP_0041681,2026-06-11T09:24:00.000Z,ARRIVAL,48,ROUTE_DEVIATION,OPS,false
TNT_002,DLY_TRP_0041690,TRP_0041690,2026-06-20T09:00:00.000Z,ARRIVAL,14,ROUTE_DEVIATION,GPS,false
TNT_001,DLY_TRP_0041694,TRP_0041694,2026-06-24T07:10:00.000Z,ARRIVAL,48,WEATHER,GPS,false
TNT_001,DLY_TRP_0041698,TRP_0041698,2026-06-28T06:27:00.000Z,ARRIVAL,20,ROUTE_DEVIATION,GPS,false
TNT_001,DLY_TRP_0041712,TRP_0041712,2026-07-12T14:40:00.000Z,ARRIVAL,37,WEATHER,VENDOR,false
TNT_001,DLY_TRP_0041716,TRP_0041716,2026-07-16T06:55:00.000Z,ARRIVAL,55,TRAFFIC,GPS,false
TNT_001,DLY_TRP_0041718,TRP_0041718,2026-07-18T22:32:00.000Z,ARRIVAL,58,DRIVER_LATE,GPS,false
TNT_002,DLY_TRP_0041719,TRP_0041719,2026-07-19T09:23:00.000Z,ARRIVAL,38,WEATHER,GPS,false
TNT_001,DLY_TRP_0041722,TRP_0041722,2026-07-22T06:22:00.000Z,ARRIVAL,48,DRIVER_LATE,GPS,false
TNT_003,DLY_TRP_0041733,TRP_0041733,2026-08-02T22:45:00.000Z,ARRIVAL,28,DRIVER_LATE,OPS,false
TNT_002,DLY_TRP_0041743,TRP_0041743,2026-08-12T09:38:00.000Z,ARRIVAL,42,VEHICLE_ISSUE,OPS,false
TNT_001,DLY_TRP_0041748,TRP_0041748,2026-08-17T22:39:00.000Z,ARRIVAL,36,ROUTE_DEVIATION,GPS,false
TNT_001,DLY_TRP_0041754,TRP_0041754,2026-08-23T23:18:00.000Z,ARRIVAL,58,TRAFFIC,OPS,false
TNT_001,DLY_TRP_0041765,TRP_0041765,2026-06-05T22:41:00.000Z,ARRIVAL,56,DRIVER_LATE,GPS,false
TNT_002,DLY_TRP_0041769,TRP_0041769,2026-06-09T14:52:00.000Z,ARRIVAL,56,WEATHER,GPS,false
TNT_001,DLY_TRP_0041776,TRP_0041776,2026-06-16T09:50:00.000Z,ARRIVAL,58,TRAFFIC,GPS,false
TNT_001,DLY_TRP_0041784,TRP_0041784,2026-06-24T07:26:00.000Z,ARRIVAL,56,TRAFFIC,VENDOR,false
TNT_003,DLY_TRP_0041810,TRP_0041810,2026-07-20T22:40:00.000Z,ARRIVAL,33,DRIVER_LATE,VENDOR,false
TNT_001,DLY_TRP_0041818,TRP_0041818,2026-07-28T23:03:00.000Z,ARRIVAL,53,TRAFFIC,VENDOR,false
TNT_001,DLY_TRP_0041824,TRP_0041824,2026-08-03T14:24:00.000Z,ARRIVAL,57,TRAFFIC,GPS,false
TNT_001,DLY_TRP_0041834,TRP_0041834,2026-08-13T22:32:00.000Z,ARRIVAL,28,WEATHER,GPS,false
TNT_001,DLY_TRP_0041837,TRP_0041837,2026-08-16T09:54:00.000Z,ARRIVAL,39,TRAFFIC,VENDOR,false
TNT_003,DLY_TRP_0041842,TRP_0041842,2026-08-21T06:46:00.000Z,ARRIVAL,23,WEATHER,GPS,false
TNT_001,DLY_TRP_0041850,TRP_0041850,2026-08-29T09:25:00.000Z,ARRIVAL,52,VEHICLE_ISSUE,GPS,false
TNT_001,DLY_TRP_0041855,TRP_0041855,2026-06-05T06:42:00.000Z,ARRIVAL,37,TRAFFIC,GPS,false
TNT_002,DLY_TRP_0041862,TRP_0041862,2026-06-12T14:12:00.000Z,ARRIVAL,13,TRAFFIC,VENDOR,false
TNT_001,DLY_TRP_0041863,TRP_0041863,2026-06-13T22:29:00.000Z,ARRIVAL,33,VEHICLE_ISSUE,GPS,false
TNT_002,DLY_TRP_0041875,TRP_0041875,2026-06-25T06:59:00.000Z,ARRIVAL,43,DRIVER_LATE,GPS,false
TNT_001,DLY_TRP_0041876,TRP_0041876,2026-06-26T22:53:00.000Z,ARRIVAL,38,TRAFFIC,VENDOR,false
TNT_001,DLY_TRP_0041890,TRP_0041890,2026-07-10T09:35:00.000Z,ARRIVAL,43,TRAFFIC,OPS,false
TNT_001,DLY_TRP_0041893,TRP_0041893,2026-07-13T09:58:00.000Z,ARRIVAL,50,WEATHER,GPS,false
TNT_001,DLY_TRP_0041895,TRP_0041895,2026-07-15T22:23:00.000Z,ARRIVAL,26,TRAFFIC,GPS,false
TNT_001,DLY_TRP_0041899,TRP_0041899,2026-07-19T06:14:00.000Z,ARRIVAL,13,ROUTE_DEVIATION,GPS,false
TNT_001,DLY_TRP_0041910,TRP_0041910,2026-07-30T22:18:00.000Z,ARRIVAL,29,VEHICLE_ISSUE,VENDOR,false
TNT_001,DLY_TRP_0041928,TRP_0041928,2026-08-17T22:27:00.000Z,ARRIVAL,19,ROUTE_DEVIATION,VENDOR,false
TNT_001,DLY_TRP_0041929,TRP_0041929,2026-08-18T10:04:00.000Z,ARRIVAL,29,TRAFFIC,VENDOR,false
TNT_002,DLY_TRP_0041930,TRP_0041930,2026-08-19T23:08:00.000Z,ARRIVAL,57,TRAFFIC,OPS,false
TNT_001,DLY_TRP_0041935,TRP_0041935,2026-08-24T09:51:00.000Z,ARRIVAL,49,TRAFFIC,GPS,false
TNT_001,DLY_TRP_0041950,TRP_0041950,2026-06-10T06:43:00.000Z,ARRIVAL,46,VEHICLE_ISSUE,GPS,false
TNT_001,DLY_TRP_0041958,TRP_0041958,2026-06-18T09:50:00.000Z,ARRIVAL,57,TRAFFIC,GPS,false
TNT_003,DLY_TRP_0041965,TRP_0041965,2026-06-25T06:08:00.000Z,ARRIVAL,20,WEATHER,GPS,false
TNT_001,DLY_TRP_0041969,TRP_0041969,2026-06-29T15:11:00.000Z,ARRIVAL,36,ROUTE_DEVIATION,GPS,false
TNT_001,DLY_TRP_0041978,TRP_0041978,2026-07-08T06:10:00.000Z,ARRIVAL,30,TRAFFIC,OPS,false
TNT_001,DLY_TRP_0041982,TRP_0041982,2026-07-12T09:48:00.000Z,ARRIVAL,37,VEHICLE_ISSUE,GPS,false
TNT_003,DLY_TRP_0041984,TRP_0041984,2026-07-14T22:57:00.000Z,ARRIVAL,40,DRIVER_LATE,GPS,false
TNT_001,DLY_TRP_0041992,TRP_0041992,2026-07-22T13:56:00.000Z,ARRIVAL,26,WEATHER,GPS,false
TNT_001,DLY_TRP_0041994,TRP_0041994,2026-07-24T09:55:00.000Z,ARRIVAL,31,TRAFFIC,GPS,false
TNT_001,DLY_TRP_0041996,TRP_0041996,2026-07-26T08:43:00.000Z,ARRIVAL,17,TRAFFIC,GPS,false
TNT_001,DLY_TRP_0041999,TRP_0041999,2026-07-29T06:59:00.000Z,ARRIVAL,53,ROUTE_DEVIATION,GPS,false
TNT_001,DLY_TRP_0042002,TRP_0042002,2026-08-01T09:29:00.000Z,ARRIVAL,43,WEATHER,GPS,false
TNT_001,DLY_TRP_0042018,TRP_0042018,2026-08-17T06:43:00.000Z,ARRIVAL,22,WEATHER,GPS,false
TNT_001,DLY_TRP_0042024,TRP_0042024,2026-08-23T22:38:00.000Z,ARRIVAL,33,TRAFFIC,VENDOR,false
TNT_001,DLY_TRP_0042025,TRP_0042025,2026-08-24T10:02:00.000Z,ARRIVAL,45,TRAFFIC,GPS,false
TNT_001,DLY_TRP_0042035,TRP_0042035,2026-06-05T10:09:00.000Z,ARRIVAL,43,WEATHER,VENDOR,false
TNT_003,DLY_TRP_0042042,TRP_0042042,2026-06-12T10:08:00.000Z,ARRIVAL,51,TRAFFIC,GPS,false
TNT_001,DLY_TRP_0042050,TRP_0042050,2026-06-20T10:09:00.000Z,ARRIVAL,55,TRAFFIC,GPS,false
TNT_003,DLY_TRP_0042051,TRP_0042051,2026-06-21T23:04:00.000Z,ARRIVAL,39,DRIVER_LATE,VENDOR,false
TNT_001,DLY_TRP_0042059,TRP_0042059,2026-06-29T07:09:00.000Z,ARRIVAL,26,WEATHER,GPS,false
TNT_002,DLY_TRP_0042061,TRP_0042061,2026-07-01T22:30:00.000Z,ARRIVAL,56,ROUTE_DEVIATION,VENDOR,false
TNT_001,DLY_TRP_0042063,TRP_0042063,2026-07-03T06:26:00.000Z,ARRIVAL,15,DRIVER_LATE,GPS,false
TNT_001,DLY_TRP_0042079,TRP_0042079,2026-07-19T06:30:00.000Z,ARRIVAL,36,ROUTE_DEVIATION,VENDOR,false
TNT_001,DLY_TRP_0042083,TRP_0042083,2026-07-23T07:13:00.000Z,ARRIVAL,26,WEATHER,GPS,false
TNT_001,DLY_TRP_0042098,TRP_0042098,2026-08-07T22:54:00.000Z,ARRIVAL,54,DRIVER_LATE,GPS,true
TNT_001,DLY_TRP_0042101,TRP_0042101,2026-08-10T06:09:00.000Z,ARRIVAL,34,TRAFFIC,VENDOR,false
TNT_002,DLY_TRP_0042108,TRP_0042108,2026-08-17T22:24:00.000Z,ARRIVAL,40,ROUTE_DEVIATION,GPS,false
TNT_001,DLY_TRP_0042117,TRP_0042117,2026-08-26T23:09:00.000Z,ARRIVAL,54,TRAFFIC,OPS,false
TNT_002,DLY_TRP_0042119,TRP_0042119,2026-08-28T23:54:00.000Z,ARRIVAL,56,TRAFFIC,GPS,false
TNT_001,DLY_TRP_0042120,TRP_0042120,2026-08-29T22:54:00.000Z,ARRIVAL,51,DRIVER_LATE,OPS,false
TNT_002,DLY_TRP_0042122,TRP_0042122,2026-06-02T06:40:00.000Z,ARRIVAL,44,WEATHER,GPS,false
TNT_002,DLY_TRP_0042132,TRP_0042132,2026-06-12T10:02:00.000Z,ARRIVAL,56,ROUTE_DEVIATION,GPS,false
TNT_002,DLY_TRP_0042159,TRP_0042159,2026-07-09T09:09:00.000Z,ARRIVAL,12,WEATHER,GPS,false
TNT_001,DLY_TRP_0042173,TRP_0042173,2026-07-23T09:56:00.000Z,ARRIVAL,16,WEATHER,GPS,false
TNT_001,DLY_TRP_0042207,TRP_0042207,2026-08-26T23:01:00.000Z,ARRIVAL,37,DRIVER_LATE,GPS,false
TNT_001,DLY_TRP_0042210,TRP_0042210,2026-08-29T09:57:00.000Z,ARRIVAL,45,TRAFFIC,GPS,false
TNT_001,DLY_TRP_0042222,TRP_0042222,2026-06-12T23:02:00.000Z,ARRIVAL,55,TRAFFIC,VENDOR,false
TNT_001,DLY_TRP_0042229,TRP_0042229,2026-06-19T14:31:00.000Z,ARRIVAL,51,DRIVER_LATE,GPS,false
TNT_001,DLY_TRP_0042235,TRP_0042235,2026-06-25T06:37:00.000Z,ARRIVAL,46,VEHICLE_ISSUE,GPS,false
TNT_001,DLY_TRP_0042245,TRP_0042245,2026-07-05T22:39:00.000Z,ARRIVAL,44,WEATHER,OPS,false
TNT_001,DLY_TRP_0042248,TRP_0042248,2026-07-08T22:37:00.000Z,ARRIVAL,47,ROUTE_DEVIATION,GPS,false
TNT_002,DLY_TRP_0042251,TRP_0042251,2026-07-11T14:22:00.000Z,ARRIVAL,17,WEATHER,OPS,false
TNT_001,DLY_TRP_0042252,TRP_0042252,2026-07-12T14:37:00.000Z,ARRIVAL,41,WEATHER,OPS,false
TNT_001,DLY_TRP_0042253,TRP_0042253,2026-07-13T10:03:00.000Z,ARRIVAL,29,WEATHER,GPS,false
TNT_001,DLY_TRP_0042255,TRP_0042255,2026-07-15T22:39:00.000Z,ARRIVAL,44,TRAFFIC,GPS,false
TNT_001,DLY_TRP_0042263,TRP_0042263,2026-07-23T09:38:00.000Z,ARRIVAL,21,ROUTE_DEVIATION,GPS,false
TNT_002,DLY_TRP_0042270,TRP_0042270,2026-07-30T09:30:00.000Z,ARRIVAL,33,VEHICLE_ISSUE,GPS,false
TNT_001,DLY_TRP_0042278,TRP_0042278,2026-08-07T09:47:00.000Z,ARRIVAL,22,TRAFFIC,GPS,false
TNT_001,DLY_TRP_0042293,TRP_0042293,2026-08-22T14:31:00.000Z,ARRIVAL,35,WEATHER,VENDOR,false
TNT_002,DLY_TRP_0042297,TRP_0042297,2026-08-26T06:03:00.000Z,ARRIVAL,19,TRAFFIC,VENDOR,true
TNT_001,DLY_TRP_0042300,TRP_0042300,2026-08-29T09:34:00.000Z,ARRIVAL,22,WEATHER,GPS,false
TNT_001,DLY_TRP_0042309,TRP_0042309,2026-06-09T06:51:00.000Z,ARRIVAL,24,VEHICLE_ISSUE,GPS,false
TNT_001,DLY_TRP_0042310,TRP_0042310,2026-06-10T09:10:00.000Z,ARRIVAL,22,DRIVER_LATE,GPS,false
TNT_001,DLY_TRP_0042317,TRP_0042317,2026-06-17T22:00:00.000Z,ARRIVAL,21,TRAFFIC,GPS,false
TNT_001,DLY_TRP_0042322,TRP_0042322,2026-06-22T06:38:00.000Z,ARRIVAL,46,WEATHER,GPS,false
TNT_002,DLY_TRP_0042335,TRP_0042335,2026-07-05T07:07:00.000Z,ARRIVAL,19,DRIVER_LATE,GPS,false
TNT_001,DLY_TRP_0042350,TRP_0042350,2026-07-20T09:45:00.000Z,ARRIVAL,28,DRIVER_LATE,GPS,false
TNT_001,DLY_TRP_0042352,TRP_0042352,2026-07-22T09:32:00.000Z,ARRIVAL,12,TRAFFIC,GPS,false
TNT_001,DLY_TRP_0042365,TRP_0042365,2026-08-04T14:43:00.000Z,ARRIVAL,33,TRAFFIC,GPS,false
TNT_001,DLY_TRP_0042373,TRP_0042373,2026-08-12T22:31:00.000Z,ARRIVAL,31,ROUTE_DEVIATION,OPS,false
TNT_001,DLY_TRP_0042378,TRP_0042378,2026-08-17T06:18:00.000Z,ARRIVAL,14,TRAFFIC,VENDOR,false
TNT_001,DLY_TRP_0042393,TRP_0042393,2026-06-03T06:30:00.000Z,ARRIVAL,12,VEHICLE_ISSUE,GPS,false
TNT_001,DLY_TRP_0042400,TRP_0042400,2026-06-10T14:18:00.000Z,ARRIVAL,49,DRIVER_LATE,GPS,false
TNT_001,DLY_TRP_0042401,TRP_0042401,2026-06-11T22:40:00.000Z,ARRIVAL,15,TRAFFIC,VENDOR,false
TNT_001,DLY_TRP_0042424,TRP_0042424,2026-07-04T10:02:00.000Z,ARRIVAL,40,DRIVER_LATE,VENDOR,false
TNT_002,DLY_TRP_0042427,TRP_0042427,2026-07-07T10:00:00.000Z,ARRIVAL,48,TRAFFIC,VENDOR,false
TNT_001,DLY_TRP_0042429,TRP_0042429,2026-07-09T10:28:00.000Z,ARRIVAL,48,VEHICLE_ISSUE,GPS,false
TNT_002,DLY_TRP_0042442,TRP_0042442,2026-07-22T06:52:00.000Z,ARRIVAL,50,VEHICLE_ISSUE,VENDOR,false
TNT_001,DLY_TRP_0042449,TRP_0042449,2026-07-29T06:35:00.000Z,ARRIVAL,21,ROUTE_DEVIATION,GPS,false
TNT_001,DLY_TRP_0042454,TRP_0042454,2026-08-03T15:01:00.000Z,ARRIVAL,58,TRAFFIC,VENDOR,false
TNT_001,DLY_TRP_0042460,TRP_0042460,2026-08-09T07:44:00.000Z,ARRIVAL,48,DRIVER_LATE,VENDOR,false
TNT_001,DLY_TRP_0042462,TRP_0042462,2026-08-11T08:53:00.000Z,ARRIVAL,19,TRAFFIC,VENDOR,false
TNT_002,DLY_TRP_0042464,TRP_0042464,2026-08-13T15:06:00.000Z,ARRIVAL,44,WEATHER,GPS,false
TNT_002,DLY_TRP_0042465,TRP_0042465,2026-08-14T09:28:00.000Z,ARRIVAL,32,ROUTE_DEVIATION,GPS,false
TNT_003,DLY_TRP_0042470,TRP_0042470,2026-08-19T10:04:00.000Z,ARRIVAL,43,VEHICLE_ISSUE,GPS,false
TNT_002,DLY_TRP_0042474,TRP_0042474,2026-08-23T06:55:00.000Z,ARRIVAL,30,TRAFFIC,OPS,false
TNT_001,DLY_TRP_0042476,TRP_0042476,2026-08-25T22:19:00.000Z,ARRIVAL,21,TRAFFIC,GPS,false
TNT_001,DLY_TRP_0042482,TRP_0042482,2026-06-02T07:14:00.000Z,ARRIVAL,38,VEHICLE_ISSUE,OPS,false
TNT_001,DLY_TRP_0042497,TRP_0042497,2026-06-17T09:55:00.000Z,ARRIVAL,54,TRAFFIC,GPS,false
TNT_001,DLY_TRP_0042509,TRP_0042509,2026-06-29T14:39:00.000Z,ARRIVAL,24,WEATHER,OPS,false
TNT_001,DLY_TRP_0042519,TRP_0042519,2026-07-09T10:00:00.000Z,ARRIVAL,42,DRIVER_LATE,GPS,false
TNT_003,DLY_TRP_0042549,TRP_0042549,2026-08-08T06:26:00.000Z,ARRIVAL,39,WEATHER,GPS,false
TNT_001,DLY_TRP_0042550,TRP_0042550,2026-08-09T05:32:00.000Z,ARRIVAL,12,VEHICLE_ISSUE,GPS,false
TNT_001,DLY_TRP_0042558,TRP_0042558,2026-08-17T14:28:00.000Z,ARRIVAL,12,VEHICLE_ISSUE,GPS,false
TNT_001,DLY_TRP_0042561,TRP_0042561,2026-08-20T06:25:00.000Z,ARRIVAL,23,TRAFFIC,GPS,false
TNT_001,DLY_TRP_0042565,TRP_0042565,2026-08-24T14:33:00.000Z,ARRIVAL,13,ROUTE_DEVIATION,GPS,false
TNT_001,DLY_TRP_0042566,TRP_0042566,2026-08-25T22:53:00.000Z,ARRIVAL,37,TRAFFIC,GPS,false
TNT_001,DLY_TRP_0042569,TRP_0042569,2026-08-28T23:03:00.000Z,ARRIVAL,32,DRIVER_LATE,GPS,false
TNT_002,DLY_TRP_0042573,TRP_0042573,2026-06-03T06:07:00.000Z,ARRIVAL,18,VEHICLE_ISSUE,VENDOR,false
TNT_002,DLY_TRP_0042594,TRP_0042594,2026-06-24T09:59:00.000Z,ARRIVAL,56,WEATHER,VENDOR,false
TNT_002,DLY_TRP_0042605,TRP_0042605,2026-07-05T10:06:00.000Z,ARRIVAL,38,TRAFFIC,GPS,false
TNT_003,DLY_TRP_0042607,TRP_0042607,2026-07-07T07:09:00.000Z,ARRIVAL,53,TRAFFIC,GPS,false
TNT_001,DLY_TRP_0042610,TRP_0042610,2026-07-10T14:21:00.000Z,ARRIVAL,11,TRAFFIC,GPS,false
TNT_001,DLY_TRP_0042617,TRP_0042617,2026-07-17T07:09:00.000Z,ARRIVAL,58,VEHICLE_ISSUE,GPS,false
TNT_001,DLY_TRP_0042619,TRP_0042619,2026-07-19T22:48:00.000Z,ARRIVAL,16,ROUTE_DEVIATION,GPS,false
TNT_001,DLY_TRP_0042624,TRP_0042624,2026-07-24T22:41:00.000Z,ARRIVAL,19,WEATHER,VENDOR,false
TNT_001,DLY_TRP_0042632,TRP_0042632,2026-08-01T14:32:00.000Z,ARRIVAL,38,ROUTE_DEVIATION,VENDOR,false
TNT_003,DLY_TRP_0042633,TRP_0042633,2026-08-02T22:33:00.000Z,ARRIVAL,27,WEATHER,VENDOR,false
TNT_001,DLY_TRP_0042645,TRP_0042645,2026-08-14T09:37:00.000Z,ARRIVAL,29,TRAFFIC,VENDOR,false
TNT_001,DLY_TRP_0042648,TRP_0042648,2026-08-17T22:07:00.000Z,ARRIVAL,42,WEATHER,OPS,false
TNT_001,DLY_TRP_0042656,TRP_0042656,2026-08-25T22:33:00.000Z,ARRIVAL,26,VEHICLE_ISSUE,VENDOR,false
TNT_001,DLY_TRP_0042658,TRP_0042658,2026-08-27T22:21:00.000Z,ARRIVAL,25,TRAFFIC,GPS,false
TNT_001,DLY_TRP_0042662,TRP_0042662,2026-06-02T09:41:00.000Z,ARRIVAL,42,WEATHER,GPS,false
TNT_001,DLY_TRP_0042665,TRP_0042665,2026-06-05T15:06:00.000Z,ARRIVAL,56,WEATHER,OPS,true
TNT_001,DLY_TRP_0042669,TRP_0042669,2026-06-09T22:42:00.000Z,ARRIVAL,52,VEHICLE_ISSUE,GPS,false
TNT_001,DLY_TRP_0042678,TRP_0042678,2026-06-18T06:43:00.000Z,ARRIVAL,55,TRAFFIC,GPS,false
TNT_002,DLY_TRP_0042684,TRP_0042684,2026-06-24T06:10:00.000Z,ARRIVAL,33,TRAFFIC,GPS,false
TNT_002,DLY_TRP_0042701,TRP_0042701,2026-07-11T06:50:00.000Z,ARRIVAL,54,DRIVER_LATE,GPS,false
TNT_001,DLY_TRP_0042703,TRP_0042703,2026-07-13T22:29:00.000Z,ARRIVAL,33,TRAFFIC,VENDOR,false
TNT_001,DLY_TRP_0042715,TRP_0042715,2026-07-25T06:22:00.000Z,ARRIVAL,18,TRAFFIC,GPS,false
TNT_002,DLY_TRP_0042717,TRP_0042717,2026-07-27T09:02:00.000Z,ARRIVAL,22,ROUTE_DEVIATION,GPS,false
TNT_001,DLY_TRP_0042723,TRP_0042723,2026-08-02T06:50:00.000Z,ARRIVAL,24,WEATHER,GPS,true
TNT_003,DLY_TRP_0042732,TRP_0042732,2026-08-11T22:47:00.000Z,ARRIVAL,17,TRAFFIC,GPS,false
TNT_001,DLY_TRP_0042733,TRP_0042733,2026-08-12T09:51:00.000Z,ARRIVAL,51,VEHICLE_ISSUE,GPS,false
TNT_001,DLY_TRP_0042734,TRP_0042734,2026-08-13T09:51:00.000Z,ARRIVAL,56,VEHICLE_ISSUE,OPS,false
TNT_001,DLY_TRP_0042737,TRP_0042737,2026-08-16T22:37:00.000Z,ARRIVAL,28,TRAFFIC,GPS,false
TNT_001,DLY_TRP_0042749,TRP_0042749,2026-08-28T22:15:00.000Z,ARRIVAL,43,ROUTE_DEVIATION,VENDOR,false
TNT_002,DLY_TRP_0042754,TRP_0042754,2026-06-04T06:28:00.000Z,ARRIVAL,43,WEATHER,OPS,false
TNT_001,DLY_TRP_0042778,TRP_0042778,2026-06-28T09:26:00.000Z,ARRIVAL,45,TRAFFIC,GPS,false
TNT_002,DLY_TRP_0042785,TRP_0042785,2026-07-05T22:12:00.000Z,ARRIVAL,49,WEATHER,GPS,false
TNT_001,DLY_TRP_0042789,TRP_0042789,2026-07-09T14:21:00.000Z,ARRIVAL,27,WEATHER,VENDOR,true
TNT_002,DLY_TRP_0042791,TRP_0042791,2026-07-11T07:01:00.000Z,ARRIVAL,58,WEATHER,GPS,false
TNT_002,DLY_TRP_0042801,TRP_0042801,2026-07-21T21:53:00.000Z,ARRIVAL,30,WEATHER,OPS,false
TNT_002,DLY_TRP_0042808,TRP_0042808,2026-07-28T09:39:00.000Z,ARRIVAL,28,VEHICLE_ISSUE,GPS,false
TNT_001,DLY_TRP_0042835,TRP_0042835,2026-08-24T07:47:00.000Z,ARRIVAL,37,WEATHER,VENDOR,false
TNT_001,DLY_TRP_0042838,TRP_0042838,2026-08-27T21:53:00.000Z,ARRIVAL,21,ROUTE_DEVIATION,GPS,false
TNT_002,DLY_TRP_0042840,TRP_0042840,2026-08-29T23:36:00.000Z,ARRIVAL,37,DRIVER_LATE,OPS,false
TNT_003,DLY_TRP_0042847,TRP_0042847,2026-06-07T06:25:00.000Z,ARRIVAL,34,TRAFFIC,VENDOR,false
TNT_001,DLY_TRP_0042853,TRP_0042853,2026-06-13T06:42:00.000Z,ARRIVAL,24,VEHICLE_ISSUE,GPS,false
TNT_002,DLY_TRP_0042854,TRP_0042854,2026-06-14T22:40:00.000Z,ARRIVAL,28,TRAFFIC,VENDOR,false
TNT_003,DLY_TRP_0042866,TRP_0042866,2026-06-26T06:31:00.000Z,ARRIVAL,39,TRAFFIC,GPS,false
TNT_001,DLY_TRP_0042874,TRP_0042874,2026-07-04T10:36:00.000Z,ARRIVAL,53,WEATHER,GPS,false
TNT_001,DLY_TRP_0042885,TRP_0042885,2026-07-15T09:22:00.000Z,ARRIVAL,36,DRIVER_LATE,VENDOR,false
TNT_001,DLY_TRP_0042886,TRP_0042886,2026-07-16T21:42:00.000Z,ARRIVAL,16,TRAFFIC,GPS,false
TNT_001,DLY_TRP_0042888,TRP_0042888,2026-07-18T06:19:00.000Z,ARRIVAL,42,TRAFFIC,OPS,false
TNT_001,DLY_TRP_0042894,TRP_0042894,2026-07-24T15:15:00.000Z,ARRIVAL,58,TRAFFIC,GPS,false
TNT_001,DLY_TRP_0042901,TRP_0042901,2026-07-31T10:16:00.000Z,ARRIVAL,49,ROUTE_DEVIATION,GPS,false
TNT_001,DLY_TRP_0042904,TRP_0042904,2026-08-03T09:27:00.000Z,ARRIVAL,51,WEATHER,GPS,false
TNT_001,DLY_TRP_0042910,TRP_0042910,2026-08-09T14:26:00.000Z,ARRIVAL,45,TRAFFIC,GPS,false
TNT_003,DLY_TRP_0042914,TRP_0042914,2026-08-13T07:07:00.000Z,ARRIVAL,57,DRIVER_LATE,GPS,false
TNT_001,DLY_TRP_0042922,TRP_0042922,2026-08-21T09:58:00.000Z,ARRIVAL,34,ROUTE_DEVIATION,GPS,false
TNT_003,DLY_TRP_0042926,TRP_0042926,2026-08-25T22:44:00.000Z,ARRIVAL,58,DRIVER_LATE,GPS,false
TNT_001,DLY_TRP_0042929,TRP_0042929,2026-08-28T15:13:00.000Z,ARRIVAL,39,TRAFFIC,GPS,false
TNT_001,DLY_TRP_0042930,TRP_0042930,2026-08-29T22:31:00.000Z,ARRIVAL,55,TRAFFIC,GPS,false
TNT_002,DLY_TRP_0042940,TRP_0042940,2026-06-10T23:26:00.000Z,ARRIVAL,41,TRAFFIC,GPS,false
TNT_001,DLY_TRP_0042955,TRP_0042955,2026-06-25T22:18:00.000Z,ARRIVAL,11,WEATHER,VENDOR,false
TNT_003,DLY_TRP_0042956,TRP_0042956,2026-06-26T14:33:00.000Z,ARRIVAL,49,DRIVER_LATE,VENDOR,false
TNT_001,DLY_TRP_0042967,TRP_0042967,2026-07-07T14:45:00.000Z,ARRIVAL,42,DRIVER_LATE,GPS,false
TNT_003,DLY_TRP_0042979,TRP_0042979,2026-07-19T10:34:00.000Z,ARRIVAL,52,WEATHER,GPS,false
TNT_002,DLY_TRP_0042980,TRP_0042980,2026-07-20T15:17:00.000Z,ARRIVAL,56,WEATHER,GPS,false
TNT_002,DLY_TRP_0042990,TRP_0042990,2026-07-30T09:40:00.000Z,ARRIVAL,42,WEATHER,GPS,false
TNT_001,DLY_TRP_0042996,TRP_0042996,2026-08-05T15:08:00.000Z,ARRIVAL,29,TRAFFIC,GPS,false
TNT_001,DLY_TRP_0042997,TRP_0042997,2026-08-06T23:22:00.000Z,ARRIVAL,41,WEATHER,GPS,false
TNT_001,DLY_TRP_0043001,TRP_0043001,2026-08-10T09:24:00.000Z,ARRIVAL,21,ROUTE_DEVIATION,GPS,false
TNT_001,DLY_TRP_0043002,TRP_0043002,2026-08-11T23:05:00.000Z,ARRIVAL,56,TRAFFIC,OPS,false
TNT_003,DLY_TRP_0043008,TRP_0043008,2026-08-17T10:07:00.000Z,ARRIVAL,50,TRAFFIC,GPS,false
TNT_001,DLY_TRP_0043016,TRP_0043016,2026-08-25T23:09:00.000Z,ARRIVAL,44,DRIVER_LATE,GPS,false
TNT_001,DLY_TRP_0043021,TRP_0043021,2026-06-01T07:02:00.000Z,ARRIVAL,45,TRAFFIC,GPS,false
TNT_001,DLY_TRP_0043026,TRP_0043026,2026-06-06T06:22:00.000Z,ARRIVAL,35,WEATHER,OPS,false
TNT_002,DLY_TRP_0043033,TRP_0043033,2026-06-13T22:51:00.000Z,ARRIVAL,58,WEATHER,GPS,false
TNT_001,DLY_TRP_0043043,TRP_0043043,2026-06-23T14:47:00.000Z,ARRIVAL,43,TRAFFIC,OPS,false
TNT_001,DLY_TRP_0043046,TRP_0043046,2026-06-26T15:00:00.000Z,ARRIVAL,46,ROUTE_DEVIATION,GPS,false
TNT_002,DLY_TRP_0043050,TRP_0043050,2026-06-30T22:08:00.000Z,ARRIVAL,31,TRAFFIC,VENDOR,false
TNT_002,DLY_TRP_0043055,TRP_0043055,2026-07-05T06:31:00.000Z,ARRIVAL,33,TRAFFIC,VENDOR,false
TNT_002,DLY_TRP_0043056,TRP_0043056,2026-07-06T09:48:00.000Z,ARRIVAL,43,TRAFFIC,GPS,false
TNT_001,DLY_TRP_0043060,TRP_0043060,2026-07-10T09:19:00.000Z,ARRIVAL,22,VEHICLE_ISSUE,GPS,false
TNT_001,DLY_TRP_0043064,TRP_0043064,2026-07-14T10:17:00.000Z,ARRIVAL,47,ROUTE_DEVIATION,OPS,false
TNT_002,DLY_TRP_0043075,TRP_0043075,2026-07-26T00:19:00.000Z,ARRIVAL,54,WEATHER,VENDOR,false
TNT_002,DLY_TRP_0043080,TRP_0043080,2026-07-30T22:43:00.000Z,ARRIVAL,51,ROUTE_DEVIATION,VENDOR,false
TNT_001,DLY_TRP_0043084,TRP_0043084,2026-08-03T15:12:00.000Z,ARRIVAL,55,VEHICLE_ISSUE,GPS,false
TNT_002,DLY_TRP_0043087,TRP_0043087,2026-08-06T23:00:00.000Z,ARRIVAL,34,WEATHER,GPS,false
TNT_001,DLY_TRP_0043099,TRP_0043099,2026-08-18T05:55:00.000Z,ARRIVAL,16,ROUTE_DEVIATION,GPS,false
TNT_001,DLY_TRP_0043112,TRP_0043112,2026-06-02T15:02:00.000Z,ARRIVAL,55,ROUTE_DEVIATION,GPS,false
TNT_003,DLY_TRP_0043116,TRP_0043116,2026-06-06T09:46:00.000Z,ARRIVAL,40,DRIVER_LATE,GPS,false
TNT_002,DLY_TRP_0043127,TRP_0043127,2026-06-17T09:41:00.000Z,ARRIVAL,16,TRAFFIC,GPS,false
TNT_002,DLY_TRP_0043135,TRP_0043135,2026-06-25T09:50:00.000Z,ARRIVAL,54,DRIVER_LATE,VENDOR,false
TNT_002,DLY_TRP_0043147,TRP_0043147,2026-07-07T09:02:00.000Z,ARRIVAL,16,WEATHER,GPS,false
TNT_001,DLY_TRP_0043168,TRP_0043168,2026-07-28T06:44:00.000Z,ARRIVAL,40,TRAFFIC,GPS,false
TNT_002,DLY_TRP_0043169,TRP_0043169,2026-07-29T05:51:00.000Z,ARRIVAL,14,WEATHER,VENDOR,false
TNT_003,DLY_TRP_0043174,TRP_0043174,2026-08-03T09:57:00.000Z,ARRIVAL,39,TRAFFIC,GPS,false
TNT_001,DLY_TRP_0043175,TRP_0043175,2026-08-04T09:49:00.000Z,ARRIVAL,42,ROUTE_DEVIATION,VENDOR,false
TNT_001,DLY_TRP_0043178,TRP_0043178,2026-08-07T10:03:00.000Z,ARRIVAL,58,WEATHER,GPS,false
TNT_003,DLY_TRP_0043180,TRP_0043180,2026-08-09T06:39:00.000Z,ARRIVAL,22,VEHICLE_ISSUE,VENDOR,false
TNT_001,DLY_TRP_0043184,TRP_0043184,2026-08-13T07:15:00.000Z,ARRIVAL,49,WEATHER,VENDOR,false
TNT_001,DLY_TRP_0043195,TRP_0043195,2026-08-24T09:14:00.000Z,ARRIVAL,34,WEATHER,VENDOR,false
TNT_001,DLY_TRP_0043203,TRP_0043203,2026-06-03T09:28:00.000Z,ARRIVAL,23,TRAFFIC,GPS,false
TNT_001,DLY_TRP_0043206,TRP_0043206,2026-06-06T06:24:00.000Z,ARRIVAL,23,TRAFFIC,VENDOR,false
TNT_001,DLY_TRP_0043216,TRP_0043216,2026-06-16T09:55:00.000Z,ARRIVAL,19,WEATHER,OPS,false
TNT_003,DLY_TRP_0043223,TRP_0043223,2026-06-23T09:52:00.000Z,ARRIVAL,43,TRAFFIC,GPS,false
TNT_001,DLY_TRP_0043228,TRP_0043228,2026-06-28T09:11:00.000Z,ARRIVAL,31,WEATHER,VENDOR,false
TNT_001,DLY_TRP_0043230,TRP_0043230,2026-06-30T22:57:00.000Z,ARRIVAL,17,WEATHER,GPS,false
TNT_001,DLY_TRP_0043232,TRP_0043232,2026-07-02T08:54:00.000Z,ARRIVAL,14,ROUTE_DEVIATION,GPS,false
TNT_002,DLY_TRP_0043234,TRP_0043234,2026-07-04T06:46:00.000Z,ARRIVAL,55,WEATHER,OPS,false
TNT_001,DLY_TRP_0043241,TRP_0043241,2026-07-11T06:28:00.000Z,ARRIVAL,51,TRAFFIC,VENDOR,false
TNT_001,DLY_TRP_0043255,TRP_0043255,2026-07-25T06:30:00.000Z,ARRIVAL,45,TRAFFIC,GPS,false
TNT_001,DLY_TRP_0043262,TRP_0043262,2026-08-01T08:51:00.000Z,ARRIVAL,21,ROUTE_DEVIATION,VENDOR,false
TNT_002,DLY_TRP_0043264,TRP_0043264,2026-08-03T06:44:00.000Z,ARRIVAL,52,ROUTE_DEVIATION,GPS,false
TNT_002,DLY_TRP_0043270,TRP_0043270,2026-08-09T09:12:00.000Z,ARRIVAL,37,VEHICLE_ISSUE,GPS,false
TNT_001,DLY_TRP_0043275,TRP_0043275,2026-08-14T06:37:00.000Z,ARRIVAL,39,WEATHER,VENDOR,false
TNT_002,DLY_TRP_0043279,TRP_0043279,2026-08-18T05:57:00.000Z,ARRIVAL,22,VEHICLE_ISSUE,VENDOR,false
TNT_001,DLY_TRP_0043281,TRP_0043281,2026-08-20T06:57:00.000Z,ARRIVAL,55,WEATHER,GPS,false
TNT_001,DLY_TRP_0043286,TRP_0043286,2026-08-25T23:45:00.000Z,ARRIVAL,39,DRIVER_LATE,VENDOR,false
TNT_001,DLY_TRP_0043287,TRP_0043287,2026-08-26T09:10:00.000Z,ARRIVAL,26,WEATHER,VENDOR,false
TNT_002,DLY_TRP_0043305,TRP_0043305,2026-06-15T22:49:00.000Z,ARRIVAL,49,DRIVER_LATE,GPS,false
TNT_001,DLY_TRP_0043306,TRP_0043306,2026-06-16T22:29:00.000Z,ARRIVAL,39,WEATHER,GPS,false
TNT_003,DLY_TRP_0043309,TRP_0043309,2026-06-19T06:00:00.000Z,ARRIVAL,24,TRAFFIC,GPS,false
TNT_001,DLY_TRP_0043310,TRP_0043310,2026-06-20T06:30:00.000Z,ARRIVAL,31,TRAFFIC,GPS,false
TNT_003,DLY_TRP_0043317,TRP_0043317,2026-06-27T09:16:00.000Z,ARRIVAL,35,TRAFFIC,OPS,false
TNT_003,DLY_TRP_0043322,TRP_0043322,2026-07-02T10:05:00.000Z,ARRIVAL,54,TRAFFIC,OPS,false
TNT_003,DLY_TRP_0043327,TRP_0043327,2026-07-07T10:04:00.000Z,ARRIVAL,48,TRAFFIC,VENDOR,false
TNT_003,DLY_TRP_0043331,TRP_0043331,2026-07-11T09:46:00.000Z,ARRIVAL,45,WEATHER,OPS,false
TNT_001,DLY_TRP_0043340,TRP_0043340,2026-07-20T21:54:00.000Z,ARRIVAL,33,TRAFFIC,GPS,false
TNT_002,DLY_TRP_0043344,TRP_0043344,2026-07-24T22:10:00.000Z,ARRIVAL,29,TRAFFIC,GPS,false
TNT_002,DLY_TRP_0043348,TRP_0043348,2026-07-28T08:54:00.000Z,ARRIVAL,25,DRIVER_LATE,GPS,false
TNT_001,DLY_TRP_0043355,TRP_0043355,2026-08-04T14:13:00.000Z,ARRIVAL,22,ROUTE_DEVIATION,GPS,false
TNT_002,DLY_TRP_0043360,TRP_0043360,2026-08-09T06:40:00.000Z,ARRIVAL,54,DRIVER_LATE,GPS,false
TNT_001,DLY_TRP_0043368,TRP_0043368,2026-08-17T15:08:00.000Z,ARRIVAL,43,TRAFFIC,VENDOR,false
TNT_001,DLY_TRP_0043370,TRP_0043370,2026-08-19T06:51:00.000Z,ARRIVAL,39,VEHICLE_ISSUE,VENDOR,false
TNT_003,DLY_TRP_0043386,TRP_0043386,2026-06-06T10:41:00.000Z,ARRIVAL,22,ROUTE_DEVIATION,GPS,false
TNT_001,DLY_TRP_0043390,TRP_0043390,2026-06-10T09:13:00.000Z,ARRIVAL,17,VEHICLE_ISSUE,OPS,false
TNT_001,DLY_TRP_0043391,TRP_0043391,2026-06-11T06:18:00.000Z,ARRIVAL,16,WEATHER,GPS,false
TNT_001,DLY_TRP_0043392,TRP_0043392,2026-06-12T14:56:00.000Z,ARRIVAL,30,TRAFFIC,GPS,false
TNT_001,DLY_TRP_0043400,TRP_0043400,2026-06-20T15:02:00.000Z,ARRIVAL,51,VEHICLE_ISSUE,OPS,false
TNT_001,DLY_TRP_0043403,TRP_0043403,2026-06-23T14:53:00.000Z,ARRIVAL,34,WEATHER,GPS,false
TNT_001,DLY_TRP_0043407,TRP_0043407,2026-06-27T10:15:00.000Z,ARRIVAL,58,WEATHER,GPS,false
TNT_001,DLY_TRP_0043417,TRP_0043417,2026-07-07T22:19:00.000Z,ARRIVAL,33,WEATHER,OPS,false
TNT_001,DLY_TRP_0043427,TRP_0043427,2026-07-17T14:06:00.000Z,ARRIVAL,22,DRIVER_LATE,GPS,false
TNT_001,DLY_TRP_0043433,TRP_0043433,2026-07-23T09:22:00.000Z,ARRIVAL,23,DRIVER_LATE,VENDOR,false
TNT_001,DLY_TRP_0043437,TRP_0043437,2026-07-27T06:46:00.000Z,ARRIVAL,58,TRAFFIC,VENDOR,false
TNT_003,DLY_TRP_0043444,TRP_0043444,2026-08-03T09:59:00.000Z,ARRIVAL,52,DRIVER_LATE,OPS,false
TNT_001,DLY_TRP_0043458,TRP_0043458,2026-08-17T22:16:00.000Z,ARRIVAL,20,WEATHER,VENDOR,false
TNT_001,DLY_TRP_0043462,TRP_0043462,2026-08-21T22:03:00.000Z,ARRIVAL,18,DRIVER_LATE,OPS,false
TNT_002,DLY_TRP_0043469,TRP_0043469,2026-08-28T23:14:00.000Z,ARRIVAL,53,DRIVER_LATE,OPS,false
TNT_001,DLY_TRP_0043482,TRP_0043482,2026-06-12T06:06:00.000Z,ARRIVAL,13,DRIVER_LATE,GPS,false
TNT_001,DLY_TRP_0043500,TRP_0043500,2026-06-30T14:46:00.000Z,ARRIVAL,51,DRIVER_LATE,VENDOR,false
TNT_003,DLY_TRP_0043511,TRP_0043511,2026-07-11T14:58:00.000Z,ARRIVAL,40,WEATHER,GPS,false
TNT_002,DLY_TRP_0043517,TRP_0043517,2026-07-17T09:35:00.000Z,ARRIVAL,35,WEATHER,GPS,false
TNT_003,DLY_TRP_0043523,TRP_0043523,2026-07-23T09:05:00.000Z,ARRIVAL,12,WEATHER,GPS,false
TNT_001,DLY_TRP_0043536,TRP_0043536,2026-08-05T09:22:00.000Z,ARRIVAL,18,TRAFFIC,GPS,false
TNT_001,DLY_TRP_0043540,TRP_0043540,2026-08-09T07:19:00.000Z,ARRIVAL,47,DRIVER_LATE,GPS,false
TNT_001,DLY_TRP_0043549,TRP_0043549,2026-08-18T14:28:00.000Z,ARRIVAL,30,DRIVER_LATE,GPS,false
TNT_001,DLY_TRP_0043552,TRP_0043552,2026-08-21T14:18:00.000Z,ARRIVAL,19,TRAFFIC,GPS,true
TNT_003,DLY_TRP_0043557,TRP_0043557,2026-08-26T22:19:00.000Z,ARRIVAL,38,WEATHER,GPS,false
TNT_001,DLY_TRP_0043559,TRP_0043559,2026-08-28T22:14:00.000Z,ARRIVAL,24,TRAFFIC,OPS,false
TNT_001,DLY_TRP_0043565,TRP_0043565,2026-06-05T09:05:00.000Z,ARRIVAL,33,VEHICLE_ISSUE,OPS,false
TNT_001,DLY_TRP_0043601,TRP_0043601,2026-07-11T09:07:00.000Z,ARRIVAL,15,TRAFFIC,OPS,false
TNT_001,DLY_TRP_0043607,TRP_0043607,2026-07-17T14:59:00.000Z,ARRIVAL,58,WEATHER,VENDOR,false
TNT_002,DLY_TRP_0043614,TRP_0043614,2026-07-24T06:23:00.000Z,ARRIVAL,16,TRAFFIC,OPS,false
TNT_003,DLY_TRP_0043620,TRP_0043620,2026-07-30T14:28:00.000Z,ARRIVAL,45,DRIVER_LATE,VENDOR,false
TNT_001,DLY_TRP_0043645,TRP_0043645,2026-08-24T10:42:00.000Z,ARRIVAL,57,ROUTE_DEVIATION,GPS,false
TNT_001,DLY_TRP_0043649,TRP_0043649,2026-08-28T14:37:00.000Z,ARRIVAL,35,VEHICLE_ISSUE,VENDOR,false
TNT_003,DLY_TRP_0043651,TRP_0043651,2026-06-01T15:44:00.000Z,ARRIVAL,44,WEATHER,GPS,false
TNT_003,DLY_TRP_0043659,TRP_0043659,2026-06-09T14:46:00.000Z,ARRIVAL,41,WEATHER,GPS,false
TNT_001,DLY_TRP_0043669,TRP_0043669,2026-06-19T14:57:00.000Z,ARRIVAL,53,ROUTE_DEVIATION,GPS,false
TNT_002,DLY_TRP_0043670,TRP_0043670,2026-06-20T22:08:00.000Z,ARRIVAL,14,TRAFFIC,OPS,false
TNT_001,DLY_TRP_0043679,TRP_0043679,2026-06-29T22:51:00.000Z,ARRIVAL,45,DRIVER_LATE,GPS,true
TNT_003,DLY_TRP_0043683,TRP_0043683,2026-07-03T14:18:00.000Z,ARRIVAL,18,DRIVER_LATE,VENDOR,false
TNT_002,DLY_TRP_0043692,TRP_0043692,2026-07-12T14:33:00.000Z,ARRIVAL,36,TRAFFIC,OPS,false
TNT_001,DLY_TRP_0043693,TRP_0043693,2026-07-13T09:13:00.000Z,ARRIVAL,17,VEHICLE_ISSUE,VENDOR,false
TNT_001,DLY_TRP_0043697,TRP_0043697,2026-07-17T22:34:00.000Z,ARRIVAL,30,WEATHER,GPS,false
TNT_001,DLY_TRP_0043721,TRP_0043721,2026-08-10T07:01:00.000Z,ARRIVAL,54,WEATHER,GPS,false
TNT_001,DLY_TRP_0043724,TRP_0043724,2026-08-13T22:45:00.000Z,ARRIVAL,23,TRAFFIC,VENDOR,false
TNT_002,DLY_TRP_0043726,TRP_0043726,2026-08-15T07:01:00.000Z,ARRIVAL,18,VEHICLE_ISSUE,GPS,false
TNT_002,DLY_TRP_0043727,TRP_0043727,2026-08-16T22:43:00.000Z,ARRIVAL,54,TRAFFIC,GPS,false
TNT_001,DLY_TRP_0043728,TRP_0043728,2026-08-17T15:01:00.000Z,ARRIVAL,49,TRAFFIC,GPS,false
TNT_001,DLY_TRP_0043731,TRP_0043731,2026-08-20T23:26:00.000Z,ARRIVAL,53,DRIVER_LATE,OPS,false
TNT_001,DLY_TRP_0043740,TRP_0043740,2026-08-29T06:23:00.000Z,ARRIVAL,29,TRAFFIC,OPS,false
TNT_001,DLY_TRP_0043742,TRP_0043742,2026-06-02T09:47:00.000Z,ARRIVAL,35,VEHICLE_ISSUE,OPS,false
TNT_001,DLY_TRP_0043747,TRP_0043747,2026-06-07T14:30:00.000Z,ARRIVAL,42,TRAFFIC,GPS,false
TNT_002,DLY_TRP_0043753,TRP_0043753,2026-06-13T22:53:00.000Z,ARRIVAL,40,DRIVER_LATE,GPS,false
TNT_001,DLY_TRP_0043758,TRP_0043758,2026-06-18T15:16:00.000Z,ARRIVAL,31,WEATHER,GPS,false
TNT_001,DLY_TRP_0043761,TRP_0043761,2026-06-21T22:52:00.000Z,ARRIVAL,47,ROUTE_DEVIATION,VENDOR,false
TNT_002,DLY_TRP_0043766,TRP_0043766,2026-06-26T23:42:00.000Z,ARRIVAL,45,WEATHER,GPS,false
TNT_001,DLY_TRP_0043767,TRP_0043767,2026-06-27T23:10:00.000Z,ARRIVAL,52,WEATHER,GPS,false
TNT_002,DLY_TRP_0043769,TRP_0043769,2026-06-29T09:44:00.000Z,ARRIVAL,47,WEATHER,GPS,false
TNT_001,DLY_TRP_0043773,TRP_0043773,2026-07-03T14:17:00.000Z,ARRIVAL,23,VEHICLE_ISSUE,GPS,true
TNT_001,DLY_TRP_0043789,TRP_0043789,2026-07-19T10:01:00.000Z,ARRIVAL,15,TRAFFIC,GPS,false
TNT_002,DLY_TRP_0043814,TRP_0043814,2026-08-13T09:06:00.000Z,ARRIVAL,16,TRAFFIC,GPS,false
TNT_003,DLY_TRP_0043819,TRP_0043819,2026-08-18T13:48:00.000Z,ARRIVAL,19,WEATHER,GPS,true
TNT_002,DLY_TRP_0043825,TRP_0043825,2026-08-24T22:09:00.000Z,ARRIVAL,14,TRAFFIC,GPS,false
TNT_001,DLY_TRP_0043832,TRP_0043832,2026-06-02T09:45:00.000Z,ARRIVAL,20,TRAFFIC,GPS,false
TNT_001,DLY_TRP_0043834,TRP_0043834,2026-06-04T22:08:00.000Z,ARRIVAL,27,ROUTE_DEVIATION,GPS,false
TNT_003,DLY_TRP_0043838,TRP_0043838,2026-06-08T09:36:00.000Z,ARRIVAL,26,DRIVER_LATE,VENDOR,false
TNT_003,DLY_TRP_0043841,TRP_0043841,2026-06-11T09:50:00.000Z,ARRIVAL,17,WEATHER,GPS,false
TNT_002,DLY_TRP_0043851,TRP_0043851,2026-06-21T06:54:00.000Z,ARRIVAL,57,WEATHER,GPS,false
TNT_001,DLY_TRP_0043858,TRP_0043858,2026-06-28T06:58:00.000Z,ARRIVAL,44,TRAFFIC,VENDOR,false
TNT_001,DLY_TRP_0043859,TRP_0043859,2026-06-29T09:57:00.000Z,ARRIVAL,57,ROUTE_DEVIATION,GPS,false
TNT_001,DLY_TRP_0043860,TRP_0043860,2026-06-30T09:11:00.000Z,ARRIVAL,12,VEHICLE_ISSUE,VENDOR,false
TNT_002,DLY_TRP_0043865,TRP_0043865,2026-07-05T09:21:00.000Z,ARRIVAL,11,DRIVER_LATE,VENDOR,false
TNT_003,DLY_TRP_0043866,TRP_0043866,2026-07-06T23:14:00.000Z,ARRIVAL,43,ROUTE_DEVIATION,GPS,false
TNT_001,DLY_TRP_0043867,TRP_0043867,2026-07-07T14:05:00.000Z,ARRIVAL,13,ROUTE_DEVIATION,OPS,false
TNT_001,DLY_TRP_0043880,TRP_0043880,2026-07-20T06:05:00.000Z,ARRIVAL,15,WEATHER,GPS,false
TNT_001,DLY_TRP_0043893,TRP_0043893,2026-08-02T09:49:00.000Z,ARRIVAL,47,TRAFFIC,GPS,false
TNT_001,DLY_TRP_0043902,TRP_0043902,2026-08-11T06:12:00.000Z,ARRIVAL,22,WEATHER,GPS,false
TNT_001,DLY_TRP_0043903,TRP_0043903,2026-08-12T06:09:00.000Z,ARRIVAL,20,ROUTE_DEVIATION,VENDOR,false
TNT_002,DLY_TRP_0043909,TRP_0043909,2026-08-18T09:37:00.000Z,ARRIVAL,48,DRIVER_LATE,GPS,false
TNT_001,DLY_TRP_0043916,TRP_0043916,2026-08-25T22:48:00.000Z,ARRIVAL,30,DRIVER_LATE,GPS,false
TNT_003,DLY_TRP_0043917,TRP_0043917,2026-08-26T22:28:00.000Z,ARRIVAL,25,TRAFFIC,GPS,false
TNT_002,DLY_TRP_0043918,TRP_0043918,2026-08-27T06:30:00.000Z,ARRIVAL,13,ROUTE_DEVIATION,GPS,false
TNT_001,DLY_TRP_0043935,TRP_0043935,2026-06-15T09:50:00.000Z,ARRIVAL,18,ROUTE_DEVIATION,VENDOR,false
TNT_001,DLY_TRP_0043940,TRP_0043940,2026-06-20T07:01:00.000Z,ARRIVAL,41,WEATHER,OPS,false
TNT_002,DLY_TRP_0043964,TRP_0043964,2026-07-14T09:39:00.000Z,ARRIVAL,53,DRIVER_LATE,VENDOR,false
TNT_001,DLY_TRP_0043966,TRP_0043966,2026-07-16T06:39:00.000Z,ARRIVAL,51,TRAFFIC,GPS,false
TNT_002,DLY_TRP_0043970,TRP_0043970,2026-07-20T22:07:00.000Z,ARRIVAL,38,DRIVER_LATE,GPS,false
TNT_003,DLY_TRP_0043971,TRP_0043971,2026-07-21T09:45:00.000Z,ARRIVAL,51,TRAFFIC,GPS,false
TNT_001,DLY_TRP_0043974,TRP_0043974,2026-07-24T10:07:00.000Z,ARRIVAL,29,TRAFFIC,VENDOR,false
TNT_001,DLY_TRP_0043975,TRP_0043975,2026-07-25T09:22:00.000Z,ARRIVAL,25,TRAFFIC,OPS,false
TNT_001,DLY_TRP_0043976,TRP_0043976,2026-07-26T10:06:00.000Z,ARRIVAL,39,TRAFFIC,GPS,true
TNT_001,DLY_TRP_0043978,TRP_0043978,2026-07-28T15:05:00.000Z,ARRIVAL,51,TRAFFIC,GPS,true
TNT_002,DLY_TRP_0043981,TRP_0043981,2026-07-31T14:28:00.000Z,ARRIVAL,40,DRIVER_LATE,GPS,false
TNT_001,DLY_TRP_0043982,TRP_0043982,2026-08-01T06:58:00.000Z,ARRIVAL,52,TRAFFIC,GPS,false
TNT_001,DLY_TRP_0043990,TRP_0043990,2026-08-09T14:06:00.000Z,ARRIVAL,14,TRAFFIC,GPS,true
TNT_001,DLY_TRP_0044001,TRP_0044001,2026-08-20T07:18:00.000Z,ARRIVAL,49,WEATHER,VENDOR,true
TNT_001,DLY_TRP_0044007,TRP_0044007,2026-08-26T14:52:00.000Z,ARRIVAL,17,WEATHER,GPS,false
TNT_001,DLY_TRP_0044008,TRP_0044008,2026-08-27T22:43:00.000Z,ARRIVAL,48,TRAFFIC,GPS,false
TNT_001,DLY_TRP_0044010,TRP_0044010,2026-08-29T09:17:00.000Z,ARRIVAL,42,DRIVER_LATE,GPS,false
TNT_001,DLY_TRP_0044011,TRP_0044011,2026-06-01T10:12:00.000Z,ARRIVAL,51,TRAFFIC,VENDOR,false
TNT_001,DLY_TRP_0044023,TRP_0044023,2026-06-13T13:57:00.000Z,ARRIVAL,30,TRAFFIC,GPS,false
TNT_001,DLY_TRP_0044026,TRP_0044026,2026-06-16T09:40:00.000Z,ARRIVAL,52,ROUTE_DEVIATION,GPS,false
TNT_001,DLY_TRP_0044031,TRP_0044031,2026-06-21T15:30:00.000Z,ARRIVAL,54,WEATHER,GPS,false
TNT_003,DLY_TRP_0044035,TRP_0044035,2026-06-25T09:29:00.000Z,ARRIVAL,12,DRIVER_LATE,GPS,false
TNT_001,DLY_TRP_0044056,TRP_0044056,2026-07-16T09:23:00.000Z,ARRIVAL,14,TRAFFIC,GPS,false
TNT_001,DLY_TRP_0044065,TRP_0044065,2026-07-25T05:53:00.000Z,ARRIVAL,15,ROUTE_DEVIATION,OPS,false
TNT_001,DLY_TRP_0044077,TRP_0044077,2026-08-06T22:32:00.000Z,ARRIVAL,33,WEATHER,VENDOR,false
TNT_001,DLY_TRP_0044094,TRP_0044094,2026-08-23T23:03:00.000Z,ARRIVAL,56,DRIVER_LATE,GPS,false
TNT_002,DLY_TRP_0044103,TRP_0044103,2026-06-03T09:28:00.000Z,ARRIVAL,31,TRAFFIC,GPS,false
TNT_001,DLY_TRP_0044111,TRP_0044111,2026-06-11T06:38:00.000Z,ARRIVAL,15,TRAFFIC,GPS,false
TNT_001,DLY_TRP_0044121,TRP_0044121,2026-06-21T22:34:00.000Z,ARRIVAL,56,TRAFFIC,OPS,false
TNT_002,DLY_TRP_0044130,TRP_0044130,2026-06-30T14:43:00.000Z,ARRIVAL,55,WEATHER,GPS,true
TNT_002,DLY_TRP_0044137,TRP_0044137,2026-07-07T08:51:00.000Z,ARRIVAL,25,DRIVER_LATE,VENDOR,false
TNT_001,DLY_TRP_0044143,TRP_0044143,2026-07-13T14:57:00.000Z,ARRIVAL,53,DRIVER_LATE,VENDOR,false
TNT_001,DLY_TRP_0044150,TRP_0044150,2026-07-20T06:48:00.000Z,ARRIVAL,34,VEHICLE_ISSUE,GPS,false
TNT_002,DLY_TRP_0044153,TRP_0044153,2026-07-23T06:38:00.000Z,ARRIVAL,46,TRAFFIC,GPS,false
TNT_001,DLY_TRP_0044165,TRP_0044165,2026-08-04T09:59:00.000Z,ARRIVAL,46,TRAFFIC,GPS,false
TNT_002,DLY_TRP_0044172,TRP_0044172,2026-08-11T22:07:00.000Z,ARRIVAL,39,ROUTE_DEVIATION,VENDOR,false
TNT_001,DLY_TRP_0044176,TRP_0044176,2026-08-15T09:36:00.000Z,ARRIVAL,57,ROUTE_DEVIATION,GPS,false
TNT_001,DLY_TRP_0044201,TRP_0044201,2026-06-11T09:59:00.000Z,ARRIVAL,54,TRAFFIC,GPS,true
TNT_001,DLY_TRP_0044205,TRP_0044205,2026-06-15T09:47:00.000Z,ARRIVAL,36,TRAFFIC,VENDOR,false
TNT_001,DLY_TRP_0044206,TRP_0044206,2026-06-16T21:58:00.000Z,ARRIVAL,32,WEATHER,GPS,false
TNT_001,DLY_TRP_0044208,TRP_0044208,2026-06-18T09:35:00.000Z,ARRIVAL,13,WEATHER,VENDOR,false
TNT_001,DLY_TRP_0044214,TRP_0044214,2026-06-24T09:54:00.000Z,ARRIVAL,21,ROUTE_DEVIATION,VENDOR,false
TNT_001,DLY_TRP_0044217,TRP_0044217,2026-06-27T09:30:00.000Z,ARRIVAL,37,DRIVER_LATE,OPS,false
TNT_001,DLY_TRP_0044233,TRP_0044233,2026-07-13T06:03:00.000Z,ARRIVAL,18,TRAFFIC,GPS,false
TNT_002,DLY_TRP_0044234,TRP_0044234,2026-07-14T14:24:00.000Z,ARRIVAL,31,TRAFFIC,VENDOR,false
TNT_002,DLY_TRP_0044242,TRP_0044242,2026-07-22T22:32:00.000Z,ARRIVAL,34,VEHICLE_ISSUE,GPS,false
TNT_001,DLY_TRP_0044246,TRP_0044246,2026-07-26T09:00:00.000Z,ARRIVAL,13,TRAFFIC,GPS,false
TNT_002,DLY_TRP_0044247,TRP_0044247,2026-07-27T07:02:00.000Z,ARRIVAL,47,ROUTE_DEVIATION,GPS,false
TNT_002,DLY_TRP_0044249,TRP_0044249,2026-07-29T09:24:00.000Z,ARRIVAL,24,TRAFFIC,GPS,false
TNT_002,DLY_TRP_0044252,TRP_0044252,2026-08-01T14:02:00.000Z,ARRIVAL,12,ROUTE_DEVIATION,OPS,false
TNT_001,DLY_TRP_0044254,TRP_0044254,2026-08-03T06:43:00.000Z,ARRIVAL,28,WEATHER,VENDOR,false
TNT_001,DLY_TRP_0044265,TRP_0044265,2026-08-14T09:31:00.000Z,ARRIVAL,26,TRAFFIC,VENDOR,false
TNT_001,DLY_TRP_0044275,TRP_0044275,2026-08-24T14:46:00.000Z,ARRIVAL,45,DRIVER_LATE,GPS,false
TNT_002,DLY_TRP_0044276,TRP_0044276,2026-08-25T09:10:00.000Z,ARRIVAL,16,VEHICLE_ISSUE,VENDOR,false
TNT_002,DLY_TRP_0044277,TRP_0044277,2026-08-26T06:16:00.000Z,ARRIVAL,25,ROUTE_DEVIATION,GPS,false
TNT_003,DLY_TRP_0044282,TRP_0044282,2026-06-02T22:49:00.000Z,ARRIVAL,35,VEHICLE_ISSUE,GPS,false
TNT_001,DLY_TRP_0044294,TRP_0044294,2026-06-14T14:30:00.000Z,ARRIVAL,18,TRAFFIC,GPS,false
TNT_001,DLY_TRP_0044299,TRP_0044299,2026-06-19T09:42:00.000Z,ARRIVAL,25,WEATHER,GPS,false
TNT_002,DLY_TRP_0044308,TRP_0044308,2026-06-28T22:18:00.000Z,ARRIVAL,49,TRAFFIC,VENDOR,false
TNT_002,DLY_TRP_0044309,TRP_0044309,2026-06-29T09:18:00.000Z,ARRIVAL,28,DRIVER_LATE,GPS,false
TNT_001,DLY_TRP_0044330,TRP_0044330,2026-07-20T14:52:00.000Z,ARRIVAL,22,TRAFFIC,GPS,false
TNT_001,DLY_TRP_0044341,TRP_0044341,2026-07-31T07:00:00.000Z,ARRIVAL,28,DRIVER_LATE,VENDOR,false
TNT_001,DLY_TRP_0044343,TRP_0044343,2026-08-02T07:00:00.000Z,ARRIVAL,45,DRIVER_LATE,VENDOR,false
TNT_002,DLY_TRP_0044348,TRP_0044348,2026-08-07T05:58:00.000Z,ARRIVAL,17,TRAFFIC,GPS,false
TNT_001,DLY_TRP_0044352,TRP_0044352,2026-08-11T10:19:00.000Z,ARRIVAL,46,TRAFFIC,VENDOR,false
TNT_001,DLY_TRP_0044365,TRP_0044365,2026-08-24T22:52:00.000Z,ARRIVAL,58,TRAFFIC,GPS,false
TNT_001,DLY_TRP_0044372,TRP_0044372,2026-06-02T06:26:00.000Z,ARRIVAL,31,TRAFFIC,GPS,false
TNT_001,DLY_TRP_0044379,TRP_0044379,2026-06-09T22:55:00.000Z,ARRIVAL,35,WEATHER,GPS,false
TNT_001,DLY_TRP_0044381,TRP_0044381,2026-06-11T06:54:00.000Z,ARRIVAL,32,VEHICLE_ISSUE,GPS,false
TNT_003,DLY_TRP_0044392,TRP_0044392,2026-06-22T06:54:00.000Z,ARRIVAL,41,DRIVER_LATE,GPS,false
TNT_002,DLY_TRP_0044424,TRP_0044424,2026-07-24T09:47:00.000Z,ARRIVAL,55,DRIVER_LATE,VENDOR,false
TNT_001,DLY_TRP_0044426,TRP_0044426,2026-07-26T15:14:00.000Z,ARRIVAL,56,TRAFFIC,OPS,false
TNT_001,DLY_TRP_0044427,TRP_0044427,2026-07-27T06:53:00.000Z,ARRIVAL,46,VEHICLE_ISSUE,GPS,false
TNT_002,DLY_TRP_0044445,TRP_0044445,2026-08-14T09:25:00.000Z,ARRIVAL,44,WEATHER,GPS,false
TNT_001,DLY_TRP_0044453,TRP_0044453,2026-08-22T22:53:00.000Z,ARRIVAL,26,WEATHER,GPS,false
TNT_001,DLY_TRP_0044476,TRP_0044476,2026-06-16T10:02:00.000Z,ARRIVAL,31,ROUTE_DEVIATION,VENDOR,false
TNT_001,DLY_TRP_0044478,TRP_0044478,2026-06-18T23:33:00.000Z,ARRIVAL,47,VEHICLE_ISSUE,GPS,false
TNT_001,DLY_TRP_0044480,TRP_0044480,2026-06-20T06:58:00.000Z,ARRIVAL,54,WEATHER,VENDOR,false
TNT_001,DLY_TRP_0044482,TRP_0044482,2026-06-22T22:26:00.000Z,ARRIVAL,31,WEATHER,GPS,false
TNT_001,DLY_TRP_0044483,TRP_0044483,2026-06-23T06:46:00.000Z,ARRIVAL,29,WEATHER,GPS,false
TNT_001,DLY_TRP_0044524,TRP_0044524,2026-08-03T22:59:00.000Z,ARRIVAL,19,WEATHER,GPS,true
TNT_001,DLY_TRP_0044535,TRP_0044535,2026-08-14T22:40:00.000Z,ARRIVAL,27,WEATHER,GPS,false
TNT_002,DLY_TRP_0044541,TRP_0044541,2026-08-20T06:34:00.000Z,ARRIVAL,50,DRIVER_LATE,VENDOR,false
TNT_001,DLY_TRP_0044545,TRP_0044545,2026-08-24T22:41:00.000Z,ARRIVAL,25,DRIVER_LATE,GPS,false
TNT_001,DLY_TRP_0044550,TRP_0044550,2026-08-29T09:55:00.000Z,ARRIVAL,49,TRAFFIC,GPS,false
TNT_001,DLY_TRP_0044552,TRP_0044552,2026-06-02T09:47:00.000Z,ARRIVAL,23,VEHICLE_ISSUE,OPS,false
TNT_001,DLY_TRP_0044561,TRP_0044561,2026-06-11T10:02:00.000Z,ARRIVAL,35,DRIVER_LATE,OPS,false
TNT_001,DLY_TRP_0044567,TRP_0044567,2026-06-17T09:22:00.000Z,ARRIVAL,14,TRAFFIC,OPS,false
TNT_002,DLY_TRP_0044569,TRP_0044569,2026-06-19T14:35:00.000Z,ARRIVAL,28,TRAFFIC,VENDOR,false
TNT_001,DLY_TRP_0044583,TRP_0044583,2026-07-03T09:45:00.000Z,ARRIVAL,15,TRAFFIC,VENDOR,false
TNT_001,DLY_TRP_0044584,TRP_0044584,2026-07-04T09:26:00.000Z,ARRIVAL,42,ROUTE_DEVIATION,GPS,false
TNT_001,DLY_TRP_0044587,TRP_0044587,2026-07-07T22:51:00.000Z,ARRIVAL,30,WEATHER,GPS,false
TNT_001,DLY_TRP_0044599,TRP_0044599,2026-07-19T14:18:00.000Z,ARRIVAL,17,TRAFFIC,GPS,false
TNT_001,DLY_TRP_0044602,TRP_0044602,2026-07-22T22:47:00.000Z,ARRIVAL,14,WEATHER,GPS,false
TNT_001,DLY_TRP_0044605,TRP_0044605,2026-07-25T14:49:00.000Z,ARRIVAL,57,ROUTE_DEVIATION,VENDOR,false
TNT_002,DLY_TRP_0044609,TRP_0044609,2026-07-29T14:45:00.000Z,ARRIVAL,30,DRIVER_LATE,GPS,false
TNT_001,DLY_TRP_0044633,TRP_0044633,2026-08-22T14:40:00.000Z,ARRIVAL,25,TRAFFIC,VENDOR,false
TNT_001,DLY_TRP_0044634,TRP_0044634,2026-08-23T09:10:00.000Z,ARRIVAL,33,ROUTE_DEVIATION,VENDOR,false
TNT_003,DLY_TRP_0044636,TRP_0044636,2026-08-25T09:27:00.000Z,ARRIVAL,35,WEATHER,GPS,false
TNT_001,DLY_TRP_0044652,TRP_0044652,2026-06-12T15:04:00.000Z,ARRIVAL,16,WEATHER,GPS,false
TNT_001,DLY_TRP_0044661,TRP_0044661,2026-06-21T15:13:00.000Z,ARRIVAL,54,WEATHER,GPS,false
TNT_002,DLY_TRP_0044667,TRP_0044667,2026-06-27T06:32:00.000Z,ARRIVAL,30,TRAFFIC,OPS,true
TNT_002,DLY_TRP_0044675,TRP_0044675,2026-07-05T09:39:00.000Z,ARRIVAL,56,ROUTE_DEVIATION,GPS,false
TNT_001,DLY_TRP_0044677,TRP_0044677,2026-07-07T14:54:00.000Z,ARRIVAL,39,TRAFFIC,VENDOR,false
TNT_001,DLY_TRP_0044692,TRP_0044692,2026-07-22T14:56:00.000Z,ARRIVAL,41,DRIVER_LATE,GPS,false
TNT_001,DLY_TRP_0044704,TRP_0044704,2026-08-03T10:06:00.000Z,ARRIVAL,31,VEHICLE_ISSUE,GPS,false
TNT_001,DLY_TRP_0044707,TRP_0044707,2026-08-06T14:26:00.000Z,ARRIVAL,23,WEATHER,GPS,false
TNT_001,DLY_TRP_0044708,TRP_0044708,2026-08-07T06:45:00.000Z,ARRIVAL,53,DRIVER_LATE,GPS,false
TNT_001,DLY_TRP_0044712,TRP_0044712,2026-08-11T10:15:00.000Z,ARRIVAL,31,WEATHER,GPS,false
TNT_002,DLY_TRP_0044714,TRP_0044714,2026-08-13T06:15:00.000Z,ARRIVAL,27,TRAFFIC,GPS,false
TNT_002,DLY_TRP_0044715,TRP_0044715,2026-08-14T06:40:00.000Z,ARRIVAL,18,TRAFFIC,GPS,false
TNT_001,DLY_TRP_0044720,TRP_0044720,2026-08-19T07:10:00.000Z,ARRIVAL,54,DRIVER_LATE,GPS,false
TNT_001,DLY_TRP_0044724,TRP_0044724,2026-08-23T06:32:00.000Z,ARRIVAL,29,WEATHER,VENDOR,false
TNT_001,DLY_TRP_0044735,TRP_0044735,2026-06-05T14:49:00.000Z,ARRIVAL,55,ROUTE_DEVIATION,VENDOR,false
TNT_003,DLY_TRP_0044736,TRP_0044736,2026-06-06T09:24:00.000Z,ARRIVAL,31,WEATHER,VENDOR,false
TNT_001,DLY_TRP_0044737,TRP_0044737,2026-06-07T22:52:00.000Z,ARRIVAL,46,WEATHER,VENDOR,false
TNT_002,DLY_TRP_0044741,TRP_0044741,2026-06-11T09:30:00.000Z,ARRIVAL,37,TRAFFIC,GPS,false
TNT_003,DLY_TRP_0044749,TRP_0044749,2026-06-19T09:56:00.000Z,ARRIVAL,25,DRIVER_LATE,GPS,false
TNT_002,DLY_TRP_0044753,TRP_0044753,2026-06-23T10:01:00.000Z,ARRIVAL,43,VEHICLE_ISSUE,GPS,false
TNT_001,DLY_TRP_0044759,TRP_0044759,2026-06-29T22:51:00.000Z,ARRIVAL,46,WEATHER,GPS,false
TNT_001,DLY_TRP_0044762,TRP_0044762,2026-07-02T09:38:00.000Z,ARRIVAL,27,ROUTE_DEVIATION,VENDOR,false
TNT_001,DLY_TRP_0044764,TRP_0044764,2026-07-04T22:02:00.000Z,ARRIVAL,14,DRIVER_LATE,GPS,false
TNT_002,DLY_TRP_0044767,TRP_0044767,2026-07-07T22:35:00.000Z,ARRIVAL,28,TRAFFIC,GPS,false
TNT_001,DLY_TRP_0044773,TRP_0044773,2026-07-13T06:13:00.000Z,ARRIVAL,35,TRAFFIC,GPS,false
TNT_003,DLY_TRP_0044785,TRP_0044785,2026-07-25T06:36:00.000Z,ARRIVAL,28,WEATHER,GPS,false
TNT_002,DLY_TRP_0044799,TRP_0044799,2026-08-08T14:08:00.000Z,ARRIVAL,16,ROUTE_DEVIATION,GPS,false
TNT_003,DLY_TRP_0044808,TRP_0044808,2026-08-17T09:40:00.000Z,ARRIVAL,54,TRAFFIC,OPS,true
TNT_001,DLY_TRP_0044809,TRP_0044809,2026-08-18T06:49:00.000Z,ARRIVAL,16,TRAFFIC,GPS,false
TNT_001,DLY_TRP_0044812,TRP_0044812,2026-08-21T22:51:00.000Z,ARRIVAL,46,DRIVER_LATE,GPS,false
TNT_001,DLY_TRP_0044817,TRP_0044817,2026-08-26T06:29:00.000Z,ARRIVAL,26,TRAFFIC,GPS,false
TNT_001,DLY_TRP_0044818,TRP_0044818,2026-08-27T06:44:00.000Z,ARRIVAL,16,ROUTE_DEVIATION,VENDOR,false
TNT_001,DLY_TRP_0044821,TRP_0044821,2026-06-01T22:25:00.000Z,ARRIVAL,16,WEATHER,GPS,false
TNT_003,DLY_TRP_0044828,TRP_0044828,2026-06-08T06:50:00.000Z,ARRIVAL,34,TRAFFIC,GPS,false
TNT_003,DLY_TRP_0044833,TRP_0044833,2026-06-13T14:46:00.000Z,ARRIVAL,37,ROUTE_DEVIATION,GPS,false
TNT_003,DLY_TRP_0044836,TRP_0044836,2026-06-16T06:35:00.000Z,ARRIVAL,44,VEHICLE_ISSUE,GPS,false
TNT_001,DLY_TRP_0044847,TRP_0044847,2026-06-27T23:00:00.000Z,ARRIVAL,53,WEATHER,OPS,false
TNT_001,DLY_TRP_0044851,TRP_0044851,2026-07-01T06:57:00.000Z,ARRIVAL,30,TRAFFIC,GPS,false
TNT_002,DLY_TRP_0044860,TRP_0044860,2026-07-10T09:33:00.000Z,ARRIVAL,40,TRAFFIC,GPS,false
TNT_001,DLY_TRP_0044861,TRP_0044861,2026-07-11T06:25:00.000Z,ARRIVAL,44,DRIVER_LATE,GPS,false
TNT_001,DLY_TRP_0044863,TRP_0044863,2026-07-13T22:35:00.000Z,ARRIVAL,49,ROUTE_DEVIATION,GPS,false
TNT_002,DLY_TRP_0044866,TRP_0044866,2026-07-16T09:27:00.000Z,ARRIVAL,41,DRIVER_LATE,GPS,false
TNT_002,DLY_TRP_0044869,TRP_0044869,2026-07-19T09:24:00.000Z,ARRIVAL,56,TRAFFIC,VENDOR,false
TNT_003,DLY_TRP_0044870,TRP_0044870,2026-07-20T23:14:00.000Z,ARRIVAL,54,DRIVER_LATE,OPS,false
TNT_001,DLY_TRP_0044872,TRP_0044872,2026-07-22T15:14:00.000Z,ARRIVAL,40,WEATHER,VENDOR,false
TNT_001,DLY_TRP_0044889,TRP_0044889,2026-08-08T22:56:00.000Z,ARRIVAL,52,WEATHER,OPS,false
TNT_001,DLY_TRP_0044891,TRP_0044891,2026-08-10T09:31:00.000Z,ARRIVAL,44,TRAFFIC,GPS,true
TNT_002,DLY_TRP_0044893,TRP_0044893,2026-08-12T09:28:00.000Z,ARRIVAL,46,DRIVER_LATE,VENDOR,false
TNT_001,DLY_TRP_0044902,TRP_0044902,2026-08-21T10:17:00.000Z,ARRIVAL,49,TRAFFIC,VENDOR,false
TNT_001,DLY_TRP_0044908,TRP_0044908,2026-08-27T23:17:00.000Z,ARRIVAL,40,VEHICLE_ISSUE,GPS,false
TNT_002,DLY_TRP_0044909,TRP_0044909,2026-08-28T09:43:00.000Z,ARRIVAL,41,DRIVER_LATE,VENDOR,false
TNT_001,DLY_TRP_0044910,TRP_0044910,2026-08-29T06:07:00.000Z,ARRIVAL,20,DRIVER_LATE,OPS,false
TNT_001,DLY_TRP_0044915,TRP_0044915,2026-06-05T10:05:00.000Z,ARRIVAL,45,TRAFFIC,GPS,false
TNT_001,DLY_TRP_0044936,TRP_0044936,2026-06-26T09:22:00.000Z,ARRIVAL,26,WEATHER,GPS,false
TNT_002,DLY_TRP_0044940,TRP_0044940,2026-06-30T22:37:00.000Z,ARRIVAL,29,ROUTE_DEVIATION,GPS,false
TNT_001,DLY_TRP_0044942,TRP_0044942,2026-07-02T21:56:00.000Z,ARRIVAL,27,TRAFFIC,OPS,false
TNT_001,DLY_TRP_0044943,TRP_0044943,2026-07-03T09:51:00.000Z,ARRIVAL,58,ROUTE_DEVIATION,GPS,false
TNT_001,DLY_TRP_0044944,TRP_0044944,2026-07-04T06:07:00.000Z,ARRIVAL,12,DRIVER_LATE,GPS,false
TNT_003,DLY_TRP_0044946,TRP_0044946,2026-07-06T10:12:00.000Z,ARRIVAL,34,VEHICLE_ISSUE,OPS,false
TNT_002,DLY_TRP_0044949,TRP_0044949,2026-07-09T14:30:00.000Z,ARRIVAL,58,VEHICLE_ISSUE,GPS,false
TNT_001,DLY_TRP_0044959,TRP_0044959,2026-07-19T06:29:00.000Z,ARRIVAL,47,ROUTE_DEVIATION,VENDOR,false
TNT_003,DLY_TRP_0044960,TRP_0044960,2026-07-20T22:49:00.000Z,ARRIVAL,54,ROUTE_DEVIATION,VENDOR,false
TNT_001,DLY_TRP_0044961,TRP_0044961,2026-07-21T09:55:00.000Z,ARRIVAL,27,VEHICLE_ISSUE,OPS,false
TNT_001,DLY_TRP_0044963,TRP_0044963,2026-07-23T14:58:00.000Z,ARRIVAL,48,DRIVER_LATE,GPS,false
TNT_002,DLY_TRP_0044965,TRP_0044965,2026-07-25T22:53:00.000Z,ARRIVAL,47,WEATHER,VENDOR,false
TNT_001,DLY_TRP_0044966,TRP_0044966,2026-07-26T09:59:00.000Z,ARRIVAL,42,TRAFFIC,GPS,false
TNT_001,DLY_TRP_0044969,TRP_0044969,2026-07-29T22:59:00.000Z,ARRIVAL,50,WEATHER,GPS,false
TNT_001,DLY_TRP_0044970,TRP_0044970,2026-07-30T22:06:00.000Z,ARRIVAL,18,TRAFFIC,GPS,false
TNT_001,DLY_TRP_0044991,TRP_0044991,2026-08-20T06:37:00.000Z,ARRIVAL,47,DRIVER_LATE,OPS,false
TNT_001,DLY_TRP_0044994,TRP_0044994,2026-08-23T22:38:00.000Z,ARRIVAL,41,WEATHER,VENDOR,false
TNT_001,DLY_TRP_0044995,TRP_0044995,2026-08-24T22:42:00.000Z,ARRIVAL,23,VEHICLE_ISSUE,GPS,false
TNT_002,DLY_TRP_0045010,TRP_0045010,2026-06-10T14:31:00.000Z,ARRIVAL,12,VEHICLE_ISSUE,GPS,false
TNT_001,DLY_TRP_0045011,TRP_0045011,2026-06-11T09:19:00.000Z,ARRIVAL,24,VEHICLE_ISSUE,GPS,false
TNT_001,DLY_TRP_0045018,TRP_0045018,2026-06-18T22:19:00.000Z,ARRIVAL,15,DRIVER_LATE,GPS,false
TNT_001,DLY_TRP_0045025,TRP_0045025,2026-06-25T22:25:00.000Z,ARRIVAL,46,WEATHER,GPS,false
TNT_001,DLY_TRP_0045028,TRP_0045028,2026-06-28T06:41:00.000Z,ARRIVAL,41,DRIVER_LATE,GPS,false
TNT_002,DLY_TRP_0045029,TRP_0045029,2026-06-29T06:12:00.000Z,ARRIVAL,16,ROUTE_DEVIATION,GPS,false
TNT_002,DLY_TRP_0045034,TRP_0045034,2026-07-04T14:02:00.000Z,ARRIVAL,28,TRAFFIC,OPS,false
TNT_002,DLY_TRP_0045036,TRP_0045036,2026-07-06T09:18:00.000Z,ARRIVAL,20,TRAFFIC,GPS,false
TNT_001,DLY_TRP_0045058,TRP_0045058,2026-07-28T10:31:00.000Z,ARRIVAL,57,TRAFFIC,GPS,false
TNT_001,DLY_TRP_0045067,TRP_0045067,2026-08-06T22:59:00.000Z,ARRIVAL,42,TRAFFIC,GPS,false
TNT_001,DLY_TRP_0045076,TRP_0045076,2026-08-15T10:17:00.000Z,ARRIVAL,54,WEATHER,GPS,false
TNT_003,DLY_TRP_0045078,TRP_0045078,2026-08-17T06:55:00.000Z,ARRIVAL,37,ROUTE_DEVIATION,GPS,false
TNT_002,DLY_TRP_0045092,TRP_0045092,2026-06-02T06:34:00.000Z,ARRIVAL,45,DRIVER_LATE,GPS,false
TNT_001,DLY_TRP_0045146,TRP_0045146,2026-07-26T06:34:00.000Z,ARRIVAL,25,WEATHER,VENDOR,false
TNT_001,DLY_TRP_0045159,TRP_0045159,2026-08-08T06:09:00.000Z,ARRIVAL,28,WEATHER,OPS,false
TNT_002,DLY_TRP_0045162,TRP_0045162,2026-08-11T14:21:00.000Z,ARRIVAL,15,WEATHER,GPS,false
TNT_002,DLY_TRP_0045168,TRP_0045168,2026-08-17T08:59:00.000Z,ARRIVAL,16,TRAFFIC,GPS,false
TNT_001,DLY_TRP_0045175,TRP_0045175,2026-08-24T23:21:00.000Z,ARRIVAL,58,DRIVER_LATE,VENDOR,false
TNT_002,DLY_TRP_0045181,TRP_0045181,2026-06-01T09:26:00.000Z,ARRIVAL,27,TRAFFIC,GPS,false
TNT_001,DLY_TRP_0045185,TRP_0045185,2026-06-05T10:07:00.000Z,ARRIVAL,56,TRAFFIC,GPS,false
TNT_003,DLY_TRP_0045188,TRP_0045188,2026-06-08T09:49:00.000Z,ARRIVAL,54,VEHICLE_ISSUE,OPS,false
TNT_002,DLY_TRP_0045202,TRP_0045202,2026-06-22T06:42:00.000Z,ARRIVAL,35,DRIVER_LATE,GPS,false
TNT_001,DLY_TRP_0045204,TRP_0045204,2026-06-24T23:21:00.000Z,ARRIVAL,58,TRAFFIC,OPS,false
TNT_001,DLY_TRP_0045207,TRP_0045207,2026-06-27T13:57:00.000Z,ARRIVAL,16,DRIVER_LATE,VENDOR,false
TNT_002,DLY_TRP_0045209,TRP_0045209,2026-06-29T09:23:00.000Z,ARRIVAL,45,DRIVER_LATE,GPS,false
TNT_001,DLY_TRP_0045216,TRP_0045216,2026-07-06T06:30:00.000Z,ARRIVAL,20,ROUTE_DEVIATION,GPS,false
TNT_001,DLY_TRP_0045222,TRP_0045222,2026-07-12T09:57:00.000Z,ARRIVAL,14,ROUTE_DEVIATION,OPS,true
TNT_001,DLY_TRP_0045231,TRP_0045231,2026-07-21T15:13:00.000Z,ARRIVAL,42,TRAFFIC,GPS,false
TNT_002,DLY_TRP_0045244,TRP_0045244,2026-08-03T14:27:00.000Z,ARRIVAL,33,TRAFFIC,GPS,false
TNT_001,DLY_TRP_0045251,TRP_0045251,2026-08-10T15:19:00.000Z,ARRIVAL,46,VEHICLE_ISSUE,GPS,false
TNT_003,DLY_TRP_0045253,TRP_0045253,2026-08-12T09:43:00.000Z,ARRIVAL,29,TRAFFIC,GPS,false
TNT_001,DLY_TRP_0045262,TRP_0045262,2026-08-21T15:16:00.000Z,ARRIVAL,58,WEATHER,GPS,false
TNT_002,DLY_TRP_0045264,TRP_0045264,2026-08-23T06:43:00.000Z,ARRIVAL,54,DRIVER_LATE,GPS,false
TNT_002,DLY_TRP_0045268,TRP_0045268,2026-08-27T07:04:00.000Z,ARRIVAL,56,TRAFFIC,OPS,false
TNT_001,DLY_TRP_0045269,TRP_0045269,2026-08-28T23:06:00.000Z,ARRIVAL,30,DRIVER_LATE,GPS,false
TNT_001,DLY_TRP_0045271,TRP_0045271,2026-06-01T22:33:00.000Z,ARRIVAL,14,WEATHER,GPS,false
TNT_001,DLY_TRP_0045283,TRP_0045283,2026-06-13T10:05:00.000Z,ARRIVAL,17,ROUTE_DEVIATION,VENDOR,false
TNT_003,DLY_TRP_0045286,TRP_0045286,2026-06-16T22:51:00.000Z,ARRIVAL,43,ROUTE_DEVIATION,OPS,false
TNT_001,DLY_TRP_0045292,TRP_0045292,2026-06-22T10:07:00.000Z,ARRIVAL,42,TRAFFIC,OPS,false
TNT_002,DLY_TRP_0045293,TRP_0045293,2026-06-23T13:57:00.000Z,ARRIVAL,23,WEATHER,GPS,false
TNT_001,DLY_TRP_0045296,TRP_0045296,2026-06-26T09:21:00.000Z,ARRIVAL,38,ROUTE_DEVIATION,GPS,false
TNT_001,DLY_TRP_0045298,TRP_0045298,2026-06-28T09:49:00.000Z,ARRIVAL,39,DRIVER_LATE,GPS,false
TNT_003,DLY_TRP_0045301,TRP_0045301,2026-07-01T09:21:00.000Z,ARRIVAL,30,DRIVER_LATE,VENDOR,false
TNT_003,DLY_TRP_0045302,TRP_0045302,2026-07-02T06:21:00.000Z,ARRIVAL,11,WEATHER,OPS,false
TNT_003,DLY_TRP_0045308,TRP_0045308,2026-07-08T06:33:00.000Z,ARRIVAL,18,TRAFFIC,GPS,false
TNT_002,DLY_TRP_0045312,TRP_0045312,2026-07-12T22:50:00.000Z,ARRIVAL,35,ROUTE_DEVIATION,VENDOR,false
TNT_001,DLY_TRP_0045318,TRP_0045318,2026-07-18T09:39:00.000Z,ARRIVAL,32,VEHICLE_ISSUE,GPS,false
TNT_003,DLY_TRP_0045328,TRP_0045328,2026-07-28T22:45:00.000Z,ARRIVAL,48,TRAFFIC,GPS,false
TNT_001,DLY_TRP_0045329,TRP_0045329,2026-07-29T09:39:00.000Z,ARRIVAL,27,ROUTE_DEVIATION,GPS,false
TNT_002,DLY_TRP_0045333,TRP_0045333,2026-08-02T09:42:00.000Z,ARRIVAL,34,TRAFFIC,GPS,false
TNT_001,DLY_TRP_0045339,TRP_0045339,2026-08-08T09:29:00.000Z,ARRIVAL,26,WEATHER,GPS,false
TNT_001,DLY_TRP_0045343,TRP_0045343,2026-08-12T14:25:00.000Z,ARRIVAL,45,ROUTE_DEVIATION,VENDOR,false
TNT_001,DLY_TRP_0045346,TRP_0045346,2026-08-15T10:13:00.000Z,ARRIVAL,51,TRAFFIC,VENDOR,false
TNT_001,DLY_TRP_0045351,TRP_0045351,2026-08-20T23:04:00.000Z,ARRIVAL,45,TRAFFIC,GPS,false
TNT_001,DLY_TRP_0045354,TRP_0045354,2026-08-23T07:09:00.000Z,ARRIVAL,57,TRAFFIC,VENDOR,false
TNT_001,DLY_TRP_0045361,TRP_0045361,2026-06-01T09:50:00.000Z,ARRIVAL,55,TRAFFIC,OPS,false
TNT_002,DLY_TRP_0045363,TRP_0045363,2026-06-03T06:21:00.000Z,ARRIVAL,26,ROUTE_DEVIATION,OPS,false
TNT_001,DLY_TRP_0045374,TRP_0045374,2026-06-14T14:34:00.000Z,ARRIVAL,40,WEATHER,VENDOR,false
TNT_001,DLY_TRP_0045376,TRP_0045376,2026-06-16T10:28:00.000Z,ARRIVAL,56,TRAFFIC,GPS,false
TNT_002,DLY_TRP_0045379,TRP_0045379,2026-06-19T15:48:00.000Z,ARRIVAL,57,DRIVER_LATE,VENDOR,false
TNT_002,DLY_TRP_0045388,TRP_0045388,2026-06-28T09:17:00.000Z,ARRIVAL,19,TRAFFIC,OPS,false
TNT_002,DLY_TRP_0045395,TRP_0045395,2026-07-05T09:10:00.000Z,ARRIVAL,43,WEATHER,GPS,false
TNT_001,DLY_TRP_0045403,TRP_0045403,2026-07-13T23:07:00.000Z,ARRIVAL,32,DRIVER_LATE,VENDOR,false
TNT_001,DLY_TRP_0045404,TRP_0045404,2026-07-14T14:33:00.000Z,ARRIVAL,17,WEATHER,GPS,false
TNT_001,DLY_TRP_0045411,TRP_0045411,2026-07-21T10:02:00.000Z,ARRIVAL,51,VEHICLE_ISSUE,GPS,false
TNT_001,DLY_TRP_0045424,TRP_0045424,2026-08-03T09:02:00.000Z,ARRIVAL,23,ROUTE_DEVIATION,GPS,false
TNT_003,DLY_TRP_0045433,TRP_0045433,2026-08-12T15:17:00.000Z,ARRIVAL,24,VEHICLE_ISSUE,GPS,false
TNT_001,DLY_TRP_0045437,TRP_0045437,2026-08-16T09:14:00.000Z,ARRIVAL,41,VEHICLE_ISSUE,GPS,false
TNT_001,DLY_TRP_0045455,TRP_0045455,2026-06-05T09:14:00.000Z,ARRIVAL,14,TRAFFIC,GPS,false
TNT_001,DLY_TRP_0045461,TRP_0045461,2026-06-11T06:56:00.000Z,ARRIVAL,40,WEATHER,GPS,false
TNT_001,DLY_TRP_0045463,TRP_0045463,2026-06-13T10:22:00.000Z,ARRIVAL,53,WEATHER,OPS,false
TNT_001,DLY_TRP_0045464,TRP_0045464,2026-06-14T14:58:00.000Z,ARRIVAL,12,TRAFFIC,GPS,false
TNT_001,DLY_TRP_0045467,TRP_0045467,2026-06-17T10:02:00.000Z,ARRIVAL,11,TRAFFIC,GPS,false
TNT_003,DLY_TRP_0045475,TRP_0045475,2026-06-25T09:36:00.000Z,ARRIVAL,21,WEATHER,GPS,false
TNT_001,DLY_TRP_0045481,TRP_0045481,2026-07-01T15:05:00.000Z,ARRIVAL,24,WEATHER,OPS,false
TNT_003,DLY_TRP_0045497,TRP_0045497,2026-07-17T10:07:00.000Z,ARRIVAL,50,WEATHER,GPS,false
TNT_001,DLY_TRP_0045503,TRP_0045503,2026-07-23T10:03:00.000Z,ARRIVAL,39,TRAFFIC,VENDOR,false
TNT_001,DLY_TRP_0045520,TRP_0045520,2026-08-09T10:10:00.000Z,ARRIVAL,52,ROUTE_DEVIATION,OPS,false
TNT_002,DLY_TRP_0045528,TRP_0045528,2026-08-17T09:23:00.000Z,ARRIVAL,50,DRIVER_LATE,GPS,false
TNT_001,DLY_TRP_0045533,TRP_0045533,2026-08-22T06:45:00.000Z,ARRIVAL,13,ROUTE_DEVIATION,GPS,false
TNT_001,DLY_TRP_0045534,TRP_0045534,2026-08-23T22:21:00.000Z,ARRIVAL,18,DRIVER_LATE,VENDOR,false
TNT_001,DLY_TRP_0045541,TRP_0045541,2026-06-01T22:44:00.000Z,ARRIVAL,42,ROUTE_DEVIATION,GPS,false
TNT_002,DLY_TRP_0045556,TRP_0045556,2026-06-16T22:25:00.000Z,ARRIVAL,46,TRAFFIC,GPS,false
TNT_002,DLY_TRP_0045565,TRP_0045565,2026-06-25T14:47:00.000Z,ARRIVAL,54,VEHICLE_ISSUE,GPS,false
TNT_001,DLY_TRP_0045566,TRP_0045566,2026-06-26T05:39:00.000Z,ARRIVAL,18,WEATHER,GPS,false
TNT_003,DLY_TRP_0045578,TRP_0045578,2026-07-08T23:08:00.000Z,ARRIVAL,57,ROUTE_DEVIATION,OPS,false
TNT_002,DLY_TRP_0045587,TRP_0045587,2026-07-17T09:59:00.000Z,ARRIVAL,39,TRAFFIC,VENDOR,false
TNT_001,DLY_TRP_0045597,TRP_0045597,2026-07-27T14:40:00.000Z,ARRIVAL,54,DRIVER_LATE,GPS,false
TNT_002,DLY_TRP_0045611,TRP_0045611,2026-08-10T14:25:00.000Z,ARRIVAL,40,DRIVER_LATE,VENDOR,false
TNT_001,DLY_TRP_0045617,TRP_0045617,2026-08-16T22:53:00.000Z,ARRIVAL,49,TRAFFIC,OPS,false
TNT_002,DLY_TRP_0045634,TRP_0045634,2026-06-04T14:32:00.000Z,ARRIVAL,45,ROUTE_DEVIATION,GPS,false
TNT_001,DLY_TRP_0045671,TRP_0045671,2026-07-11T09:26:00.000Z,ARRIVAL,31,WEATHER,GPS,false
TNT_002,DLY_TRP_0045674,TRP_0045674,2026-07-14T06:46:00.000Z,ARRIVAL,23,TRAFFIC,VENDOR,false
TNT_001,DLY_TRP_0045685,TRP_0045685,2026-07-25T06:11:00.000Z,ARRIVAL,12,ROUTE_DEVIATION,GPS,false
TNT_003,DLY_TRP_0045686,TRP_0045686,2026-07-26T22:40:00.000Z,ARRIVAL,22,ROUTE_DEVIATION,VENDOR,false
TNT_003,DLY_TRP_0045690,TRP_0045690,2026-07-30T09:26:00.000Z,ARRIVAL,34,ROUTE_DEVIATION,VENDOR,false
TNT_002,DLY_TRP_0045696,TRP_0045696,2026-08-05T06:52:00.000Z,ARRIVAL,56,TRAFFIC,VENDOR,false
TNT_001,DLY_TRP_0045719,TRP_0045719,2026-08-28T23:06:00.000Z,ARRIVAL,31,DRIVER_LATE,VENDOR,false
TNT_001,DLY_TRP_0045720,TRP_0045720,2026-08-29T09:59:00.000Z,ARRIVAL,55,TRAFFIC,OPS,false
TNT_001,DLY_TRP_0045722,TRP_0045722,2026-06-02T22:48:00.000Z,ARRIVAL,16,ROUTE_DEVIATION,VENDOR,false
TNT_002,DLY_TRP_0045727,TRP_0045727,2026-06-07T09:40:00.000Z,ARRIVAL,57,TRAFFIC,VENDOR,false
TNT_001,DLY_TRP_0045740,TRP_0045740,2026-06-20T09:52:00.000Z,ARRIVAL,35,DRIVER_LATE,GPS,false
TNT_001,DLY_TRP_0045742,TRP_0045742,2026-06-22T22:27:00.000Z,ARRIVAL,20,VEHICLE_ISSUE,VENDOR,false
TNT_001,DLY_TRP_0045744,TRP_0045744,2026-06-24T10:09:00.000Z,ARRIVAL,52,TRAFFIC,VENDOR,false
TNT_001,DLY_TRP_0045747,TRP_0045747,2026-06-27T22:16:00.000Z,ARRIVAL,13,TRAFFIC,GPS,false
TNT_003,DLY_TRP_0045748,TRP_0045748,2026-06-28T14:55:00.000Z,ARRIVAL,26,DRIVER_LATE,GPS,false
TNT_002,DLY_TRP_0045754,TRP_0045754,2026-07-04T07:00:00.000Z,ARRIVAL,57,ROUTE_DEVIATION,VENDOR,false
TNT_002,DLY_TRP_0045755,TRP_0045755,2026-07-05T07:01:00.000Z,ARRIVAL,57,TRAFFIC,GPS,false
TNT_001,DLY_TRP_0045760,TRP_0045760,2026-07-10T06:05:00.000Z,ARRIVAL,11,DRIVER_LATE,GPS,false
TNT_002,DLY_TRP_0045761,TRP_0045761,2026-07-11T09:28:00.000Z,ARRIVAL,20,WEATHER,GPS,false
TNT_001,DLY_TRP_0045767,TRP_0045767,2026-07-17T07:20:00.000Z,ARRIVAL,58,VEHICLE_ISSUE,GPS,false
TNT_001,DLY_TRP_0045771,TRP_0045771,2026-07-21T10:15:00.000Z,ARRIVAL,38,TRAFFIC,VENDOR,false
TNT_001,DLY_TRP_0045773,TRP_0045773,2026-07-23T14:31:00.000Z,ARRIVAL,51,ROUTE_DEVIATION,GPS,false
TNT_002,DLY_TRP_0045783,TRP_0045783,2026-08-02T22:33:00.000Z,ARRIVAL,43,ROUTE_DEVIATION,GPS,false
TNT_001,DLY_TRP_0045791,TRP_0045791,2026-08-10T09:32:00.000Z,ARRIVAL,35,ROUTE_DEVIATION,GPS,false
TNT_001,DLY_TRP_0045793,TRP_0045793,2026-08-12T14:41:00.000Z,ARRIVAL,49,VEHICLE_ISSUE,GPS,false
TNT_002,DLY_TRP_0045796,TRP_0045796,2026-08-15T06:44:00.000Z,ARRIVAL,27,DRIVER_LATE,GPS,false
TNT_001,DLY_TRP_0045797,TRP_0045797,2026-08-16T10:14:00.000Z,ARRIVAL,39,TRAFFIC,GPS,false
TNT_002,DLY_TRP_0045798,TRP_0045798,2026-08-17T09:29:00.000Z,ARRIVAL,48,DRIVER_LATE,GPS,false
TNT_001,DLY_TRP_0045803,TRP_0045803,2026-08-22T05:51:00.000Z,ARRIVAL,16,DRIVER_LATE,GPS,false
TNT_001,DLY_TRP_0045805,TRP_0045805,2026-08-24T10:22:00.000Z,ARRIVAL,26,WEATHER,GPS,false
TNT_001,DLY_TRP_0045806,TRP_0045806,2026-08-25T09:35:00.000Z,ARRIVAL,34,ROUTE_DEVIATION,GPS,false
TNT_001,DLY_TRP_0045823,TRP_0045823,2026-06-13T15:34:00.000Z,ARRIVAL,48,TRAFFIC,GPS,false
TNT_001,DLY_TRP_0045825,TRP_0045825,2026-06-15T06:39:00.000Z,ARRIVAL,50,VEHICLE_ISSUE,OPS,false
TNT_001,DLY_TRP_0045836,TRP_0045836,2026-06-26T09:15:00.000Z,ARRIVAL,14,TRAFFIC,GPS,false
TNT_002,DLY_TRP_0045842,TRP_0045842,2026-07-02T22:09:00.000Z,ARRIVAL,12,TRAFFIC,GPS,false
TNT_003,DLY_TRP_0045843,TRP_0045843,2026-07-03T09:32:00.000Z,ARRIVAL,51,TRAFFIC,GPS,false
TNT_002,DLY_TRP_0045852,TRP_0045852,2026-07-12T22:35:00.000Z,ARRIVAL,30,TRAFFIC,VENDOR,false
TNT_001,DLY_TRP_0045855,TRP_0045855,2026-07-15T09:32:00.000Z,ARRIVAL,49,WEATHER,VENDOR,false
TNT_001,DLY_TRP_0045860,TRP_0045860,2026-07-20T06:51:00.000Z,ARRIVAL,46,WEATHER,VENDOR,false
TNT_001,DLY_TRP_0045866,TRP_0045866,2026-07-26T09:16:00.000Z,ARRIVAL,11,WEATHER,GPS,false
TNT_001,DLY_TRP_0045867,TRP_0045867,2026-07-27T14:00:00.000Z,ARRIVAL,27,TRAFFIC,GPS,false
TNT_001,DLY_TRP_0045873,TRP_0045873,2026-08-02T14:24:00.000Z,ARRIVAL,22,WEATHER,GPS,false
TNT_001,DLY_TRP_0045877,TRP_0045877,2026-08-06T06:59:00.000Z,ARRIVAL,57,ROUTE_DEVIATION,GPS,false
TNT_002,DLY_TRP_0045878,TRP_0045878,2026-08-07T06:13:00.000Z,ARRIVAL,19,TRAFFIC,GPS,false
TNT_002,DLY_TRP_0045890,TRP_0045890,2026-08-19T06:44:00.000Z,ARRIVAL,53,WEATHER,GPS,false
TNT_001,DLY_TRP_0045891,TRP_0045891,2026-08-20T10:02:00.000Z,ARRIVAL,35,TRAFFIC,VENDOR,false
TNT_001,DLY_TRP_0045895,TRP_0045895,2026-08-24T09:54:00.000Z,ARRIVAL,30,VEHICLE_ISSUE,GPS,false
TNT_001,DLY_TRP_0045896,TRP_0045896,2026-08-25T22:41:00.000Z,ARRIVAL,41,DRIVER_LATE,GPS,false
TNT_001,DLY_TRP_0045897,TRP_0045897,2026-08-26T23:25:00.000Z,ARRIVAL,52,VEHICLE_ISSUE,GPS,false
TNT_002,DLY_TRP_0045899,TRP_0045899,2026-08-28T14:21:00.000Z,ARRIVAL,36,TRAFFIC,VENDOR,false
TNT_002,DLY_TRP_0045902,TRP_0045902,2026-06-02T06:59:00.000Z,ARRIVAL,58,WEATHER,GPS,false
TNT_001,DLY_TRP_0045905,TRP_0045905,2026-06-05T09:37:00.000Z,ARRIVAL,37,WEATHER,GPS,false
TNT_001,DLY_TRP_0045922,TRP_0045922,2026-06-22T09:21:00.000Z,ARRIVAL,24,WEATHER,VENDOR,false
TNT_001,DLY_TRP_0045926,TRP_0045926,2026-06-26T07:32:00.000Z,ARRIVAL,48,ROUTE_DEVIATION,GPS,false
TNT_001,DLY_TRP_0045933,TRP_0045933,2026-07-03T13:44:00.000Z,ARRIVAL,21,DRIVER_LATE,GPS,false
TNT_002,DLY_TRP_0045935,TRP_0045935,2026-07-05T09:39:00.000Z,ARRIVAL,19,TRAFFIC,GPS,false
TNT_001,DLY_TRP_0045948,TRP_0045948,2026-07-18T09:29:00.000Z,ARRIVAL,16,DRIVER_LATE,OPS,false
TNT_001,DLY_TRP_0045956,TRP_0045956,2026-07-26T06:03:00.000Z,ARRIVAL,24,WEATHER,VENDOR,false
TNT_001,DLY_TRP_0045960,TRP_0045960,2026-07-30T09:53:00.000Z,ARRIVAL,40,TRAFFIC,OPS,false
TNT_001,DLY_TRP_0045972,TRP_0045972,2026-08-11T09:10:00.000Z,ARRIVAL,12,ROUTE_DEVIATION,GPS,false
TNT_003,DLY_TRP_0045979,TRP_0045979,2026-08-18T14:24:00.000Z,ARRIVAL,15,ROUTE_DEVIATION,GPS,false
TNT_003,DLY_TRP_0045981,TRP_0045981,2026-08-20T22:52:00.000Z,ARRIVAL,39,ROUTE_DEVIATION,OPS,false
TNT_001,DLY_TRP_0045987,TRP_0045987,2026-08-26T22:29:00.000Z,ARRIVAL,19,DRIVER_LATE,GPS,false
TNT_002,DLY_TRP_0045995,TRP_0045995,2026-06-05T22:48:00.000Z,ARRIVAL,40,TRAFFIC,GPS,false
TNT_003,DLY_TRP_0046013,TRP_0046013,2026-06-23T14:59:00.000Z,ARRIVAL,29,DRIVER_LATE,GPS,false
TNT_002,DLY_TRP_0046015,TRP_0046015,2026-06-25T07:03:00.000Z,ARRIVAL,36,TRAFFIC,OPS,false
TNT_001,DLY_TRP_0046017,TRP_0046017,2026-06-27T14:45:00.000Z,ARRIVAL,39,TRAFFIC,GPS,false
TNT_001,DLY_TRP_0046023,TRP_0046023,2026-07-03T09:24:00.000Z,ARRIVAL,35,DRIVER_LATE,GPS,false
TNT_001,DLY_TRP_0046035,TRP_0046035,2026-07-15T06:30:00.000Z,ARRIVAL,25,TRAFFIC,GPS,false
TNT_001,DLY_TRP_0046055,TRP_0046055,2026-08-04T07:20:00.000Z,ARRIVAL,58,WEATHER,OPS,false
TNT_002,DLY_TRP_0046073,TRP_0046073,2026-08-22T06:25:00.000Z,ARRIVAL,45,WEATHER,VENDOR,false
TNT_002,DLY_TRP_0046075,TRP_0046075,2026-08-24T07:37:00.000Z,ARRIVAL,54,DRIVER_LATE,GPS,false
TNT_003,DLY_TRP_0046079,TRP_0046079,2026-08-28T07:12:00.000Z,ARRIVAL,53,TRAFFIC,VENDOR,false
TNT_003,DLY_TRP_0046098,TRP_0046098,2026-06-18T22:08:00.000Z,ARRIVAL,18,ROUTE_DEVIATION,GPS,false
TNT_001,DLY_TRP_0046103,TRP_0046103,2026-06-23T22:51:00.000Z,ARRIVAL,17,TRAFFIC,GPS,false
TNT_001,DLY_TRP_0046105,TRP_0046105,2026-06-25T06:50:00.000Z,ARRIVAL,44,TRAFFIC,GPS,false
TNT_001,DLY_TRP_0046115,TRP_0046115,2026-07-05T07:14:00.000Z,ARRIVAL,23,TRAFFIC,GPS,false
TNT_001,DLY_TRP_0046119,TRP_0046119,2026-07-09T22:30:00.000Z,ARRIVAL,12,VEHICLE_ISSUE,GPS,false
TNT_001,DLY_TRP_0046121,TRP_0046121,2026-07-11T14:35:00.000Z,ARRIVAL,39,VEHICLE_ISSUE,VENDOR,false
TNT_002,DLY_TRP_0046126,TRP_0046126,2026-07-16T09:49:00.000Z,ARRIVAL,46,WEATHER,GPS,false
TNT_001,DLY_TRP_0046130,TRP_0046130,2026-07-20T09:50:00.000Z,ARRIVAL,37,TRAFFIC,VENDOR,true
TNT_002,DLY_TRP_0046131,TRP_0046131,2026-07-21T22:50:00.000Z,ARRIVAL,37,TRAFFIC,GPS,false
TNT_001,DLY_TRP_0046132,TRP_0046132,2026-07-22T14:42:00.000Z,ARRIVAL,42,WEATHER,GPS,false
TNT_001,DLY_TRP_0046136,TRP_0046136,2026-07-26T23:22:00.000Z,ARRIVAL,41,WEATHER,GPS,false
TNT_001,DLY_TRP_0046145,TRP_0046145,2026-08-04T09:08:00.000Z,ARRIVAL,22,WEATHER,GPS,false
TNT_001,DLY_TRP_0046159,TRP_0046159,2026-08-18T06:26:00.000Z,ARRIVAL,39,VEHICLE_ISSUE,VENDOR,false
TNT_001,DLY_TRP_0046161,TRP_0046161,2026-08-20T06:46:00.000Z,ARRIVAL,58,DRIVER_LATE,GPS,false
TNT_002,DLY_TRP_0046163,TRP_0046163,2026-08-22T09:35:00.000Z,ARRIVAL,24,WEATHER,GPS,false
TNT_002,DLY_TRP_0046170,TRP_0046170,2026-08-29T06:12:00.000Z,ARRIVAL,41,WEATHER,VENDOR,false
TNT_002,DLY_TRP_0046180,TRP_0046180,2026-06-10T06:46:00.000Z,ARRIVAL,35,VEHICLE_ISSUE,VENDOR,false
TNT_002,DLY_TRP_0046183,TRP_0046183,2026-06-13T06:37:00.000Z,ARRIVAL,17,TRAFFIC,VENDOR,false
TNT_003,DLY_TRP_0046185,TRP_0046185,2026-06-15T10:18:00.000Z,ARRIVAL,46,DRIVER_LATE,GPS,false
TNT_001,DLY_TRP_0046196,TRP_0046196,2026-06-26T06:35:00.000Z,ARRIVAL,14,TRAFFIC,OPS,false
TNT_002,DLY_TRP_0046198,TRP_0046198,2026-06-28T22:38:00.000Z,ARRIVAL,25,TRAFFIC,GPS,false
TNT_003,DLY_TRP_0046200,TRP_0046200,2026-06-30T06:54:00.000Z,ARRIVAL,55,WEATHER,GPS,false
TNT_001,DLY_TRP_0046203,TRP_0046203,2026-07-03T06:21:00.000Z,ARRIVAL,58,DRIVER_LATE,VENDOR,false
TNT_001,DLY_TRP_0046211,TRP_0046211,2026-07-11T14:21:00.000Z,ARRIVAL,24,DRIVER_LATE,VENDOR,false
TNT_001,DLY_TRP_0046225,TRP_0046225,2026-07-25T23:18:00.000Z,ARRIVAL,57,ROUTE_DEVIATION,GPS,false
TNT_001,DLY_TRP_0046230,TRP_0046230,2026-07-30T06:34:00.000Z,ARRIVAL,11,ROUTE_DEVIATION,OPS,false
TNT_001,DLY_TRP_0046237,TRP_0046237,2026-08-06T15:09:00.000Z,ARRIVAL,54,VEHICLE_ISSUE,VENDOR,false
TNT_002,DLY_TRP_0046243,TRP_0046243,2026-08-12T15:12:00.000Z,ARRIVAL,57,DRIVER_LATE,GPS,false
TNT_001,DLY_TRP_0046244,TRP_0046244,2026-08-13T22:25:00.000Z,ARRIVAL,19,WEATHER,GPS,false
TNT_002,DLY_TRP_0046249,TRP_0046249,2026-08-18T22:39:00.000Z,ARRIVAL,20,TRAFFIC,VENDOR,false
TNT_001,DLY_TRP_0046251,TRP_0046251,2026-08-20T14:43:00.000Z,ARRIVAL,51,TRAFFIC,VENDOR,false
TNT_003,DLY_TRP_0046255,TRP_0046255,2026-08-24T09:16:00.000Z,ARRIVAL,29,VEHICLE_ISSUE,OPS,false
TNT_001,DLY_TRP_0046257,TRP_0046257,2026-08-26T09:06:00.000Z,ARRIVAL,26,DRIVER_LATE,GPS,false
TNT_001,DLY_TRP_0046258,TRP_0046258,2026-08-27T22:15:00.000Z,ARRIVAL,45,DRIVER_LATE,OPS,false
TNT_003,DLY_TRP_0046262,TRP_0046262,2026-06-02T23:43:00.000Z,ARRIVAL,21,ROUTE_DEVIATION,GPS,false
TNT_001,DLY_TRP_0046263,TRP_0046263,2026-06-03T07:08:00.000Z,ARRIVAL,51,TRAFFIC,OPS,false
TNT_001,DLY_TRP_0046269,TRP_0046269,2026-06-09T09:21:00.000Z,ARRIVAL,15,DRIVER_LATE,GPS,false
TNT_001,DLY_TRP_0046275,TRP_0046275,2026-06-15T07:04:00.000Z,ARRIVAL,49,VEHICLE_ISSUE,VENDOR,false
TNT_003,DLY_TRP_0046278,TRP_0046278,2026-06-18T09:42:00.000Z,ARRIVAL,16,TRAFFIC,OPS,false
TNT_002,DLY_TRP_0046297,TRP_0046297,2026-07-07T22:31:00.000Z,ARRIVAL,39,ROUTE_DEVIATION,GPS,false
TNT_001,DLY_TRP_0046301,TRP_0046301,2026-07-11T07:02:00.000Z,ARRIVAL,40,WEATHER,GPS,false
TNT_001,DLY_TRP_0046302,TRP_0046302,2026-07-12T06:54:00.000Z,ARRIVAL,30,TRAFFIC,GPS,false
TNT_001,DLY_TRP_0046305,TRP_0046305,2026-07-15T06:20:00.000Z,ARRIVAL,29,TRAFFIC,GPS,false
TNT_003,DLY_TRP_0046326,TRP_0046326,2026-08-05T23:13:00.000Z,ARRIVAL,54,TRAFFIC,GPS,false
TNT_002,DLY_TRP_0046331,TRP_0046331,2026-08-10T22:31:00.000Z,ARRIVAL,23,TRAFFIC,GPS,false
TNT_002,DLY_TRP_0046334,TRP_0046334,2026-08-13T07:13:00.000Z,ARRIVAL,42,ROUTE_DEVIATION,OPS,false
TNT_002,DLY_TRP_0046346,TRP_0046346,2026-08-25T06:18:00.000Z,ARRIVAL,24,ROUTE_DEVIATION,VENDOR,false
TNT_001,DLY_TRP_0046353,TRP_0046353,2026-06-03T09:22:00.000Z,ARRIVAL,31,ROUTE_DEVIATION,OPS,false
TNT_001,DLY_TRP_0046366,TRP_0046366,2026-06-16T10:15:00.000Z,ARRIVAL,48,DRIVER_LATE,GPS,false
TNT_001,DLY_TRP_0046367,TRP_0046367,2026-06-17T22:01:00.000Z,ARRIVAL,12,TRAFFIC,GPS,false
TNT_002,DLY_TRP_0046378,TRP_0046378,2026-06-28T09:03:00.000Z,ARRIVAL,31,TRAFFIC,VENDOR,false
TNT_002,DLY_TRP_0046387,TRP_0046387,2026-07-07T09:17:00.000Z,ARRIVAL,15,WEATHER,GPS,false
TNT_001,DLY_TRP_0046395,TRP_0046395,2026-07-15T09:21:00.000Z,ARRIVAL,35,WEATHER,GPS,false
TNT_002,DLY_TRP_0046397,TRP_0046397,2026-07-17T06:14:00.000Z,ARRIVAL,30,WEATHER,GPS,false
TNT_003,DLY_TRP_0046400,TRP_0046400,2026-07-20T15:41:00.000Z,ARRIVAL,40,VEHICLE_ISSUE,OPS,false
TNT_001,DLY_TRP_0046409,TRP_0046409,2026-07-29T07:06:00.000Z,ARRIVAL,50,WEATHER,GPS,false
TNT_003,DLY_TRP_0046410,TRP_0046410,2026-07-30T06:40:00.000Z,ARRIVAL,58,VEHICLE_ISSUE,GPS,false
TNT_003,DLY_TRP_0046411,TRP_0046411,2026-07-31T09:28:00.000Z,ARRIVAL,18,TRAFFIC,GPS,false
TNT_001,DLY_TRP_0046416,TRP_0046416,2026-08-05T10:29:00.000Z,ARRIVAL,58,TRAFFIC,VENDOR,false
TNT_001,DLY_TRP_0046430,TRP_0046430,2026-08-19T10:04:00.000Z,ARRIVAL,49,WEATHER,OPS,true
TNT_003,DLY_TRP_0046432,TRP_0046432,2026-08-21T09:31:00.000Z,ARRIVAL,27,TRAFFIC,GPS,false
TNT_001,DLY_TRP_0046434,TRP_0046434,2026-08-23T14:40:00.000Z,ARRIVAL,29,TRAFFIC,GPS,false
TNT_001,DLY_TRP_0046436,TRP_0046436,2026-08-25T06:35:00.000Z,ARRIVAL,25,DRIVER_LATE,GPS,false
TNT_003,DLY_TRP_0046437,TRP_0046437,2026-08-26T09:29:00.000Z,ARRIVAL,47,TRAFFIC,GPS,false
TNT_001,DLY_TRP_0046441,TRP_0046441,2026-06-01T06:35:00.000Z,ARRIVAL,32,WEATHER,GPS,false
TNT_002,DLY_TRP_0046464,TRP_0046464,2026-06-24T09:33:00.000Z,ARRIVAL,52,DRIVER_LATE,GPS,false
TNT_001,DLY_TRP_0046467,TRP_0046467,2026-06-27T22:55:00.000Z,ARRIVAL,41,TRAFFIC,GPS,false
TNT_001,DLY_TRP_0046474,TRP_0046474,2026-07-04T09:45:00.000Z,ARRIVAL,33,TRAFFIC,GPS,false
TNT_001,DLY_TRP_0046477,TRP_0046477,2026-07-07T13:55:00.000Z,ARRIVAL,22,TRAFFIC,GPS,false
TNT_002,DLY_TRP_0046489,TRP_0046489,2026-07-19T22:13:00.000Z,ARRIVAL,37,DRIVER_LATE,GPS,false
TNT_001,DLY_TRP_0046500,TRP_0046500,2026-07-30T09:42:00.000Z,ARRIVAL,55,WEATHER,OPS,false
TNT_001,DLY_TRP_0046508,TRP_0046508,2026-08-07T09:51:00.000Z,ARRIVAL,20,WEATHER,VENDOR,false
TNT_001,DLY_TRP_0046515,TRP_0046515,2026-08-14T23:08:00.000Z,ARRIVAL,49,TRAFFIC,GPS,false
TNT_001,DLY_TRP_0046524,TRP_0046524,2026-08-23T10:39:00.000Z,ARRIVAL,50,TRAFFIC,GPS,false
TNT_001,DLY_TRP_0046530,TRP_0046530,2026-08-29T09:56:00.000Z,ARRIVAL,36,DRIVER_LATE,GPS,false
TNT_001,DLY_TRP_0046544,TRP_0046544,2026-06-14T14:40:00.000Z,ARRIVAL,54,TRAFFIC,GPS,false
TNT_001,DLY_TRP_0046554,TRP_0046554,2026-06-24T14:36:00.000Z,ARRIVAL,25,ROUTE_DEVIATION,GPS,false
TNT_001,DLY_TRP_0046555,TRP_0046555,2026-06-25T06:35:00.000Z,ARRIVAL,28,DRIVER_LATE,VENDOR,false
TNT_001,DLY_TRP_0046556,TRP_0046556,2026-06-26T14:40:00.000Z,ARRIVAL,38,WEATHER,VENDOR,false
TNT_001,DLY_TRP_0046561,TRP_0046561,2026-07-01T22:18:00.000Z,ARRIVAL,11,TRAFFIC,GPS,false
TNT_002,DLY_TRP_0046563,TRP_0046563,2026-07-03T09:29:00.000Z,ARRIVAL,32,TRAFFIC,GPS,false
TNT_001,DLY_TRP_0046567,TRP_0046567,2026-07-07T10:01:00.000Z,ARRIVAL,41,DRIVER_LATE,OPS,false
TNT_002,DLY_TRP_0046586,TRP_0046586,2026-07-26T09:29:00.000Z,ARRIVAL,57,TRAFFIC,OPS,false
TNT_003,DLY_TRP_0046590,TRP_0046590,2026-07-30T09:20:00.000Z,ARRIVAL,34,ROUTE_DEVIATION,GPS,false
TNT_001,DLY_TRP_0046591,TRP_0046591,2026-07-31T09:52:00.000Z,ARRIVAL,35,TRAFFIC,GPS,false
TNT_002,DLY_TRP_0046599,TRP_0046599,2026-08-08T22:28:00.000Z,ARRIVAL,19,ROUTE_DEVIATION,GPS,false
TNT_001,DLY_TRP_0046609,TRP_0046609,2026-08-18T10:15:00.000Z,ARRIVAL,31,VEHICLE_ISSUE,GPS,false
TNT_001,DLY_TRP_0046614,TRP_0046614,2026-08-23T22:01:00.000Z,ARRIVAL,19,ROUTE_DEVIATION,GPS,false
TNT_002,DLY_TRP_0046615,TRP_0046615,2026-08-24T09:24:00.000Z,ARRIVAL,19,TRAFFIC,GPS,false
TNT_002,DLY_TRP_0046616,TRP_0046616,2026-08-25T23:17:00.000Z,ARRIVAL,35,WEATHER,GPS,false
TNT_002,DLY_TRP_0046623,TRP_0046623,2026-06-03T09:38:00.000Z,ARRIVAL,50,TRAFFIC,VENDOR,false
TNT_001,DLY_TRP_0046628,TRP_0046628,2026-06-08T06:50:00.000Z,ARRIVAL,52,TRAFFIC,GPS,false
TNT_003,DLY_TRP_0046629,TRP_0046629,2026-06-09T11:20:00.000Z,ARRIVAL,53,DRIVER_LATE,OPS,false
TNT_003,DLY_TRP_0046632,TRP_0046632,2026-06-12T08:59:00.000Z,ARRIVAL,13,TRAFFIC,VENDOR,false
TNT_001,DLY_TRP_0046633,TRP_0046633,2026-06-13T14:50:00.000Z,ARRIVAL,37,ROUTE_DEVIATION,GPS,false
TNT_002,DLY_TRP_0046644,TRP_0046644,2026-06-24T14:37:00.000Z,ARRIVAL,55,TRAFFIC,VENDOR,false
TNT_003,DLY_TRP_0046648,TRP_0046648,2026-06-28T06:40:00.000Z,ARRIVAL,24,TRAFFIC,GPS,false
TNT_003,DLY_TRP_0046652,TRP_0046652,2026-07-02T07:13:00.000Z,ARRIVAL,50,ROUTE_DEVIATION,GPS,false
TNT_003,DLY_TRP_0046658,TRP_0046658,2026-07-08T22:39:00.000Z,ARRIVAL,19,TRAFFIC,VENDOR,false
TNT_002,DLY_TRP_0046661,TRP_0046661,2026-07-11T22:57:00.000Z,ARRIVAL,40,TRAFFIC,GPS,false
TNT_001,DLY_TRP_0046662,TRP_0046662,2026-07-12T07:02:00.000Z,ARRIVAL,58,TRAFFIC,GPS,false
TNT_001,DLY_TRP_0046664,TRP_0046664,2026-07-14T09:54:00.000Z,ARRIVAL,48,ROUTE_DEVIATION,VENDOR,false
TNT_001,DLY_TRP_0046668,TRP_0046668,2026-07-18T10:02:00.000Z,ARRIVAL,56,DRIVER_LATE,VENDOR,false
TNT_001,DLY_TRP_0046671,TRP_0046671,2026-07-21T07:12:00.000Z,ARRIVAL,47,TRAFFIC,VENDOR,false
TNT_003,DLY_TRP_0046676,TRP_0046676,2026-07-26T06:42:00.000Z,ARRIVAL,11,ROUTE_DEVIATION,GPS,false
TNT_002,DLY_TRP_0046686,TRP_0046686,2026-08-05T22:07:00.000Z,ARRIVAL,32,TRAFFIC,GPS,false
TNT_002,DLY_TRP_0046693,TRP_0046693,2026-08-12T09:42:00.000Z,ARRIVAL,46,WEATHER,GPS,false
TNT_001,DLY_TRP_0046702,TRP_0046702,2026-08-21T10:00:00.000Z,ARRIVAL,42,TRAFFIC,GPS,false
TNT_001,DLY_TRP_0046707,TRP_0046707,2026-08-26T22:57:00.000Z,ARRIVAL,48,DRIVER_LATE,GPS,false
TNT_001,DLY_TRP_0046708,TRP_0046708,2026-08-27T23:13:00.000Z,ARRIVAL,39,TRAFFIC,GPS,false
TNT_001,DLY_TRP_0046722,TRP_0046722,2026-06-12T06:38:00.000Z,ARRIVAL,58,VEHICLE_ISSUE,VENDOR,false
TNT_002,DLY_TRP_0046728,TRP_0046728,2026-06-18T06:22:00.000Z,ARRIVAL,32,ROUTE_DEVIATION,GPS,false
TNT_002,DLY_TRP_0046734,TRP_0046734,2026-06-24T14:00:00.000Z,ARRIVAL,17,TRAFFIC,GPS,false
TNT_001,DLY_TRP_0046736,TRP_0046736,2026-06-26T15:38:00.000Z,ARRIVAL,55,TRAFFIC,GPS,false
TNT_002,DLY_TRP_0046745,TRP_0046745,2026-07-05T09:48:00.000Z,ARRIVAL,46,ROUTE_DEVIATION,VENDOR,false
TNT_002,DLY_TRP_0046750,TRP_0046750,2026-07-10T07:01:00.000Z,ARRIVAL,48,ROUTE_DEVIATION,GPS,false
TNT_001,DLY_TRP_0046757,TRP_0046757,2026-07-17T15:11:00.000Z,ARRIVAL,41,TRAFFIC,OPS,false
TNT_003,DLY_TRP_0046767,TRP_0046767,2026-07-27T06:16:00.000Z,ARRIVAL,36,TRAFFIC,OPS,false
TNT_001,DLY_TRP_0046779,TRP_0046779,2026-08-08T09:23:00.000Z,ARRIVAL,14,VEHICLE_ISSUE,GPS,false
TNT_001,DLY_TRP_0046780,TRP_0046780,2026-08-09T22:14:00.000Z,ARRIVAL,15,DRIVER_LATE,VENDOR,false
TNT_002,DLY_TRP_0046782,TRP_0046782,2026-08-11T15:06:00.000Z,ARRIVAL,27,ROUTE_DEVIATION,GPS,false
TNT_001,DLY_TRP_0046783,TRP_0046783,2026-08-13T00:00:00.000Z,ARRIVAL,53,TRAFFIC,GPS,false
TNT_002,DLY_TRP_0046786,TRP_0046786,2026-08-15T06:14:00.000Z,ARRIVAL,42,DRIVER_LATE,VENDOR,false
TNT_001,DLY_TRP_0046791,TRP_0046791,2026-08-20T09:24:00.000Z,ARRIVAL,26,TRAFFIC,GPS,false
TNT_001,DLY_TRP_0046797,TRP_0046797,2026-08-26T22:47:00.000Z,ARRIVAL,25,DRIVER_LATE,GPS,false
TNT_001,DLY_TRP_0046799,TRP_0046799,2026-08-28T23:05:00.000Z,ARRIVAL,57,TRAFFIC,OPS,false
TNT_002,DLY_TRP_0046800,TRP_0046800,2026-08-29T14:39:00.000Z,ARRIVAL,30,TRAFFIC,VENDOR,false
TNT_001,DLY_TRP_0046801,TRP_0046801,2026-06-01T14:44:00.000Z,ARRIVAL,51,WEATHER,GPS,false
TNT_001,DLY_TRP_0046807,TRP_0046807,2026-06-07T10:03:00.000Z,ARRIVAL,37,TRAFFIC,GPS,false
TNT_001,DLY_TRP_0046816,TRP_0046816,2026-06-16T22:53:00.000Z,ARRIVAL,30,TRAFFIC,GPS,false
TNT_002,DLY_TRP_0046817,TRP_0046817,2026-06-17T09:24:00.000Z,ARRIVAL,24,WEATHER,OPS,false
TNT_001,DLY_TRP_0046820,TRP_0046820,2026-06-20T09:06:00.000Z,ARRIVAL,24,WEATHER,OPS,true
TNT_003,DLY_TRP_0046831,TRP_0046831,2026-07-01T09:28:00.000Z,ARRIVAL,35,TRAFFIC,GPS,false
TNT_002,DLY_TRP_0046833,TRP_0046833,2026-07-03T14:43:00.000Z,ARRIVAL,28,ROUTE_DEVIATION,GPS,false
TNT_001,DLY_TRP_0046838,TRP_0046838,2026-07-08T22:35:00.000Z,ARRIVAL,36,WEATHER,OPS,false
TNT_001,DLY_TRP_0046847,TRP_0046847,2026-07-17T09:48:00.000Z,ARRIVAL,44,TRAFFIC,GPS,false
TNT_003,DLY_TRP_0046852,TRP_0046852,2026-07-22T05:57:00.000Z,ARRIVAL,17,WEATHER,OPS,false
TNT_002,DLY_TRP_0046853,TRP_0046853,2026-07-23T06:43:00.000Z,ARRIVAL,44,TRAFFIC,VENDOR,false
TNT_002,DLY_TRP_0046859,TRP_0046859,2026-07-29T15:57:00.000Z,ARRIVAL,49,TRAFFIC,OPS,false
TNT_003,DLY_TRP_0046861,TRP_0046861,2026-07-31T06:50:00.000Z,ARRIVAL,28,ROUTE_DEVIATION,GPS,false
TNT_002,DLY_TRP_0046879,TRP_0046879,2026-08-18T10:16:00.000Z,ARRIVAL,34,WEATHER,OPS,false
TNT_001,DLY_TRP_0046884,TRP_0046884,2026-08-23T06:21:00.000Z,ARRIVAL,11,TRAFFIC,GPS,false
TNT_002,DLY_TRP_0046886,TRP_0046886,2026-08-25T06:56:00.000Z,ARRIVAL,30,TRAFFIC,GPS,false
TNT_001,DLY_TRP_0046897,TRP_0046897,2026-06-07T06:53:00.000Z,ARRIVAL,48,VEHICLE_ISSUE,GPS,false
TNT_001,DLY_TRP_0046898,TRP_0046898,2026-06-08T14:33:00.000Z,ARRIVAL,48,DRIVER_LATE,GPS,false
TNT_001,DLY_TRP_0046901,TRP_0046901,2026-06-11T14:41:00.000Z,ARRIVAL,19,ROUTE_DEVIATION,OPS,false
TNT_001,DLY_TRP_0046905,TRP_0046905,2026-06-15T14:48:00.000Z,ARRIVAL,19,ROUTE_DEVIATION,GPS,false
TNT_001,DLY_TRP_0046916,TRP_0046916,2026-06-26T22:53:00.000Z,ARRIVAL,51,WEATHER,GPS,false
TNT_003,DLY_TRP_0046921,TRP_0046921,2026-07-01T06:25:00.000Z,ARRIVAL,13,WEATHER,GPS,false
TNT_001,DLY_TRP_0046924,TRP_0046924,2026-07-04T22:20:00.000Z,ARRIVAL,26,TRAFFIC,GPS,false
TNT_001,DLY_TRP_0046928,TRP_0046928,2026-07-08T09:05:00.000Z,ARRIVAL,12,WEATHER,VENDOR,false
TNT_001,DLY_TRP_0046933,TRP_0046933,2026-07-13T14:38:00.000Z,ARRIVAL,30,TRAFFIC,OPS,false
TNT_001,DLY_TRP_0046936,TRP_0046936,2026-07-16T06:45:00.000Z,ARRIVAL,36,TRAFFIC,GPS,false
TNT_002,DLY_TRP_0046939,TRP_0046939,2026-07-19T21:46:00.000Z,ARRIVAL,20,DRIVER_LATE,GPS,false
TNT_002,DLY_TRP_0046959,TRP_0046959,2026-08-08T09:34:00.000Z,ARRIVAL,13,DRIVER_LATE,GPS,false
TNT_001,DLY_TRP_0046976,TRP_0046976,2026-08-25T15:04:00.000Z,ARRIVAL,49,WEATHER,VENDOR,false
TNT_001,DLY_TRP_0046979,TRP_0046979,2026-08-28T22:51:00.000Z,ARRIVAL,25,TRAFFIC,GPS,false
TNT_002,DLY_TRP_0046980,TRP_0046980,2026-08-29T08:42:00.000Z,ARRIVAL,15,WEATHER,GPS,false
TNT_003,DLY_TRP_0046989,TRP_0046989,2026-06-09T09:42:00.000Z,ARRIVAL,26,TRAFFIC,GPS,false
TNT_001,DLY_TRP_0046995,TRP_0046995,2026-06-15T06:10:00.000Z,ARRIVAL,16,VEHICLE_ISSUE,GPS,false
TNT_001,DLY_TRP_0047002,TRP_0047002,2026-06-22T14:58:00.000Z,ARRIVAL,40,DRIVER_LATE,GPS,false
TNT_001,DLY_TRP_0047021,TRP_0047021,2026-07-11T23:04:00.000Z,ARRIVAL,31,VEHICLE_ISSUE,GPS,false
TNT_001,DLY_TRP_0047023,TRP_0047023,2026-07-13T06:30:00.000Z,ARRIVAL,42,WEATHER,GPS,false
TNT_002,DLY_TRP_0047025,TRP_0047025,2026-07-15T07:10:00.000Z,ARRIVAL,38,DRIVER_LATE,OPS,false
TNT_001,DLY_TRP_0047031,TRP_0047031,2026-07-21T09:24:00.000Z,ARRIVAL,17,WEATHER,OPS,false
TNT_001,DLY_TRP_0047036,TRP_0047036,2026-07-26T14:47:00.000Z,ARRIVAL,24,ROUTE_DEVIATION,OPS,false
TNT_002,DLY_TRP_0047037,TRP_0047037,2026-07-27T06:09:00.000Z,ARRIVAL,43,VEHICLE_ISSUE,GPS,true
TNT_002,DLY_TRP_0047040,TRP_0047040,2026-07-30T06:53:00.000Z,ARRIVAL,50,TRAFFIC,GPS,false
TNT_003,DLY_TRP_0047055,TRP_0047055,2026-08-14T06:36:00.000Z,ARRIVAL,16,ROUTE_DEVIATION,VENDOR,false
TNT_002,DLY_TRP_0047066,TRP_0047066,2026-08-25T06:47:00.000Z,ARRIVAL,56,ROUTE_DEVIATION,OPS,false
TNT_001,DLY_TRP_0047068,TRP_0047068,2026-08-27T23:10:00.000Z,ARRIVAL,32,TRAFFIC,GPS,false
TNT_001,DLY_TRP_0047070,TRP_0047070,2026-08-29T09:36:00.000Z,ARRIVAL,21,TRAFFIC,VENDOR,false
TNT_002,DLY_TRP_0047076,TRP_0047076,2026-06-06T08:40:00.000Z,ARRIVAL,19,DRIVER_LATE,GPS,false
TNT_001,DLY_TRP_0047077,TRP_0047077,2026-06-07T08:45:00.000Z,ARRIVAL,12,TRAFFIC,GPS,true
TNT_001,DLY_TRP_0047088,TRP_0047088,2026-06-18T14:28:00.000Z,ARRIVAL,24,DRIVER_LATE,GPS,false
TNT_001,DLY_TRP_0047104,TRP_0047104,2026-07-04T14:38:00.000Z,ARRIVAL,50,TRAFFIC,GPS,false
TNT_002,DLY_TRP_0047111,TRP_0047111,2026-07-11T14:21:00.000Z,ARRIVAL,13,WEATHER,GPS,false
TNT_001,DLY_TRP_0047113,TRP_0047113,2026-07-13T10:25:00.000Z,ARRIVAL,31,WEATHER,GPS,false
TNT_001,DLY_TRP_0047117,TRP_0047117,2026-07-17T15:04:00.000Z,ARRIVAL,40,TRAFFIC,GPS,false
TNT_003,DLY_TRP_0047138,TRP_0047138,2026-08-07T10:00:00.000Z,ARRIVAL,36,TRAFFIC,VENDOR,false
TNT_001,DLY_TRP_0047143,TRP_0047143,2026-08-12T06:56:00.000Z,ARRIVAL,55,WEATHER,GPS,false
TNT_002,DLY_TRP_0047145,TRP_0047145,2026-08-14T06:38:00.000Z,ARRIVAL,19,TRAFFIC,OPS,false
TNT_001,DLY_TRP_0047150,TRP_0047150,2026-08-19T10:21:00.000Z,ARRIVAL,50,DRIVER_LATE,GPS,false
TNT_001,DLY_TRP_0047151,TRP_0047151,2026-08-20T06:42:00.000Z,ARRIVAL,51,TRAFFIC,GPS,false
TNT_001,DLY_TRP_0047155,TRP_0047155,2026-08-24T22:28:00.000Z,ARRIVAL,41,ROUTE_DEVIATION,VENDOR,false
TNT_001,DLY_TRP_0047161,TRP_0047161,2026-06-01T22:33:00.000Z,ARRIVAL,15,TRAFFIC,VENDOR,false
TNT_002,DLY_TRP_0047162,TRP_0047162,2026-06-02T07:14:00.000Z,ARRIVAL,28,WEATHER,VENDOR,false
TNT_001,DLY_TRP_0047170,TRP_0047170,2026-06-10T07:07:00.000Z,ARRIVAL,35,VEHICLE_ISSUE,GPS,false
TNT_001,DLY_TRP_0047172,TRP_0047172,2026-06-12T09:29:00.000Z,ARRIVAL,20,DRIVER_LATE,VENDOR,false
TNT_001,DLY_TRP_0047173,TRP_0047173,2026-06-13T09:45:00.000Z,ARRIVAL,17,WEATHER,OPS,false
TNT_001,DLY_TRP_0047175,TRP_0047175,2026-06-15T07:32:00.000Z,ARRIVAL,38,VEHICLE_ISSUE,GPS,false
TNT_002,DLY_TRP_0047176,TRP_0047176,2026-06-16T14:09:00.000Z,ARRIVAL,33,TRAFFIC,OPS,false
TNT_001,DLY_TRP_0047182,TRP_0047182,2026-06-22T22:54:00.000Z,ARRIVAL,30,ROUTE_DEVIATION,GPS,false
TNT_001,DLY_TRP_0047190,TRP_0047190,2026-06-30T14:23:00.000Z,ARRIVAL,36,TRAFFIC,GPS,false
TNT_002,DLY_TRP_0047205,TRP_0047205,2026-07-15T07:31:00.000Z,ARRIVAL,34,TRAFFIC,GPS,false
TNT_001,DLY_TRP_0047208,TRP_0047208,2026-07-18T14:59:00.000Z,ARRIVAL,39,DRIVER_LATE,GPS,false
TNT_003,DLY_TRP_0047209,TRP_0047209,2026-07-19T06:58:00.000Z,ARRIVAL,49,ROUTE_DEVIATION,GPS,false
TNT_002,DLY_TRP_0047212,TRP_0047212,2026-07-22T21:56:00.000Z,ARRIVAL,12,TRAFFIC,VENDOR,false
TNT_001,DLY_TRP_0047216,TRP_0047216,2026-07-26T14:24:00.000Z,ARRIVAL,47,WEATHER,GPS,false
TNT_002,DLY_TRP_0047225,TRP_0047225,2026-08-04T09:45:00.000Z,ARRIVAL,38,ROUTE_DEVIATION,GPS,false
TNT_001,DLY_TRP_0047229,TRP_0047229,2026-08-08T22:54:00.000Z,ARRIVAL,52,ROUTE_DEVIATION,GPS,false
TNT_001,DLY_TRP_0047242,TRP_0047242,2026-08-21T09:03:00.000Z,ARRIVAL,24,DRIVER_LATE,VENDOR,false
TNT_001,DLY_TRP_0047243,TRP_0047243,2026-08-22T23:03:00.000Z,ARRIVAL,50,ROUTE_DEVIATION,GPS,false
TNT_001,DLY_TRP_0047247,TRP_0047247,2026-08-26T22:08:00.000Z,ARRIVAL,33,WEATHER,VENDOR,false
TNT_002,DLY_TRP_0047248,TRP_0047248,2026-08-27T09:08:00.000Z,ARRIVAL,18,DRIVER_LATE,GPS,false
TNT_001,DLY_TRP_0047257,TRP_0047257,2026-06-07T06:42:00.000Z,ARRIVAL,45,TRAFFIC,GPS,false
TNT_001,DLY_TRP_0047272,TRP_0047272,2026-06-22T22:41:00.000Z,ARRIVAL,26,WEATHER,GPS,false
TNT_002,DLY_TRP_0047273,TRP_0047273,2026-06-23T09:59:00.000Z,ARRIVAL,50,TRAFFIC,GPS,false
TNT_001,DLY_TRP_0047275,TRP_0047275,2026-06-25T23:06:00.000Z,ARRIVAL,35,ROUTE_DEVIATION,GPS,false
TNT_003,DLY_TRP_0047280,TRP_0047280,2026-06-30T10:10:00.000Z,ARRIVAL,54,WEATHER,GPS,false
TNT_003,DLY_TRP_0047297,TRP_0047297,2026-07-17T10:17:00.000Z,ARRIVAL,32,WEATHER,OPS,false
TNT_002,DLY_TRP_0047305,TRP_0047305,2026-07-25T09:28:00.000Z,ARRIVAL,47,TRAFFIC,GPS,false
TNT_003,DLY_TRP_0047321,TRP_0047321,2026-08-10T22:54:00.000Z,ARRIVAL,28,DRIVER_LATE,GPS,false
TNT_003,DLY_TRP_0047322,TRP_0047322,2026-08-11T15:10:00.000Z,ARRIVAL,20,DRIVER_LATE,GPS,false
TNT_003,DLY_TRP_0047337,TRP_0047337,2026-08-26T09:12:00.000Z,ARRIVAL,12,VEHICLE_ISSUE,GPS,false
TNT_002,DLY_TRP_0047339,TRP_0047339,2026-08-28T08:51:00.000Z,ARRIVAL,18,TRAFFIC,OPS,false
TNT_001,DLY_TRP_0047340,TRP_0047340,2026-08-29T14:11:00.000Z,ARRIVAL,25,DRIVER_LATE,OPS,false
TNT_001,DLY_TRP_0047346,TRP_0047346,2026-06-06T22:40:00.000Z,ARRIVAL,15,WEATHER,OPS,false
TNT_003,DLY_TRP_0047349,TRP_0047349,2026-06-09T22:44:00.000Z,ARRIVAL,29,WEATHER,GPS,false
TNT_002,DLY_TRP_0047358,TRP_0047358,2026-06-18T14:39:00.000Z,ARRIVAL,51,WEATHER,OPS,false
TNT_002,DLY_TRP_0047360,TRP_0047360,2026-06-20T22:34:00.000Z,ARRIVAL,15,VEHICLE_ISSUE,VENDOR,false
TNT_001,DLY_TRP_0047361,TRP_0047361,2026-06-21T06:23:00.000Z,ARRIVAL,17,TRAFFIC,VENDOR,false
TNT_001,DLY_TRP_0047363,TRP_0047363,2026-06-23T07:28:00.000Z,ARRIVAL,55,WEATHER,OPS,false
TNT_001,DLY_TRP_0047387,TRP_0047387,2026-07-17T09:31:00.000Z,ARRIVAL,50,TRAFFIC,GPS,false
TNT_001,DLY_TRP_0047403,TRP_0047403,2026-08-02T09:27:00.000Z,ARRIVAL,49,WEATHER,VENDOR,false
TNT_001,DLY_TRP_0047404,TRP_0047404,2026-08-03T09:22:00.000Z,ARRIVAL,25,VEHICLE_ISSUE,GPS,false
TNT_001,DLY_TRP_0047408,TRP_0047408,2026-08-07T06:55:00.000Z,ARRIVAL,14,WEATHER,GPS,false
TNT_002,DLY_TRP_0047410,TRP_0047410,2026-08-09T23:08:00.000Z,ARRIVAL,55,WEATHER,OPS,false
TNT_001,DLY_TRP_0047413,TRP_0047413,2026-08-12T10:15:00.000Z,ARRIVAL,28,TRAFFIC,VENDOR,false
TNT_003,DLY_TRP_0047414,TRP_0047414,2026-08-13T22:21:00.000Z,ARRIVAL,22,TRAFFIC,VENDOR,false
TNT_001,DLY_TRP_0047429,TRP_0047429,2026-08-28T23:06:00.000Z,ARRIVAL,54,DRIVER_LATE,GPS,false
TNT_003,DLY_TRP_0047433,TRP_0047433,2026-06-03T10:07:00.000Z,ARRIVAL,48,WEATHER,GPS,false
TNT_001,DLY_TRP_0047444,TRP_0047444,2026-06-14T09:32:00.000Z,ARRIVAL,14,TRAFFIC,GPS,false
TNT_001,DLY_TRP_0047456,TRP_0047456,2026-06-26T06:57:00.000Z,ARRIVAL,12,WEATHER,VENDOR,false
TNT_002,DLY_TRP_0047458,TRP_0047458,2026-06-28T10:26:00.000Z,ARRIVAL,55,ROUTE_DEVIATION,OPS,false
TNT_001,DLY_TRP_0047468,TRP_0047468,2026-07-08T23:07:00.000Z,ARRIVAL,23,WEATHER,OPS,false
TNT_001,DLY_TRP_0047472,TRP_0047472,2026-07-12T06:16:00.000Z,ARRIVAL,20,DRIVER_LATE,VENDOR,false
TNT_001,DLY_TRP_0047473,TRP_0047473,2026-07-13T07:03:00.000Z,ARRIVAL,41,VEHICLE_ISSUE,VENDOR,false
TNT_001,DLY_TRP_0047474,TRP_0047474,2026-07-14T09:47:00.000Z,ARRIVAL,53,WEATHER,GPS,false
TNT_002,DLY_TRP_0047478,TRP_0047478,2026-07-18T22:55:00.000Z,ARRIVAL,52,DRIVER_LATE,GPS,false
TNT_001,DLY_TRP_0047490,TRP_0047490,2026-07-30T23:07:00.000Z,ARRIVAL,52,WEATHER,GPS,false
TNT_002,DLY_TRP_0047492,TRP_0047492,2026-08-01T06:33:00.000Z,ARRIVAL,21,ROUTE_DEVIATION,VENDOR,false
TNT_002,DLY_TRP_0047497,TRP_0047497,2026-08-06T09:20:00.000Z,ARRIVAL,35,DRIVER_LATE,GPS,false
TNT_001,DLY_TRP_0047498,TRP_0047498,2026-08-07T09:50:00.000Z,ARRIVAL,25,DRIVER_LATE,GPS,false
TNT_003,DLY_TRP_0047499,TRP_0047499,2026-08-08T07:00:00.000Z,ARRIVAL,50,ROUTE_DEVIATION,GPS,false
TNT_001,DLY_TRP_0047506,TRP_0047506,2026-08-15T09:25:00.000Z,ARRIVAL,13,DRIVER_LATE,OPS,false
TNT_002,DLY_TRP_0047515,TRP_0047515,2026-08-24T09:37:00.000Z,ARRIVAL,42,TRAFFIC,GPS,false
TNT_003,DLY_TRP_0047521,TRP_0047521,2026-06-01T06:55:00.000Z,ARRIVAL,49,ROUTE_DEVIATION,GPS,false
TNT_001,DLY_TRP_0047527,TRP_0047527,2026-06-07T22:21:00.000Z,ARRIVAL,36,TRAFFIC,GPS,false
TNT_001,DLY_TRP_0047544,TRP_0047544,2026-06-24T09:40:00.000Z,ARRIVAL,15,VEHICLE_ISSUE,GPS,false
TNT_001,DLY_TRP_0047549,TRP_0047549,2026-06-29T15:14:00.000Z,ARRIVAL,49,TRAFFIC,GPS,false
TNT_003,DLY_TRP_0047554,TRP_0047554,2026-07-04T06:36:00.000Z,ARRIVAL,18,DRIVER_LATE,OPS,false
TNT_001,DLY_TRP_0047565,TRP_0047565,2026-07-15T06:44:00.000Z,ARRIVAL,23,WEATHER,GPS,false
TNT_001,DLY_TRP_0047574,TRP_0047574,2026-07-24T09:25:00.000Z,ARRIVAL,20,VEHICLE_ISSUE,GPS,false
TNT_002,DLY_TRP_0047575,TRP_0047575,2026-07-25T22:27:00.000Z,ARRIVAL,55,DRIVER_LATE,GPS,false
TNT_001,DLY_TRP_0047585,TRP_0047585,2026-08-04T14:22:00.000Z,ARRIVAL,13,ROUTE_DEVIATION,GPS,false
TNT_001,DLY_TRP_0047586,TRP_0047586,2026-08-05T09:37:00.000Z,ARRIVAL,27,DRIVER_LATE,GPS,false
TNT_002,DLY_TRP_0047629,TRP_0047629,2026-06-19T06:27:00.000Z,ARRIVAL,49,ROUTE_DEVIATION,GPS,false
TNT_002,DLY_TRP_0047630,TRP_0047630,2026-06-20T05:49:00.000Z,ARRIVAL,22,WEATHER,GPS,false
TNT_001,DLY_TRP_0047631,TRP_0047631,2026-06-21T14:38:00.000Z,ARRIVAL,46,TRAFFIC,GPS,false
TNT_002,DLY_TRP_0047634,TRP_0047634,2026-06-24T09:53:00.000Z,ARRIVAL,19,TRAFFIC,GPS,false
TNT_003,DLY_TRP_0047641,TRP_0047641,2026-07-01T09:16:00.000Z,ARRIVAL,38,WEATHER,VENDOR,false
TNT_002,DLY_TRP_0047645,TRP_0047645,2026-07-05T09:47:00.000Z,ARRIVAL,29,TRAFFIC,GPS,false
TNT_003,DLY_TRP_0047646,TRP_0047646,2026-07-06T14:32:00.000Z,ARRIVAL,38,TRAFFIC,VENDOR,false
TNT_001,DLY_TRP_0047648,TRP_0047648,2026-07-08T14:24:00.000Z,ARRIVAL,20,TRAFFIC,GPS,false
TNT_001,DLY_TRP_0047661,TRP_0047661,2026-07-21T22:48:00.000Z,ARRIVAL,30,WEATHER,GPS,false
TNT_001,DLY_TRP_0047663,TRP_0047663,2026-07-23T15:02:00.000Z,ARRIVAL,49,DRIVER_LATE,OPS,false
TNT_001,DLY_TRP_0047666,TRP_0047666,2026-07-26T09:16:00.000Z,ARRIVAL,19,VEHICLE_ISSUE,GPS,false
TNT_001,DLY_TRP_0047676,TRP_0047676,2026-08-05T09:19:00.000Z,ARRIVAL,27,TRAFFIC,GPS,false
TNT_001,DLY_TRP_0047677,TRP_0047677,2026-08-06T07:08:00.000Z,ARRIVAL,23,ROUTE_DEVIATION,VENDOR,false
TNT_002,DLY_TRP_0047693,TRP_0047693,2026-08-22T09:32:00.000Z,ARRIVAL,53,TRAFFIC,VENDOR,false
TNT_003,DLY_TRP_0047694,TRP_0047694,2026-08-23T09:45:00.000Z,ARRIVAL,49,TRAFFIC,VENDOR,false
TNT_001,DLY_TRP_0047699,TRP_0047699,2026-08-28T07:02:00.000Z,ARRIVAL,58,ROUTE_DEVIATION,VENDOR,true
TNT_002,DLY_TRP_0047701,TRP_0047701,2026-06-01T22:49:00.000Z,ARRIVAL,15,ROUTE_DEVIATION,VENDOR,false
TNT_001,DLY_TRP_0047706,TRP_0047706,2026-06-06T07:03:00.000Z,ARRIVAL,54,DRIVER_LATE,GPS,false
TNT_001,DLY_TRP_0047710,TRP_0047710,2026-06-10T09:24:00.000Z,ARRIVAL,34,TRAFFIC,GPS,false
TNT_001,DLY_TRP_0047713,TRP_0047713,2026-06-13T14:20:00.000Z,ARRIVAL,31,ROUTE_DEVIATION,VENDOR,false
TNT_001,DLY_TRP_0047717,TRP_0047717,2026-06-17T06:39:00.000Z,ARRIVAL,13,ROUTE_DEVIATION,GPS,false
TNT_001,DLY_TRP_0047723,TRP_0047723,2026-06-23T07:18:00.000Z,ARRIVAL,38,TRAFFIC,GPS,false
TNT_001,DLY_TRP_0047733,TRP_0047733,2026-07-03T07:14:00.000Z,ARRIVAL,18,TRAFFIC,GPS,false
TNT_001,DLY_TRP_0047735,TRP_0047735,2026-07-05T07:22:00.000Z,ARRIVAL,52,TRAFFIC,GPS,false
TNT_001,DLY_TRP_0047736,TRP_0047736,2026-07-06T06:33:00.000Z,ARRIVAL,13,WEATHER,OPS,false
TNT_001,DLY_TRP_0047740,TRP_0047740,2026-07-10T14:30:00.000Z,ARRIVAL,26,DRIVER_LATE,GPS,false
TNT_002,DLY_TRP_0047742,TRP_0047742,2026-07-12T06:08:00.000Z,ARRIVAL,28,DRIVER_LATE,GPS,false
TNT_001,DLY_TRP_0047745,TRP_0047745,2026-07-15T05:47:00.000Z,ARRIVAL,12,TRAFFIC,VENDOR,false
TNT_002,DLY_TRP_0047748,TRP_0047748,2026-07-18T14:33:00.000Z,ARRIVAL,40,TRAFFIC,VENDOR,false
TNT_003,DLY_TRP_0047752,TRP_0047752,2026-07-22T15:10:00.000Z,ARRIVAL,52,WEATHER,GPS,false
TNT_002,DLY_TRP_0047753,TRP_0047753,2026-07-23T07:01:00.000Z,ARRIVAL,57,TRAFFIC,GPS,false
TNT_001,DLY_TRP_0047781,TRP_0047781,2026-08-20T06:26:00.000Z,ARRIVAL,29,TRAFFIC,GPS,false
TNT_003,DLY_TRP_0047789,TRP_0047789,2026-08-28T23:31:00.000Z,ARRIVAL,46,WEATHER,GPS,false
TNT_001,DLY_TRP_0047796,TRP_0047796,2026-06-06T23:05:00.000Z,ARRIVAL,31,ROUTE_DEVIATION,GPS,false
TNT_001,DLY_TRP_0047803,TRP_0047803,2026-06-13T10:06:00.000Z,ARRIVAL,48,WEATHER,VENDOR,false
TNT_003,DLY_TRP_0047807,TRP_0047807,2026-06-17T09:50:00.000Z,ARRIVAL,42,ROUTE_DEVIATION,GPS,false
TNT_001,DLY_TRP_0047810,TRP_0047810,2026-06-20T22:09:00.000Z,ARRIVAL,23,VEHICLE_ISSUE,GPS,false
TNT_001,DLY_TRP_0047812,TRP_0047812,2026-06-22T15:05:00.000Z,ARRIVAL,56,VEHICLE_ISSUE,GPS,false
TNT_003,DLY_TRP_0047817,TRP_0047817,2026-06-27T09:53:00.000Z,ARRIVAL,51,TRAFFIC,VENDOR,false
TNT_001,DLY_TRP_0047832,TRP_0047832,2026-07-12T09:45:00.000Z,ARRIVAL,34,DRIVER_LATE,GPS,false
TNT_002,DLY_TRP_0047835,TRP_0047835,2026-07-15T06:51:00.000Z,ARRIVAL,58,TRAFFIC,GPS,false
TNT_002,DLY_TRP_0047838,TRP_0047838,2026-07-18T10:06:00.000Z,ARRIVAL,40,WEATHER,VENDOR,false
TNT_002,DLY_TRP_0047844,TRP_0047844,2026-07-24T09:33:00.000Z,ARRIVAL,57,TRAFFIC,GPS,false
TNT_001,DLY_TRP_0047845,TRP_0047845,2026-07-25T22:33:00.000Z,ARRIVAL,45,WEATHER,GPS,false
TNT_003,DLY_TRP_0047853,TRP_0047853,2026-08-02T14:21:00.000Z,ARRIVAL,29,WEATHER,VENDOR,false
TNT_001,DLY_TRP_0047857,TRP_0047857,2026-08-06T07:30:00.000Z,ARRIVAL,52,TRAFFIC,VENDOR,false
TNT_002,DLY_TRP_0047858,TRP_0047858,2026-08-07T22:08:00.000Z,ARRIVAL,18,WEATHER,GPS,false
TNT_002,DLY_TRP_0047859,TRP_0047859,2026-08-08T09:41:00.000Z,ARRIVAL,48,WEATHER,VENDOR,false
TNT_001,DLY_TRP_0047864,TRP_0047864,2026-08-13T14:26:00.000Z,ARRIVAL,19,WEATHER,GPS,false
TNT_001,DLY_TRP_0047886,TRP_0047886,2026-06-06T08:54:00.000Z,ARRIVAL,31,WEATHER,GPS,false
TNT_002,DLY_TRP_0047909,TRP_0047909,2026-06-29T10:14:00.000Z,ARRIVAL,58,WEATHER,GPS,false
TNT_001,DLY_TRP_0047922,TRP_0047922,2026-07-12T06:45:00.000Z,ARRIVAL,33,TRAFFIC,GPS,false
TNT_001,DLY_TRP_0047928,TRP_0047928,2026-07-18T14:57:00.000Z,ARRIVAL,37,TRAFFIC,VENDOR,false
TNT_002,DLY_TRP_0047934,TRP_0047934,2026-07-24T09:54:00.000Z,ARRIVAL,44,TRAFFIC,VENDOR,false
TNT_001,DLY_TRP_0047936,TRP_0047936,2026-07-26T15:00:00.000Z,ARRIVAL,34,ROUTE_DEVIATION,OPS,false
TNT_001,DLY_TRP_0047941,TRP_0047941,2026-07-31T09:38:00.000Z,ARRIVAL,12,TRAFFIC,VENDOR,false
TNT_002,DLY_TRP_0047953,TRP_0047953,2026-08-12T06:32:00.000Z,ARRIVAL,27,WEATHER,OPS,false
TNT_002,DLY_TRP_0047959,TRP_0047959,2026-08-18T09:18:00.000Z,ARRIVAL,14,DRIVER_LATE,GPS,false
TNT_002,DLY_TRP_0047962,TRP_0047962,2026-08-21T09:50:00.000Z,ARRIVAL,47,WEATHER,GPS,false
TNT_001,DLY_TRP_0047965,TRP_0047965,2026-08-24T06:28:00.000Z,ARRIVAL,12,TRAFFIC,OPS,false
TNT_001,DLY_TRP_0047966,TRP_0047966,2026-08-25T23:14:00.000Z,ARRIVAL,31,TRAFFIC,GPS,false
TNT_002,DLY_TRP_0047970,TRP_0047970,2026-08-29T09:41:00.000Z,ARRIVAL,47,ROUTE_DEVIATION,GPS,false
TNT_002,DLY_TRP_0047971,TRP_0047971,2026-06-01T07:12:00.000Z,ARRIVAL,31,ROUTE_DEVIATION,VENDOR,false
TNT_001,DLY_TRP_0047977,TRP_0047977,2026-06-07T15:10:00.000Z,ARRIVAL,43,VEHICLE_ISSUE,GPS,false
TNT_002,DLY_TRP_0047983,TRP_0047983,2026-06-13T13:46:00.000Z,ARRIVAL,16,VEHICLE_ISSUE,GPS,false
TNT_001,DLY_TRP_0047988,TRP_0047988,2026-06-18T22:34:00.000Z,ARRIVAL,43,TRAFFIC,GPS,false
TNT_001,DLY_TRP_0047993,TRP_0047993,2026-06-23T22:08:00.000Z,ARRIVAL,13,TRAFFIC,GPS,true
TNT_001,DLY_TRP_0048004,TRP_0048004,2026-07-04T09:09:00.000Z,ARRIVAL,16,WEATHER,GPS,false
TNT_001,DLY_TRP_0048019,TRP_0048019,2026-07-19T14:22:00.000Z,ARRIVAL,15,DRIVER_LATE,GPS,false
TNT_001,DLY_TRP_0048023,TRP_0048023,2026-07-23T09:31:00.000Z,ARRIVAL,48,TRAFFIC,GPS,false
TNT_002,DLY_TRP_0048026,TRP_0048026,2026-07-26T09:29:00.000Z,ARRIVAL,27,WEATHER,GPS,false
TNT_001,DLY_TRP_0048028,TRP_0048028,2026-07-28T09:19:00.000Z,ARRIVAL,35,TRAFFIC,VENDOR,false
TNT_003,DLY_TRP_0048031,TRP_0048031,2026-07-31T06:54:00.000Z,ARRIVAL,38,WEATHER,OPS,false
TNT_003,DLY_TRP_0048037,TRP_0048037,2026-08-06T22:02:00.000Z,ARRIVAL,14,ROUTE_DEVIATION,GPS,false
TNT_001,DLY_TRP_0048047,TRP_0048047,2026-08-16T06:32:00.000Z,ARRIVAL,31,VEHICLE_ISSUE,GPS,false
TNT_003,DLY_TRP_0048051,TRP_0048051,2026-08-20T09:29:00.000Z,ARRIVAL,14,DRIVER_LATE,VENDOR,false
TNT_001,DLY_TRP_0048056,TRP_0048056,2026-08-25T09:46:00.000Z,ARRIVAL,41,WEATHER,VENDOR,false
TNT_001,DLY_TRP_0048059,TRP_0048059,2026-08-28T14:52:00.000Z,ARRIVAL,39,WEATHER,GPS,false
TNT_002,DLY_TRP_0048062,TRP_0048062,2026-06-02T22:19:00.000Z,ARRIVAL,27,WEATHER,GPS,false
TNT_001,DLY_TRP_0048063,TRP_0048063,2026-06-03T14:52:00.000Z,ARRIVAL,36,VEHICLE_ISSUE,GPS,false
TNT_001,DLY_TRP_0048064,TRP_0048064,2026-06-04T09:13:00.000Z,ARRIVAL,22,TRAFFIC,OPS,false
TNT_002,DLY_TRP_0048069,TRP_0048069,2026-06-09T14:37:00.000Z,ARRIVAL,17,WEATHER,VENDOR,false
TNT_001,DLY_TRP_0048070,TRP_0048070,2026-06-10T21:38:00.000Z,ARRIVAL,16,WEATHER,GPS,false
TNT_001,DLY_TRP_0048073,TRP_0048073,2026-06-13T23:13:00.000Z,ARRIVAL,55,ROUTE_DEVIATION,GPS,false
TNT_001,DLY_TRP_0048076,TRP_0048076,2026-06-16T14:57:00.000Z,ARRIVAL,53,TRAFFIC,OPS,false
TNT_001,DLY_TRP_0048090,TRP_0048090,2026-06-30T09:39:00.000Z,ARRIVAL,32,DRIVER_LATE,GPS,false
TNT_002,DLY_TRP_0048096,TRP_0048096,2026-07-06T06:05:00.000Z,ARRIVAL,31,DRIVER_LATE,GPS,false
TNT_001,DLY_TRP_0048097,TRP_0048097,2026-07-07T09:22:00.000Z,ARRIVAL,51,WEATHER,VENDOR,false
TNT_001,DLY_TRP_0048109,TRP_0048109,2026-07-19T07:09:00.000Z,ARRIVAL,49,TRAFFIC,GPS,false
TNT_001,DLY_TRP_0048115,TRP_0048115,2026-07-25T09:47:00.000Z,ARRIVAL,56,TRAFFIC,VENDOR,false
TNT_003,DLY_TRP_0048119,TRP_0048119,2026-07-29T10:09:00.000Z,ARRIVAL,33,DRIVER_LATE,GPS,false
TNT_002,DLY_TRP_0048146,TRP_0048146,2026-08-25T22:59:00.000Z,ARRIVAL,56,WEATHER,GPS,false
TNT_001,DLY_TRP_0048148,TRP_0048148,2026-08-27T22:32:00.000Z,ARRIVAL,28,VEHICLE_ISSUE,GPS,false
TNT_001,DLY_TRP_0048161,TRP_0048161,2026-06-11T09:53:00.000Z,ARRIVAL,11,TRAFFIC,OPS,false
TNT_002,DLY_TRP_0048164,TRP_0048164,2026-06-14T05:44:00.000Z,ARRIVAL,19,TRAFFIC,VENDOR,false
TNT_001,DLY_TRP_0048177,TRP_0048177,2026-06-27T10:15:00.000Z,ARRIVAL,52,TRAFFIC,GPS,false
TNT_001,DLY_TRP_0048178,TRP_0048178,2026-06-28T22:56:00.000Z,ARRIVAL,48,DRIVER_LATE,VENDOR,false
TNT_002,DLY_TRP_0048195,TRP_0048195,2026-07-15T14:52:00.000Z,ARRIVAL,28,DRIVER_LATE,VENDOR,false
TNT_001,DLY_TRP_0048196,TRP_0048196,2026-07-16T14:28:00.000Z,ARRIVAL,26,ROUTE_DEVIATION,OPS,false
TNT_003,DLY_TRP_0048199,TRP_0048199,2026-07-19T07:42:00.000Z,ARRIVAL,48,TRAFFIC,GPS,false
TNT_001,DLY_TRP_0048221,TRP_0048221,2026-08-10T07:09:00.000Z,ARRIVAL,45,DRIVER_LATE,GPS,false
TNT_001,DLY_TRP_0048228,TRP_0048228,2026-08-17T09:43:00.000Z,ARRIVAL,32,TRAFFIC,GPS,false
TNT_001,DLY_TRP_0048234,TRP_0048234,2026-08-23T22:47:00.000Z,ARRIVAL,41,TRAFFIC,GPS,false
TNT_001,DLY_TRP_0048235,TRP_0048235,2026-08-24T06:46:00.000Z,ARRIVAL,28,TRAFFIC,OPS,false
TNT_003,DLY_TRP_0048237,TRP_0048237,2026-08-26T09:29:00.000Z,ARRIVAL,38,TRAFFIC,VENDOR,false
TNT_001,DLY_TRP_0048239,TRP_0048239,2026-08-28T22:54:00.000Z,ARRIVAL,25,VEHICLE_ISSUE,OPS,false
TNT_001,DLY_TRP_0048245,TRP_0048245,2026-06-05T22:17:00.000Z,ARRIVAL,37,VEHICLE_ISSUE,GPS,false
TNT_001,DLY_TRP_0048246,TRP_0048246,2026-06-06T23:02:00.000Z,ARRIVAL,39,TRAFFIC,GPS,false
TNT_001,DLY_TRP_0048253,TRP_0048253,2026-06-13T23:14:00.000Z,ARRIVAL,53,DRIVER_LATE,GPS,false
TNT_003,DLY_TRP_0048255,TRP_0048255,2026-06-15T06:21:00.000Z,ARRIVAL,11,ROUTE_DEVIATION,GPS,false
TNT_002,DLY_TRP_0048256,TRP_0048256,2026-06-16T08:57:00.000Z,ARRIVAL,15,DRIVER_LATE,GPS,false
TNT_002,DLY_TRP_0048257,TRP_0048257,2026-06-17T07:24:00.000Z,ARRIVAL,56,TRAFFIC,GPS,false
TNT_003,DLY_TRP_0048265,TRP_0048265,2026-06-25T09:58:00.000Z,ARRIVAL,42,DRIVER_LATE,VENDOR,false
TNT_001,DLY_TRP_0048267,TRP_0048267,2026-06-27T09:38:00.000Z,ARRIVAL,12,TRAFFIC,GPS,false
TNT_002,DLY_TRP_0048268,TRP_0048268,2026-06-28T09:41:00.000Z,ARRIVAL,31,TRAFFIC,GPS,false
TNT_003,DLY_TRP_0048269,TRP_0048269,2026-06-29T09:12:00.000Z,ARRIVAL,25,TRAFFIC,GPS,false
TNT_001,DLY_TRP_0048270,TRP_0048270,2026-06-30T09:46:00.000Z,ARRIVAL,33,VEHICLE_ISSUE,VENDOR,false
TNT_002,DLY_TRP_0048285,TRP_0048285,2026-07-15T08:39:00.000Z,ARRIVAL,14,WEATHER,VENDOR,false
TNT_001,DLY_TRP_0048291,TRP_0048291,2026-07-21T10:08:00.000Z,ARRIVAL,54,TRAFFIC,VENDOR,false
TNT_001,DLY_TRP_0048306,TRP_0048306,2026-08-05T23:23:00.000Z,ARRIVAL,48,TRAFFIC,GPS,false
TNT_001,DLY_TRP_0048319,TRP_0048319,2026-08-18T15:10:00.000Z,ARRIVAL,54,TRAFFIC,GPS,false
TNT_002,DLY_TRP_0048321,TRP_0048321,2026-08-20T14:24:00.000Z,ARRIVAL,20,ROUTE_DEVIATION,VENDOR,false
TNT_002,DLY_TRP_0048323,TRP_0048323,2026-08-22T22:53:00.000Z,ARRIVAL,57,VEHICLE_ISSUE,GPS,false
TNT_001,DLY_TRP_0048325,TRP_0048325,2026-08-24T22:47:00.000Z,ARRIVAL,47,DRIVER_LATE,GPS,false
TNT_002,DLY_TRP_0048328,TRP_0048328,2026-08-27T06:29:00.000Z,ARRIVAL,32,VEHICLE_ISSUE,VENDOR,false
TNT_002,DLY_TRP_0048329,TRP_0048329,2026-08-28T14:48:00.000Z,ARRIVAL,47,ROUTE_DEVIATION,GPS,false
TNT_001,DLY_TRP_0048333,TRP_0048333,2026-06-03T06:46:00.000Z,ARRIVAL,34,TRAFFIC,GPS,false
TNT_001,DLY_TRP_0048336,TRP_0048336,2026-06-06T06:17:00.000Z,ARRIVAL,44,DRIVER_LATE,OPS,true
TNT_001,DLY_TRP_0048343,TRP_0048343,2026-06-13T21:43:00.000Z,ARRIVAL,14,TRAFFIC,VENDOR,false
TNT_001,DLY_TRP_0048346,TRP_0048346,2026-06-16T14:59:00.000Z,ARRIVAL,40,TRAFFIC,VENDOR,false
TNT_001,DLY_TRP_0048355,TRP_0048355,2026-06-25T09:44:00.000Z,ARRIVAL,14,DRIVER_LATE,VENDOR,false
TNT_003,DLY_TRP_0048359,TRP_0048359,2026-06-29T14:16:00.000Z,ARRIVAL,11,TRAFFIC,GPS,false
TNT_001,DLY_TRP_0048374,TRP_0048374,2026-07-14T22:10:00.000Z,ARRIVAL,26,TRAFFIC,GPS,false
TNT_001,DLY_TRP_0048381,TRP_0048381,2026-07-21T06:21:00.000Z,ARRIVAL,22,TRAFFIC,GPS,false
TNT_002,DLY_TRP_0048382,TRP_0048382,2026-07-22T05:58:00.000Z,ARRIVAL,26,TRAFFIC,OPS,false
TNT_001,DLY_TRP_0048389,TRP_0048389,2026-07-29T10:11:00.000Z,ARRIVAL,47,ROUTE_DEVIATION,OPS,false
TNT_001,DLY_TRP_0048400,TRP_0048400,2026-08-09T06:28:00.000Z,ARRIVAL,33,TRAFFIC,GPS,false
TNT_003,DLY_TRP_0048413,TRP_0048413,2026-08-22T23:16:00.000Z,ARRIVAL,54,DRIVER_LATE,VENDOR,false
TNT_002,DLY_TRP_0048423,TRP_0048423,2026-06-03T13:54:00.000Z,ARRIVAL,15,DRIVER_LATE,GPS,false
TNT_002,DLY_TRP_0048424,TRP_0048424,2026-06-04T22:26:00.000Z,ARRIVAL,23,DRIVER_LATE,GPS,false
TNT_001,DLY_TRP_0048426,TRP_0048426,2026-06-06T06:51:00.000Z,ARRIVAL,25,WEATHER,OPS,false
TNT_002,DLY_TRP_0048433,TRP_0048433,2026-06-13T09:37:00.000Z,ARRIVAL,28,VEHICLE_ISSUE,VENDOR,false
TNT_001,DLY_TRP_0048447,TRP_0048447,2026-06-27T23:00:00.000Z,ARRIVAL,47,DRIVER_LATE,GPS,false
TNT_002,DLY_TRP_0048454,TRP_0048454,2026-07-04T10:04:00.000Z,ARRIVAL,49,TRAFFIC,OPS,false
TNT_001,DLY_TRP_0048457,TRP_0048457,2026-07-07T23:09:00.000Z,ARRIVAL,36,TRAFFIC,GPS,false
TNT_001,DLY_TRP_0048473,TRP_0048473,2026-07-23T14:53:00.000Z,ARRIVAL,37,TRAFFIC,GPS,false
TNT_003,DLY_TRP_0048477,TRP_0048477,2026-07-27T09:35:00.000Z,ARRIVAL,33,TRAFFIC,GPS,false
TNT_003,DLY_TRP_0048478,TRP_0048478,2026-07-28T10:06:00.000Z,ARRIVAL,54,TRAFFIC,OPS,false
TNT_001,DLY_TRP_0048485,TRP_0048485,2026-08-04T07:21:00.000Z,ARRIVAL,53,ROUTE_DEVIATION,GPS,false
TNT_001,DLY_TRP_0048494,TRP_0048494,2026-08-13T06:39:00.000Z,ARRIVAL,35,TRAFFIC,GPS,false
TNT_002,DLY_TRP_0048502,TRP_0048502,2026-08-21T14:27:00.000Z,ARRIVAL,28,TRAFFIC,GPS,false
TNT_001,DLY_TRP_0048514,TRP_0048514,2026-06-04T13:51:00.000Z,ARRIVAL,19,WEATHER,GPS,false
TNT_001,DLY_TRP_0048520,TRP_0048520,2026-06-10T10:14:00.000Z,ARRIVAL,27,WEATHER,GPS,false
TNT_001,DLY_TRP_0048522,TRP_0048522,2026-06-12T06:33:00.000Z,ARRIVAL,21,ROUTE_DEVIATION,GPS,false
TNT_001,DLY_TRP_0048536,TRP_0048536,2026-06-26T14:56:00.000Z,ARRIVAL,38,WEATHER,GPS,false
TNT_001,DLY_TRP_0048544,TRP_0048544,2026-07-04T07:22:00.000Z,ARRIVAL,50,VEHICLE_ISSUE,GPS,false
TNT_002,DLY_TRP_0048547,TRP_0048547,2026-07-07T14:00:00.000Z,ARRIVAL,17,WEATHER,GPS,false
TNT_003,DLY_TRP_0048557,TRP_0048557,2026-07-17T14:53:00.000Z,ARRIVAL,49,WEATHER,GPS,false
TNT_002,DLY_TRP_0048566,TRP_0048566,2026-07-26T10:15:00.000Z,ARRIVAL,17,TRAFFIC,GPS,false
TNT_001,DLY_TRP_0048567,TRP_0048567,2026-07-27T15:10:00.000Z,ARRIVAL,56,DRIVER_LATE,GPS,false
TNT_001,DLY_TRP_0048574,TRP_0048574,2026-08-03T10:34:00.000Z,ARRIVAL,15,ROUTE_DEVIATION,GPS,false
TNT_001,DLY_TRP_0048580,TRP_0048580,2026-08-09T22:38:00.000Z,ARRIVAL,54,DRIVER_LATE,GPS,false
TNT_001,DLY_TRP_0048584,TRP_0048584,2026-08-13T14:41:00.000Z,ARRIVAL,44,ROUTE_DEVIATION,GPS,false
TNT_003,DLY_TRP_0048585,TRP_0048585,2026-08-14T09:24:00.000Z,ARRIVAL,26,ROUTE_DEVIATION,OPS,false
TNT_001,DLY_TRP_0048588,TRP_0048588,2026-08-17T13:42:00.000Z,ARRIVAL,11,WEATHER,GPS,false
TNT_001,DLY_TRP_0048590,TRP_0048590,2026-08-19T06:31:00.000Z,ARRIVAL,23,VEHICLE_ISSUE,GPS,false
TNT_001,DLY_TRP_0048591,TRP_0048591,2026-08-20T05:55:00.000Z,ARRIVAL,19,TRAFFIC,GPS,false
TNT_003,DLY_TRP_0048593,TRP_0048593,2026-08-22T10:15:00.000Z,ARRIVAL,56,TRAFFIC,GPS,false
TNT_002,DLY_TRP_0048594,TRP_0048594,2026-08-23T14:11:00.000Z,ARRIVAL,18,ROUTE_DEVIATION,VENDOR,false
TNT_001,DLY_TRP_0048595,TRP_0048595,2026-08-24T22:38:00.000Z,ARRIVAL,32,ROUTE_DEVIATION,GPS,false
TNT_001,DLY_TRP_0048599,TRP_0048599,2026-08-28T23:03:00.000Z,ARRIVAL,34,DRIVER_LATE,GPS,false
TNT_001,DLY_TRP_0048600,TRP_0048600,2026-08-29T14:37:00.000Z,ARRIVAL,30,TRAFFIC,GPS,false
TNT_001,DLY_TRP_0048605,TRP_0048605,2026-06-05T08:48:00.000Z,ARRIVAL,19,WEATHER,GPS,false
TNT_001,DLY_TRP_0048606,TRP_0048606,2026-06-06T06:16:00.000Z,ARRIVAL,13,TRAFFIC,GPS,false
TNT_001,DLY_TRP_0048608,TRP_0048608,2026-06-08T07:19:00.000Z,ARRIVAL,14,WEATHER,GPS,false
TNT_002,DLY_TRP_0048620,TRP_0048620,2026-06-20T22:20:00.000Z,ARRIVAL,36,ROUTE_DEVIATION,GPS,false
TNT_001,DLY_TRP_0048640,TRP_0048640,2026-07-10T09:45:00.000Z,ARRIVAL,15,TRAFFIC,GPS,false
TNT_001,DLY_TRP_0048654,TRP_0048654,2026-07-24T06:37:00.000Z,ARRIVAL,58,TRAFFIC,GPS,false
TNT_001,DLY_TRP_0048657,TRP_0048657,2026-07-27T15:06:00.000Z,ARRIVAL,38,DRIVER_LATE,GPS,false
TNT_001,DLY_TRP_0048664,TRP_0048664,2026-08-03T09:25:00.000Z,ARRIVAL,40,TRAFFIC,GPS,false
TNT_002,DLY_TRP_0048668,TRP_0048668,2026-08-07T22:07:00.000Z,ARRIVAL,19,TRAFFIC,GPS,false
TNT_002,DLY_TRP_0048670,TRP_0048670,2026-08-09T09:18:00.000Z,ARRIVAL,49,VEHICLE_ISSUE,GPS,false
TNT_002,DLY_TRP_0048677,TRP_0048677,2026-08-16T09:33:00.000Z,ARRIVAL,26,TRAFFIC,VENDOR,false
TNT_003,DLY_TRP_0048686,TRP_0048686,2026-08-25T22:18:00.000Z,ARRIVAL,43,WEATHER,GPS,false
TNT_002,DLY_TRP_0048687,TRP_0048687,2026-08-26T14:01:00.000Z,ARRIVAL,35,VEHICLE_ISSUE,GPS,false
TNT_001,DLY_TRP_0048696,TRP_0048696,2026-06-06T06:37:00.000Z,ARRIVAL,53,TRAFFIC,GPS,false
TNT_002,DLY_TRP_0048703,TRP_0048703,2026-06-13T09:43:00.000Z,ARRIVAL,56,DRIVER_LATE,VENDOR,false
TNT_002,DLY_TRP_0048721,TRP_0048721,2026-07-01T09:42:00.000Z,ARRIVAL,54,TRAFFIC,OPS,false
TNT_001,DLY_TRP_0048737,TRP_0048737,2026-07-17T06:43:00.000Z,ARRIVAL,23,WEATHER,GPS,false
TNT_002,DLY_TRP_0048748,TRP_0048748,2026-07-28T07:02:00.000Z,ARRIVAL,54,WEATHER,VENDOR,false
TNT_001,DLY_TRP_0048750,TRP_0048750,2026-07-30T14:40:00.000Z,ARRIVAL,30,TRAFFIC,GPS,false
TNT_003,DLY_TRP_0048756,TRP_0048756,2026-08-05T22:41:00.000Z,ARRIVAL,58,WEATHER,GPS,false
TNT_002,DLY_TRP_0048768,TRP_0048768,2026-08-17T09:55:00.000Z,ARRIVAL,41,WEATHER,VENDOR,false
TNT_001,DLY_TRP_0048771,TRP_0048771,2026-08-20T09:18:00.000Z,ARRIVAL,25,VEHICLE_ISSUE,OPS,false
TNT_001,DLY_TRP_0048772,TRP_0048772,2026-08-21T06:43:00.000Z,ARRIVAL,29,WEATHER,GPS,false
TNT_001,DLY_TRP_0048777,TRP_0048777,2026-08-26T14:32:00.000Z,ARRIVAL,57,TRAFFIC,GPS,false
TNT_001,DLY_TRP_0048778,TRP_0048778,2026-08-27T23:07:00.000Z,ARRIVAL,21,DRIVER_LATE,GPS,false
TNT_001,DLY_TRP_0048789,TRP_0048789,2026-06-09T22:39:00.000Z,ARRIVAL,22,VEHICLE_ISSUE,GPS,false
TNT_001,DLY_TRP_0048802,TRP_0048802,2026-06-22T14:26:00.000Z,ARRIVAL,40,TRAFFIC,OPS,false
TNT_001,DLY_TRP_0048803,TRP_0048803,2026-06-23T09:30:00.000Z,ARRIVAL,43,WEATHER,GPS,false
TNT_002,DLY_TRP_0048807,TRP_0048807,2026-06-27T09:32:00.000Z,ARRIVAL,24,TRAFFIC,OPS,false
TNT_001,DLY_TRP_0048808,TRP_0048808,2026-06-28T09:04:00.000Z,ARRIVAL,37,ROUTE_DEVIATION,GPS,false
TNT_001,DLY_TRP_0048819,TRP_0048819,2026-07-09T14:42:00.000Z,ARRIVAL,44,WEATHER,GPS,false
TNT_001,DLY_TRP_0048827,TRP_0048827,2026-07-17T09:22:00.000Z,ARRIVAL,23,ROUTE_DEVIATION,GPS,false
TNT_001,DLY_TRP_0048830,TRP_0048830,2026-07-20T15:34:00.000Z,ARRIVAL,37,TRAFFIC,GPS,false
TNT_001,DLY_TRP_0048843,TRP_0048843,2026-08-02T09:44:00.000Z,ARRIVAL,35,DRIVER_LATE,GPS,false
TNT_001,DLY_TRP_0048849,TRP_0048849,2026-08-08T23:00:00.000Z,ARRIVAL,55,DRIVER_LATE,GPS,false
TNT_001,DLY_TRP_0048851,TRP_0048851,2026-08-10T06:56:00.000Z,ARRIVAL,13,ROUTE_DEVIATION,GPS,false
TNT_001,DLY_TRP_0048862,TRP_0048862,2026-08-21T07:13:00.000Z,ARRIVAL,57,DRIVER_LATE,VENDOR,false
TNT_002,DLY_TRP_0048875,TRP_0048875,2026-06-05T14:35:00.000Z,ARRIVAL,42,DRIVER_LATE,VENDOR,false
TNT_001,DLY_TRP_0048885,TRP_0048885,2026-06-15T09:06:00.000Z,ARRIVAL,26,TRAFFIC,VENDOR,false
TNT_002,DLY_TRP_0048889,TRP_0048889,2026-06-19T06:29:00.000Z,ARRIVAL,33,DRIVER_LATE,VENDOR,false
TNT_002,DLY_TRP_0048895,TRP_0048895,2026-06-25T22:19:00.000Z,ARRIVAL,15,ROUTE_DEVIATION,GPS,false
TNT_002,DLY_TRP_0048897,TRP_0048897,2026-06-27T21:58:00.000Z,ARRIVAL,18,WEATHER,GPS,false
TNT_002,DLY_TRP_0048909,TRP_0048909,2026-07-09T06:39:00.000Z,ARRIVAL,22,TRAFFIC,GPS,true
TNT_001,DLY_TRP_0048911,TRP_0048911,2026-07-11T14:35:00.000Z,ARRIVAL,41,TRAFFIC,VENDOR,true
TNT_001,DLY_TRP_0048914,TRP_0048914,2026-07-14T22:45:00.000Z,ARRIVAL,40,TRAFFIC,GPS,false
TNT_002,DLY_TRP_0048918,TRP_0048918,2026-07-18T07:01:00.000Z,ARRIVAL,54,TRAFFIC,GPS,false
TNT_002,DLY_TRP_0048920,TRP_0048920,2026-07-20T06:40:00.000Z,ARRIVAL,49,WEATHER,GPS,false
TNT_001,DLY_TRP_0048925,TRP_0048925,2026-07-25T22:51:00.000Z,ARRIVAL,50,DRIVER_LATE,VENDOR,false
TNT_001,DLY_TRP_0048927,TRP_0048927,2026-07-27T15:14:00.000Z,ARRIVAL,22,VEHICLE_ISSUE,GPS,false
TNT_001,DLY_TRP_0048928,TRP_0048928,2026-07-28T09:31:00.000Z,ARRIVAL,15,ROUTE_DEVIATION,VENDOR,false
TNT_001,DLY_TRP_0048949,TRP_0048949,2026-08-18T14:54:00.000Z,ARRIVAL,32,ROUTE_DEVIATION,OPS,false
TNT_001,DLY_TRP_0048950,TRP_0048950,2026-08-19T09:12:00.000Z,ARRIVAL,18,ROUTE_DEVIATION,OPS,false
TNT_001,DLY_TRP_0048957,TRP_0048957,2026-08-26T10:00:00.000Z,ARRIVAL,55,WEATHER,GPS,false
TNT_001,DLY_TRP_0048958,TRP_0048958,2026-08-27T22:56:00.000Z,ARRIVAL,32,DRIVER_LATE,GPS,false
TNT_001,DLY_TRP_0048988,TRP_0048988,2026-06-28T09:37:00.000Z,ARRIVAL,34,TRAFFIC,GPS,false
TNT_001,DLY_TRP_0049002,TRP_0049002,2026-07-12T06:36:00.000Z,ARRIVAL,12,TRAFFIC,GPS,false
TNT_001,DLY_TRP_0049009,TRP_0049009,2026-07-19T14:53:00.000Z,ARRIVAL,32,ROUTE_DEVIATION,GPS,false
TNT_001,DLY_TRP_0049015,TRP_0049015,2026-07-25T09:50:00.000Z,ARRIVAL,42,VEHICLE_ISSUE,VENDOR,false
TNT_001,DLY_TRP_0049019,TRP_0049019,2026-07-29T06:59:00.000Z,ARRIVAL,50,ROUTE_DEVIATION,VENDOR,false
TNT_003,DLY_TRP_0049021,TRP_0049021,2026-07-31T09:19:00.000Z,ARRIVAL,17,TRAFFIC,GPS,false
TNT_001,DLY_TRP_0049022,TRP_0049022,2026-08-01T14:36:00.000Z,ARRIVAL,33,DRIVER_LATE,GPS,false
TNT_001,DLY_TRP_0049038,TRP_0049038,2026-08-17T06:47:00.000Z,ARRIVAL,16,TRAFFIC,GPS,false
TNT_002,DLY_TRP_0049039,TRP_0049039,2026-08-18T14:40:00.000Z,ARRIVAL,41,TRAFFIC,GPS,false
TNT_001,DLY_TRP_0049040,TRP_0049040,2026-08-19T22:27:00.000Z,ARRIVAL,13,TRAFFIC,VENDOR,false
TNT_001,DLY_TRP_0049047,TRP_0049047,2026-08-26T06:52:00.000Z,ARRIVAL,45,VEHICLE_ISSUE,GPS,false
TNT_001,DLY_TRP_0049050,TRP_0049050,2026-08-29T14:21:00.000Z,ARRIVAL,23,ROUTE_DEVIATION,GPS,false
TNT_002,DLY_TRP_0049059,TRP_0049059,2026-06-09T14:18:00.000Z,ARRIVAL,26,WEATHER,OPS,false
TNT_001,DLY_TRP_0049062,TRP_0049062,2026-06-12T09:24:00.000Z,ARRIVAL,41,TRAFFIC,GPS,false
TNT_001,DLY_TRP_0049063,TRP_0049063,2026-06-13T14:42:00.000Z,ARRIVAL,31,VEHICLE_ISSUE,GPS,false
TNT_002,DLY_TRP_0049066,TRP_0049066,2026-06-16T09:27:00.000Z,ARRIVAL,24,WEATHER,OPS,false
TNT_002,DLY_TRP_0049067,TRP_0049067,2026-06-17T09:35:00.000Z,ARRIVAL,40,DRIVER_LATE,GPS,false
TNT_002,DLY_TRP_0049074,TRP_0049074,2026-06-24T09:55:00.000Z,ARRIVAL,57,WEATHER,GPS,false
TNT_002,DLY_TRP_0049082,TRP_0049082,2026-07-02T06:38:00.000Z,ARRIVAL,40,WEATHER,OPS,false
TNT_001,DLY_TRP_0049084,TRP_0049084,2026-07-04T22:47:00.000Z,ARRIVAL,34,TRAFFIC,GPS,false
TNT_002,DLY_TRP_0049085,TRP_0049085,2026-07-05T13:51:00.000Z,ARRIVAL,17,WEATHER,OPS,false
TNT_001,DLY_TRP_0049090,TRP_0049090,2026-07-10T06:24:00.000Z,ARRIVAL,23,DRIVER_LATE,GPS,false
TNT_002,DLY_TRP_0049091,TRP_0049091,2026-07-11T22:01:00.000Z,ARRIVAL,15,TRAFFIC,GPS,false
TNT_002,DLY_TRP_0049098,TRP_0049098,2026-07-18T08:55:00.000Z,ARRIVAL,15,DRIVER_LATE,GPS,false
TNT_001,DLY_TRP_0049116,TRP_0049116,2026-08-05T10:06:00.000Z,ARRIVAL,44,ROUTE_DEVIATION,OPS,false
TNT_003,DLY_TRP_0049126,TRP_0049126,2026-08-15T09:54:00.000Z,ARRIVAL,56,TRAFFIC,OPS,false
TNT_001,DLY_TRP_0049142,TRP_0049142,2026-06-02T22:45:00.000Z,ARRIVAL,51,VEHICLE_ISSUE,VENDOR,true
TNT_001,DLY_TRP_0049150,TRP_0049150,2026-06-10T07:13:00.000Z,ARRIVAL,41,DRIVER_LATE,VENDOR,false
TNT_001,DLY_TRP_0049159,TRP_0049159,2026-06-19T22:45:00.000Z,ARRIVAL,38,WEATHER,GPS,true
TNT_002,DLY_TRP_0049167,TRP_0049167,2026-06-27T09:10:00.000Z,ARRIVAL,24,TRAFFIC,GPS,false
TNT_001,DLY_TRP_0049169,TRP_0049169,2026-06-29T09:53:00.000Z,ARRIVAL,42,DRIVER_LATE,VENDOR,false
TNT_003,DLY_TRP_0049171,TRP_0049171,2026-07-01T09:37:00.000Z,ARRIVAL,40,TRAFFIC,GPS,false
TNT_002,DLY_TRP_0049173,TRP_0049173,2026-07-03T09:32:00.000Z,ARRIVAL,38,WEATHER,GPS,false
TNT_002,DLY_TRP_0049174,TRP_0049174,2026-07-04T22:28:00.000Z,ARRIVAL,49,TRAFFIC,VENDOR,false
TNT_001,DLY_TRP_0049175,TRP_0049175,2026-07-05T14:14:00.000Z,ARRIVAL,27,ROUTE_DEVIATION,OPS,false
TNT_001,DLY_TRP_0049177,TRP_0049177,2026-07-07T15:16:00.000Z,ARRIVAL,37,WEATHER,GPS,false
TNT_003,DLY_TRP_0049184,TRP_0049184,2026-07-14T09:31:00.000Z,ARRIVAL,46,TRAFFIC,OPS,false
TNT_001,DLY_TRP_0049189,TRP_0049189,2026-07-19T06:44:00.000Z,ARRIVAL,52,TRAFFIC,GPS,false
TNT_001,DLY_TRP_0049191,TRP_0049191,2026-07-21T07:00:00.000Z,ARRIVAL,49,DRIVER_LATE,GPS,false
TNT_003,DLY_TRP_0049205,TRP_0049205,2026-08-04T09:13:00.000Z,ARRIVAL,12,TRAFFIC,GPS,false
TNT_001,DLY_TRP_0049206,TRP_0049206,2026-08-05T06:49:00.000Z,ARRIVAL,19,TRAFFIC,GPS,false
TNT_003,DLY_TRP_0049218,TRP_0049218,2026-08-17T08:41:00.000Z,ARRIVAL,11,ROUTE_DEVIATION,GPS,false
TNT_003,DLY_TRP_0049228,TRP_0049228,2026-08-27T22:23:00.000Z,ARRIVAL,33,TRAFFIC,GPS,false
TNT_001,DLY_TRP_0049234,TRP_0049234,2026-06-04T09:45:00.000Z,ARRIVAL,24,WEATHER,GPS,false
TNT_003,DLY_TRP_0049255,TRP_0049255,2026-06-25T10:14:00.000Z,ARRIVAL,49,WEATHER,GPS,false
TNT_002,DLY_TRP_0049257,TRP_0049257,2026-06-27T06:14:00.000Z,ARRIVAL,26,WEATHER,GPS,false
TNT_001,DLY_TRP_0049270,TRP_0049270,2026-07-10T07:25:00.000Z,ARRIVAL,53,DRIVER_LATE,GPS,false
TNT_001,DLY_TRP_0049277,TRP_0049277,2026-07-17T09:31:00.000Z,ARRIVAL,48,ROUTE_DEVIATION,GPS,false
TNT_001,DLY_TRP_0049279,TRP_0049279,2026-07-19T22:31:00.000Z,ARRIVAL,19,TRAFFIC,GPS,false
TNT_001,DLY_TRP_0049281,TRP_0049281,2026-07-21T22:49:00.000Z,ARRIVAL,16,VEHICLE_ISSUE,GPS,false
TNT_001,DLY_TRP_0049288,TRP_0049288,2026-07-28T10:14:00.000Z,ARRIVAL,50,TRAFFIC,GPS,false
TNT_001,DLY_TRP_0049294,TRP_0049294,2026-08-03T15:24:00.000Z,ARRIVAL,53,DRIVER_LATE,GPS,false
TNT_003,DLY_TRP_0049309,TRP_0049309,2026-08-18T09:30:00.000Z,ARRIVAL,48,TRAFFIC,GPS,false
TNT_001,DLY_TRP_0049310,TRP_0049310,2026-08-19T14:32:00.000Z,ARRIVAL,51,DRIVER_LATE,GPS,false
TNT_001,DLY_TRP_0049315,TRP_0049315,2026-08-24T09:57:00.000Z,ARRIVAL,46,TRAFFIC,GPS,false
TNT_002,DLY_TRP_0049316,TRP_0049316,2026-08-25T09:39:00.000Z,ARRIVAL,47,TRAFFIC,GPS,false
TNT_001,DLY_TRP_0049320,TRP_0049320,2026-08-29T23:04:00.000Z,ARRIVAL,30,DRIVER_LATE,OPS,false
TNT_002,DLY_TRP_0049321,TRP_0049321,2026-06-01T09:57:00.000Z,ARRIVAL,43,TRAFFIC,VENDOR,false
TNT_002,DLY_TRP_0049341,TRP_0049341,2026-06-21T15:03:00.000Z,ARRIVAL,58,TRAFFIC,VENDOR,false
TNT_001,DLY_TRP_0049347,TRP_0049347,2026-06-27T07:38:00.000Z,ARRIVAL,55,TRAFFIC,VENDOR,false
TNT_001,DLY_TRP_0049351,TRP_0049351,2026-07-01T21:51:00.000Z,ARRIVAL,17,ROUTE_DEVIATION,OPS,false
TNT_003,DLY_TRP_0049353,TRP_0049353,2026-07-03T06:57:00.000Z,ARRIVAL,26,WEATHER,GPS,false
TNT_001,DLY_TRP_0049361,TRP_0049361,2026-07-11T10:10:00.000Z,ARRIVAL,53,DRIVER_LATE,GPS,false
TNT_001,DLY_TRP_0049365,TRP_0049365,2026-07-15T22:53:00.000Z,ARRIVAL,44,TRAFFIC,OPS,false
TNT_001,DLY_TRP_0049369,TRP_0049369,2026-07-19T10:10:00.000Z,ARRIVAL,48,ROUTE_DEVIATION,GPS,false
TNT_001,DLY_TRP_0049374,TRP_0049374,2026-07-24T14:09:00.000Z,ARRIVAL,43,DRIVER_LATE,VENDOR,false
TNT_001,DLY_TRP_0049384,TRP_0049384,2026-08-03T06:40:00.000Z,ARRIVAL,30,DRIVER_LATE,OPS,false
TNT_001,DLY_TRP_0049389,TRP_0049389,2026-08-08T07:07:00.000Z,ARRIVAL,37,ROUTE_DEVIATION,OPS,false
TNT_001,DLY_TRP_0049407,TRP_0049407,2026-08-26T14:31:00.000Z,ARRIVAL,30,ROUTE_DEVIATION,OPS,false
TNT_003,DLY_TRP_0049408,TRP_0049408,2026-08-27T23:26:00.000Z,ARRIVAL,18,TRAFFIC,GPS,false
TNT_001,DLY_TRP_0049409,TRP_0049409,2026-08-28T22:39:00.000Z,ARRIVAL,31,TRAFFIC,GPS,false
TNT_003,DLY_TRP_0049411,TRP_0049411,2026-06-01T06:56:00.000Z,ARRIVAL,48,TRAFFIC,GPS,false
TNT_001,DLY_TRP_0049422,TRP_0049422,2026-06-12T14:19:00.000Z,ARRIVAL,33,TRAFFIC,OPS,false
TNT_001,DLY_TRP_0049426,TRP_0049426,2026-06-16T07:43:00.000Z,ARRIVAL,44,TRAFFIC,GPS,false
TNT_003,DLY_TRP_0049428,TRP_0049428,2026-06-18T10:25:00.000Z,ARRIVAL,29,TRAFFIC,VENDOR,false
TNT_001,DLY_TRP_0049441,TRP_0049441,2026-07-01T22:55:00.000Z,ARRIVAL,26,DRIVER_LATE,GPS,false
TNT_001,DLY_TRP_0049443,TRP_0049443,2026-07-03T14:22:00.000Z,ARRIVAL,39,DRIVER_LATE,OPS,false
TNT_001,DLY_TRP_0049446,TRP_0049446,2026-07-06T23:19:00.000Z,ARRIVAL,53,ROUTE_DEVIATION,VENDOR,false
TNT_001,DLY_TRP_0049458,TRP_0049458,2026-07-18T22:59:00.000Z,ARRIVAL,46,TRAFFIC,GPS,false
TNT_001,DLY_TRP_0049466,TRP_0049466,2026-07-26T09:32:00.000Z,ARRIVAL,41,ROUTE_DEVIATION,GPS,false
TNT_001,DLY_TRP_0049471,TRP_0049471,2026-07-31T06:34:00.000Z,ARRIVAL,18,TRAFFIC,GPS,false
TNT_003,DLY_TRP_0049473,TRP_0049473,2026-08-02T22:55:00.000Z,ARRIVAL,44,WEATHER,OPS,false
TNT_001,DLY_TRP_0049476,TRP_0049476,2026-08-05T14:45:00.000Z,ARRIVAL,44,WEATHER,GPS,false
TNT_001,DLY_TRP_0049481,TRP_0049481,2026-08-10T07:03:00.000Z,ARRIVAL,29,VEHICLE_ISSUE,GPS,false
TNT_001,DLY_TRP_0049482,TRP_0049482,2026-08-11T06:37:00.000Z,ARRIVAL,39,TRAFFIC,GPS,false
TNT_003,DLY_TRP_0049486,TRP_0049486,2026-08-15T06:45:00.000Z,ARRIVAL,28,WEATHER,GPS,false
TNT_002,DLY_TRP_0049493,TRP_0049493,2026-08-22T06:11:00.000Z,ARRIVAL,24,DRIVER_LATE,OPS,false
TNT_001,DLY_TRP_0049496,TRP_0049496,2026-08-25T09:24:00.000Z,ARRIVAL,26,VEHICLE_ISSUE,OPS,false
TNT_002,DLY_TRP_0049505,TRP_0049505,2026-06-05T22:06:00.000Z,ARRIVAL,32,TRAFFIC,GPS,false
TNT_003,DLY_TRP_0049520,TRP_0049520,2026-06-20T09:30:00.000Z,ARRIVAL,39,TRAFFIC,OPS,false
TNT_003,DLY_TRP_0049537,TRP_0049537,2026-07-07T14:43:00.000Z,ARRIVAL,55,DRIVER_LATE,GPS,false
TNT_001,DLY_TRP_0049539,TRP_0049539,2026-07-09T10:10:00.000Z,ARRIVAL,40,WEATHER,VENDOR,false
TNT_003,DLY_TRP_0049544,TRP_0049544,2026-07-14T06:35:00.000Z,ARRIVAL,45,TRAFFIC,GPS,false
TNT_003,DLY_TRP_0049545,TRP_0049545,2026-07-15T07:51:00.000Z,ARRIVAL,45,WEATHER,VENDOR,false
TNT_002,DLY_TRP_0049547,TRP_0049547,2026-07-17T09:12:00.000Z,ARRIVAL,25,ROUTE_DEVIATION,GPS,false
TNT_002,DLY_TRP_0049557,TRP_0049557,2026-07-27T14:51:00.000Z,ARRIVAL,28,DRIVER_LATE,GPS,false
TNT_003,DLY_TRP_0049578,TRP_0049578,2026-08-17T09:24:00.000Z,ARRIVAL,46,WEATHER,OPS,false
TNT_001,DLY_TRP_0049583,TRP_0049583,2026-08-22T23:50:00.000Z,ARRIVAL,58,WEATHER,VENDOR,false
TNT_001,DLY_TRP_0049589,TRP_0049589,2026-08-28T22:48:00.000Z,ARRIVAL,24,VEHICLE_ISSUE,GPS,false
TNT_001,DLY_TRP_0049592,TRP_0049592,2026-06-02T09:23:00.000Z,ARRIVAL,39,VEHICLE_ISSUE,GPS,false
TNT_002,DLY_TRP_0049593,TRP_0049593,2026-06-03T14:27:00.000Z,ARRIVAL,49,TRAFFIC,VENDOR,false
TNT_001,DLY_TRP_0049612,TRP_0049612,2026-06-22T10:16:00.000Z,ARRIVAL,47,TRAFFIC,VENDOR,false
TNT_001,DLY_TRP_0049617,TRP_0049617,2026-06-27T23:24:00.000Z,ARRIVAL,39,DRIVER_LATE,GPS,false
TNT_001,DLY_TRP_0049625,TRP_0049625,2026-07-05T14:32:00.000Z,ARRIVAL,11,WEATHER,GPS,false
TNT_002,DLY_TRP_0049642,TRP_0049642,2026-07-22T22:12:00.000Z,ARRIVAL,25,ROUTE_DEVIATION,GPS,false
TNT_001,DLY_TRP_0049643,TRP_0049643,2026-07-23T09:09:00.000Z,ARRIVAL,37,VEHICLE_ISSUE,GPS,false
TNT_003,DLY_TRP_0049657,TRP_0049657,2026-08-06T06:53:00.000Z,ARRIVAL,32,WEATHER,GPS,false
TNT_001,DLY_TRP_0049660,TRP_0049660,2026-08-09T22:42:00.000Z,ARRIVAL,50,VEHICLE_ISSUE,GPS,false
TNT_002,DLY_TRP_0049663,TRP_0049663,2026-08-12T06:24:00.000Z,ARRIVAL,48,VEHICLE_ISSUE,OPS,false
TNT_002,DLY_TRP_0049664,TRP_0049664,2026-08-13T22:15:00.000Z,ARRIVAL,17,VEHICLE_ISSUE,GPS,false
TNT_001,DLY_TRP_0049668,TRP_0049668,2026-08-17T06:27:00.000Z,ARRIVAL,25,DRIVER_LATE,OPS,false
TNT_001,DLY_TRP_0049671,TRP_0049671,2026-08-20T06:24:00.000Z,ARRIVAL,25,TRAFFIC,VENDOR,false
TNT_003,DLY_TRP_0049672,TRP_0049672,2026-08-21T06:35:00.000Z,ARRIVAL,13,VEHICLE_ISSUE,GPS,false
TNT_001,DLY_TRP_0049677,TRP_0049677,2026-08-26T22:31:00.000Z,ARRIVAL,37,TRAFFIC,GPS,false
TNT_002,DLY_TRP_0049686,TRP_0049686,2026-06-06T06:49:00.000Z,ARRIVAL,45,TRAFFIC,GPS,true
TNT_001,DLY_TRP_0049690,TRP_0049690,2026-06-10T08:45:00.000Z,ARRIVAL,17,TRAFFIC,GPS,false
TNT_001,DLY_TRP_0049691,TRP_0049691,2026-06-11T09:56:00.000Z,ARRIVAL,57,DRIVER_LATE,VENDOR,false
TNT_001,DLY_TRP_0049698,TRP_0049698,2026-06-18T22:53:00.000Z,ARRIVAL,34,WEATHER,GPS,false
TNT_001,DLY_TRP_0049703,TRP_0049703,2026-06-23T06:56:00.000Z,ARRIVAL,56,DRIVER_LATE,GPS,false
TNT_001,DLY_TRP_0049725,TRP_0049725,2026-07-15T09:32:00.000Z,ARRIVAL,29,TRAFFIC,GPS,false
TNT_001,DLY_TRP_0049726,TRP_0049726,2026-07-16T07:20:00.000Z,ARRIVAL,46,WEATHER,GPS,false
TNT_001,DLY_TRP_0049739,TRP_0049739,2026-07-29T21:45:00.000Z,ARRIVAL,13,VEHICLE_ISSUE,GPS,false
TNT_003,DLY_TRP_0049743,TRP_0049743,2026-08-02T22:33:00.000Z,ARRIVAL,41,DRIVER_LATE,VENDOR,false
TNT_001,DLY_TRP_0049745,TRP_0049745,2026-08-04T05:53:00.000Z,ARRIVAL,20,ROUTE_DEVIATION,GPS,false
TNT_001,DLY_TRP_0049747,TRP_0049747,2026-08-06T06:31:00.000Z,ARRIVAL,36,TRAFFIC,OPS,false
TNT_002,DLY_TRP_0049756,TRP_0049756,2026-08-15T22:29:00.000Z,ARRIVAL,36,WEATHER,GPS,false
TNT_002,DLY_TRP_0049766,TRP_0049766,2026-08-25T10:03:00.000Z,ARRIVAL,53,VEHICLE_ISSUE,VENDOR,false
TNT_001,DLY_TRP_0049770,TRP_0049770,2026-08-29T07:22:00.000Z,ARRIVAL,46,ROUTE_DEVIATION,GPS,false
TNT_003,DLY_TRP_0049772,TRP_0049772,2026-06-02T22:34:00.000Z,ARRIVAL,37,WEATHER,GPS,false
TNT_001,DLY_TRP_0049796,TRP_0049796,2026-06-26T15:27:00.000Z,ARRIVAL,54,DRIVER_LATE,GPS,false
TNT_001,DLY_TRP_0049808,TRP_0049808,2026-07-08T22:41:00.000Z,ARRIVAL,43,VEHICLE_ISSUE,GPS,false
TNT_002,DLY_TRP_0049815,TRP_0049815,2026-07-15T22:02:00.000Z,ARRIVAL,23,DRIVER_LATE,VENDOR,false
TNT_001,DLY_TRP_0049824,TRP_0049824,2026-07-24T09:10:00.000Z,ARRIVAL,30,DRIVER_LATE,OPS,false
TNT_001,DLY_TRP_0049827,TRP_0049827,2026-07-27T14:21:00.000Z,ARRIVAL,16,TRAFFIC,GPS,false
TNT_001,DLY_TRP_0049841,TRP_0049841,2026-08-10T09:28:00.000Z,ARRIVAL,45,WEATHER,GPS,false
TNT_003,DLY_TRP_0049845,TRP_0049845,2026-08-14T06:08:00.000Z,ARRIVAL,24,DRIVER_LATE,GPS,false
TNT_001,DLY_TRP_0049847,TRP_0049847,2026-08-16T23:35:00.000Z,ARRIVAL,46,ROUTE_DEVIATION,VENDOR,false
