tenant_id,employee_token,site_id,shift_id,business_unit,active_flag
TNT_002,EMP_00001,SITE_HYD_01,SHIFT_DAY,OPERATIONS,true
TNT_001,EMP_00002,SITE_BLR_02,SHIFT_NIGHT,OPERATIONS,true
TNT_001,EMP_00003,SITE_BLR_02,SHIFT_MORNING,SUPPORT,true
TNT_001,EMP_00004,SITE_BLR_02,SHIFT_DAY,OPERATIONS,true
TNT_001,EMP_00005,SITE_BLR_01,SHIFT_EVENING,OPERATIONS,true
TNT_003,EMP_00006,SITE_NCR_01,SHIFT_EVENING,OPERATIONS,true
TNT_001,EMP_00007,SITE_BLR_01,SHIFT_MORNING,OPERATIONS,true
TNT_002,EMP_00008,SITE_HYD_02,SHIFT_MORNING,SUPPORT,true
TNT_001,EMP_00009,SITE_BLR_02,SHIFT_EVENING,SUPPORT,true
TNT_001,EMP_00010,SITE_BLR_02,SHIFT_EVENING,OPERATIONS,true
TNT_001,EMP_00011,SITE_BLR_02,SHIFT_MORNING,OPERATIONS,true
TNT_003,EMP_00012,SITE_NCR_01,SHIFT_NIGHT,SUPPORT,true
TNT_002,EMP_00013,SITE_HYD_02,SHIFT_MORNING,OPERATIONS,true
TNT_002,EMP_00014,SITE_HYD_02,SHIFT_EVENING,OPERATIONS,true
TNT_001,EMP_00015,SITE_BLR_02,SHIFT_DAY,OPERATIONS,true
TNT_001,EMP_00016,SITE_BLR_01,SHIFT_EVENING,OPERATIONS,true
TNT_002,EMP_00017,SITE_HYD_02,SHIFT_DAY,OPERATIONS,true
TNT_003,EMP_00018,SITE_NCR_01,SHIFT_EVENING,SUPPORT,false
TNT_001,EMP_00019,SITE_BLR_01,SHIFT_NIGHT,SUPPORT,true
TNT_001,EMP_00020,SITE_BLR_02,SHIFT_EVENING,OPERATIONS,true
TNT_002,EMP_00021,SITE_HYD_02,SHIFT_MORNING,TECHNOLOGY,true
TNT_001,EMP_00022,SITE_BLR_02,SHIFT_DAY,OPERATIONS,true
TNT_002,EMP_00023,SITE_HYD_02,SHIFT_NIGHT,TECHNOLOGY,true
TNT_001,EMP_00024,SITE_BLR_02,SHIFT_DAY,SUPPORT,true
TNT_002,EMP_00025,SITE_HYD_01,SHIFT_DAY,TECHNOLOGY,true
TNT_001,EMP_00026,SITE_BLR_01,SHIFT_MORNING,OPERATIONS,true
TNT_003,EMP_00027,SITE_NCR_02,SHIFT_EVENING,TECHNOLOGY,true
TNT_001,EMP_00028,SITE_BLR_01,SHIFT_DAY,OPERATIONS,true
TNT_002,EMP_00029,SITE_HYD_02,SHIFT_MORNING,OPERATIONS,true
TNT_001,EMP_00030,SITE_BLR_01,SHIFT_DAY,TECHNOLOGY,true
TNT_001,EMP_00031,SITE_BLR_01,SHIFT_NIGHT,TECHNOLOGY,true
TNT_001,EMP_00032,SITE_BLR_01,SHIFT_NIGHT,OPERATIONS,true
TNT_001,EMP_00033,SITE_BLR_01,SHIFT_DAY,TECHNOLOGY,true
TNT_001,EMP_00034,SITE_BLR_01,SHIFT_EVENING,OPERATIONS,true
TNT_003,EMP_00035,SITE_NCR_02,SHIFT_EVENING,OPERATIONS,true
TNT_002,EMP_00036,SITE_HYD_02,SHIFT_NIGHT,OPERATIONS,true
TNT_001,EMP_00037,SITE_BLR_01,SHIFT_MORNING,TECHNOLOGY,true
TNT_001,EMP_00038,SITE_BLR_01,SHIFT_DAY,OPERATIONS,true
TNT_001,EMP_00039,SITE_BLR_02,SHIFT_EVENING,OPERATIONS,true
TNT_001,EMP_00040,SITE_BLR_02,SHIFT_MORNING,OPERATIONS,true
TNT_001,EMP_00041,SITE_BLR_02,SHIFT_NIGHT,TECHNOLOGY,true
TNT_002,EMP_00042,SITE_HYD_01,SHIFT_MORNING,SUPPORT,true
TNT_001,EMP_00043,SITE_BLR_01,SHIFT_EVENING,OPERATIONS,true
TNT_003,EMP_00044,SITE_NCR_01,SHIFT_NIGHT,OPERATIONS,true
TNT_002,EMP_00045,SITE_HYD_02,SHIFT_NIGHT,TECHNOLOGY,true
TNT_002,EMP_00046,SITE_HYD_02,SHIFT_NIGHT,SUPPORT,true
TNT_001,EMP_00047,SITE_BLR_02,SHIFT_EVENING,OPERATIONS,true
TNT_003,EMP_00048,SITE_NCR_01,SHIFT_MORNING,OPERATIONS,true
TNT_001,EMP_00049,SITE_BLR_01,SHIFT_EVENING,TECHNOLOGY,true
TNT_001,EMP_00050,SITE_BLR_01,SHIFT_MORNING,SUPPORT,false
TNT_001,EMP_00051,SITE_BLR_02,SHIFT_DAY,SUPPORT,true
TNT_002,EMP_00052,SITE_HYD_01,SHIFT_NIGHT,OPERATIONS,true
TNT_002,EMP_00053,SITE_HYD_01,SHIFT_MORNING,TECHNOLOGY,true
TNT_001,EMP_00054,SITE_BLR_02,SHIFT_EVENING,SUPPORT,true
TNT_001,EMP_00055,SITE_BLR_02,SHIFT_DAY,OPERATIONS,true
TNT_001,EMP_00056,SITE_BLR_01,SHIFT_DAY,TECHNOLOGY,true
TNT_002,EMP_00057,SITE_HYD_01,SHIFT_DAY,SUPPORT,true
TNT_001,EMP_00058,SITE_BLR_02,SHIFT_EVENING,TECHNOLOGY,true
TNT_003,EMP_00059,SITE_NCR_01,SHIFT_EVENING,SUPPORT,true
TNT_001,EMP_00060,SITE_BLR_01,SHIFT_NIGHT,OPERATIONS,true
TNT_001,EMP_00061,SITE_BLR_01,SHIFT_NIGHT,OPERATIONS,true
TNT_001,EMP_00062,SITE_BLR_01,SHIFT_NIGHT,OPERATIONS,true
TNT_001,EMP_00063,SITE_BLR_01,SHIFT_NIGHT,OPERATIONS,true
TNT_002,EMP_00064,SITE_HYD_01,SHIFT_MORNING,TECHNOLOGY,true
TNT_003,EMP_00065,SITE_NCR_01,SHIFT_MORNING,TECHNOLOGY,true
TNT_003,EMP_00066,SITE_NCR_01,SHIFT_EVENING,TECHNOLOGY,true
TNT_001,EMP_00067,SITE_BLR_02,SHIFT_MORNING,TECHNOLOGY,true
TNT_001,EMP_00068,SITE_BLR_02,SHIFT_DAY,SUPPORT,true
TNT_001,EMP_00069,SITE_BLR_01,SHIFT_EVENING,SUPPORT,true
TNT_001,EMP_00070,SITE_BLR_02,SHIFT_MORNING,OPERATIONS,true
TNT_002,EMP_00071,SITE_HYD_02,SHIFT_EVENING,OPERATIONS,true
TNT_002,EMP_00072,SITE_HYD_02,SHIFT_MORNING,OPERATIONS,true
TNT_003,EMP_00073,SITE_NCR_02,SHIFT_DAY,OPERATIONS,true
TNT_001,EMP_00074,SITE_BLR_02,SHIFT_DAY,SUPPORT,true
TNT_001,EMP_00075,SITE_BLR_01,SHIFT_DAY,OPERATIONS,true
TNT_002,EMP_00076,SITE_HYD_02,SHIFT_DAY,OPERATIONS,true
TNT_001,EMP_00077,SITE_BLR_01,SHIFT_DAY,SUPPORT,true
TNT_002,EMP_00078,SITE_HYD_02,SHIFT_MORNING,SUPPORT,true
TNT_003,EMP_00079,SITE_NCR_02,SHIFT_NIGHT,TECHNOLOGY,true
TNT_002,EMP_00080,SITE_HYD_01,SHIFT_DAY,TECHNOLOGY,true
TNT_003,EMP_00081,SITE_NCR_02,SHIFT_DAY,OPERATIONS,true
TNT_003,EMP_00082,SITE_NCR_02,SHIFT_MORNING,OPERATIONS,true
TNT_001,EMP_00083,SITE_BLR_01,SHIFT_DAY,SUPPORT,true
TNT_001,EMP_00084,SITE_BLR_02,SHIFT_MORNING,SUPPORT,true
TNT_001,EMP_00085,SITE_BLR_02,SHIFT_MORNING,OPERATIONS,true
TNT_003,EMP_00086,SITE_NCR_01,SHIFT_DAY,OPERATIONS,true
TNT_002,EMP_00087,SITE_HYD_01,SHIFT_EVENING,TECHNOLOGY,true
TNT_001,EMP_00088,SITE_BLR_01,SHIFT_NIGHT,SUPPORT,true
TNT_001,EMP_00089,SITE_BLR_02,SHIFT_NIGHT,SUPPORT,true
TNT_003,EMP_00090,SITE_NCR_01,SHIFT_MORNING,SUPPORT,false
TNT_001,EMP_00091,SITE_BLR_01,SHIFT_EVENING,OPERATIONS,false
TNT_001,EMP_00092,SITE_BLR_01,SHIFT_MORNING,SUPPORT,true
TNT_003,EMP_00093,SITE_NCR_01,SHIFT_NIGHT,OPERATIONS,true
TNT_001,EMP_00094,SITE_BLR_02,SHIFT_DAY,OPERATIONS,true
TNT_001,EMP_00095,SITE_BLR_01,SHIFT_DAY,TECHNOLOGY,true
TNT_002,EMP_00096,SITE_HYD_02,SHIFT_DAY,SUPPORT,true
TNT_001,EMP_00097,SITE_BLR_01,SHIFT_DAY,SUPPORT,true
TNT_001,EMP_00098,SITE_BLR_01,SHIFT_DAY,OPERATIONS,true
TNT_001,EMP_00099,SITE_BLR_02,SHIFT_NIGHT,OPERATIONS,false
TNT_002,EMP_00100,SITE_HYD_01,SHIFT_NIGHT,TECHNOLOGY,true
TNT_001,EMP_00101,SITE_BLR_02,SHIFT_EVENING,TECHNOLOGY,true
TNT_003,EMP_00102,SITE_NCR_02,SHIFT_NIGHT,OPERATIONS,true
TNT_003,EMP_00103,SITE_NCR_02,SHIFT_MORNING,TECHNOLOGY,true
TNT_001,EMP_00104,SITE_BLR_02,SHIFT_DAY,TECHNOLOGY,true
TNT_001,EMP_00105,SITE_BLR_01,SHIFT_MORNING,OPERATIONS,true
TNT_001,EMP_00106,SITE_BLR_02,SHIFT_MORNING,SUPPORT,true
TNT_002,EMP_00107,SITE_HYD_02,SHIFT_MORNING,OPERATIONS,true
TNT_001,EMP_00108,SITE_BLR_02,SHIFT_EVENING,TECHNOLOGY,true
TNT_002,EMP_00109,SITE_HYD_02,SHIFT_DAY,OPERATIONS,true
TNT_002,EMP_00110,SITE_HYD_02,SHIFT_EVENING,SUPPORT,true
TNT_002,EMP_00111,SITE_HYD_01,SHIFT_EVENING,OPERATIONS,true
TNT_001,EMP_00112,SITE_BLR_01,SHIFT_EVENING,SUPPORT,true
TNT_003,EMP_00113,SITE_NCR_01,SHIFT_DAY,TECHNOLOGY,true
TNT_002,EMP_00114,SITE_HYD_01,SHIFT_MORNING,OPERATIONS,true
TNT_001,EMP_00115,SITE_BLR_02,SHIFT_DAY,OPERATIONS,true
TNT_001,EMP_00116,SITE_BLR_02,SHIFT_MORNING,TECHNOLOGY,true
TNT_001,EMP_00117,SITE_BLR_02,SHIFT_EVENING,SUPPORT,true
TNT_001,EMP_00118,SITE_BLR_01,SHIFT_DAY,OPERATIONS,true
TNT_001,EMP_00119,SITE_BLR_02,SHIFT_NIGHT,OPERATIONS,true
TNT_003,EMP_00120,SITE_NCR_02,SHIFT_MORNING,TECHNOLOGY,true
TNT_002,EMP_00121,SITE_HYD_01,SHIFT_DAY,TECHNOLOGY,true
TNT_001,EMP_00122,SITE_BLR_01,SHIFT_EVENING,OPERATIONS,true
TNT_001,EMP_00123,SITE_BLR_02,SHIFT_MORNING,OPERATIONS,true
TNT_002,EMP_00124,SITE_HYD_02,SHIFT_EVENING,OPERATIONS,true
TNT_002,EMP_00125,SITE_HYD_01,SHIFT_DAY,OPERATIONS,true
TNT_001,EMP_00126,SITE_BLR_01,SHIFT_NIGHT,TECHNOLOGY,true
TNT_001,EMP_00127,SITE_BLR_01,SHIFT_EVENING,TECHNOLOGY,true
TNT_001,EMP_00128,SITE_BLR_02,SHIFT_DAY,SUPPORT,true
TNT_003,EMP_00129,SITE_NCR_01,SHIFT_EVENING,OPERATIONS,true
TNT_001,EMP_00130,SITE_BLR_01,SHIFT_EVENING,OPERATIONS,true
TNT_002,EMP_00131,SITE_HYD_02,SHIFT_DAY,SUPPORT,true
TNT_002,EMP_00132,SITE_HYD_02,SHIFT_DAY,OPERATIONS,true
TNT_001,EMP_00133,SITE_BLR_01,SHIFT_DAY,OPERATIONS,true
TNT_002,EMP_00134,SITE_HYD_01,SHIFT_MORNING,OPERATIONS,true
TNT_001,EMP_00135,SITE_BLR_01,SHIFT_NIGHT,SUPPORT,true
TNT_003,EMP_00136,SITE_NCR_01,SHIFT_DAY,SUPPORT,true
TNT_001,EMP_00137,SITE_BLR_01,SHIFT_EVENING,SUPPORT,true
TNT_001,EMP_00138,SITE_BLR_01,SHIFT_DAY,TECHNOLOGY,true
TNT_002,EMP_00139,SITE_HYD_02,SHIFT_DAY,TECHNOLOGY,true
TNT_001,EMP_00140,SITE_BLR_01,SHIFT_NIGHT,TECHNOLOGY,true
TNT_001,EMP_00141,SITE_BLR_01,SHIFT_DAY,TECHNOLOGY,true
TNT_001,EMP_00142,SITE_BLR_01,SHIFT_DAY,OPERATIONS,true
TNT_002,EMP_00143,SITE_HYD_02,SHIFT_NIGHT,OPERATIONS,true
TNT_003,EMP_00144,SITE_NCR_01,SHIFT_EVENING,OPERATIONS,true
TNT_002,EMP_00145,SITE_HYD_01,SHIFT_DAY,OPERATIONS,true
TNT_002,EMP_00146,SITE_HYD_01,SHIFT_NIGHT,TECHNOLOGY,true
TNT_002,EMP_00147,SITE_HYD_02,SHIFT_DAY,SUPPORT,true
TNT_001,EMP_00148,SITE_BLR_02,SHIFT_MORNING,TECHNOLOGY,true
TNT_001,EMP_00149,SITE_BLR_01,SHIFT_DAY,TECHNOLOGY,true
TNT_003,EMP_00150,SITE_NCR_01,SHIFT_EVENING,SUPPORT,true
TNT_001,EMP_00151,SITE_BLR_01,SHIFT_NIGHT,TECHNOLOGY,true
TNT_001,EMP_00152,SITE_BLR_01,SHIFT_DAY,TECHNOLOGY,true
TNT_001,EMP_00153,SITE_BLR_02,SHIFT_EVENING,OPERATIONS,true
TNT_001,EMP_00154,SITE_BLR_02,SHIFT_MORNING,OPERATIONS,true
TNT_001,EMP_00155,SITE_BLR_01,SHIFT_EVENING,SUPPORT,true
TNT_003,EMP_00156,SITE_NCR_01,SHIFT_MORNING,OPERATIONS,false
TNT_001,EMP_00157,SITE_BLR_02,SHIFT_NIGHT,OPERATIONS,true
TNT_001,EMP_00158,SITE_BLR_02,SHIFT_MORNING,OPERATIONS,true
TNT_002,EMP_00159,SITE_HYD_01,SHIFT_NIGHT,TECHNOLOGY,true
TNT_002,EMP_00160,SITE_HYD_01,SHIFT_NIGHT,OPERATIONS,true
TNT_001,EMP_00161,SITE_BLR_01,SHIFT_MORNING,OPERATIONS,true
TNT_001,EMP_00162,SITE_BLR_02,SHIFT_MORNING,OPERATIONS,true
TNT_002,EMP_00163,SITE_HYD_01,SHIFT_NIGHT,TECHNOLOGY,true
TNT_001,EMP_00164,SITE_BLR_02,SHIFT_MORNING,OPERATIONS,true
TNT_001,EMP_00165,SITE_BLR_01,SHIFT_NIGHT,TECHNOLOGY,true
TNT_001,EMP_00166,SITE_BLR_02,SHIFT_EVENING,OPERATIONS,true
TNT_001,EMP_00167,SITE_BLR_02,SHIFT_DAY,SUPPORT,true
TNT_002,EMP_00168,SITE_HYD_02,SHIFT_DAY,OPERATIONS,true
TNT_001,EMP_00169,SITE_BLR_02,SHIFT_DAY,SUPPORT,true
TNT_001,EMP_00170,SITE_BLR_01,SHIFT_EVENING,SUPPORT,true
TNT_001,EMP_00171,SITE_BLR_01,SHIFT_NIGHT,TECHNOLOGY,true
TNT_001,EMP_00172,SITE_BLR_02,SHIFT_DAY,TECHNOLOGY,true
TNT_002,EMP_00173,SITE_HYD_01,SHIFT_EVENING,OPERATIONS,true
TNT_001,EMP_00174,SITE_BLR_01,SHIFT_NIGHT,OPERATIONS,true
TNT_003,EMP_00175,SITE_NCR_02,SHIFT_DAY,OPERATIONS,true
TNT_001,EMP_00176,SITE_BLR_01,SHIFT_NIGHT,SUPPORT,true
TNT_001,EMP_00177,SITE_BLR_02,SHIFT_MORNING,OPERATIONS,true
TNT_001,EMP_00178,SITE_BLR_01,SHIFT_DAY,SUPPORT,true
TNT_002,EMP_00179,SITE_HYD_01,SHIFT_MORNING,SUPPORT,true
TNT_001,EMP_00180,SITE_BLR_01,SHIFT_DAY,SUPPORT,true
TNT_002,EMP_00181,SITE_HYD_02,SHIFT_NIGHT,SUPPORT,true
TNT_001,EMP_00182,SITE_BLR_01,SHIFT_MORNING,OPERATIONS,true
TNT_001,EMP_00183,SITE_BLR_01,SHIFT_EVENING,OPERATIONS,true
TNT_001,EMP_00184,SITE_BLR_02,SHIFT_DAY,OPERATIONS,true
TNT_001,EMP_00185,SITE_BLR_02,SHIFT_DAY,TECHNOLOGY,true
TNT_001,EMP_00186,SITE_BLR_02,SHIFT_DAY,OPERATIONS,true
TNT_003,EMP_00187,SITE_NCR_01,SHIFT_EVENING,OPERATIONS,true
TNT_001,EMP_00188,SITE_BLR_02,SHIFT_NIGHT,OPERATIONS,true
TNT_002,EMP_00189,SITE_HYD_01,SHIFT_NIGHT,OPERATIONS,true
TNT_001,EMP_00190,SITE_BLR_02,SHIFT_DAY,OPERATIONS,true
TNT_003,EMP_00191,SITE_NCR_01,SHIFT_EVENING,SUPPORT,true
TNT_002,EMP_00192,SITE_HYD_02,SHIFT_DAY,TECHNOLOGY,false
TNT_001,EMP_00193,SITE_BLR_01,SHIFT_EVENING,SUPPORT,true
TNT_002,EMP_00194,SITE_HYD_02,SHIFT_EVENING,OPERATIONS,true
TNT_001,EMP_00195,SITE_BLR_02,SHIFT_MORNING,SUPPORT,true
TNT_001,EMP_00196,SITE_BLR_02,SHIFT_DAY,SUPPORT,true
TNT_003,EMP_00197,SITE_NCR_01,SHIFT_DAY,OPERATIONS,true
TNT_001,EMP_00198,SITE_BLR_01,SHIFT_MORNING,TECHNOLOGY,true
TNT_003,EMP_00199,SITE_NCR_01,SHIFT_DAY,TECHNOLOGY,true
TNT_001,EMP_00200,SITE_BLR_02,SHIFT_MORNING,OPERATIONS,true
TNT_003,EMP_00201,SITE_NCR_02,SHIFT_DAY,OPERATIONS,true
TNT_003,EMP_00202,SITE_NCR_02,SHIFT_MORNING,SUPPORT,true
TNT_002,EMP_00203,SITE_HYD_02,SHIFT_MORNING,OPERATIONS,true
TNT_003,EMP_00204,SITE_NCR_02,SHIFT_EVENING,SUPPORT,true
TNT_001,EMP_00205,SITE_BLR_01,SHIFT_EVENING,OPERATIONS,true
TNT_001,EMP_00206,SITE_BLR_02,SHIFT_MORNING,SUPPORT,true
TNT_002,EMP_00207,SITE_HYD_02,SHIFT_DAY,OPERATIONS,true
TNT_003,EMP_00208,SITE_NCR_01,SHIFT_EVENING,TECHNOLOGY,true
TNT_001,EMP_00209,SITE_BLR_02,SHIFT_DAY,OPERATIONS,true
TNT_002,EMP_00210,SITE_HYD_01,SHIFT_DAY,TECHNOLOGY,true
TNT_001,EMP_00211,SITE_BLR_01,SHIFT_MORNING,OPERATIONS,true
TNT_003,EMP_00212,SITE_NCR_02,SHIFT_NIGHT,OPERATIONS,true
TNT_001,EMP_00213,SITE_BLR_02,SHIFT_DAY,OPERATIONS,true
TNT_003,EMP_00214,SITE_NCR_02,SHIFT_DAY,TECHNOLOGY,true
TNT_002,EMP_00215,SITE_HYD_01,SHIFT_DAY,OPERATIONS,true
TNT_002,EMP_00216,SITE_HYD_01,SHIFT_EVENING,TECHNOLOGY,true
TNT_002,EMP_00217,SITE_HYD_02,SHIFT_MORNING,SUPPORT,true
TNT_001,EMP_00218,SITE_BLR_01,SHIFT_DAY,OPERATIONS,true
TNT_001,EMP_00219,SITE_BLR_02,SHIFT_EVENING,SUPPORT,true
TNT_001,EMP_00220,SITE_BLR_02,SHIFT_MORNING,OPERATIONS,true
TNT_001,EMP_00221,SITE_BLR_01,SHIFT_NIGHT,SUPPORT,true
TNT_003,EMP_00222,SITE_NCR_02,SHIFT_EVENING,TECHNOLOGY,true
TNT_001,EMP_00223,SITE_BLR_02,SHIFT_MORNING,SUPPORT,true
TNT_001,EMP_00224,SITE_BLR_01,SHIFT_MORNING,TECHNOLOGY,true
TNT_001,EMP_00225,SITE_BLR_02,SHIFT_NIGHT,OPERATIONS,true
TNT_003,EMP_00226,SITE_NCR_02,SHIFT_NIGHT,TECHNOLOGY,true
TNT_003,EMP_00227,SITE_NCR_01,SHIFT_DAY,TECHNOLOGY,true
TNT_001,EMP_00228,SITE_BLR_02,SHIFT_MORNING,OPERATIONS,true
TNT_001,EMP_00229,SITE_BLR_01,SHIFT_NIGHT,SUPPORT,true
TNT_001,EMP_00230,SITE_BLR_02,SHIFT_NIGHT,SUPPORT,true
TNT_001,EMP_00231,SITE_BLR_01,SHIFT_EVENING,TECHNOLOGY,true
TNT_001,EMP_00232,SITE_BLR_02,SHIFT_NIGHT,OPERATIONS,true
TNT_002,EMP_00233,SITE_HYD_02,SHIFT_MORNING,TECHNOLOGY,true
TNT_002,EMP_00234,SITE_HYD_02,SHIFT_MORNING,SUPPORT,true
TNT_001,EMP_00235,SITE_BLR_01,SHIFT_DAY,SUPPORT,true
TNT_001,EMP_00236,SITE_BLR_02,SHIFT_EVENING,OPERATIONS,true
TNT_001,EMP_00237,SITE_BLR_02,SHIFT_NIGHT,TECHNOLOGY,true
TNT_001,EMP_00238,SITE_BLR_02,SHIFT_MORNING,TECHNOLOGY,true
TNT_002,EMP_00239,SITE_HYD_02,SHIFT_DAY,SUPPORT,true
TNT_002,EMP_00240,SITE_HYD_02,SHIFT_MORNING,OPERATIONS,true
TNT_001,EMP_00241,SITE_BLR_02,SHIFT_DAY,TECHNOLOGY,true
TNT_002,EMP_00242,SITE_HYD_01,SHIFT_MORNING,TECHNOLOGY,true
TNT_003,EMP_00243,SITE_NCR_01,SHIFT_MORNING,OPERATIONS,true
TNT_001,EMP_00244,SITE_BLR_02,SHIFT_EVENING,TECHNOLOGY,false
TNT_001,EMP_00245,SITE_BLR_02,SHIFT_MORNING,OPERATIONS,true
TNT_002,EMP_00246,SITE_HYD_01,SHIFT_MORNING,TECHNOLOGY,true
TNT_003,EMP_00247,SITE_NCR_01,SHIFT_EVENING,SUPPORT,true
TNT_002,EMP_00248,SITE_HYD_02,SHIFT_EVENING,TECHNOLOGY,true
TNT_003,EMP_00249,SITE_NCR_01,SHIFT_NIGHT,OPERATIONS,true
TNT_002,EMP_00250,SITE_HYD_02,SHIFT_DAY,TECHNOLOGY,true
TNT_001,EMP_00251,SITE_BLR_02,SHIFT_EVENING,OPERATIONS,true
TNT_001,EMP_00252,SITE_BLR_02,SHIFT_EVENING,TECHNOLOGY,true
TNT_001,EMP_00253,SITE_BLR_01,SHIFT_NIGHT,OPERATIONS,true
TNT_003,EMP_00254,SITE_NCR_01,SHIFT_EVENING,OPERATIONS,true
TNT_002,EMP_00255,SITE_HYD_01,SHIFT_NIGHT,TECHNOLOGY,true
TNT_003,EMP_00256,SITE_NCR_02,SHIFT_DAY,OPERATIONS,true
TNT_001,EMP_00257,SITE_BLR_01,SHIFT_NIGHT,TECHNOLOGY,true
TNT_001,EMP_00258,SITE_BLR_01,SHIFT_NIGHT,TECHNOLOGY,true
TNT_001,EMP_00259,SITE_BLR_01,SHIFT_MORNING,TECHNOLOGY,true
TNT_002,EMP_00260,SITE_HYD_02,SHIFT_NIGHT,OPERATIONS,true
TNT_001,EMP_00261,SITE_BLR_02,SHIFT_DAY,OPERATIONS,true
TNT_002,EMP_00262,SITE_HYD_02,SHIFT_MORNING,OPERATIONS,true
TNT_001,EMP_00263,SITE_BLR_01,SHIFT_EVENING,TECHNOLOGY,true
TNT_002,EMP_00264,SITE_HYD_02,SHIFT_EVENING,TECHNOLOGY,true
TNT_002,EMP_00265,SITE_HYD_02,SHIFT_NIGHT,SUPPORT,true
TNT_001,EMP_00266,SITE_BLR_02,SHIFT_DAY,TECHNOLOGY,true
TNT_001,EMP_00267,SITE_BLR_02,SHIFT_DAY,OPERATIONS,true
TNT_001,EMP_00268,SITE_BLR_01,SHIFT_DAY,OPERATIONS,true
TNT_002,EMP_00269,SITE_HYD_01,SHIFT_EVENING,TECHNOLOGY,true
TNT_001,EMP_00270,SITE_BLR_01,SHIFT_DAY,OPERATIONS,true
TNT_001,EMP_00271,SITE_BLR_02,SHIFT_DAY,SUPPORT,true
TNT_001,EMP_00272,SITE_BLR_01,SHIFT_DAY,SUPPORT,true
TNT_003,EMP_00273,SITE_NCR_02,SHIFT_MORNING,OPERATIONS,true
TNT_001,EMP_00274,SITE_BLR_01,SHIFT_NIGHT,SUPPORT,true
TNT_001,EMP_00275,SITE_BLR_01,SHIFT_NIGHT,TECHNOLOGY,true
TNT_002,EMP_00276,SITE_HYD_02,SHIFT_DAY,OPERATIONS,true
TNT_001,EMP_00277,SITE_BLR_01,SHIFT_NIGHT,TECHNOLOGY,true
TNT_001,EMP_00278,SITE_BLR_01,SHIFT_DAY,SUPPORT,true
TNT_002,EMP_00279,SITE_HYD_02,SHIFT_MORNING,OPERATIONS,true
TNT_001,EMP_00280,SITE_BLR_01,SHIFT_MORNING,OPERATIONS,true
TNT_003,EMP_00281,SITE_NCR_01,SHIFT_MORNING,TECHNOLOGY,true
TNT_001,EMP_00282,SITE_BLR_02,SHIFT_DAY,SUPPORT,true
TNT_001,EMP_00283,SITE_BLR_01,SHIFT_DAY,OPERATIONS,true
TNT_001,EMP_00284,SITE_BLR_01,SHIFT_NIGHT,SUPPORT,true
TNT_001,EMP_00285,SITE_BLR_01,SHIFT_DAY,OPERATIONS,true
TNT_001,EMP_00286,SITE_BLR_01,SHIFT_EVENING,TECHNOLOGY,true
TNT_001,EMP_00287,SITE_BLR_02,SHIFT_EVENING,OPERATIONS,true
TNT_002,EMP_00288,SITE_HYD_01,SHIFT_NIGHT,OPERATIONS,true
TNT_001,EMP_00289,SITE_BLR_01,SHIFT_DAY,SUPPORT,true
TNT_001,EMP_00290,SITE_BLR_02,SHIFT_DAY,OPERATIONS,true
TNT_001,EMP_00291,SITE_BLR_01,SHIFT_MORNING,SUPPORT,true
TNT_001,EMP_00292,SITE_BLR_02,SHIFT_NIGHT,TECHNOLOGY,true
TNT_001,EMP_00293,SITE_BLR_01,SHIFT_DAY,OPERATIONS,true
TNT_001,EMP_00294,SITE_BLR_02,SHIFT_NIGHT,TECHNOLOGY,true
TNT_002,EMP_00295,SITE_HYD_01,SHIFT_MORNING,SUPPORT,true
TNT_001,EMP_00296,SITE_BLR_02,SHIFT_DAY,SUPPORT,true
TNT_001,EMP_00297,SITE_BLR_01,SHIFT_EVENING,OPERATIONS,true
TNT_001,EMP_00298,SITE_BLR_01,SHIFT_EVENING,OPERATIONS,true
TNT_001,EMP_00299,SITE_BLR_01,SHIFT_NIGHT,OPERATIONS,true
TNT_001,EMP_00300,SITE_BLR_01,SHIFT_EVENING,TECHNOLOGY,true
TNT_001,EMP_00301,SITE_BLR_02,SHIFT_EVENING,OPERATIONS,true
TNT_001,EMP_00302,SITE_BLR_02,SHIFT_MORNING,TECHNOLOGY,true
TNT_001,EMP_00303,SITE_BLR_02,SHIFT_MORNING,OPERATIONS,true
TNT_001,EMP_00304,SITE_BLR_01,SHIFT_DAY,SUPPORT,true
TNT_001,EMP_00305,SITE_BLR_02,SHIFT_DAY,SUPPORT,true
TNT_001,EMP_00306,SITE_BLR_02,SHIFT_EVENING,OPERATIONS,true
TNT_001,EMP_00307,SITE_BLR_02,SHIFT_DAY,OPERATIONS,true
TNT_002,EMP_00308,SITE_HYD_02,SHIFT_NIGHT,TECHNOLOGY,true
TNT_001,EMP_00309,SITE_BLR_02,SHIFT_MORNING,OPERATIONS,true
TNT_001,EMP_00310,SITE_BLR_01,SHIFT_DAY,OPERATIONS,true
TNT_003,EMP_00311,SITE_NCR_01,SHIFT_DAY,SUPPORT,true
TNT_001,EMP_00312,SITE_BLR_02,SHIFT_DAY,SUPPORT,true
TNT_002,EMP_00313,SITE_HYD_02,SHIFT_EVENING,SUPPORT,true
TNT_001,EMP_00314,SITE_BLR_01,SHIFT_EVENING,TECHNOLOGY,true
TNT_002,EMP_00315,SITE_HYD_01,SHIFT_MORNING,SUPPORT,true
TNT_002,EMP_00316,SITE_HYD_01,SHIFT_MORNING,OPERATIONS,true
TNT_001,EMP_00317,SITE_BLR_01,SHIFT_NIGHT,OPERATIONS,true
TNT_003,EMP_00318,SITE_NCR_02,SHIFT_DAY,SUPPORT,true
TNT_002,EMP_00319,SITE_HYD_01,SHIFT_DAY,OPERATIONS,true
TNT_001,EMP_00320,SITE_BLR_02,SHIFT_MORNING,TECHNOLOGY,true
TNT_001,EMP_00321,SITE_BLR_01,SHIFT_DAY,TECHNOLOGY,true
TNT_001,EMP_00322,SITE_BLR_01,SHIFT_DAY,OPERATIONS,true
TNT_002,EMP_00323,SITE_HYD_01,SHIFT_MORNING,OPERATIONS,true
TNT_002,EMP_00324,SITE_HYD_02,SHIFT_DAY,TECHNOLOGY,true
TNT_001,EMP_00325,SITE_BLR_01,SHIFT_EVENING,TECHNOLOGY,true
TNT_001,EMP_00326,SITE_BLR_01,SHIFT_NIGHT,TECHNOLOGY,true
TNT_001,EMP_00327,SITE_BLR_01,SHIFT_DAY,OPERATIONS,true
TNT_002,EMP_00328,SITE_HYD_01,SHIFT_EVENING,SUPPORT,true
TNT_001,EMP_00329,SITE_BLR_01,SHIFT_EVENING,TECHNOLOGY,true
TNT_003,EMP_00330,SITE_NCR_02,SHIFT_DAY,SUPPORT,true
TNT_002,EMP_00331,SITE_HYD_01,SHIFT_MORNING,SUPPORT,true
TNT_001,EMP_00332,SITE_BLR_02,SHIFT_EVENING,OPERATIONS,true
TNT_003,EMP_00333,SITE_NCR_01,SHIFT_MORNING,SUPPORT,true
TNT_001,EMP_00334,SITE_BLR_02,SHIFT_NIGHT,OPERATIONS,true
TNT_002,EMP_00335,SITE_HYD_01,SHIFT_DAY,OPERATIONS,true
TNT_001,EMP_00336,SITE_BLR_02,SHIFT_DAY,SUPPORT,true
TNT_003,EMP_00337,SITE_NCR_02,SHIFT_NIGHT,SUPPORT,true
TNT_001,EMP_00338,SITE_BLR_01,SHIFT_EVENING,OPERATIONS,true
TNT_002,EMP_00339,SITE_HYD_01,SHIFT_DAY,TECHNOLOGY,true
TNT_001,EMP_00340,SITE_BLR_01,SHIFT_NIGHT,OPERATIONS,true
TNT_001,EMP_00341,SITE_BLR_02,SHIFT_EVENING,OPERATIONS,true
TNT_001,EMP_00342,SITE_BLR_02,SHIFT_MORNING,OPERATIONS,true
TNT_001,EMP_00343,SITE_BLR_02,SHIFT_MORNING,OPERATIONS,true
TNT_001,EMP_00344,SITE_BLR_01,SHIFT_EVENING,OPERATIONS,true
TNT_003,EMP_00345,SITE_NCR_02,SHIFT_DAY,OPERATIONS,true
TNT_002,EMP_00346,SITE_HYD_01,SHIFT_MORNING,TECHNOLOGY,true
TNT_001,EMP_00347,SITE_BLR_01,SHIFT_NIGHT,OPERATIONS,true
TNT_002,EMP_00348,SITE_HYD_01,SHIFT_DAY,SUPPORT,true
TNT_002,EMP_00349,SITE_HYD_01,SHIFT_DAY,OPERATIONS,true
TNT_002,EMP_00350,SITE_HYD_01,SHIFT_DAY,OPERATIONS,true
TNT_001,EMP_00351,SITE_BLR_01,SHIFT_MORNING,SUPPORT,true
TNT_001,EMP_00352,SITE_BLR_01,SHIFT_DAY,OPERATIONS,true
TNT_001,EMP_00353,SITE_BLR_02,SHIFT_MORNING,TECHNOLOGY,true
TNT_001,EMP_00354,SITE_BLR_02,SHIFT_DAY,OPERATIONS,true
TNT_001,EMP_00355,SITE_BLR_02,SHIFT_MORNING,OPERATIONS,true
TNT_001,EMP_00356,SITE_BLR_01,SHIFT_EVENING,OPERATIONS,true
TNT_001,EMP_00357,SITE_BLR_02,SHIFT_MORNING,SUPPORT,true
TNT_003,EMP_00358,SITE_NCR_01,SHIFT_MORNING,OPERATIONS,true
TNT_003,EMP_00359,SITE_NCR_01,SHIFT_EVENING,SUPPORT,true
TNT_001,EMP_00360,SITE_BLR_01,SHIFT_NIGHT,SUPPORT,true
TNT_001,EMP_00361,SITE_BLR_01,SHIFT_DAY,OPERATIONS,true
TNT_001,EMP_00362,SITE_BLR_02,SHIFT_DAY,OPERATIONS,true
TNT_003,EMP_00363,SITE_NCR_01,SHIFT_NIGHT,OPERATIONS,true
TNT_002,EMP_00364,SITE_HYD_02,SHIFT_NIGHT,SUPPORT,true
TNT_002,EMP_00365,SITE_HYD_01,SHIFT_EVENING,TECHNOLOGY,true
TNT_003,EMP_00366,SITE_NCR_02,SHIFT_NIGHT,TECHNOLOGY,true
TNT_001,EMP_00367,SITE_BLR_01,SHIFT_NIGHT,OPERATIONS,true
TNT_001,EMP_00368,SITE_BLR_02,SHIFT_EVENING,TECHNOLOGY,true
TNT_001,EMP_00369,SITE_BLR_02,SHIFT_EVENING,SUPPORT,true
TNT_001,EMP_00370,SITE_BLR_01,SHIFT_DAY,SUPPORT,false
TNT_001,EMP_00371,SITE_BLR_01,SHIFT_NIGHT,OPERATIONS,true
TNT_001,EMP_00372,SITE_BLR_01,SHIFT_NIGHT,SUPPORT,true
TNT_002,EMP_00373,SITE_HYD_01,SHIFT_MORNING,TECHNOLOGY,true
TNT_002,EMP_00374,SITE_HYD_02,SHIFT_MORNING,TECHNOLOGY,true
TNT_001,EMP_00375,SITE_BLR_01,SHIFT_DAY,SUPPORT,true
TNT_001,EMP_00376,SITE_BLR_02,SHIFT_DAY,OPERATIONS,true
TNT_003,EMP_00377,SITE_NCR_02,SHIFT_DAY,OPERATIONS,true
TNT_002,EMP_00378,SITE_HYD_01,SHIFT_DAY,OPERATIONS,true
TNT_001,EMP_00379,SITE_BLR_01,SHIFT_EVENING,TECHNOLOGY,true
TNT_001,EMP_00380,SITE_BLR_02,SHIFT_MORNING,OPERATIONS,true
TNT_003,EMP_00381,SITE_NCR_01,SHIFT_DAY,TECHNOLOGY,true
TNT_001,EMP_00382,SITE_BLR_02,SHIFT_DAY,TECHNOLOGY,true
TNT_001,EMP_00383,SITE_BLR_02,SHIFT_DAY,SUPPORT,true
TNT_002,EMP_00384,SITE_HYD_01,SHIFT_DAY,TECHNOLOGY,true
TNT_002,EMP_00385,SITE_HYD_01,SHIFT_DAY,OPERATIONS,true
TNT_001,EMP_00386,SITE_BLR_01,SHIFT_DAY,TECHNOLOGY,true
TNT_001,EMP_00387,SITE_BLR_02,SHIFT_MORNING,SUPPORT,true
TNT_001,EMP_00388,SITE_BLR_01,SHIFT_NIGHT,OPERATIONS,true
TNT_002,EMP_00389,SITE_HYD_01,SHIFT_NIGHT,TECHNOLOGY,true
TNT_002,EMP_00390,SITE_HYD_02,SHIFT_EVENING,OPERATIONS,true
TNT_002,EMP_00391,SITE_HYD_01,SHIFT_MORNING,SUPPORT,true
TNT_001,EMP_00392,SITE_BLR_02,SHIFT_EVENING,SUPPORT,true
TNT_002,EMP_00393,SITE_HYD_02,SHIFT_MORNING,TECHNOLOGY,false
TNT_001,EMP_00394,SITE_BLR_01,SHIFT_DAY,TECHNOLOGY,false
TNT_001,EMP_00395,SITE_BLR_02,SHIFT_DAY,SUPPORT,true
TNT_003,EMP_00396,SITE_NCR_01,SHIFT_MORNING,OPERATIONS,true
TNT_002,EMP_00397,SITE_HYD_01,SHIFT_EVENING,OPERATIONS,true
TNT_002,EMP_00398,SITE_HYD_02,SHIFT_NIGHT,SUPPORT,true
TNT_002,EMP_00399,SITE_HYD_02,SHIFT_DAY,SUPPORT,true
TNT_002,EMP_00400,SITE_HYD_02,SHIFT_NIGHT,OPERATIONS,true
TNT_002,EMP_00401,SITE_HYD_01,SHIFT_EVENING,OPERATIONS,true
TNT_001,EMP_00402,SITE_BLR_02,SHIFT_DAY,SUPPORT,true
TNT_001,EMP_00403,SITE_BLR_01,SHIFT_DAY,OPERATIONS,true
TNT_001,EMP_00404,SITE_BLR_02,SHIFT_MORNING,TECHNOLOGY,false
TNT_001,EMP_00405,SITE_BLR_02,SHIFT_NIGHT,TECHNOLOGY,true
TNT_001,EMP_00406,SITE_BLR_01,SHIFT_NIGHT,SUPPORT,true
TNT_001,EMP_00407,SITE_BLR_02,SHIFT_MORNING,SUPPORT,true
TNT_002,EMP_00408,SITE_HYD_01,SHIFT_NIGHT,TECHNOLOGY,true
TNT_001,EMP_00409,SITE_BLR_01,SHIFT_DAY,SUPPORT,true
TNT_001,EMP_00410,SITE_BLR_02,SHIFT_NIGHT,TECHNOLOGY,true
TNT_001,EMP_00411,SITE_BLR_02,SHIFT_DAY,OPERATIONS,true
TNT_003,EMP_00412,SITE_NCR_02,SHIFT_DAY,TECHNOLOGY,true
TNT_001,EMP_00413,SITE_BLR_02,SHIFT_NIGHT,OPERATIONS,true
TNT_001,EMP_00414,SITE_BLR_01,SHIFT_EVENING,OPERATIONS,true
TNT_001,EMP_00415,SITE_BLR_01,SHIFT_EVENING,TECHNOLOGY,true
TNT_001,EMP_00416,SITE_BLR_02,SHIFT_DAY,SUPPORT,true
TNT_002,EMP_00417,SITE_HYD_01,SHIFT_EVENING,OPERATIONS,true
TNT_003,EMP_00418,SITE_NCR_02,SHIFT_NIGHT,SUPPORT,true
TNT_001,EMP_00419,SITE_BLR_01,SHIFT_EVENING,OPERATIONS,true
TNT_001,EMP_00420,SITE_BLR_01,SHIFT_NIGHT,TECHNOLOGY,true
TNT_001,EMP_00421,SITE_BLR_02,SHIFT_NIGHT,OPERATIONS,true
TNT_002,EMP_00422,SITE_HYD_01,SHIFT_NIGHT,TECHNOLOGY,true
TNT_001,EMP_00423,SITE_BLR_01,SHIFT_NIGHT,TECHNOLOGY,true
TNT_001,EMP_00424,SITE_BLR_02,SHIFT_DAY,SUPPORT,true
TNT_003,EMP_00425,SITE_NCR_01,SHIFT_EVENING,OPERATIONS,true
TNT_001,EMP_00426,SITE_BLR_01,SHIFT_MORNING,SUPPORT,true
TNT_001,EMP_00427,SITE_BLR_01,SHIFT_EVENING,TECHNOLOGY,true
TNT_002,EMP_00428,SITE_HYD_01,SHIFT_DAY,OPERATIONS,true
TNT_002,EMP_00429,SITE_HYD_02,SHIFT_EVENING,SUPPORT,true
TNT_001,EMP_00430,SITE_BLR_01,SHIFT_DAY,SUPPORT,false
TNT_001,EMP_00431,SITE_BLR_02,SHIFT_DAY,OPERATIONS,true
TNT_003,EMP_00432,SITE_NCR_02,SHIFT_MORNING,TECHNOLOGY,true
TNT_001,EMP_00433,SITE_BLR_01,SHIFT_DAY,OPERATIONS,true
TNT_001,EMP_00434,SITE_BLR_01,SHIFT_EVENING,TECHNOLOGY,true
TNT_003,EMP_00435,SITE_NCR_02,SHIFT_NIGHT,OPERATIONS,true
TNT_002,EMP_00436,SITE_HYD_02,SHIFT_DAY,SUPPORT,true
TNT_001,EMP_00437,SITE_BLR_01,SHIFT_EVENING,TECHNOLOGY,true
TNT_001,EMP_00438,SITE_BLR_01,SHIFT_NIGHT,OPERATIONS,true
TNT_001,EMP_00439,SITE_BLR_01,SHIFT_EVENING,SUPPORT,true
TNT_001,EMP_00440,SITE_BLR_02,SHIFT_DAY,TECHNOLOGY,true
TNT_001,EMP_00441,SITE_BLR_02,SHIFT_DAY,TECHNOLOGY,true
TNT_001,EMP_00442,SITE_BLR_01,SHIFT_MORNING,OPERATIONS,true
TNT_002,EMP_00443,SITE_HYD_02,SHIFT_DAY,SUPPORT,true
TNT_003,EMP_00444,SITE_NCR_01,SHIFT_EVENING,TECHNOLOGY,true
TNT_001,EMP_00445,SITE_BLR_01,SHIFT_NIGHT,OPERATIONS,true
TNT_002,EMP_00446,SITE_HYD_02,SHIFT_DAY,OPERATIONS,true
TNT_002,EMP_00447,SITE_HYD_02,SHIFT_DAY,OPERATIONS,true
TNT_003,EMP_00448,SITE_NCR_02,SHIFT_EVENING,TECHNOLOGY,true
TNT_001,EMP_00449,SITE_BLR_02,SHIFT_EVENING,OPERATIONS,true
TNT_002,EMP_00450,SITE_HYD_02,SHIFT_EVENING,TECHNOLOGY,true
TNT_001,EMP_00451,SITE_BLR_01,SHIFT_NIGHT,TECHNOLOGY,true
TNT_001,EMP_00452,SITE_BLR_01,SHIFT_MORNING,OPERATIONS,true
TNT_003,EMP_00453,SITE_NCR_02,SHIFT_NIGHT,TECHNOLOGY,true
TNT_003,EMP_00454,SITE_NCR_01,SHIFT_DAY,TECHNOLOGY,true
TNT_001,EMP_00455,SITE_BLR_01,SHIFT_DAY,OPERATIONS,true
TNT_001,EMP_00456,SITE_BLR_02,SHIFT_DAY,TECHNOLOGY,true
TNT_001,EMP_00457,SITE_BLR_02,SHIFT_NIGHT,SUPPORT,true
TNT_001,EMP_00458,SITE_BLR_01,SHIFT_MORNING,TECHNOLOGY,true
TNT_001,EMP_00459,SITE_BLR_01,SHIFT_DAY,TECHNOLOGY,true
TNT_001,EMP_00460,SITE_BLR_02,SHIFT_DAY,OPERATIONS,true
TNT_002,EMP_00461,SITE_HYD_01,SHIFT_DAY,TECHNOLOGY,true
TNT_001,EMP_00462,SITE_BLR_01,SHIFT_MORNING,SUPPORT,true
TNT_001,EMP_00463,SITE_BLR_01,SHIFT_NIGHT,OPERATIONS,true
TNT_002,EMP_00464,SITE_HYD_01,SHIFT_NIGHT,OPERATIONS,true
TNT_002,EMP_00465,SITE_HYD_01,SHIFT_DAY,SUPPORT,true
TNT_003,EMP_00466,SITE_NCR_02,SHIFT_EVENING,OPERATIONS,true
TNT_001,EMP_00467,SITE_BLR_01,SHIFT_DAY,OPERATIONS,true
TNT_001,EMP_00468,SITE_BLR_01,SHIFT_MORNING,SUPPORT,true
TNT_002,EMP_00469,SITE_HYD_02,SHIFT_DAY,OPERATIONS,true
TNT_001,EMP_00470,SITE_BLR_02,SHIFT_DAY,OPERATIONS,true
TNT_001,EMP_00471,SITE_BLR_02,SHIFT_DAY,SUPPORT,true
TNT_003,EMP_00472,SITE_NCR_02,SHIFT_DAY,OPERATIONS,true
TNT_001,EMP_00473,SITE_BLR_02,SHIFT_NIGHT,OPERATIONS,true
TNT_001,EMP_00474,SITE_BLR_02,SHIFT_NIGHT,OPERATIONS,true
TNT_001,EMP_00475,SITE_BLR_02,SHIFT_NIGHT,TECHNOLOGY,true
TNT_002,EMP_00476,SITE_HYD_01,SHIFT_EVENING,TECHNOLOGY,true
TNT_001,EMP_00477,SITE_BLR_01,SHIFT_EVENING,SUPPORT,true
TNT_001,EMP_00478,SITE_BLR_02,SHIFT_NIGHT,SUPPORT,true
TNT_003,EMP_00479,SITE_NCR_01,SHIFT_EVENING,OPERATIONS,true
TNT_001,EMP_00480,SITE_BLR_01,SHIFT_EVENING,OPERATIONS,true
TNT_001,EMP_00481,SITE_BLR_02,SHIFT_EVENING,OPERATIONS,true
TNT_001,EMP_00482,SITE_BLR_01,SHIFT_DAY,OPERATIONS,true
TNT_003,EMP_00483,SITE_NCR_02,SHIFT_EVENING,SUPPORT,true
TNT_002,EMP_00484,SITE_HYD_01,SHIFT_MORNING,OPERATIONS,true
TNT_001,EMP_00485,SITE_BLR_02,SHIFT_EVENING,TECHNOLOGY,true
TNT_001,EMP_00486,SITE_BLR_01,SHIFT_MORNING,SUPPORT,true
TNT_001,EMP_00487,SITE_BLR_01,SHIFT_MORNING,TECHNOLOGY,true
TNT_001,EMP_00488,SITE_BLR_02,SHIFT_MORNING,OPERATIONS,true
TNT_003,EMP_00489,SITE_NCR_02,SHIFT_EVENING,SUPPORT,true
TNT_001,EMP_00490,SITE_BLR_02,SHIFT_NIGHT,TECHNOLOGY,true
TNT_001,EMP_00491,SITE_BLR_01,SHIFT_NIGHT,OPERATIONS,true
TNT_001,EMP_00492,SITE_BLR_01,SHIFT_EVENING,OPERATIONS,true
TNT_001,EMP_00493,SITE_BLR_02,SHIFT_DAY,OPERATIONS,true
TNT_001,EMP_00494,SITE_BLR_01,SHIFT_NIGHT,TECHNOLOGY,true
TNT_002,EMP_00495,SITE_HYD_02,SHIFT_DAY,TECHNOLOGY,true
TNT_003,EMP_00496,SITE_NCR_02,SHIFT_EVENING,SUPPORT,true
TNT_003,EMP_00497,SITE_NCR_02,SHIFT_NIGHT,SUPPORT,true
TNT_001,EMP_00498,SITE_BLR_01,SHIFT_EVENING,TECHNOLOGY,true
TNT_001,EMP_00499,SITE_BLR_02,SHIFT_NIGHT,SUPPORT,true
TNT_003,EMP_00500,SITE_NCR_01,SHIFT_EVENING,TECHNOLOGY,true
TNT_001,EMP_00501,SITE_BLR_01,SHIFT_DAY,OPERATIONS,true
TNT_001,EMP_00502,SITE_BLR_02,SHIFT_DAY,SUPPORT,true
TNT_001,EMP_00503,SITE_BLR_01,SHIFT_DAY,TECHNOLOGY,true
TNT_002,EMP_00504,SITE_HYD_02,SHIFT_EVENING,OPERATIONS,true
TNT_001,EMP_00505,SITE_BLR_02,SHIFT_EVENING,SUPPORT,true
TNT_001,EMP_00506,SITE_BLR_02,SHIFT_MORNING,SUPPORT,true
TNT_001,EMP_00507,SITE_BLR_01,SHIFT_DAY,SUPPORT,true
TNT_001,EMP_00508,SITE_BLR_02,SHIFT_DAY,TECHNOLOGY,true
TNT_002,EMP_00509,SITE_HYD_01,SHIFT_NIGHT,OPERATIONS,true
TNT_001,EMP_00510,SITE_BLR_02,SHIFT_DAY,OPERATIONS,true
TNT_002,EMP_00511,SITE_HYD_01,SHIFT_MORNING,OPERATIONS,true
TNT_003,EMP_00512,SITE_NCR_02,SHIFT_MORNING,SUPPORT,true
TNT_001,EMP_00513,SITE_BLR_02,SHIFT_DAY,OPERATIONS,true
TNT_001,EMP_00514,SITE_BLR_01,SHIFT_EVENING,TECHNOLOGY,true
TNT_003,EMP_00515,SITE_NCR_02,SHIFT_DAY,OPERATIONS,true
TNT_002,EMP_00516,SITE_HYD_02,SHIFT_NIGHT,TECHNOLOGY,true
TNT_001,EMP_00517,SITE_BLR_02,SHIFT_DAY,SUPPORT,true
TNT_001,EMP_00518,SITE_BLR_02,SHIFT_EVENING,OPERATIONS,true
TNT_003,EMP_00519,SITE_NCR_02,SHIFT_MORNING,SUPPORT,true
TNT_002,EMP_00520,SITE_HYD_02,SHIFT_MORNING,TECHNOLOGY,true
TNT_001,EMP_00521,SITE_BLR_02,SHIFT_EVENING,SUPPORT,true
TNT_001,EMP_00522,SITE_BLR_02,SHIFT_EVENING,OPERATIONS,true
TNT_002,EMP_00523,SITE_HYD_01,SHIFT_DAY,OPERATIONS,true
TNT_003,EMP_00524,SITE_NCR_01,SHIFT_DAY,SUPPORT,true
TNT_001,EMP_00525,SITE_BLR_01,SHIFT_DAY,SUPPORT,true
TNT_003,EMP_00526,SITE_NCR_02,SHIFT_DAY,OPERATIONS,true
TNT_002,EMP_00527,SITE_HYD_02,SHIFT_MORNING,OPERATIONS,true
TNT_001,EMP_00528,SITE_BLR_02,SHIFT_EVENING,SUPPORT,true
TNT_003,EMP_00529,SITE_NCR_02,SHIFT_MORNING,OPERATIONS,true
TNT_002,EMP_00530,SITE_HYD_01,SHIFT_NIGHT,TECHNOLOGY,true
TNT_001,EMP_00531,SITE_BLR_02,SHIFT_DAY,TECHNOLOGY,true
TNT_001,EMP_00532,SITE_BLR_01,SHIFT_NIGHT,OPERATIONS,true
TNT_002,EMP_00533,SITE_HYD_02,SHIFT_MORNING,OPERATIONS,true
TNT_001,EMP_00534,SITE_BLR_01,SHIFT_DAY,OPERATIONS,true
TNT_001,EMP_00535,SITE_BLR_01,SHIFT_EVENING,OPERATIONS,true
TNT_001,EMP_00536,SITE_BLR_02,SHIFT_EVENING,OPERATIONS,true
TNT_003,EMP_00537,SITE_NCR_01,SHIFT_DAY,SUPPORT,true
TNT_002,EMP_00538,SITE_HYD_02,SHIFT_DAY,TECHNOLOGY,false
TNT_001,EMP_00539,SITE_BLR_01,SHIFT_MORNING,SUPPORT,true
TNT_001,EMP_00540,SITE_BLR_01,SHIFT_NIGHT,OPERATIONS,true
TNT_002,EMP_00541,SITE_HYD_01,SHIFT_EVENING,OPERATIONS,true
TNT_001,EMP_00542,SITE_BLR_02,SHIFT_MORNING,SUPPORT,true
TNT_001,EMP_00543,SITE_BLR_02,SHIFT_MORNING,SUPPORT,true
TNT_002,EMP_00544,SITE_HYD_02,SHIFT_DAY,TECHNOLOGY,true
TNT_001,EMP_00545,SITE_BLR_02,SHIFT_DAY,TECHNOLOGY,true
TNT_001,EMP_00546,SITE_BLR_02,SHIFT_DAY,TECHNOLOGY,true
TNT_001,EMP_00547,SITE_BLR_02,SHIFT_EVENING,SUPPORT,true
TNT_001,EMP_00548,SITE_BLR_01,SHIFT_EVENING,TECHNOLOGY,true
TNT_002,EMP_00549,SITE_HYD_01,SHIFT_DAY,OPERATIONS,true
TNT_001,EMP_00550,SITE_BLR_01,SHIFT_NIGHT,OPERATIONS,true
TNT_001,EMP_00551,SITE_BLR_02,SHIFT_MORNING,TECHNOLOGY,true
TNT_001,EMP_00552,SITE_BLR_01,SHIFT_DAY,SUPPORT,false
TNT_001,EMP_00553,SITE_BLR_02,SHIFT_EVENING,OPERATIONS,true
TNT_001,EMP_00554,SITE_BLR_02,SHIFT_NIGHT,TECHNOLOGY,true
TNT_002,EMP_00555,SITE_HYD_01,SHIFT_MORNING,OPERATIONS,true
TNT_002,EMP_00556,SITE_HYD_01,SHIFT_DAY,TECHNOLOGY,true
TNT_003,EMP_00557,SITE_NCR_01,SHIFT_DAY,SUPPORT,true
TNT_001,EMP_00558,SITE_BLR_02,SHIFT_NIGHT,SUPPORT,true
TNT_001,EMP_00559,SITE_BLR_01,SHIFT_MORNING,OPERATIONS,true
TNT_003,EMP_00560,SITE_NCR_02,SHIFT_MORNING,SUPPORT,true
TNT_001,EMP_00561,SITE_BLR_01,SHIFT_DAY,OPERATIONS,true
TNT_002,EMP_00562,SITE_HYD_02,SHIFT_MORNING,OPERATIONS,true
TNT_001,EMP_00563,SITE_BLR_02,SHIFT_DAY,OPERATIONS,true
TNT_001,EMP_00564,SITE_BLR_01,SHIFT_DAY,SUPPORT,true
TNT_001,EMP_00565,SITE_BLR_02,SHIFT_MORNING,TECHNOLOGY,true
TNT_001,EMP_00566,SITE_BLR_02,SHIFT_MORNING,OPERATIONS,true
TNT_001,EMP_00567,SITE_BLR_02,SHIFT_NIGHT,TECHNOLOGY,true
TNT_003,EMP_00568,SITE_NCR_02,SHIFT_MORNING,TECHNOLOGY,true
TNT_001,EMP_00569,SITE_BLR_01,SHIFT_NIGHT,TECHNOLOGY,true
TNT_001,EMP_00570,SITE_BLR_02,SHIFT_EVENING,TECHNOLOGY,true
TNT_001,EMP_00571,SITE_BLR_01,SHIFT_MORNING,OPERATIONS,true
TNT_001,EMP_00572,SITE_BLR_01,SHIFT_EVENING,TECHNOLOGY,true
TNT_002,EMP_00573,SITE_HYD_01,SHIFT_MORNING,SUPPORT,true
TNT_001,EMP_00574,SITE_BLR_01,SHIFT_MORNING,SUPPORT,true
TNT_003,EMP_00575,SITE_NCR_01,SHIFT_MORNING,SUPPORT,true
TNT_001,EMP_00576,SITE_BLR_02,SHIFT_EVENING,OPERATIONS,true
TNT_001,EMP_00577,SITE_BLR_01,SHIFT_DAY,TECHNOLOGY,true
TNT_003,EMP_00578,SITE_NCR_02,SHIFT_NIGHT,OPERATIONS,true
TNT_001,EMP_00579,SITE_BLR_02,SHIFT_EVENING,SUPPORT,true
TNT_003,EMP_00580,SITE_NCR_01,SHIFT_MORNING,OPERATIONS,true
TNT_001,EMP_00581,SITE_BLR_02,SHIFT_DAY,TECHNOLOGY,true
TNT_003,EMP_00582,SITE_NCR_02,SHIFT_DAY,TECHNOLOGY,true
TNT_003,EMP_00583,SITE_NCR_02,SHIFT_NIGHT,TECHNOLOGY,true
TNT_002,EMP_00584,SITE_HYD_01,SHIFT_MORNING,SUPPORT,true
TNT_001,EMP_00585,SITE_BLR_02,SHIFT_NIGHT,SUPPORT,true
TNT_001,EMP_00586,SITE_BLR_02,SHIFT_EVENING,OPERATIONS,true
TNT_002,EMP_00587,SITE_HYD_01,SHIFT_DAY,TECHNOLOGY,true
TNT_001,EMP_00588,SITE_BLR_01,SHIFT_DAY,OPERATIONS,true
TNT_002,EMP_00589,SITE_HYD_02,SHIFT_MORNING,TECHNOLOGY,true
TNT_003,EMP_00590,SITE_NCR_01,SHIFT_NIGHT,TECHNOLOGY,true
TNT_003,EMP_00591,SITE_NCR_01,SHIFT_MORNING,OPERATIONS,true
TNT_001,EMP_00592,SITE_BLR_01,SHIFT_NIGHT,SUPPORT,true
TNT_002,EMP_00593,SITE_HYD_01,SHIFT_DAY,TECHNOLOGY,true
TNT_002,EMP_00594,SITE_HYD_01,SHIFT_EVENING,OPERATIONS,true
TNT_001,EMP_00595,SITE_BLR_02,SHIFT_MORNING,TECHNOLOGY,true
TNT_003,EMP_00596,SITE_NCR_02,SHIFT_EVENING,TECHNOLOGY,true
TNT_001,EMP_00597,SITE_BLR_01,SHIFT_NIGHT,SUPPORT,true
TNT_001,EMP_00598,SITE_BLR_02,SHIFT_NIGHT,SUPPORT,true
TNT_002,EMP_00599,SITE_HYD_01,SHIFT_NIGHT,TECHNOLOGY,true
TNT_001,EMP_00600,SITE_BLR_01,SHIFT_EVENING,OPERATIONS,true
TNT_002,EMP_00601,SITE_HYD_01,SHIFT_DAY,OPERATIONS,true
TNT_001,EMP_00602,SITE_BLR_01,SHIFT_NIGHT,OPERATIONS,true
TNT_002,EMP_00603,SITE_HYD_01,SHIFT_DAY,TECHNOLOGY,true
TNT_002,EMP_00604,SITE_HYD_01,SHIFT_EVENING,OPERATIONS,true
TNT_002,EMP_00605,SITE_HYD_02,SHIFT_DAY,OPERATIONS,true
TNT_001,EMP_00606,SITE_BLR_01,SHIFT_DAY,SUPPORT,true
TNT_003,EMP_00607,SITE_NCR_01,SHIFT_EVENING,OPERATIONS,true
TNT_001,EMP_00608,SITE_BLR_01,SHIFT_MORNING,OPERATIONS,false
TNT_003,EMP_00609,SITE_NCR_02,SHIFT_EVENING,OPERATIONS,true
TNT_001,EMP_00610,SITE_BLR_01,SHIFT_DAY,SUPPORT,true
TNT_001,EMP_00611,SITE_BLR_02,SHIFT_EVENING,OPERATIONS,true
TNT_002,EMP_00612,SITE_HYD_01,SHIFT_NIGHT,TECHNOLOGY,true
TNT_001,EMP_00613,SITE_BLR_02,SHIFT_NIGHT,OPERATIONS,true
TNT_003,EMP_00614,SITE_NCR_01,SHIFT_MORNING,TECHNOLOGY,true
TNT_001,EMP_00615,SITE_BLR_02,SHIFT_NIGHT,TECHNOLOGY,true
TNT_003,EMP_00616,SITE_NCR_01,SHIFT_NIGHT,TECHNOLOGY,true
TNT_001,EMP_00617,SITE_BLR_01,SHIFT_DAY,TECHNOLOGY,true
TNT_001,EMP_00618,SITE_BLR_01,SHIFT_NIGHT,SUPPORT,true
TNT_002,EMP_00619,SITE_HYD_02,SHIFT_DAY,OPERATIONS,true
TNT_001,EMP_00620,SITE_BLR_02,SHIFT_MORNING,SUPPORT,true
TNT_001,EMP_00621,SITE_BLR_02,SHIFT_MORNING,OPERATIONS,true
TNT_001,EMP_00622,SITE_BLR_02,SHIFT_NIGHT,TECHNOLOGY,true
TNT_001,EMP_00623,SITE_BLR_02,SHIFT_NIGHT,OPERATIONS,true
TNT_001,EMP_00624,SITE_BLR_02,SHIFT_DAY,OPERATIONS,true
TNT_002,EMP_00625,SITE_HYD_02,SHIFT_DAY,OPERATIONS,true
TNT_002,EMP_00626,SITE_HYD_01,SHIFT_DAY,SUPPORT,true
TNT_001,EMP_00627,SITE_BLR_02,SHIFT_EVENING,OPERATIONS,true
TNT_002,EMP_00628,SITE_HYD_01,SHIFT_NIGHT,OPERATIONS,true
TNT_001,EMP_00629,SITE_BLR_02,SHIFT_EVENING,OPERATIONS,true
TNT_002,EMP_00630,SITE_HYD_02,SHIFT_EVENING,OPERATIONS,true
TNT_001,EMP_00631,SITE_BLR_02,SHIFT_NIGHT,OPERATIONS,true
TNT_001,EMP_00632,SITE_BLR_01,SHIFT_NIGHT,OPERATIONS,true
TNT_001,EMP_00633,SITE_BLR_01,SHIFT_DAY,SUPPORT,false
TNT_002,EMP_00634,SITE_HYD_01,SHIFT_MORNING,OPERATIONS,true
TNT_001,EMP_00635,SITE_BLR_01,SHIFT_NIGHT,SUPPORT,true
TNT_001,EMP_00636,SITE_BLR_02,SHIFT_MORNING,SUPPORT,true
TNT_002,EMP_00637,SITE_HYD_01,SHIFT_MORNING,OPERATIONS,true
TNT_001,EMP_00638,SITE_BLR_02,SHIFT_MORNING,OPERATIONS,true
TNT_001,EMP_00639,SITE_BLR_01,SHIFT_DAY,SUPPORT,true
TNT_001,EMP_00640,SITE_BLR_01,SHIFT_DAY,TECHNOLOGY,true
TNT_002,EMP_00641,SITE_HYD_01,SHIFT_DAY,OPERATIONS,true
TNT_001,EMP_00642,SITE_BLR_02,SHIFT_NIGHT,SUPPORT,true
TNT_001,EMP_00643,SITE_BLR_02,SHIFT_DAY,OPERATIONS,true
TNT_001,EMP_00644,SITE_BLR_02,SHIFT_EVENING,SUPPORT,true
TNT_001,EMP_00645,SITE_BLR_01,SHIFT_NIGHT,OPERATIONS,true
TNT_002,EMP_00646,SITE_HYD_02,SHIFT_EVENING,OPERATIONS,true
TNT_002,EMP_00647,SITE_HYD_02,SHIFT_DAY,TECHNOLOGY,true
TNT_003,EMP_00648,SITE_NCR_01,SHIFT_NIGHT,OPERATIONS,true
TNT_001,EMP_00649,SITE_BLR_02,SHIFT_DAY,TECHNOLOGY,true
TNT_001,EMP_00650,SITE_BLR_02,SHIFT_NIGHT,SUPPORT,true
TNT_001,EMP_00651,SITE_BLR_01,SHIFT_NIGHT,SUPPORT,true
TNT_003,EMP_00652,SITE_NCR_01,SHIFT_MORNING,TECHNOLOGY,true
TNT_003,EMP_00653,SITE_NCR_02,SHIFT_MORNING,TECHNOLOGY,true
TNT_003,EMP_00654,SITE_NCR_02,SHIFT_DAY,TECHNOLOGY,true
TNT_002,EMP_00655,SITE_HYD_01,SHIFT_DAY,OPERATIONS,false
TNT_001,EMP_00656,SITE_BLR_02,SHIFT_MORNING,OPERATIONS,true
TNT_002,EMP_00657,SITE_HYD_02,SHIFT_MORNING,SUPPORT,true
TNT_001,EMP_00658,SITE_BLR_02,SHIFT_DAY,OPERATIONS,true
TNT_002,EMP_00659,SITE_HYD_01,SHIFT_NIGHT,OPERATIONS,true
TNT_001,EMP_00660,SITE_BLR_02,SHIFT_DAY,OPERATIONS,true
TNT_003,EMP_00661,SITE_NCR_02,SHIFT_NIGHT,SUPPORT,true
TNT_001,EMP_00662,SITE_BLR_01,SHIFT_EVENING,OPERATIONS,true
TNT_001,EMP_00663,SITE_BLR_02,SHIFT_EVENING,SUPPORT,true
TNT_001,EMP_00664,SITE_BLR_01,SHIFT_EVENING,OPERATIONS,true
TNT_002,EMP_00665,SITE_HYD_01,SHIFT_DAY,SUPPORT,true
TNT_002,EMP_00666,SITE_HYD_02,SHIFT_NIGHT,OPERATIONS,true
TNT_002,EMP_00667,SITE_HYD_02,SHIFT_DAY,OPERATIONS,true
TNT_002,EMP_00668,SITE_HYD_02,SHIFT_EVENING,OPERATIONS,true
TNT_002,EMP_00669,SITE_HYD_02,SHIFT_DAY,OPERATIONS,true
TNT_003,EMP_00670,SITE_NCR_01,SHIFT_DAY,SUPPORT,true
TNT_002,EMP_00671,SITE_HYD_02,SHIFT_NIGHT,OPERATIONS,true
TNT_002,EMP_00672,SITE_HYD_02,SHIFT_DAY,OPERATIONS,true
TNT_001,EMP_00673,SITE_BLR_01,SHIFT_NIGHT,SUPPORT,true
TNT_001,EMP_00674,SITE_BLR_02,SHIFT_MORNING,OPERATIONS,true
TNT_002,EMP_00675,SITE_HYD_02,SHIFT_DAY,TECHNOLOGY,true
TNT_003,EMP_00676,SITE_NCR_02,SHIFT_MORNING,SUPPORT,true
TNT_001,EMP_00677,SITE_BLR_01,SHIFT_NIGHT,SUPPORT,true
TNT_001,EMP_00678,SITE_BLR_01,SHIFT_MORNING,OPERATIONS,true
TNT_001,EMP_00679,SITE_BLR_01,SHIFT_NIGHT,OPERATIONS,true
TNT_002,EMP_00680,SITE_HYD_01,SHIFT_MORNING,SUPPORT,true
TNT_001,EMP_00681,SITE_BLR_01,SHIFT_NIGHT,OPERATIONS,true
TNT_003,EMP_00682,SITE_NCR_02,SHIFT_NIGHT,SUPPORT,true
TNT_001,EMP_00683,SITE_BLR_02,SHIFT_EVENING,SUPPORT,true
TNT_001,EMP_00684,SITE_BLR_02,SHIFT_DAY,SUPPORT,true
TNT_001,EMP_00685,SITE_BLR_02,SHIFT_MORNING,TECHNOLOGY,true
TNT_002,EMP_00686,SITE_HYD_02,SHIFT_EVENING,OPERATIONS,true
TNT_001,EMP_00687,SITE_BLR_01,SHIFT_EVENING,OPERATIONS,true
TNT_002,EMP_00688,SITE_HYD_01,SHIFT_NIGHT,OPERATIONS,true
TNT_001,EMP_00689,SITE_BLR_01,SHIFT_EVENING,SUPPORT,true
TNT_001,EMP_00690,SITE_BLR_01,SHIFT_EVENING,OPERATIONS,true
TNT_001,EMP_00691,SITE_BLR_02,SHIFT_MORNING,OPERATIONS,true
TNT_001,EMP_00692,SITE_BLR_02,SHIFT_NIGHT,SUPPORT,true
TNT_003,EMP_00693,SITE_NCR_02,SHIFT_NIGHT,SUPPORT,true
TNT_002,EMP_00694,SITE_HYD_01,SHIFT_DAY,OPERATIONS,true
TNT_002,EMP_00695,SITE_HYD_01,SHIFT_MORNING,TECHNOLOGY,true
TNT_003,EMP_00696,SITE_NCR_01,SHIFT_MORNING,OPERATIONS,true
TNT_002,EMP_00697,SITE_HYD_01,SHIFT_DAY,SUPPORT,true
TNT_003,EMP_00698,SITE_NCR_01,SHIFT_NIGHT,SUPPORT,true
TNT_001,EMP_00699,SITE_BLR_01,SHIFT_EVENING,OPERATIONS,true
TNT_001,EMP_00700,SITE_BLR_01,SHIFT_MORNING,OPERATIONS,true
TNT_002,EMP_00701,SITE_HYD_01,SHIFT_EVENING,SUPPORT,true
TNT_001,EMP_00702,SITE_BLR_02,SHIFT_MORNING,SUPPORT,true
TNT_002,EMP_00703,SITE_HYD_01,SHIFT_NIGHT,TECHNOLOGY,true
TNT_001,EMP_00704,SITE_BLR_01,SHIFT_DAY,TECHNOLOGY,true
TNT_002,EMP_00705,SITE_HYD_01,SHIFT_EVENING,SUPPORT,true
TNT_002,EMP_00706,SITE_HYD_02,SHIFT_DAY,OPERATIONS,true
TNT_001,EMP_00707,SITE_BLR_02,SHIFT_NIGHT,SUPPORT,true
TNT_002,EMP_00708,SITE_HYD_01,SHIFT_DAY,SUPPORT,true
TNT_003,EMP_00709,SITE_NCR_02,SHIFT_NIGHT,SUPPORT,true
TNT_002,EMP_00710,SITE_HYD_02,SHIFT_EVENING,TECHNOLOGY,true
TNT_001,EMP_00711,SITE_BLR_01,SHIFT_EVENING,OPERATIONS,true
TNT_001,EMP_00712,SITE_BLR_01,SHIFT_NIGHT,OPERATIONS,true
TNT_001,EMP_00713,SITE_BLR_02,SHIFT_MORNING,OPERATIONS,true
TNT_003,EMP_00714,SITE_NCR_02,SHIFT_MORNING,SUPPORT,true
TNT_003,EMP_00715,SITE_NCR_02,SHIFT_DAY,OPERATIONS,true
TNT_002,EMP_00716,SITE_HYD_01,SHIFT_DAY,SUPPORT,true
TNT_001,EMP_00717,SITE_BLR_01,SHIFT_DAY,OPERATIONS,true
TNT_001,EMP_00718,SITE_BLR_02,SHIFT_DAY,OPERATIONS,true
TNT_001,EMP_00719,SITE_BLR_01,SHIFT_DAY,TECHNOLOGY,true
TNT_001,EMP_00720,SITE_BLR_02,SHIFT_DAY,TECHNOLOGY,true
TNT_002,EMP_00721,SITE_HYD_01,SHIFT_NIGHT,OPERATIONS,true
TNT_001,EMP_00722,SITE_BLR_02,SHIFT_DAY,OPERATIONS,true
TNT_001,EMP_00723,SITE_BLR_02,SHIFT_DAY,OPERATIONS,true
TNT_001,EMP_00724,SITE_BLR_02,SHIFT_NIGHT,OPERATIONS,true
TNT_001,EMP_00725,SITE_BLR_02,SHIFT_DAY,TECHNOLOGY,true
TNT_001,EMP_00726,SITE_BLR_01,SHIFT_DAY,SUPPORT,true
TNT_001,EMP_00727,SITE_BLR_02,SHIFT_DAY,OPERATIONS,true
TNT_001,EMP_00728,SITE_BLR_02,SHIFT_MORNING,SUPPORT,true
TNT_001,EMP_00729,SITE_BLR_01,SHIFT_EVENING,SUPPORT,false
TNT_003,EMP_00730,SITE_NCR_01,SHIFT_MORNING,TECHNOLOGY,true
TNT_002,EMP_00731,SITE_HYD_02,SHIFT_EVENING,TECHNOLOGY,true
TNT_002,EMP_00732,SITE_HYD_01,SHIFT_NIGHT,OPERATIONS,true
TNT_002,EMP_00733,SITE_HYD_01,SHIFT_NIGHT,TECHNOLOGY,true
TNT_002,EMP_00734,SITE_HYD_02,SHIFT_NIGHT,OPERATIONS,true
TNT_001,EMP_00735,SITE_BLR_01,SHIFT_DAY,OPERATIONS,true
TNT_001,EMP_00736,SITE_BLR_01,SHIFT_MORNING,TECHNOLOGY,true
TNT_001,EMP_00737,SITE_BLR_02,SHIFT_EVENING,TECHNOLOGY,true
TNT_002,EMP_00738,SITE_HYD_01,SHIFT_NIGHT,TECHNOLOGY,true
TNT_001,EMP_00739,SITE_BLR_01,SHIFT_NIGHT,TECHNOLOGY,true
TNT_001,EMP_00740,SITE_BLR_01,SHIFT_MORNING,TECHNOLOGY,true
TNT_002,EMP_00741,SITE_HYD_01,SHIFT_DAY,OPERATIONS,true
TNT_003,EMP_00742,SITE_NCR_01,SHIFT_DAY,OPERATIONS,true
TNT_001,EMP_00743,SITE_BLR_01,SHIFT_NIGHT,TECHNOLOGY,true
TNT_003,EMP_00744,SITE_NCR_01,SHIFT_DAY,TECHNOLOGY,false
TNT_001,EMP_00745,SITE_BLR_02,SHIFT_MORNING,OPERATIONS,true
TNT_001,EMP_00746,SITE_BLR_01,SHIFT_EVENING,SUPPORT,true
TNT_002,EMP_00747,SITE_HYD_02,SHIFT_MORNING,OPERATIONS,true
TNT_003,EMP_00748,SITE_NCR_02,SHIFT_MORNING,TECHNOLOGY,true
TNT_001,EMP_00749,SITE_BLR_02,SHIFT_MORNING,SUPPORT,true
TNT_002,EMP_00750,SITE_HYD_01,SHIFT_DAY,SUPPORT,true
TNT_001,EMP_00751,SITE_BLR_02,SHIFT_EVENING,TECHNOLOGY,true
TNT_003,EMP_00752,SITE_NCR_02,SHIFT_DAY,SUPPORT,true
TNT_001,EMP_00753,SITE_BLR_02,SHIFT_MORNING,OPERATIONS,true
TNT_001,EMP_00754,SITE_BLR_01,SHIFT_EVENING,SUPPORT,true
TNT_001,EMP_00755,SITE_BLR_02,SHIFT_DAY,TECHNOLOGY,true
TNT_003,EMP_00756,SITE_NCR_01,SHIFT_NIGHT,TECHNOLOGY,true
TNT_002,EMP_00757,SITE_HYD_02,SHIFT_DAY,OPERATIONS,true
TNT_002,EMP_00758,SITE_HYD_02,SHIFT_NIGHT,TECHNOLOGY,true
TNT_001,EMP_00759,SITE_BLR_02,SHIFT_DAY,OPERATIONS,true
TNT_002,EMP_00760,SITE_HYD_01,SHIFT_DAY,OPERATIONS,true
TNT_002,EMP_00761,SITE_HYD_02,SHIFT_EVENING,TECHNOLOGY,true
TNT_002,EMP_00762,SITE_HYD_02,SHIFT_EVENING,OPERATIONS,true
TNT_001,EMP_00763,SITE_BLR_01,SHIFT_DAY,TECHNOLOGY,true
TNT_002,EMP_00764,SITE_HYD_01,SHIFT_NIGHT,TECHNOLOGY,true
TNT_002,EMP_00765,SITE_HYD_01,SHIFT_MORNING,OPERATIONS,true
TNT_001,EMP_00766,SITE_BLR_01,SHIFT_NIGHT,TECHNOLOGY,true
TNT_003,EMP_00767,SITE_NCR_02,SHIFT_MORNING,TECHNOLOGY,true
TNT_001,EMP_00768,SITE_BLR_02,SHIFT_DAY,OPERATIONS,true
TNT_001,EMP_00769,SITE_BLR_02,SHIFT_NIGHT,TECHNOLOGY,true
TNT_001,EMP_00770,SITE_BLR_01,SHIFT_MORNING,SUPPORT,true
TNT_002,EMP_00771,SITE_HYD_02,SHIFT_EVENING,OPERATIONS,true
TNT_001,EMP_00772,SITE_BLR_01,SHIFT_DAY,TECHNOLOGY,true
TNT_001,EMP_00773,SITE_BLR_02,SHIFT_MORNING,OPERATIONS,true
TNT_002,EMP_00774,SITE_HYD_02,SHIFT_EVENING,TECHNOLOGY,true
TNT_002,EMP_00775,SITE_HYD_01,SHIFT_DAY,TECHNOLOGY,true
TNT_002,EMP_00776,SITE_HYD_02,SHIFT_NIGHT,OPERATIONS,true
TNT_001,EMP_00777,SITE_BLR_01,SHIFT_DAY,TECHNOLOGY,true
TNT_002,EMP_00778,SITE_HYD_02,SHIFT_DAY,OPERATIONS,true
TNT_002,EMP_00779,SITE_HYD_02,SHIFT_DAY,SUPPORT,true
TNT_001,EMP_00780,SITE_BLR_01,SHIFT_EVENING,TECHNOLOGY,true
TNT_001,EMP_00781,SITE_BLR_02,SHIFT_DAY,OPERATIONS,true
TNT_002,EMP_00782,SITE_HYD_01,SHIFT_NIGHT,TECHNOLOGY,true
TNT_001,EMP_00783,SITE_BLR_02,SHIFT_DAY,TECHNOLOGY,true
TNT_001,EMP_00784,SITE_BLR_02,SHIFT_MORNING,SUPPORT,true
TNT_001,EMP_00785,SITE_BLR_01,SHIFT_MORNING,TECHNOLOGY,true
TNT_001,EMP_00786,SITE_BLR_02,SHIFT_DAY,TECHNOLOGY,true
TNT_001,EMP_00787,SITE_BLR_01,SHIFT_EVENING,OPERATIONS,true
TNT_001,EMP_00788,SITE_BLR_02,SHIFT_DAY,OPERATIONS,true
TNT_001,EMP_00789,SITE_BLR_02,SHIFT_DAY,TECHNOLOGY,true
TNT_001,EMP_00790,SITE_BLR_02,SHIFT_DAY,TECHNOLOGY,true
TNT_002,EMP_00791,SITE_HYD_01,SHIFT_DAY,OPERATIONS,true
TNT_001,EMP_00792,SITE_BLR_02,SHIFT_MORNING,TECHNOLOGY,true
TNT_001,EMP_00793,SITE_BLR_02,SHIFT_EVENING,SUPPORT,true
TNT_003,EMP_00794,SITE_NCR_01,SHIFT_DAY,TECHNOLOGY,true
TNT_001,EMP_00795,SITE_BLR_02,SHIFT_DAY,SUPPORT,true
TNT_002,EMP_00796,SITE_HYD_01,SHIFT_NIGHT,TECHNOLOGY,true
TNT_001,EMP_00797,SITE_BLR_01,SHIFT_EVENING,OPERATIONS,true
TNT_001,EMP_00798,SITE_BLR_01,SHIFT_DAY,OPERATIONS,true
TNT_001,EMP_00799,SITE_BLR_01,SHIFT_EVENING,SUPPORT,true
TNT_001,EMP_00800,SITE_BLR_02,SHIFT_MORNING,TECHNOLOGY,true
TNT_003,EMP_00801,SITE_NCR_02,SHIFT_EVENING,TECHNOLOGY,true
TNT_001,EMP_00802,SITE_BLR_02,SHIFT_MORNING,SUPPORT,true
TNT_001,EMP_00803,SITE_BLR_01,SHIFT_DAY,TECHNOLOGY,true
TNT_001,EMP_00804,SITE_BLR_01,SHIFT_DAY,OPERATIONS,true
TNT_001,EMP_00805,SITE_BLR_02,SHIFT_NIGHT,OPERATIONS,true
TNT_003,EMP_00806,SITE_NCR_02,SHIFT_NIGHT,SUPPORT,true
TNT_001,EMP_00807,SITE_BLR_02,SHIFT_DAY,SUPPORT,true
TNT_002,EMP_00808,SITE_HYD_02,SHIFT_NIGHT,TECHNOLOGY,true
TNT_001,EMP_00809,SITE_BLR_01,SHIFT_EVENING,OPERATIONS,true
TNT_002,EMP_00810,SITE_HYD_02,SHIFT_NIGHT,OPERATIONS,true
TNT_001,EMP_00811,SITE_BLR_02,SHIFT_EVENING,SUPPORT,true
TNT_001,EMP_00812,SITE_BLR_02,SHIFT_NIGHT,OPERATIONS,true
TNT_001,EMP_00813,SITE_BLR_01,SHIFT_MORNING,TECHNOLOGY,true
TNT_001,EMP_00814,SITE_BLR_01,SHIFT_EVENING,TECHNOLOGY,true
TNT_001,EMP_00815,SITE_BLR_01,SHIFT_DAY,SUPPORT,true
TNT_001,EMP_00816,SITE_BLR_02,SHIFT_NIGHT,OPERATIONS,true
TNT_001,EMP_00817,SITE_BLR_02,SHIFT_NIGHT,TECHNOLOGY,true
TNT_002,EMP_00818,SITE_HYD_01,SHIFT_NIGHT,OPERATIONS,true
TNT_002,EMP_00819,SITE_HYD_01,SHIFT_DAY,TECHNOLOGY,true
TNT_001,EMP_00820,SITE_BLR_01,SHIFT_MORNING,OPERATIONS,true
TNT_002,EMP_00821,SITE_HYD_01,SHIFT_DAY,TECHNOLOGY,true
TNT_001,EMP_00822,SITE_BLR_01,SHIFT_EVENING,SUPPORT,true
TNT_001,EMP_00823,SITE_BLR_02,SHIFT_NIGHT,TECHNOLOGY,true
TNT_003,EMP_00824,SITE_NCR_02,SHIFT_DAY,OPERATIONS,true
TNT_001,EMP_00825,SITE_BLR_01,SHIFT_EVENING,OPERATIONS,true
TNT_001,EMP_00826,SITE_BLR_02,SHIFT_DAY,SUPPORT,true
TNT_001,EMP_00827,SITE_BLR_02,SHIFT_DAY,OPERATIONS,true
TNT_001,EMP_00828,SITE_BLR_02,SHIFT_DAY,SUPPORT,true
TNT_001,EMP_00829,SITE_BLR_02,SHIFT_DAY,OPERATIONS,true
TNT_002,EMP_00830,SITE_HYD_01,SHIFT_MORNING,SUPPORT,true
TNT_002,EMP_00831,SITE_HYD_02,SHIFT_NIGHT,TECHNOLOGY,true
TNT_001,EMP_00832,SITE_BLR_01,SHIFT_MORNING,OPERATIONS,true
TNT_003,EMP_00833,SITE_NCR_01,SHIFT_MORNING,TECHNOLOGY,true
TNT_002,EMP_00834,SITE_HYD_01,SHIFT_MORNING,OPERATIONS,true
TNT_001,EMP_00835,SITE_BLR_01,SHIFT_EVENING,OPERATIONS,true
TNT_001,EMP_00836,SITE_BLR_01,SHIFT_NIGHT,SUPPORT,true
TNT_002,EMP_00837,SITE_HYD_01,SHIFT_EVENING,SUPPORT,true
TNT_002,EMP_00838,SITE_HYD_01,SHIFT_MORNING,OPERATIONS,true
TNT_002,EMP_00839,SITE_HYD_01,SHIFT_EVENING,SUPPORT,true
TNT_003,EMP_00840,SITE_NCR_01,SHIFT_MORNING,OPERATIONS,true
TNT_003,EMP_00841,SITE_NCR_01,SHIFT_DAY,SUPPORT,true
TNT_001,EMP_00842,SITE_BLR_01,SHIFT_DAY,OPERATIONS,true
TNT_001,EMP_00843,SITE_BLR_02,SHIFT_DAY,SUPPORT,true
TNT_002,EMP_00844,SITE_HYD_02,SHIFT_DAY,OPERATIONS,true
TNT_002,EMP_00845,SITE_HYD_02,SHIFT_DAY,TECHNOLOGY,true
TNT_001,EMP_00846,SITE_BLR_02,SHIFT_DAY,OPERATIONS,true
TNT_003,EMP_00847,SITE_NCR_02,SHIFT_MORNING,OPERATIONS,true
TNT_001,EMP_00848,SITE_BLR_01,SHIFT_MORNING,SUPPORT,true
TNT_003,EMP_00849,SITE_NCR_02,SHIFT_MORNING,OPERATIONS,true
TNT_001,EMP_00850,SITE_BLR_02,SHIFT_DAY,OPERATIONS,true
TNT_003,EMP_00851,SITE_NCR_01,SHIFT_MORNING,SUPPORT,true
TNT_001,EMP_00852,SITE_BLR_02,SHIFT_MORNING,OPERATIONS,true
TNT_001,EMP_00853,SITE_BLR_01,SHIFT_DAY,OPERATIONS,true
TNT_001,EMP_00854,SITE_BLR_01,SHIFT_DAY,SUPPORT,true
TNT_002,EMP_00855,SITE_HYD_02,SHIFT_NIGHT,TECHNOLOGY,true
TNT_001,EMP_00856,SITE_BLR_02,SHIFT_EVENING,OPERATIONS,true
TNT_001,EMP_00857,SITE_BLR_02,SHIFT_DAY,OPERATIONS,true
TNT_001,EMP_00858,SITE_BLR_02,SHIFT_DAY,TECHNOLOGY,true
TNT_001,EMP_00859,SITE_BLR_02,SHIFT_DAY,TECHNOLOGY,true
TNT_002,EMP_00860,SITE_HYD_01,SHIFT_MORNING,TECHNOLOGY,true
TNT_001,EMP_00861,SITE_BLR_01,SHIFT_EVENING,SUPPORT,true
TNT_001,EMP_00862,SITE_BLR_02,SHIFT_MORNING,SUPPORT,true
TNT_001,EMP_00863,SITE_BLR_02,SHIFT_EVENING,OPERATIONS,true
TNT_001,EMP_00864,SITE_BLR_02,SHIFT_DAY,TECHNOLOGY,true
TNT_001,EMP_00865,SITE_BLR_01,SHIFT_NIGHT,SUPPORT,true
TNT_001,EMP_00866,SITE_BLR_01,SHIFT_MORNING,SUPPORT,true
TNT_003,EMP_00867,SITE_NCR_01,SHIFT_EVENING,SUPPORT,true
TNT_002,EMP_00868,SITE_HYD_01,SHIFT_NIGHT,TECHNOLOGY,true
TNT_002,EMP_00869,SITE_HYD_02,SHIFT_MORNING,TECHNOLOGY,true
TNT_002,EMP_00870,SITE_HYD_01,SHIFT_DAY,SUPPORT,true
TNT_002,EMP_00871,SITE_HYD_02,SHIFT_EVENING,OPERATIONS,true
TNT_003,EMP_00872,SITE_NCR_01,SHIFT_DAY,OPERATIONS,true
TNT_001,EMP_00873,SITE_BLR_01,SHIFT_DAY,OPERATIONS,true
TNT_002,EMP_00874,SITE_HYD_02,SHIFT_EVENING,TECHNOLOGY,true
TNT_001,EMP_00875,SITE_BLR_01,SHIFT_DAY,OPERATIONS,false
TNT_001,EMP_00876,SITE_BLR_01,SHIFT_DAY,TECHNOLOGY,true
TNT_001,EMP_00877,SITE_BLR_02,SHIFT_NIGHT,OPERATIONS,true
TNT_001,EMP_00878,SITE_BLR_02,SHIFT_EVENING,OPERATIONS,true
TNT_003,EMP_00879,SITE_NCR_02,SHIFT_DAY,OPERATIONS,true
TNT_003,EMP_00880,SITE_NCR_01,SHIFT_NIGHT,SUPPORT,true
TNT_001,EMP_00881,SITE_BLR_02,SHIFT_EVENING,TECHNOLOGY,true
TNT_002,EMP_00882,SITE_HYD_02,SHIFT_NIGHT,TECHNOLOGY,true
TNT_001,EMP_00883,SITE_BLR_01,SHIFT_DAY,OPERATIONS,true
TNT_001,EMP_00884,SITE_BLR_02,SHIFT_EVENING,OPERATIONS,true
TNT_001,EMP_00885,SITE_BLR_02,SHIFT_NIGHT,OPERATIONS,true
TNT_001,EMP_00886,SITE_BLR_02,SHIFT_EVENING,OPERATIONS,true
TNT_003,EMP_00887,SITE_NCR_01,SHIFT_MORNING,OPERATIONS,true
TNT_001,EMP_00888,SITE_BLR_02,SHIFT_EVENING,TECHNOLOGY,true
TNT_001,EMP_00889,SITE_BLR_02,SHIFT_NIGHT,SUPPORT,true
TNT_002,EMP_00890,SITE_HYD_02,SHIFT_MORNING,OPERATIONS,true
TNT_003,EMP_00891,SITE_NCR_02,SHIFT_MORNING,TECHNOLOGY,true
TNT_001,EMP_00892,SITE_BLR_01,SHIFT_NIGHT,OPERATIONS,true
TNT_001,EMP_00893,SITE_BLR_02,SHIFT_DAY,SUPPORT,true
TNT_001,EMP_00894,SITE_BLR_02,SHIFT_MORNING,OPERATIONS,true
TNT_001,EMP_00895,SITE_BLR_02,SHIFT_DAY,OPERATIONS,true
TNT_001,EMP_00896,SITE_BLR_02,SHIFT_EVENING,SUPPORT,true
TNT_001,EMP_00897,SITE_BLR_02,SHIFT_NIGHT,TECHNOLOGY,true
TNT_001,EMP_00898,SITE_BLR_01,SHIFT_DAY,SUPPORT,true
TNT_001,EMP_00899,SITE_BLR_02,SHIFT_EVENING,TECHNOLOGY,true
TNT_003,EMP_00900,SITE_NCR_02,SHIFT_DAY,SUPPORT,true
TNT_001,EMP_00901,SITE_BLR_02,SHIFT_DAY,OPERATIONS,true
TNT_001,EMP_00902,SITE_BLR_02,SHIFT_DAY,OPERATIONS,true
TNT_003,EMP_00903,SITE_NCR_01,SHIFT_DAY,TECHNOLOGY,true
TNT_001,EMP_00904,SITE_BLR_02,SHIFT_EVENING,TECHNOLOGY,true
TNT_003,EMP_00905,SITE_NCR_02,SHIFT_DAY,SUPPORT,true
TNT_002,EMP_00906,SITE_HYD_01,SHIFT_NIGHT,TECHNOLOGY,true
TNT_001,EMP_00907,SITE_BLR_02,SHIFT_EVENING,OPERATIONS,true
TNT_003,EMP_00908,SITE_NCR_02,SHIFT_NIGHT,SUPPORT,true
TNT_002,EMP_00909,SITE_HYD_02,SHIFT_DAY,SUPPORT,true
TNT_001,EMP_00910,SITE_BLR_01,SHIFT_DAY,SUPPORT,true
TNT_003,EMP_00911,SITE_NCR_02,SHIFT_EVENING,TECHNOLOGY,true
TNT_001,EMP_00912,SITE_BLR_01,SHIFT_EVENING,OPERATIONS,true
TNT_003,EMP_00913,SITE_NCR_01,SHIFT_NIGHT,SUPPORT,true
TNT_003,EMP_00914,SITE_NCR_01,SHIFT_MORNING,OPERATIONS,true
TNT_001,EMP_00915,SITE_BLR_01,SHIFT_MORNING,TECHNOLOGY,true
TNT_001,EMP_00916,SITE_BLR_02,SHIFT_MORNING,SUPPORT,true
TNT_002,EMP_00917,SITE_HYD_02,SHIFT_NIGHT,SUPPORT,true
TNT_003,EMP_00918,SITE_NCR_02,SHIFT_DAY,SUPPORT,true
TNT_001,EMP_00919,SITE_BLR_01,SHIFT_MORNING,OPERATIONS,true
TNT_003,EMP_00920,SITE_NCR_02,SHIFT_MORNING,SUPPORT,true
TNT_002,EMP_00921,SITE_HYD_01,SHIFT_MORNING,TECHNOLOGY,true
TNT_002,EMP_00922,SITE_HYD_02,SHIFT_NIGHT,TECHNOLOGY,true
TNT_001,EMP_00923,SITE_BLR_02,SHIFT_MORNING,OPERATIONS,true
TNT_001,EMP_00924,SITE_BLR_01,SHIFT_DAY,OPERATIONS,true
TNT_002,EMP_00925,SITE_HYD_01,SHIFT_DAY,SUPPORT,true
TNT_001,EMP_00926,SITE_BLR_02,SHIFT_MORNING,OPERATIONS,true
TNT_001,EMP_00927,SITE_BLR_01,SHIFT_NIGHT,OPERATIONS,true
TNT_001,EMP_00928,SITE_BLR_01,SHIFT_DAY,TECHNOLOGY,true
TNT_001,EMP_00929,SITE_BLR_01,SHIFT_DAY,SUPPORT,true
TNT_001,EMP_00930,SITE_BLR_01,SHIFT_DAY,OPERATIONS,true
TNT_003,EMP_00931,SITE_NCR_01,SHIFT_MORNING,TECHNOLOGY,true
TNT_002,EMP_00932,SITE_HYD_01,SHIFT_EVENING,OPERATIONS,true
TNT_001,EMP_00933,SITE_BLR_01,SHIFT_EVENING,TECHNOLOGY,true
TNT_002,EMP_00934,SITE_HYD_01,SHIFT_EVENING,OPERATIONS,true
TNT_001,EMP_00935,SITE_BLR_02,SHIFT_DAY,OPERATIONS,true
TNT_003,EMP_00936,SITE_NCR_02,SHIFT_DAY,OPERATIONS,true
TNT_001,EMP_00937,SITE_BLR_02,SHIFT_MORNING,TECHNOLOGY,true
TNT_003,EMP_00938,SITE_NCR_01,SHIFT_NIGHT,SUPPORT,false
TNT_001,EMP_00939,SITE_BLR_01,SHIFT_NIGHT,OPERATIONS,true
TNT_001,EMP_00940,SITE_BLR_01,SHIFT_EVENING,TECHNOLOGY,true
TNT_001,EMP_00941,SITE_BLR_02,SHIFT_MORNING,SUPPORT,true
TNT_003,EMP_00942,SITE_NCR_02,SHIFT_NIGHT,OPERATIONS,true
TNT_001,EMP_00943,SITE_BLR_02,SHIFT_EVENING,OPERATIONS,true
TNT_001,EMP_00944,SITE_BLR_02,SHIFT_DAY,TECHNOLOGY,true
TNT_001,EMP_00945,SITE_BLR_01,SHIFT_DAY,OPERATIONS,true
TNT_001,EMP_00946,SITE_BLR_02,SHIFT_MORNING,OPERATIONS,true
TNT_001,EMP_00947,SITE_BLR_01,SHIFT_NIGHT,TECHNOLOGY,true
TNT_003,EMP_00948,SITE_NCR_02,SHIFT_DAY,TECHNOLOGY,true
TNT_002,EMP_00949,SITE_HYD_02,SHIFT_DAY,TECHNOLOGY,true
TNT_001,EMP_00950,SITE_BLR_02,SHIFT_DAY,SUPPORT,true
TNT_003,EMP_00951,SITE_NCR_02,SHIFT_MORNING,OPERATIONS,true
TNT_003,EMP_00952,SITE_NCR_02,SHIFT_DAY,OPERATIONS,true
TNT_002,EMP_00953,SITE_HYD_02,SHIFT_MORNING,OPERATIONS,true
TNT_001,EMP_00954,SITE_BLR_01,SHIFT_NIGHT,SUPPORT,true
TNT_002,EMP_00955,SITE_HYD_02,SHIFT_MORNING,SUPPORT,true
TNT_003,EMP_00956,SITE_NCR_01,SHIFT_EVENING,OPERATIONS,true
TNT_002,EMP_00957,SITE_HYD_02,SHIFT_DAY,TECHNOLOGY,true
TNT_002,EMP_00958,SITE_HYD_02,SHIFT_MORNING,OPERATIONS,true
TNT_001,EMP_00959,SITE_BLR_02,SHIFT_EVENING,SUPPORT,true
TNT_001,EMP_00960,SITE_BLR_02,SHIFT_DAY,SUPPORT,true
TNT_001,EMP_00961,SITE_BLR_02,SHIFT_DAY,TECHNOLOGY,true
TNT_001,EMP_00962,SITE_BLR_01,SHIFT_EVENING,OPERATIONS,true
TNT_001,EMP_00963,SITE_BLR_02,SHIFT_DAY,SUPPORT,true
TNT_003,EMP_00964,SITE_NCR_01,SHIFT_DAY,TECHNOLOGY,true
TNT_001,EMP_00965,SITE_BLR_02,SHIFT_DAY,SUPPORT,true
TNT_001,EMP_00966,SITE_BLR_02,SHIFT_NIGHT,SUPPORT,true
TNT_002,EMP_00967,SITE_HYD_01,SHIFT_DAY,TECHNOLOGY,true
TNT_001,EMP_00968,SITE_BLR_02,SHIFT_NIGHT,SUPPORT,true
TNT_002,EMP_00969,SITE_HYD_01,SHIFT_MORNING,TECHNOLOGY,true
TNT_001,EMP_00970,SITE_BLR_02,SHIFT_MORNING,OPERATIONS,true
TNT_003,EMP_00971,SITE_NCR_01,SHIFT_EVENING,OPERATIONS,true
TNT_002,EMP_00972,SITE_HYD_01,SHIFT_NIGHT,TECHNOLOGY,true
TNT_001,EMP_00973,SITE_BLR_01,SHIFT_EVENING,OPERATIONS,true
TNT_002,EMP_00974,SITE_HYD_02,SHIFT_NIGHT,OPERATIONS,true
TNT_001,EMP_00975,SITE_BLR_02,SHIFT_DAY,OPERATIONS,true
TNT_001,EMP_00976,SITE_BLR_02,SHIFT_EVENING,SUPPORT,true
TNT_001,EMP_00977,SITE_BLR_02,SHIFT_DAY,OPERATIONS,true
TNT_002,EMP_00978,SITE_HYD_01,SHIFT_MORNING,OPERATIONS,true
TNT_002,EMP_00979,SITE_HYD_02,SHIFT_MORNING,OPERATIONS,true
TNT_001,EMP_00980,SITE_BLR_01,SHIFT_NIGHT,OPERATIONS,true
TNT_003,EMP_00981,SITE_NCR_02,SHIFT_EVENING,OPERATIONS,true
TNT_001,EMP_00982,SITE_BLR_01,SHIFT_MORNING,OPERATIONS,true
TNT_003,EMP_00983,SITE_NCR_02,SHIFT_DAY,TECHNOLOGY,true
TNT_001,EMP_00984,SITE_BLR_02,SHIFT_DAY,OPERATIONS,true
TNT_003,EMP_00985,SITE_NCR_02,SHIFT_MORNING,SUPPORT,true
TNT_003,EMP_00986,SITE_NCR_01,SHIFT_EVENING,SUPPORT,true
TNT_001,EMP_00987,SITE_BLR_01,SHIFT_DAY,OPERATIONS,true
TNT_001,EMP_00988,SITE_BLR_01,SHIFT_MORNING,SUPPORT,true
TNT_002,EMP_00989,SITE_HYD_02,SHIFT_DAY,SUPPORT,true
TNT_001,EMP_00990,SITE_BLR_02,SHIFT_MORNING,OPERATIONS,true
TNT_001,EMP_00991,SITE_BLR_02,SHIFT_EVENING,OPERATIONS,true
TNT_003,EMP_00992,SITE_NCR_02,SHIFT_NIGHT,OPERATIONS,true
TNT_002,EMP_00993,SITE_HYD_02,SHIFT_DAY,OPERATIONS,false
TNT_002,EMP_00994,SITE_HYD_02,SHIFT_NIGHT,SUPPORT,true
TNT_001,EMP_00995,SITE_BLR_02,SHIFT_EVENING,SUPPORT,true
TNT_002,EMP_00996,SITE_HYD_02,SHIFT_MORNING,SUPPORT,true
TNT_003,EMP_00997,SITE_NCR_02,SHIFT_MORNING,OPERATIONS,true
TNT_001,EMP_00998,SITE_BLR_01,SHIFT_DAY,TECHNOLOGY,true
TNT_001,EMP_00999,SITE_BLR_01,SHIFT_DAY,OPERATIONS,true
TNT_003,EMP_01000,SITE_NCR_01,SHIFT_DAY,OPERATIONS,true
TNT_002,EMP_01001,SITE_HYD_01,SHIFT_DAY,TECHNOLOGY,true
TNT_001,EMP_01002,SITE_BLR_02,SHIFT_MORNING,TECHNOLOGY,true
TNT_001,EMP_01003,SITE_BLR_02,SHIFT_DAY,OPERATIONS,true
TNT_003,EMP_01004,SITE_NCR_01,SHIFT_EVENING,SUPPORT,true
TNT_001,EMP_01005,SITE_BLR_01,SHIFT_EVENING,TECHNOLOGY,true
TNT_002,EMP_01006,SITE_HYD_02,SHIFT_DAY,SUPPORT,true
TNT_001,EMP_01007,SITE_BLR_01,SHIFT_MORNING,OPERATIONS,true
TNT_001,EMP_01008,SITE_BLR_02,SHIFT_NIGHT,OPERATIONS,true
TNT_001,EMP_01009,SITE_BLR_02,SHIFT_EVENING,OPERATIONS,true
TNT_003,EMP_01010,SITE_NCR_01,SHIFT_NIGHT,TECHNOLOGY,true
TNT_001,EMP_01011,SITE_BLR_01,SHIFT_NIGHT,SUPPORT,true
TNT_001,EMP_01012,SITE_BLR_02,SHIFT_NIGHT,OPERATIONS,true
TNT_002,EMP_01013,SITE_HYD_01,SHIFT_EVENING,TECHNOLOGY,true
TNT_001,EMP_01014,SITE_BLR_02,SHIFT_NIGHT,OPERATIONS,true
TNT_001,EMP_01015,SITE_BLR_01,SHIFT_MORNING,SUPPORT,true
TNT_001,EMP_01016,SITE_BLR_02,SHIFT_NIGHT,SUPPORT,false
TNT_001,EMP_01017,SITE_BLR_01,SHIFT_DAY,OPERATIONS,true
TNT_001,EMP_01018,SITE_BLR_02,SHIFT_MORNING,SUPPORT,true
TNT_001,EMP_01019,SITE_BLR_01,SHIFT_NIGHT,TECHNOLOGY,true
TNT_002,EMP_01020,SITE_HYD_02,SHIFT_MORNING,OPERATIONS,true
TNT_001,EMP_01021,SITE_BLR_02,SHIFT_MORNING,SUPPORT,true
TNT_001,EMP_01022,SITE_BLR_02,SHIFT_NIGHT,SUPPORT,true
TNT_001,EMP_01023,SITE_BLR_01,SHIFT_NIGHT,TECHNOLOGY,true
TNT_001,EMP_01024,SITE_BLR_02,SHIFT_DAY,TECHNOLOGY,true
TNT_001,EMP_01025,SITE_BLR_01,SHIFT_NIGHT,OPERATIONS,true
TNT_001,EMP_01026,SITE_BLR_02,SHIFT_EVENING,TECHNOLOGY,true
TNT_001,EMP_01027,SITE_BLR_02,SHIFT_MORNING,TECHNOLOGY,true
TNT_001,EMP_01028,SITE_BLR_01,SHIFT_MORNING,OPERATIONS,true
TNT_001,EMP_01029,SITE_BLR_01,SHIFT_MORNING,SUPPORT,true
TNT_001,EMP_01030,SITE_BLR_02,SHIFT_DAY,OPERATIONS,true
TNT_002,EMP_01031,SITE_HYD_02,SHIFT_NIGHT,SUPPORT,true
TNT_002,EMP_01032,SITE_HYD_01,SHIFT_MORNING,TECHNOLOGY,true
TNT_002,EMP_01033,SITE_HYD_01,SHIFT_NIGHT,OPERATIONS,true
TNT_001,EMP_01034,SITE_BLR_01,SHIFT_DAY,TECHNOLOGY,true
TNT_002,EMP_01035,SITE_HYD_01,SHIFT_DAY,OPERATIONS,true
TNT_003,EMP_01036,SITE_NCR_01,SHIFT_DAY,TECHNOLOGY,false
TNT_001,EMP_01037,SITE_BLR_01,SHIFT_NIGHT,OPERATIONS,true
TNT_002,EMP_01038,SITE_HYD_01,SHIFT_MORNING,OPERATIONS,true
TNT_002,EMP_01039,SITE_HYD_01,SHIFT_NIGHT,TECHNOLOGY,true
TNT_002,EMP_01040,SITE_HYD_01,SHIFT_DAY,OPERATIONS,true
TNT_001,EMP_01041,SITE_BLR_02,SHIFT_NIGHT,SUPPORT,true
TNT_001,EMP_01042,SITE_BLR_01,SHIFT_NIGHT,SUPPORT,true
TNT_002,EMP_01043,SITE_HYD_01,SHIFT_DAY,OPERATIONS,true
TNT_001,EMP_01044,SITE_BLR_01,SHIFT_DAY,OPERATIONS,true
TNT_001,EMP_01045,SITE_BLR_01,SHIFT_MORNING,TECHNOLOGY,true
TNT_001,EMP_01046,SITE_BLR_02,SHIFT_DAY,TECHNOLOGY,true
TNT_002,EMP_01047,SITE_HYD_01,SHIFT_DAY,OPERATIONS,true
TNT_003,EMP_01048,SITE_NCR_02,SHIFT_EVENING,TECHNOLOGY,true
TNT_001,EMP_01049,SITE_BLR_02,SHIFT_EVENING,OPERATIONS,true
TNT_001,EMP_01050,SITE_BLR_02,SHIFT_DAY,SUPPORT,true
TNT_002,EMP_01051,SITE_HYD_01,SHIFT_NIGHT,OPERATIONS,true
TNT_001,EMP_01052,SITE_BLR_01,SHIFT_DAY,TECHNOLOGY,true
TNT_001,EMP_01053,SITE_BLR_01,SHIFT_NIGHT,OPERATIONS,true
TNT_001,EMP_01054,SITE_BLR_02,SHIFT_DAY,SUPPORT,true
TNT_003,EMP_01055,SITE_NCR_02,SHIFT_MORNING,TECHNOLOGY,true
TNT_003,EMP_01056,SITE_NCR_02,SHIFT_EVENING,OPERATIONS,true
TNT_001,EMP_01057,SITE_BLR_02,SHIFT_DAY,TECHNOLOGY,true
TNT_003,EMP_01058,SITE_NCR_01,SHIFT_DAY,TECHNOLOGY,true
TNT_001,EMP_01059,SITE_BLR_01,SHIFT_MORNING,SUPPORT,true
TNT_001,EMP_01060,SITE_BLR_01,SHIFT_MORNING,OPERATIONS,true
TNT_001,EMP_01061,SITE_BLR_01,SHIFT_EVENING,OPERATIONS,true
TNT_001,EMP_01062,SITE_BLR_01,SHIFT_EVENING,TECHNOLOGY,true
TNT_001,EMP_01063,SITE_BLR_02,SHIFT_DAY,OPERATIONS,true
TNT_001,EMP_01064,SITE_BLR_01,SHIFT_NIGHT,OPERATIONS,true
TNT_001,EMP_01065,SITE_BLR_02,SHIFT_DAY,OPERATIONS,true
TNT_003,EMP_01066,SITE_NCR_01,SHIFT_NIGHT,SUPPORT,true
TNT_001,EMP_01067,SITE_BLR_02,SHIFT_DAY,OPERATIONS,true
TNT_001,EMP_01068,SITE_BLR_01,SHIFT_DAY,SUPPORT,true
TNT_001,EMP_01069,SITE_BLR_01,SHIFT_DAY,TECHNOLOGY,true
TNT_001,EMP_01070,SITE_BLR_01,SHIFT_DAY,TECHNOLOGY,true
TNT_001,EMP_01071,SITE_BLR_02,SHIFT_EVENING,SUPPORT,true
TNT_001,EMP_01072,SITE_BLR_02,SHIFT_DAY,OPERATIONS,true
TNT_002,EMP_01073,SITE_HYD_01,SHIFT_EVENING,TECHNOLOGY,true
TNT_003,EMP_01074,SITE_NCR_02,SHIFT_EVENING,SUPPORT,true
TNT_003,EMP_01075,SITE_NCR_02,SHIFT_EVENING,OPERATIONS,true
TNT_001,EMP_01076,SITE_BLR_02,SHIFT_NIGHT,OPERATIONS,true
TNT_003,EMP_01077,SITE_NCR_01,SHIFT_EVENING,TECHNOLOGY,true
TNT_001,EMP_01078,SITE_BLR_02,SHIFT_NIGHT,TECHNOLOGY,true
TNT_003,EMP_01079,SITE_NCR_01,SHIFT_MORNING,TECHNOLOGY,true
TNT_001,EMP_01080,SITE_BLR_02,SHIFT_DAY,SUPPORT,true
TNT_001,EMP_01081,SITE_BLR_01,SHIFT_NIGHT,TECHNOLOGY,true
TNT_001,EMP_01082,SITE_BLR_01,SHIFT_DAY,SUPPORT,true
TNT_001,EMP_01083,SITE_BLR_02,SHIFT_EVENING,TECHNOLOGY,false
TNT_002,EMP_01084,SITE_HYD_02,SHIFT_EVENING,OPERATIONS,true
TNT_001,EMP_01085,SITE_BLR_02,SHIFT_MORNING,TECHNOLOGY,true
TNT_001,EMP_01086,SITE_BLR_01,SHIFT_MORNING,SUPPORT,true
TNT_001,EMP_01087,SITE_BLR_02,SHIFT_EVENING,TECHNOLOGY,true
TNT_001,EMP_01088,SITE_BLR_02,SHIFT_MORNING,OPERATIONS,true
TNT_002,EMP_01089,SITE_HYD_01,SHIFT_MORNING,TECHNOLOGY,true
TNT_001,EMP_01090,SITE_BLR_01,SHIFT_DAY,TECHNOLOGY,true
TNT_001,EMP_01091,SITE_BLR_02,SHIFT_MORNING,OPERATIONS,true
TNT_002,EMP_01092,SITE_HYD_02,SHIFT_DAY,OPERATIONS,true
TNT_003,EMP_01093,SITE_NCR_02,SHIFT_NIGHT,SUPPORT,true
TNT_001,EMP_01094,SITE_BLR_02,SHIFT_EVENING,SUPPORT,true
TNT_001,EMP_01095,SITE_BLR_02,SHIFT_NIGHT,SUPPORT,true
TNT_001,EMP_01096,SITE_BLR_02,SHIFT_EVENING,SUPPORT,true
TNT_001,EMP_01097,SITE_BLR_01,SHIFT_MORNING,TECHNOLOGY,true
TNT_001,EMP_01098,SITE_BLR_01,SHIFT_DAY,OPERATIONS,true
TNT_003,EMP_01099,SITE_NCR_02,SHIFT_MORNING,SUPPORT,true
TNT_001,EMP_01100,SITE_BLR_02,SHIFT_EVENING,SUPPORT,true
TNT_001,EMP_01101,SITE_BLR_01,SHIFT_MORNING,OPERATIONS,true
TNT_001,EMP_01102,SITE_BLR_01,SHIFT_DAY,TECHNOLOGY,true
TNT_001,EMP_01103,SITE_BLR_01,SHIFT_DAY,SUPPORT,true
TNT_001,EMP_01104,SITE_BLR_02,SHIFT_NIGHT,OPERATIONS,true
TNT_001,EMP_01105,SITE_BLR_01,SHIFT_MORNING,SUPPORT,true
TNT_003,EMP_01106,SITE_NCR_02,SHIFT_MORNING,TECHNOLOGY,true
TNT_001,EMP_01107,SITE_BLR_02,SHIFT_EVENING,OPERATIONS,true
TNT_003,EMP_01108,SITE_NCR_01,SHIFT_NIGHT,OPERATIONS,true
TNT_002,EMP_01109,SITE_HYD_02,SHIFT_NIGHT,TECHNOLOGY,true
TNT_002,EMP_01110,SITE_HYD_02,SHIFT_MORNING,TECHNOLOGY,true
TNT_001,EMP_01111,SITE_BLR_01,SHIFT_DAY,OPERATIONS,true
TNT_001,EMP_01112,SITE_BLR_01,SHIFT_EVENING,OPERATIONS,true
TNT_001,EMP_01113,SITE_BLR_02,SHIFT_EVENING,OPERATIONS,true
TNT_002,EMP_01114,SITE_HYD_01,SHIFT_MORNING,TECHNOLOGY,true
TNT_003,EMP_01115,SITE_NCR_01,SHIFT_EVENING,SUPPORT,true
TNT_002,EMP_01116,SITE_HYD_02,SHIFT_DAY,SUPPORT,true
TNT_001,EMP_01117,SITE_BLR_01,SHIFT_MORNING,SUPPORT,true
TNT_003,EMP_01118,SITE_NCR_02,SHIFT_NIGHT,SUPPORT,true
TNT_001,EMP_01119,SITE_BLR_01,SHIFT_MORNING,OPERATIONS,true
TNT_001,EMP_01120,SITE_BLR_02,SHIFT_DAY,SUPPORT,true
TNT_003,EMP_01121,SITE_NCR_01,SHIFT_DAY,OPERATIONS,true
TNT_002,EMP_01122,SITE_HYD_01,SHIFT_NIGHT,SUPPORT,true
TNT_002,EMP_01123,SITE_HYD_02,SHIFT_DAY,TECHNOLOGY,true
TNT_003,EMP_01124,SITE_NCR_02,SHIFT_NIGHT,OPERATIONS,true
TNT_001,EMP_01125,SITE_BLR_02,SHIFT_MORNING,SUPPORT,true
TNT_002,EMP_01126,SITE_HYD_01,SHIFT_EVENING,OPERATIONS,true
TNT_003,EMP_01127,SITE_NCR_01,SHIFT_MORNING,TECHNOLOGY,true
TNT_001,EMP_01128,SITE_BLR_01,SHIFT_DAY,OPERATIONS,true
TNT_003,EMP_01129,SITE_NCR_01,SHIFT_NIGHT,TECHNOLOGY,true
TNT_001,EMP_01130,SITE_BLR_01,SHIFT_MORNING,TECHNOLOGY,true
TNT_002,EMP_01131,SITE_HYD_01,SHIFT_DAY,OPERATIONS,true
TNT_001,EMP_01132,SITE_BLR_01,SHIFT_EVENING,TECHNOLOGY,true
TNT_002,EMP_01133,SITE_HYD_02,SHIFT_MORNING,TECHNOLOGY,true
TNT_001,EMP_01134,SITE_BLR_01,SHIFT_EVENING,OPERATIONS,true
TNT_001,EMP_01135,SITE_BLR_01,SHIFT_MORNING,SUPPORT,true
TNT_001,EMP_01136,SITE_BLR_01,SHIFT_DAY,OPERATIONS,true
TNT_001,EMP_01137,SITE_BLR_01,SHIFT_DAY,TECHNOLOGY,true
TNT_001,EMP_01138,SITE_BLR_02,SHIFT_EVENING,SUPPORT,true
TNT_001,EMP_01139,SITE_BLR_01,SHIFT_DAY,OPERATIONS,true
TNT_002,EMP_01140,SITE_HYD_02,SHIFT_DAY,TECHNOLOGY,false
TNT_003,EMP_01141,SITE_NCR_01,SHIFT_EVENING,TECHNOLOGY,true
TNT_001,EMP_01142,SITE_BLR_02,SHIFT_DAY,OPERATIONS,true
TNT_001,EMP_01143,SITE_BLR_02,SHIFT_NIGHT,TECHNOLOGY,true
TNT_001,EMP_01144,SITE_BLR_02,SHIFT_EVENING,OPERATIONS,true
TNT_003,EMP_01145,SITE_NCR_01,SHIFT_DAY,OPERATIONS,true
TNT_001,EMP_01146,SITE_BLR_02,SHIFT_NIGHT,TECHNOLOGY,true
TNT_001,EMP_01147,SITE_BLR_01,SHIFT_EVENING,TECHNOLOGY,true
TNT_003,EMP_01148,SITE_NCR_02,SHIFT_MORNING,TECHNOLOGY,true
TNT_001,EMP_01149,SITE_BLR_02,SHIFT_EVENING,TECHNOLOGY,true
TNT_002,EMP_01150,SITE_HYD_02,SHIFT_MORNING,TECHNOLOGY,true
TNT_001,EMP_01151,SITE_BLR_01,SHIFT_DAY,OPERATIONS,true
TNT_001,EMP_01152,SITE_BLR_02,SHIFT_NIGHT,OPERATIONS,true
TNT_001,EMP_01153,SITE_BLR_01,SHIFT_NIGHT,SUPPORT,true
TNT_001,EMP_01154,SITE_BLR_01,SHIFT_DAY,OPERATIONS,false
TNT_001,EMP_01155,SITE_BLR_01,SHIFT_DAY,OPERATIONS,true
TNT_001,EMP_01156,SITE_BLR_01,SHIFT_MORNING,OPERATIONS,true
TNT_001,EMP_01157,SITE_BLR_02,SHIFT_EVENING,SUPPORT,true
TNT_001,EMP_01158,SITE_BLR_01,SHIFT_NIGHT,SUPPORT,true
TNT_001,EMP_01159,SITE_BLR_01,SHIFT_DAY,SUPPORT,true
TNT_003,EMP_01160,SITE_NCR_02,SHIFT_DAY,TECHNOLOGY,true
TNT_001,EMP_01161,SITE_BLR_02,SHIFT_NIGHT,TECHNOLOGY,true
TNT_001,EMP_01162,SITE_BLR_01,SHIFT_NIGHT,TECHNOLOGY,true
TNT_002,EMP_01163,SITE_HYD_01,SHIFT_DAY,SUPPORT,true
TNT_003,EMP_01164,SITE_NCR_01,SHIFT_DAY,TECHNOLOGY,true
TNT_001,EMP_01165,SITE_BLR_01,SHIFT_MORNING,TECHNOLOGY,true
TNT_001,EMP_01166,SITE_BLR_01,SHIFT_MORNING,SUPPORT,true
TNT_001,EMP_01167,SITE_BLR_02,SHIFT_MORNING,OPERATIONS,true
TNT_002,EMP_01168,SITE_HYD_02,SHIFT_NIGHT,OPERATIONS,true
TNT_002,EMP_01169,SITE_HYD_02,SHIFT_DAY,OPERATIONS,true
TNT_001,EMP_01170,SITE_BLR_01,SHIFT_DAY,OPERATIONS,true
TNT_001,EMP_01171,SITE_BLR_02,SHIFT_DAY,TECHNOLOGY,true
TNT_001,EMP_01172,SITE_BLR_01,SHIFT_NIGHT,SUPPORT,true
TNT_003,EMP_01173,SITE_NCR_01,SHIFT_EVENING,OPERATIONS,true
TNT_001,EMP_01174,SITE_BLR_02,SHIFT_DAY,OPERATIONS,true
TNT_003,EMP_01175,SITE_NCR_01,SHIFT_EVENING,OPERATIONS,true
TNT_003,EMP_01176,SITE_NCR_01,SHIFT_EVENING,TECHNOLOGY,true
TNT_002,EMP_01177,SITE_HYD_01,SHIFT_EVENING,OPERATIONS,true
TNT_001,EMP_01178,SITE_BLR_01,SHIFT_MORNING,TECHNOLOGY,true
TNT_003,EMP_01179,SITE_NCR_02,SHIFT_DAY,TECHNOLOGY,true
TNT_001,EMP_01180,SITE_BLR_02,SHIFT_MORNING,TECHNOLOGY,true
TNT_001,EMP_01181,SITE_BLR_01,SHIFT_DAY,OPERATIONS,true
TNT_002,EMP_01182,SITE_HYD_01,SHIFT_NIGHT,TECHNOLOGY,true
TNT_002,EMP_01183,SITE_HYD_01,SHIFT_MORNING,TECHNOLOGY,true
TNT_001,EMP_01184,SITE_BLR_01,SHIFT_DAY,OPERATIONS,true
TNT_001,EMP_01185,SITE_BLR_01,SHIFT_MORNING,TECHNOLOGY,true
TNT_001,EMP_01186,SITE_BLR_01,SHIFT_DAY,OPERATIONS,true
TNT_002,EMP_01187,SITE_HYD_01,SHIFT_EVENING,TECHNOLOGY,true
TNT_002,EMP_01188,SITE_HYD_01,SHIFT_EVENING,OPERATIONS,true
TNT_002,EMP_01189,SITE_HYD_01,SHIFT_DAY,OPERATIONS,true
TNT_002,EMP_01190,SITE_HYD_01,SHIFT_MORNING,OPERATIONS,true
TNT_001,EMP_01191,SITE_BLR_01,SHIFT_DAY,SUPPORT,true
TNT_001,EMP_01192,SITE_BLR_02,SHIFT_NIGHT,TECHNOLOGY,true
TNT_002,EMP_01193,SITE_HYD_01,SHIFT_EVENING,SUPPORT,true
TNT_001,EMP_01194,SITE_BLR_01,SHIFT_DAY,TECHNOLOGY,true
TNT_001,EMP_01195,SITE_BLR_02,SHIFT_NIGHT,TECHNOLOGY,true
TNT_001,EMP_01196,SITE_BLR_01,SHIFT_NIGHT,OPERATIONS,true
TNT_002,EMP_01197,SITE_HYD_02,SHIFT_NIGHT,SUPPORT,true
TNT_001,EMP_01198,SITE_BLR_01,SHIFT_DAY,OPERATIONS,true
TNT_002,EMP_01199,SITE_HYD_01,SHIFT_NIGHT,OPERATIONS,true
TNT_001,EMP_01200,SITE_BLR_02,SHIFT_MORNING,OPERATIONS,true
TNT_001,EMP_01201,SITE_BLR_01,SHIFT_DAY,OPERATIONS,true
TNT_003,EMP_01202,SITE_NCR_01,SHIFT_DAY,SUPPORT,true
TNT_003,EMP_01203,SITE_NCR_01,SHIFT_EVENING,OPERATIONS,true
TNT_001,EMP_01204,SITE_BLR_02,SHIFT_DAY,OPERATIONS,true
TNT_003,EMP_01205,SITE_NCR_02,SHIFT_MORNING,OPERATIONS,true
TNT_001,EMP_01206,SITE_BLR_01,SHIFT_DAY,TECHNOLOGY,true
TNT_001,EMP_01207,SITE_BLR_01,SHIFT_EVENING,OPERATIONS,false
TNT_001,EMP_01208,SITE_BLR_02,SHIFT_MORNING,OPERATIONS,true
TNT_001,EMP_01209,SITE_BLR_01,SHIFT_DAY,TECHNOLOGY,true
TNT_002,EMP_01210,SITE_HYD_02,SHIFT_MORNING,OPERATIONS,true
TNT_001,EMP_01211,SITE_BLR_01,SHIFT_MORNING,SUPPORT,true
TNT_001,EMP_01212,SITE_BLR_02,SHIFT_NIGHT,OPERATIONS,true
TNT_002,EMP_01213,SITE_HYD_01,SHIFT_DAY,OPERATIONS,true
TNT_001,EMP_01214,SITE_BLR_02,SHIFT_DAY,TECHNOLOGY,true
TNT_001,EMP_01215,SITE_BLR_01,SHIFT_DAY,OPERATIONS,true
TNT_001,EMP_01216,SITE_BLR_02,SHIFT_DAY,SUPPORT,true
TNT_002,EMP_01217,SITE_HYD_02,SHIFT_EVENING,OPERATIONS,true
TNT_001,EMP_01218,SITE_BLR_01,SHIFT_DAY,OPERATIONS,true
TNT_001,EMP_01219,SITE_BLR_01,SHIFT_DAY,SUPPORT,true
TNT_001,EMP_01220,SITE_BLR_01,SHIFT_NIGHT,OPERATIONS,true
TNT_002,EMP_01221,SITE_HYD_01,SHIFT_DAY,OPERATIONS,true
TNT_002,EMP_01222,SITE_HYD_01,SHIFT_DAY,OPERATIONS,true
TNT_002,EMP_01223,SITE_HYD_02,SHIFT_DAY,SUPPORT,true
TNT_002,EMP_01224,SITE_HYD_02,SHIFT_DAY,OPERATIONS,true
TNT_001,EMP_01225,SITE_BLR_01,SHIFT_MORNING,OPERATIONS,true
TNT_001,EMP_01226,SITE_BLR_02,SHIFT_MORNING,OPERATIONS,true
TNT_001,EMP_01227,SITE_BLR_01,SHIFT_EVENING,OPERATIONS,true
TNT_001,EMP_01228,SITE_BLR_02,SHIFT_DAY,OPERATIONS,true
TNT_002,EMP_01229,SITE_HYD_02,SHIFT_NIGHT,OPERATIONS,true
TNT_001,EMP_01230,SITE_BLR_01,SHIFT_EVENING,TECHNOLOGY,true
TNT_001,EMP_01231,SITE_BLR_02,SHIFT_MORNING,SUPPORT,true
TNT_003,EMP_01232,SITE_NCR_01,SHIFT_DAY,TECHNOLOGY,true
TNT_002,EMP_01233,SITE_HYD_01,SHIFT_EVENING,OPERATIONS,true
TNT_001,EMP_01234,SITE_BLR_01,SHIFT_DAY,TECHNOLOGY,true
TNT_001,EMP_01235,SITE_BLR_02,SHIFT_EVENING,SUPPORT,true
TNT_002,EMP_01236,SITE_HYD_01,SHIFT_DAY,OPERATIONS,true
TNT_003,EMP_01237,SITE_NCR_02,SHIFT_MORNING,SUPPORT,true
TNT_001,EMP_01238,SITE_BLR_01,SHIFT_EVENING,SUPPORT,true
TNT_002,EMP_01239,SITE_HYD_02,SHIFT_EVENING,OPERATIONS,true
TNT_003,EMP_01240,SITE_NCR_01,SHIFT_EVENING,OPERATIONS,true
TNT_001,EMP_01241,SITE_BLR_01,SHIFT_NIGHT,SUPPORT,true
TNT_003,EMP_01242,SITE_NCR_02,SHIFT_EVENING,OPERATIONS,true
TNT_002,EMP_01243,SITE_HYD_02,SHIFT_DAY,SUPPORT,true
TNT_003,EMP_01244,SITE_NCR_02,SHIFT_MORNING,OPERATIONS,true
TNT_001,EMP_01245,SITE_BLR_02,SHIFT_MORNING,OPERATIONS,true
TNT_002,EMP_01246,SITE_HYD_02,SHIFT_MORNING,OPERATIONS,true
TNT_001,EMP_01247,SITE_BLR_02,SHIFT_EVENING,TECHNOLOGY,true
TNT_002,EMP_01248,SITE_HYD_02,SHIFT_DAY,SUPPORT,true
TNT_001,EMP_01249,SITE_BLR_02,SHIFT_DAY,OPERATIONS,true
TNT_003,EMP_01250,SITE_NCR_02,SHIFT_EVENING,TECHNOLOGY,true
TNT_001,EMP_01251,SITE_BLR_01,SHIFT_NIGHT,OPERATIONS,true
TNT_001,EMP_01252,SITE_BLR_01,SHIFT_MORNING,OPERATIONS,true
TNT_001,EMP_01253,SITE_BLR_01,SHIFT_EVENING,OPERATIONS,true
TNT_002,EMP_01254,SITE_HYD_02,SHIFT_DAY,TECHNOLOGY,true
TNT_003,EMP_01255,SITE_NCR_01,SHIFT_NIGHT,OPERATIONS,true
TNT_001,EMP_01256,SITE_BLR_02,SHIFT_DAY,OPERATIONS,true
TNT_001,EMP_01257,SITE_BLR_02,SHIFT_DAY,OPERATIONS,true
TNT_001,EMP_01258,SITE_BLR_01,SHIFT_DAY,SUPPORT,true
TNT_003,EMP_01259,SITE_NCR_01,SHIFT_NIGHT,OPERATIONS,true
TNT_002,EMP_01260,SITE_HYD_02,SHIFT_EVENING,TECHNOLOGY,true
TNT_001,EMP_01261,SITE_BLR_01,SHIFT_MORNING,OPERATIONS,true
TNT_003,EMP_01262,SITE_NCR_01,SHIFT_DAY,SUPPORT,true
TNT_001,EMP_01263,SITE_BLR_02,SHIFT_MORNING,SUPPORT,true
TNT_002,EMP_01264,SITE_HYD_01,SHIFT_DAY,SUPPORT,true
TNT_002,EMP_01265,SITE_HYD_02,SHIFT_NIGHT,TECHNOLOGY,true
TNT_001,EMP_01266,SITE_BLR_02,SHIFT_NIGHT,TECHNOLOGY,true
TNT_003,EMP_01267,SITE_NCR_01,SHIFT_DAY,OPERATIONS,true
TNT_003,EMP_01268,SITE_NCR_02,SHIFT_EVENING,OPERATIONS,true
TNT_001,EMP_01269,SITE_BLR_01,SHIFT_DAY,SUPPORT,true
TNT_001,EMP_01270,SITE_BLR_01,SHIFT_MORNING,TECHNOLOGY,true
TNT_001,EMP_01271,SITE_BLR_01,SHIFT_DAY,TECHNOLOGY,true
TNT_001,EMP_01272,SITE_BLR_02,SHIFT_DAY,OPERATIONS,true
TNT_002,EMP_01273,SITE_HYD_01,SHIFT_MORNING,OPERATIONS,true
TNT_001,EMP_01274,SITE_BLR_01,SHIFT_DAY,SUPPORT,true
TNT_003,EMP_01275,SITE_NCR_01,SHIFT_NIGHT,OPERATIONS,true
TNT_001,EMP_01276,SITE_BLR_02,SHIFT_DAY,TECHNOLOGY,true
TNT_002,EMP_01277,SITE_HYD_02,SHIFT_DAY,OPERATIONS,true
TNT_001,EMP_01278,SITE_BLR_01,SHIFT_EVENING,OPERATIONS,true
TNT_001,EMP_01279,SITE_BLR_01,SHIFT_NIGHT,SUPPORT,true
TNT_001,EMP_01280,SITE_BLR_02,SHIFT_DAY,SUPPORT,true
TNT_002,EMP_01281,SITE_HYD_02,SHIFT_EVENING,OPERATIONS,true
TNT_001,EMP_01282,SITE_BLR_02,SHIFT_DAY,SUPPORT,true
TNT_001,EMP_01283,SITE_BLR_01,SHIFT_DAY,OPERATIONS,false
TNT_001,EMP_01284,SITE_BLR_02,SHIFT_DAY,OPERATIONS,true
TNT_002,EMP_01285,SITE_HYD_01,SHIFT_NIGHT,TECHNOLOGY,true
TNT_001,EMP_01286,SITE_BLR_01,SHIFT_DAY,OPERATIONS,true
TNT_002,EMP_01287,SITE_HYD_02,SHIFT_EVENING,OPERATIONS,true
TNT_001,EMP_01288,SITE_BLR_02,SHIFT_NIGHT,TECHNOLOGY,true
TNT_002,EMP_01289,SITE_HYD_02,SHIFT_MORNING,TECHNOLOGY,true
TNT_001,EMP_01290,SITE_BLR_01,SHIFT_EVENING,TECHNOLOGY,true
TNT_001,EMP_01291,SITE_BLR_01,SHIFT_DAY,OPERATIONS,true
TNT_001,EMP_01292,SITE_BLR_02,SHIFT_NIGHT,SUPPORT,true
TNT_002,EMP_01293,SITE_HYD_02,SHIFT_EVENING,TECHNOLOGY,true
TNT_002,EMP_01294,SITE_HYD_01,SHIFT_EVENING,SUPPORT,true
TNT_002,EMP_01295,SITE_HYD_02,SHIFT_MORNING,OPERATIONS,true
TNT_003,EMP_01296,SITE_NCR_01,SHIFT_MORNING,OPERATIONS,true
TNT_001,EMP_01297,SITE_BLR_01,SHIFT_MORNING,OPERATIONS,true
TNT_002,EMP_01298,SITE_HYD_01,SHIFT_DAY,SUPPORT,true
TNT_001,EMP_01299,SITE_BLR_02,SHIFT_MORNING,TECHNOLOGY,true
TNT_001,EMP_01300,SITE_BLR_02,SHIFT_DAY,TECHNOLOGY,true
TNT_003,EMP_01301,SITE_NCR_02,SHIFT_EVENING,OPERATIONS,true
TNT_001,EMP_01302,SITE_BLR_02,SHIFT_DAY,TECHNOLOGY,true
TNT_002,EMP_01303,SITE_HYD_01,SHIFT_NIGHT,OPERATIONS,true
TNT_002,EMP_01304,SITE_HYD_01,SHIFT_MORNING,TECHNOLOGY,true
TNT_002,EMP_01305,SITE_HYD_01,SHIFT_DAY,OPERATIONS,true
TNT_001,EMP_01306,SITE_BLR_02,SHIFT_EVENING,SUPPORT,true
TNT_001,EMP_01307,SITE_BLR_02,SHIFT_MORNING,OPERATIONS,true
TNT_001,EMP_01308,SITE_BLR_01,SHIFT_DAY,OPERATIONS,true
TNT_001,EMP_01309,SITE_BLR_02,SHIFT_EVENING,SUPPORT,true
TNT_002,EMP_01310,SITE_HYD_02,SHIFT_DAY,SUPPORT,true
TNT_002,EMP_01311,SITE_HYD_01,SHIFT_DAY,OPERATIONS,true
TNT_002,EMP_01312,SITE_HYD_01,SHIFT_DAY,TECHNOLOGY,true
TNT_001,EMP_01313,SITE_BLR_02,SHIFT_EVENING,TECHNOLOGY,true
TNT_001,EMP_01314,SITE_BLR_01,SHIFT_NIGHT,OPERATIONS,true
TNT_001,EMP_01315,SITE_BLR_02,SHIFT_EVENING,SUPPORT,true
TNT_001,EMP_01316,SITE_BLR_02,SHIFT_DAY,OPERATIONS,true
TNT_001,EMP_01317,SITE_BLR_01,SHIFT_MORNING,SUPPORT,true
TNT_002,EMP_01318,SITE_HYD_01,SHIFT_EVENING,SUPPORT,true
TNT_001,EMP_01319,SITE_BLR_02,SHIFT_EVENING,TECHNOLOGY,true
TNT_002,EMP_01320,SITE_HYD_02,SHIFT_EVENING,OPERATIONS,true
TNT_001,EMP_01321,SITE_BLR_01,SHIFT_DAY,OPERATIONS,true
TNT_003,EMP_01322,SITE_NCR_01,SHIFT_NIGHT,OPERATIONS,true
TNT_001,EMP_01323,SITE_BLR_01,SHIFT_MORNING,OPERATIONS,true
TNT_001,EMP_01324,SITE_BLR_01,SHIFT_DAY,SUPPORT,true
TNT_001,EMP_01325,SITE_BLR_02,SHIFT_EVENING,OPERATIONS,true
TNT_001,EMP_01326,SITE_BLR_02,SHIFT_NIGHT,TECHNOLOGY,true
TNT_003,EMP_01327,SITE_NCR_02,SHIFT_MORNING,OPERATIONS,true
TNT_002,EMP_01328,SITE_HYD_01,SHIFT_DAY,SUPPORT,true
TNT_001,EMP_01329,SITE_BLR_02,SHIFT_DAY,SUPPORT,true
TNT_002,EMP_01330,SITE_HYD_01,SHIFT_EVENING,OPERATIONS,true
TNT_001,EMP_01331,SITE_BLR_02,SHIFT_MORNING,OPERATIONS,true
TNT_002,EMP_01332,SITE_HYD_01,SHIFT_MORNING,OPERATIONS,true
TNT_002,EMP_01333,SITE_HYD_02,SHIFT_DAY,TECHNOLOGY,true
TNT_003,EMP_01334,SITE_NCR_01,SHIFT_EVENING,SUPPORT,true
TNT_001,EMP_01335,SITE_BLR_02,SHIFT_DAY,OPERATIONS,true
TNT_003,EMP_01336,SITE_NCR_02,SHIFT_NIGHT,OPERATIONS,true
TNT_003,EMP_01337,SITE_NCR_01,SHIFT_NIGHT,OPERATIONS,true
TNT_001,EMP_01338,SITE_BLR_02,SHIFT_MORNING,OPERATIONS,true
TNT_002,EMP_01339,SITE_HYD_01,SHIFT_NIGHT,OPERATIONS,true
TNT_001,EMP_01340,SITE_BLR_02,SHIFT_MORNING,OPERATIONS,true
TNT_001,EMP_01341,SITE_BLR_01,SHIFT_NIGHT,OPERATIONS,true
TNT_002,EMP_01342,SITE_HYD_02,SHIFT_NIGHT,OPERATIONS,true
TNT_002,EMP_01343,SITE_HYD_01,SHIFT_DAY,TECHNOLOGY,true
TNT_002,EMP_01344,SITE_HYD_01,SHIFT_MORNING,TECHNOLOGY,true
TNT_003,EMP_01345,SITE_NCR_01,SHIFT_MORNING,TECHNOLOGY,true
TNT_001,EMP_01346,SITE_BLR_01,SHIFT_NIGHT,SUPPORT,true
TNT_003,EMP_01347,SITE_NCR_01,SHIFT_EVENING,SUPPORT,true
TNT_001,EMP_01348,SITE_BLR_02,SHIFT_MORNING,OPERATIONS,true
TNT_003,EMP_01349,SITE_NCR_02,SHIFT_DAY,TECHNOLOGY,true
TNT_001,EMP_01350,SITE_BLR_02,SHIFT_MORNING,SUPPORT,true
TNT_001,EMP_01351,SITE_BLR_02,SHIFT_DAY,OPERATIONS,true
TNT_001,EMP_01352,SITE_BLR_01,SHIFT_DAY,TECHNOLOGY,true
TNT_001,EMP_01353,SITE_BLR_01,SHIFT_EVENING,SUPPORT,true
TNT_001,EMP_01354,SITE_BLR_01,SHIFT_MORNING,OPERATIONS,true
TNT_001,EMP_01355,SITE_BLR_02,SHIFT_MORNING,SUPPORT,true
TNT_001,EMP_01356,SITE_BLR_02,SHIFT_NIGHT,SUPPORT,true
TNT_001,EMP_01357,SITE_BLR_01,SHIFT_DAY,OPERATIONS,true
TNT_001,EMP_01358,SITE_BLR_02,SHIFT_EVENING,TECHNOLOGY,true
TNT_001,EMP_01359,SITE_BLR_01,SHIFT_MORNING,TECHNOLOGY,true
TNT_002,EMP_01360,SITE_HYD_01,SHIFT_DAY,OPERATIONS,true
TNT_001,EMP_01361,SITE_BLR_01,SHIFT_DAY,OPERATIONS,true
TNT_002,EMP_01362,SITE_HYD_01,SHIFT_MORNING,OPERATIONS,true
TNT_003,EMP_01363,SITE_NCR_01,SHIFT_MORNING,OPERATIONS,true
TNT_002,EMP_01364,SITE_HYD_02,SHIFT_DAY,OPERATIONS,true
TNT_001,EMP_01365,SITE_BLR_02,SHIFT_NIGHT,SUPPORT,true
TNT_001,EMP_01366,SITE_BLR_01,SHIFT_MORNING,SUPPORT,true
TNT_001,EMP_01367,SITE_BLR_02,SHIFT_DAY,OPERATIONS,true
TNT_001,EMP_01368,SITE_BLR_01,SHIFT_DAY,TECHNOLOGY,true
TNT_001,EMP_01369,SITE_BLR_01,SHIFT_DAY,SUPPORT,true
TNT_001,EMP_01370,SITE_BLR_01,SHIFT_DAY,SUPPORT,true
TNT_002,EMP_01371,SITE_HYD_01,SHIFT_DAY,OPERATIONS,true
TNT_001,EMP_01372,SITE_BLR_01,SHIFT_DAY,OPERATIONS,true
TNT_001,EMP_01373,SITE_BLR_02,SHIFT_EVENING,SUPPORT,true
TNT_003,EMP_01374,SITE_NCR_02,SHIFT_DAY,OPERATIONS,true
TNT_002,EMP_01375,SITE_HYD_02,SHIFT_EVENING,TECHNOLOGY,true
TNT_001,EMP_01376,SITE_BLR_02,SHIFT_DAY,OPERATIONS,true
TNT_001,EMP_01377,SITE_BLR_01,SHIFT_NIGHT,OPERATIONS,true
TNT_002,EMP_01378,SITE_HYD_01,SHIFT_DAY,TECHNOLOGY,true
TNT_003,EMP_01379,SITE_NCR_02,SHIFT_MORNING,TECHNOLOGY,true
TNT_001,EMP_01380,SITE_BLR_02,SHIFT_DAY,TECHNOLOGY,true
TNT_001,EMP_01381,SITE_BLR_02,SHIFT_MORNING,SUPPORT,true
TNT_001,EMP_01382,SITE_BLR_01,SHIFT_EVENING,SUPPORT,true
TNT_003,EMP_01383,SITE_NCR_01,SHIFT_NIGHT,OPERATIONS,true
TNT_002,EMP_01384,SITE_HYD_01,SHIFT_NIGHT,OPERATIONS,true
TNT_001,EMP_01385,SITE_BLR_02,SHIFT_NIGHT,OPERATIONS,true
TNT_002,EMP_01386,SITE_HYD_02,SHIFT_MORNING,OPERATIONS,true
TNT_002,EMP_01387,SITE_HYD_02,SHIFT_DAY,SUPPORT,true
TNT_001,EMP_01388,SITE_BLR_01,SHIFT_MORNING,OPERATIONS,true
TNT_001,EMP_01389,SITE_BLR_02,SHIFT_NIGHT,SUPPORT,false
TNT_001,EMP_01390,SITE_BLR_02,SHIFT_DAY,SUPPORT,true
TNT_001,EMP_01391,SITE_BLR_01,SHIFT_EVENING,SUPPORT,true
TNT_001,EMP_01392,SITE_BLR_02,SHIFT_MORNING,OPERATIONS,true
TNT_002,EMP_01393,SITE_HYD_02,SHIFT_EVENING,TECHNOLOGY,true
TNT_001,EMP_01394,SITE_BLR_01,SHIFT_NIGHT,OPERATIONS,true
TNT_003,EMP_01395,SITE_NCR_01,SHIFT_MORNING,OPERATIONS,true
TNT_001,EMP_01396,SITE_BLR_01,SHIFT_DAY,SUPPORT,true
TNT_001,EMP_01397,SITE_BLR_01,SHIFT_MORNING,SUPPORT,true
TNT_002,EMP_01398,SITE_HYD_02,SHIFT_EVENING,SUPPORT,true
TNT_002,EMP_01399,SITE_HYD_02,SHIFT_MORNING,OPERATIONS,true
TNT_003,EMP_01400,SITE_NCR_02,SHIFT_DAY,SUPPORT,true
TNT_003,EMP_01401,SITE_NCR_01,SHIFT_NIGHT,OPERATIONS,true
TNT_003,EMP_01402,SITE_NCR_01,SHIFT_DAY,OPERATIONS,true
TNT_001,EMP_01403,SITE_BLR_01,SHIFT_EVENING,SUPPORT,true
TNT_001,EMP_01404,SITE_BLR_02,SHIFT_DAY,SUPPORT,true
TNT_001,EMP_01405,SITE_BLR_01,SHIFT_DAY,SUPPORT,true
TNT_001,EMP_01406,SITE_BLR_02,SHIFT_DAY,OPERATIONS,true
TNT_003,EMP_01407,SITE_NCR_01,SHIFT_MORNING,OPERATIONS,true
TNT_002,EMP_01408,SITE_HYD_02,SHIFT_EVENING,SUPPORT,true
TNT_002,EMP_01409,SITE_HYD_02,SHIFT_NIGHT,TECHNOLOGY,true
TNT_001,EMP_01410,SITE_BLR_01,SHIFT_NIGHT,OPERATIONS,true
TNT_001,EMP_01411,SITE_BLR_01,SHIFT_DAY,SUPPORT,true
TNT_002,EMP_01412,SITE_HYD_02,SHIFT_MORNING,TECHNOLOGY,true
TNT_002,EMP_01413,SITE_HYD_01,SHIFT_NIGHT,SUPPORT,true
TNT_001,EMP_01414,SITE_BLR_01,SHIFT_MORNING,OPERATIONS,true
TNT_001,EMP_01415,SITE_BLR_02,SHIFT_DAY,OPERATIONS,true
TNT_001,EMP_01416,SITE_BLR_01,SHIFT_NIGHT,OPERATIONS,true
TNT_002,EMP_01417,SITE_HYD_01,SHIFT_DAY,TECHNOLOGY,true
TNT_001,EMP_01418,SITE_BLR_02,SHIFT_DAY,SUPPORT,true
TNT_001,EMP_01419,SITE_BLR_01,SHIFT_MORNING,TECHNOLOGY,true
TNT_001,EMP_01420,SITE_BLR_01,SHIFT_DAY,TECHNOLOGY,true
TNT_001,EMP_01421,SITE_BLR_02,SHIFT_MORNING,OPERATIONS,true
TNT_001,EMP_01422,SITE_BLR_01,SHIFT_NIGHT,TECHNOLOGY,true
TNT_001,EMP_01423,SITE_BLR_01,SHIFT_EVENING,SUPPORT,true
TNT_001,EMP_01424,SITE_BLR_02,SHIFT_MORNING,TECHNOLOGY,true
TNT_001,EMP_01425,SITE_BLR_01,SHIFT_EVENING,OPERATIONS,true
TNT_001,EMP_01426,SITE_BLR_02,SHIFT_DAY,OPERATIONS,true
TNT_002,EMP_01427,SITE_HYD_02,SHIFT_DAY,OPERATIONS,true
TNT_001,EMP_01428,SITE_BLR_02,SHIFT_MORNING,OPERATIONS,true
TNT_001,EMP_01429,SITE_BLR_01,SHIFT_DAY,OPERATIONS,true
TNT_002,EMP_01430,SITE_HYD_01,SHIFT_EVENING,SUPPORT,true
TNT_001,EMP_01431,SITE_BLR_01,SHIFT_DAY,OPERATIONS,true
TNT_001,EMP_01432,SITE_BLR_02,SHIFT_NIGHT,SUPPORT,true
TNT_001,EMP_01433,SITE_BLR_01,SHIFT_DAY,SUPPORT,true
TNT_001,EMP_01434,SITE_BLR_01,SHIFT_NIGHT,TECHNOLOGY,true
TNT_001,EMP_01435,SITE_BLR_01,SHIFT_NIGHT,SUPPORT,true
TNT_003,EMP_01436,SITE_NCR_02,SHIFT_DAY,SUPPORT,true
TNT_001,EMP_01437,SITE_BLR_01,SHIFT_DAY,OPERATIONS,true
TNT_001,EMP_01438,SITE_BLR_02,SHIFT_DAY,TECHNOLOGY,true
TNT_001,EMP_01439,SITE_BLR_02,SHIFT_DAY,SUPPORT,true
TNT_001,EMP_01440,SITE_BLR_01,SHIFT_MORNING,TECHNOLOGY,true
TNT_001,EMP_01441,SITE_BLR_01,SHIFT_EVENING,OPERATIONS,true
TNT_001,EMP_01442,SITE_BLR_01,SHIFT_NIGHT,TECHNOLOGY,true
TNT_001,EMP_01443,SITE_BLR_02,SHIFT_DAY,TECHNOLOGY,true
TNT_001,EMP_01444,SITE_BLR_02,SHIFT_DAY,OPERATIONS,true
TNT_003,EMP_01445,SITE_NCR_02,SHIFT_DAY,OPERATIONS,true
TNT_001,EMP_01446,SITE_BLR_02,SHIFT_DAY,TECHNOLOGY,true
TNT_001,EMP_01447,SITE_BLR_01,SHIFT_NIGHT,OPERATIONS,true
TNT_002,EMP_01448,SITE_HYD_02,SHIFT_DAY,TECHNOLOGY,true
TNT_001,EMP_01449,SITE_BLR_01,SHIFT_DAY,SUPPORT,true
TNT_001,EMP_01450,SITE_BLR_02,SHIFT_MORNING,SUPPORT,true
TNT_001,EMP_01451,SITE_BLR_02,SHIFT_DAY,TECHNOLOGY,true
TNT_001,EMP_01452,SITE_BLR_02,SHIFT_DAY,SUPPORT,true
TNT_002,EMP_01453,SITE_HYD_02,SHIFT_DAY,OPERATIONS,true
TNT_001,EMP_01454,SITE_BLR_02,SHIFT_NIGHT,OPERATIONS,true
TNT_001,EMP_01455,SITE_BLR_02,SHIFT_MORNING,SUPPORT,true
TNT_002,EMP_01456,SITE_HYD_02,SHIFT_MORNING,SUPPORT,true
TNT_002,EMP_01457,SITE_HYD_02,SHIFT_NIGHT,TECHNOLOGY,true
TNT_001,EMP_01458,SITE_BLR_01,SHIFT_DAY,OPERATIONS,true
TNT_002,EMP_01459,SITE_HYD_02,SHIFT_DAY,TECHNOLOGY,true
TNT_001,EMP_01460,SITE_BLR_02,SHIFT_MORNING,SUPPORT,true
TNT_002,EMP_01461,SITE_HYD_01,SHIFT_MORNING,TECHNOLOGY,true
TNT_001,EMP_01462,SITE_BLR_01,SHIFT_NIGHT,OPERATIONS,true
TNT_001,EMP_01463,SITE_BLR_02,SHIFT_NIGHT,OPERATIONS,true
TNT_001,EMP_01464,SITE_BLR_02,SHIFT_EVENING,SUPPORT,true
TNT_003,EMP_01465,SITE_NCR_02,SHIFT_EVENING,TECHNOLOGY,true
TNT_002,EMP_01466,SITE_HYD_02,SHIFT_DAY,TECHNOLOGY,false
TNT_001,EMP_01467,SITE_BLR_01,SHIFT_DAY,SUPPORT,true
TNT_002,EMP_01468,SITE_HYD_01,SHIFT_EVENING,SUPPORT,true
TNT_003,EMP_01469,SITE_NCR_01,SHIFT_NIGHT,SUPPORT,true
TNT_003,EMP_01470,SITE_NCR_01,SHIFT_MORNING,TECHNOLOGY,true
TNT_001,EMP_01471,SITE_BLR_02,SHIFT_DAY,OPERATIONS,true
TNT_002,EMP_01472,SITE_HYD_02,SHIFT_NIGHT,OPERATIONS,true
TNT_001,EMP_01473,SITE_BLR_02,SHIFT_EVENING,OPERATIONS,true
TNT_002,EMP_01474,SITE_HYD_01,SHIFT_DAY,OPERATIONS,true
TNT_002,EMP_01475,SITE_HYD_02,SHIFT_MORNING,OPERATIONS,true
TNT_001,EMP_01476,SITE_BLR_02,SHIFT_DAY,OPERATIONS,true
TNT_001,EMP_01477,SITE_BLR_01,SHIFT_EVENING,TECHNOLOGY,true
TNT_002,EMP_01478,SITE_HYD_02,SHIFT_MORNING,OPERATIONS,true
TNT_001,EMP_01479,SITE_BLR_02,SHIFT_EVENING,OPERATIONS,true
TNT_001,EMP_01480,SITE_BLR_01,SHIFT_DAY,OPERATIONS,true
TNT_003,EMP_01481,SITE_NCR_01,SHIFT_EVENING,TECHNOLOGY,true
TNT_001,EMP_01482,SITE_BLR_01,SHIFT_DAY,OPERATIONS,true
TNT_002,EMP_01483,SITE_HYD_01,SHIFT_MORNING,OPERATIONS,true
TNT_001,EMP_01484,SITE_BLR_01,SHIFT_DAY,SUPPORT,true
TNT_001,EMP_01485,SITE_BLR_02,SHIFT_MORNING,OPERATIONS,true
TNT_001,EMP_01486,SITE_BLR_01,SHIFT_NIGHT,OPERATIONS,true
TNT_001,EMP_01487,SITE_BLR_01,SHIFT_MORNING,SUPPORT,true
TNT_001,EMP_01488,SITE_BLR_01,SHIFT_MORNING,OPERATIONS,true
TNT_003,EMP_01489,SITE_NCR_02,SHIFT_EVENING,OPERATIONS,true
TNT_002,EMP_01490,SITE_HYD_01,SHIFT_NIGHT,SUPPORT,true
TNT_001,EMP_01491,SITE_BLR_01,SHIFT_NIGHT,OPERATIONS,true
TNT_001,EMP_01492,SITE_BLR_01,SHIFT_DAY,SUPPORT,true
TNT_001,EMP_01493,SITE_BLR_02,SHIFT_NIGHT,TECHNOLOGY,true
TNT_002,EMP_01494,SITE_HYD_02,SHIFT_NIGHT,OPERATIONS,false
TNT_001,EMP_01495,SITE_BLR_01,SHIFT_DAY,TECHNOLOGY,true
TNT_001,EMP_01496,SITE_BLR_01,SHIFT_EVENING,SUPPORT,true
TNT_002,EMP_01497,SITE_HYD_01,SHIFT_DAY,OPERATIONS,true
TNT_002,EMP_01498,SITE_HYD_02,SHIFT_DAY,OPERATIONS,true
TNT_002,EMP_01499,SITE_HYD_01,SHIFT_DAY,TECHNOLOGY,true
TNT_003,EMP_01500,SITE_NCR_02,SHIFT_MORNING,TECHNOLOGY,true
TNT_001,EMP_01501,SITE_BLR_01,SHIFT_MORNING,TECHNOLOGY,true
TNT_001,EMP_01502,SITE_BLR_02,SHIFT_MORNING,OPERATIONS,true
TNT_001,EMP_01503,SITE_BLR_01,SHIFT_NIGHT,OPERATIONS,true
TNT_001,EMP_01504,SITE_BLR_02,SHIFT_MORNING,SUPPORT,true
TNT_001,EMP_01505,SITE_BLR_01,SHIFT_EVENING,SUPPORT,true
TNT_001,EMP_01506,SITE_BLR_02,SHIFT_DAY,SUPPORT,true
TNT_001,EMP_01507,SITE_BLR_02,SHIFT_DAY,OPERATIONS,true
TNT_002,EMP_01508,SITE_HYD_01,SHIFT_NIGHT,TECHNOLOGY,true
TNT_001,EMP_01509,SITE_BLR_01,SHIFT_DAY,SUPPORT,true
TNT_001,EMP_01510,SITE_BLR_02,SHIFT_MORNING,TECHNOLOGY,true
TNT_001,EMP_01511,SITE_BLR_01,SHIFT_NIGHT,OPERATIONS,true
TNT_001,EMP_01512,SITE_BLR_02,SHIFT_EVENING,SUPPORT,true
TNT_003,EMP_01513,SITE_NCR_01,SHIFT_DAY,OPERATIONS,true
TNT_001,EMP_01514,SITE_BLR_01,SHIFT_EVENING,TECHNOLOGY,true
TNT_001,EMP_01515,SITE_BLR_02,SHIFT_MORNING,SUPPORT,true
TNT_001,EMP_01516,SITE_BLR_01,SHIFT_MORNING,OPERATIONS,true
TNT_002,EMP_01517,SITE_HYD_01,SHIFT_DAY,OPERATIONS,true
TNT_001,EMP_01518,SITE_BLR_02,SHIFT_MORNING,SUPPORT,true
TNT_001,EMP_01519,SITE_BLR_02,SHIFT_MORNING,TECHNOLOGY,true
TNT_001,EMP_01520,SITE_BLR_02,SHIFT_DAY,SUPPORT,true
TNT_002,EMP_01521,SITE_HYD_02,SHIFT_DAY,TECHNOLOGY,true
TNT_002,EMP_01522,SITE_HYD_02,SHIFT_DAY,TECHNOLOGY,true
TNT_001,EMP_01523,SITE_BLR_02,SHIFT_DAY,OPERATIONS,true
TNT_001,EMP_01524,SITE_BLR_02,SHIFT_NIGHT,OPERATIONS,true
TNT_003,EMP_01525,SITE_NCR_02,SHIFT_EVENING,TECHNOLOGY,true
TNT_002,EMP_01526,SITE_HYD_02,SHIFT_DAY,OPERATIONS,true
TNT_003,EMP_01527,SITE_NCR_01,SHIFT_EVENING,TECHNOLOGY,true
TNT_001,EMP_01528,SITE_BLR_01,SHIFT_MORNING,SUPPORT,true
TNT_001,EMP_01529,SITE_BLR_01,SHIFT_NIGHT,TECHNOLOGY,true
TNT_001,EMP_01530,SITE_BLR_01,SHIFT_DAY,OPERATIONS,true
TNT_001,EMP_01531,SITE_BLR_02,SHIFT_EVENING,TECHNOLOGY,true
TNT_001,EMP_01532,SITE_BLR_02,SHIFT_DAY,SUPPORT,true
TNT_001,EMP_01533,SITE_BLR_01,SHIFT_MORNING,SUPPORT,true
TNT_001,EMP_01534,SITE_BLR_02,SHIFT_DAY,SUPPORT,true
TNT_003,EMP_01535,SITE_NCR_01,SHIFT_DAY,OPERATIONS,true
TNT_001,EMP_01536,SITE_BLR_02,SHIFT_MORNING,OPERATIONS,true
TNT_001,EMP_01537,SITE_BLR_01,SHIFT_MORNING,SUPPORT,true
TNT_001,EMP_01538,SITE_BLR_02,SHIFT_DAY,OPERATIONS,true
TNT_003,EMP_01539,SITE_NCR_02,SHIFT_NIGHT,TECHNOLOGY,true
TNT_002,EMP_01540,SITE_HYD_01,SHIFT_EVENING,SUPPORT,true
TNT_001,EMP_01541,SITE_BLR_01,SHIFT_DAY,SUPPORT,true
TNT_002,EMP_01542,SITE_HYD_02,SHIFT_NIGHT,OPERATIONS,true
TNT_001,EMP_01543,SITE_BLR_01,SHIFT_MORNING,OPERATIONS,true
TNT_001,EMP_01544,SITE_BLR_02,SHIFT_NIGHT,TECHNOLOGY,true
TNT_001,EMP_01545,SITE_BLR_01,SHIFT_MORNING,SUPPORT,true
TNT_003,EMP_01546,SITE_NCR_02,SHIFT_EVENING,TECHNOLOGY,false
TNT_001,EMP_01547,SITE_BLR_01,SHIFT_EVENING,OPERATIONS,true
TNT_001,EMP_01548,SITE_BLR_01,SHIFT_DAY,OPERATIONS,true
TNT_003,EMP_01549,SITE_NCR_01,SHIFT_MORNING,OPERATIONS,true
TNT_001,EMP_01550,SITE_BLR_01,SHIFT_EVENING,OPERATIONS,true
TNT_002,EMP_01551,SITE_HYD_02,SHIFT_DAY,SUPPORT,true
TNT_001,EMP_01552,SITE_BLR_02,SHIFT_DAY,TECHNOLOGY,true
TNT_001,EMP_01553,SITE_BLR_01,SHIFT_MORNING,OPERATIONS,true
TNT_001,EMP_01554,SITE_BLR_02,SHIFT_DAY,TECHNOLOGY,true
TNT_001,EMP_01555,SITE_BLR_01,SHIFT_EVENING,SUPPORT,true
TNT_001,EMP_01556,SITE_BLR_02,SHIFT_MORNING,TECHNOLOGY,true
TNT_003,EMP_01557,SITE_NCR_01,SHIFT_NIGHT,TECHNOLOGY,true
TNT_001,EMP_01558,SITE_BLR_01,SHIFT_MORNING,TECHNOLOGY,true
TNT_001,EMP_01559,SITE_BLR_02,SHIFT_EVENING,OPERATIONS,true
TNT_001,EMP_01560,SITE_BLR_01,SHIFT_MORNING,TECHNOLOGY,true
TNT_001,EMP_01561,SITE_BLR_01,SHIFT_DAY,OPERATIONS,true
TNT_001,EMP_01562,SITE_BLR_02,SHIFT_NIGHT,TECHNOLOGY,true
TNT_002,EMP_01563,SITE_HYD_01,SHIFT_NIGHT,TECHNOLOGY,true
TNT_003,EMP_01564,SITE_NCR_01,SHIFT_EVENING,OPERATIONS,true
TNT_002,EMP_01565,SITE_HYD_01,SHIFT_EVENING,OPERATIONS,true
TNT_001,EMP_01566,SITE_BLR_02,SHIFT_MORNING,OPERATIONS,true
TNT_001,EMP_01567,SITE_BLR_02,SHIFT_DAY,TECHNOLOGY,true
TNT_003,EMP_01568,SITE_NCR_02,SHIFT_EVENING,OPERATIONS,true
TNT_001,EMP_01569,SITE_BLR_01,SHIFT_MORNING,TECHNOLOGY,true
TNT_001,EMP_01570,SITE_BLR_02,SHIFT_NIGHT,OPERATIONS,true
TNT_001,EMP_01571,SITE_BLR_01,SHIFT_NIGHT,OPERATIONS,true
TNT_001,EMP_01572,SITE_BLR_01,SHIFT_MORNING,TECHNOLOGY,true
TNT_001,EMP_01573,SITE_BLR_01,SHIFT_NIGHT,TECHNOLOGY,true
TNT_001,EMP_01574,SITE_BLR_02,SHIFT_MORNING,TECHNOLOGY,true
TNT_003,EMP_01575,SITE_NCR_01,SHIFT_EVENING,SUPPORT,true
TNT_001,EMP_01576,SITE_BLR_02,SHIFT_DAY,OPERATIONS,true
TNT_001,EMP_01577,SITE_BLR_01,SHIFT_EVENING,OPERATIONS,true
TNT_001,EMP_01578,SITE_BLR_02,SHIFT_MORNING,SUPPORT,true
TNT_001,EMP_01579,SITE_BLR_01,SHIFT_DAY,OPERATIONS,true
TNT_001,EMP_01580,SITE_BLR_01,SHIFT_MORNING,TECHNOLOGY,true
TNT_002,EMP_01581,SITE_HYD_01,SHIFT_DAY,OPERATIONS,true
TNT_001,EMP_01582,SITE_BLR_01,SHIFT_DAY,TECHNOLOGY,true
TNT_001,EMP_01583,SITE_BLR_02,SHIFT_DAY,OPERATIONS,true
TNT_001,EMP_01584,SITE_BLR_01,SHIFT_MORNING,OPERATIONS,true
TNT_002,EMP_01585,SITE_HYD_02,SHIFT_DAY,TECHNOLOGY,true
TNT_002,EMP_01586,SITE_HYD_02,SHIFT_NIGHT,OPERATIONS,true
TNT_002,EMP_01587,SITE_HYD_01,SHIFT_EVENING,OPERATIONS,true
TNT_002,EMP_01588,SITE_HYD_01,SHIFT_MORNING,TECHNOLOGY,true
TNT_001,EMP_01589,SITE_BLR_01,SHIFT_NIGHT,OPERATIONS,true
TNT_001,EMP_01590,SITE_BLR_01,SHIFT_EVENING,TECHNOLOGY,true
TNT_001,EMP_01591,SITE_BLR_01,SHIFT_MORNING,OPERATIONS,true
TNT_001,EMP_01592,SITE_BLR_01,SHIFT_NIGHT,OPERATIONS,true
TNT_001,EMP_01593,SITE_BLR_02,SHIFT_MORNING,TECHNOLOGY,true
TNT_001,EMP_01594,SITE_BLR_01,SHIFT_MORNING,OPERATIONS,true
TNT_001,EMP_01595,SITE_BLR_01,SHIFT_MORNING,SUPPORT,true
TNT_001,EMP_01596,SITE_BLR_02,SHIFT_NIGHT,TECHNOLOGY,true
TNT_001,EMP_01597,SITE_BLR_01,SHIFT_DAY,SUPPORT,true
TNT_001,EMP_01598,SITE_BLR_01,SHIFT_NIGHT,TECHNOLOGY,true
TNT_001,EMP_01599,SITE_BLR_01,SHIFT_DAY,SUPPORT,true
TNT_001,EMP_01600,SITE_BLR_02,SHIFT_MORNING,SUPPORT,true
TNT_002,EMP_01601,SITE_HYD_02,SHIFT_DAY,OPERATIONS,true
TNT_001,EMP_01602,SITE_BLR_01,SHIFT_NIGHT,OPERATIONS,true
TNT_002,EMP_01603,SITE_HYD_01,SHIFT_DAY,OPERATIONS,true
TNT_001,EMP_01604,SITE_BLR_02,SHIFT_DAY,OPERATIONS,true
TNT_001,EMP_01605,SITE_BLR_02,SHIFT_DAY,SUPPORT,true
TNT_001,EMP_01606,SITE_BLR_01,SHIFT_MORNING,SUPPORT,true
TNT_002,EMP_01607,SITE_HYD_01,SHIFT_DAY,SUPPORT,true
TNT_003,EMP_01608,SITE_NCR_01,SHIFT_DAY,OPERATIONS,true
TNT_001,EMP_01609,SITE_BLR_01,SHIFT_MORNING,TECHNOLOGY,true
TNT_001,EMP_01610,SITE_BLR_02,SHIFT_EVENING,TECHNOLOGY,true
TNT_002,EMP_01611,SITE_HYD_02,SHIFT_MORNING,OPERATIONS,true
TNT_002,EMP_01612,SITE_HYD_01,SHIFT_NIGHT,SUPPORT,true
TNT_002,EMP_01613,SITE_HYD_01,SHIFT_EVENING,SUPPORT,true
TNT_001,EMP_01614,SITE_BLR_02,SHIFT_NIGHT,OPERATIONS,true
TNT_001,EMP_01615,SITE_BLR_02,SHIFT_NIGHT,OPERATIONS,true
TNT_001,EMP_01616,SITE_BLR_02,SHIFT_EVENING,SUPPORT,true
TNT_003,EMP_01617,SITE_NCR_01,SHIFT_DAY,OPERATIONS,true
TNT_001,EMP_01618,SITE_BLR_02,SHIFT_DAY,TECHNOLOGY,true
TNT_001,EMP_01619,SITE_BLR_01,SHIFT_DAY,SUPPORT,true
TNT_001,EMP_01620,SITE_BLR_01,SHIFT_MORNING,SUPPORT,true
TNT_001,EMP_01621,SITE_BLR_01,SHIFT_DAY,OPERATIONS,true
TNT_003,EMP_01622,SITE_NCR_02,SHIFT_NIGHT,OPERATIONS,true
TNT_001,EMP_01623,SITE_BLR_02,SHIFT_DAY,OPERATIONS,true
TNT_003,EMP_01624,SITE_NCR_01,SHIFT_NIGHT,OPERATIONS,true
TNT_003,EMP_01625,SITE_NCR_01,SHIFT_DAY,SUPPORT,true
TNT_002,EMP_01626,SITE_HYD_01,SHIFT_MORNING,OPERATIONS,true
TNT_001,EMP_01627,SITE_BLR_02,SHIFT_DAY,OPERATIONS,true
TNT_001,EMP_01628,SITE_BLR_02,SHIFT_MORNING,SUPPORT,true
TNT_002,EMP_01629,SITE_HYD_02,SHIFT_EVENING,SUPPORT,true
TNT_001,EMP_01630,SITE_BLR_01,SHIFT_MORNING,OPERATIONS,true
TNT_001,EMP_01631,SITE_BLR_01,SHIFT_EVENING,TECHNOLOGY,true
TNT_002,EMP_01632,SITE_HYD_02,SHIFT_DAY,TECHNOLOGY,true
TNT_001,EMP_01633,SITE_BLR_02,SHIFT_DAY,SUPPORT,true
TNT_001,EMP_01634,SITE_BLR_02,SHIFT_DAY,SUPPORT,true
TNT_003,EMP_01635,SITE_NCR_01,SHIFT_MORNING,SUPPORT,true
TNT_003,EMP_01636,SITE_NCR_02,SHIFT_DAY,TECHNOLOGY,true
TNT_001,EMP_01637,SITE_BLR_01,SHIFT_MORNING,OPERATIONS,true
TNT_002,EMP_01638,SITE_HYD_02,SHIFT_NIGHT,TECHNOLOGY,true
TNT_003,EMP_01639,SITE_NCR_01,SHIFT_NIGHT,OPERATIONS,true
TNT_001,EMP_01640,SITE_BLR_01,SHIFT_NIGHT,TECHNOLOGY,true
TNT_001,EMP_01641,SITE_BLR_02,SHIFT_NIGHT,SUPPORT,true
TNT_001,EMP_01642,SITE_BLR_02,SHIFT_DAY,TECHNOLOGY,true
TNT_001,EMP_01643,SITE_BLR_02,SHIFT_NIGHT,TECHNOLOGY,true
TNT_002,EMP_01644,SITE_HYD_02,SHIFT_DAY,OPERATIONS,true
TNT_002,EMP_01645,SITE_HYD_02,SHIFT_MORNING,SUPPORT,true
TNT_002,EMP_01646,SITE_HYD_02,SHIFT_MORNING,TECHNOLOGY,true
TNT_002,EMP_01647,SITE_HYD_01,SHIFT_MORNING,TECHNOLOGY,true
TNT_001,EMP_01648,SITE_BLR_01,SHIFT_DAY,TECHNOLOGY,true
TNT_003,EMP_01649,SITE_NCR_01,SHIFT_EVENING,TECHNOLOGY,true
TNT_001,EMP_01650,SITE_BLR_01,SHIFT_NIGHT,SUPPORT,true
TNT_003,EMP_01651,SITE_NCR_01,SHIFT_DAY,SUPPORT,true
TNT_002,EMP_01652,SITE_HYD_01,SHIFT_MORNING,SUPPORT,true
TNT_001,EMP_01653,SITE_BLR_01,SHIFT_EVENING,OPERATIONS,true
TNT_001,EMP_01654,SITE_BLR_02,SHIFT_NIGHT,OPERATIONS,true
TNT_001,EMP_01655,SITE_BLR_02,SHIFT_DAY,OPERATIONS,true
TNT_001,EMP_01656,SITE_BLR_02,SHIFT_MORNING,OPERATIONS,true
TNT_001,EMP_01657,SITE_BLR_01,SHIFT_MORNING,TECHNOLOGY,true
TNT_002,EMP_01658,SITE_HYD_01,SHIFT_MORNING,OPERATIONS,true
TNT_001,EMP_01659,SITE_BLR_01,SHIFT_DAY,SUPPORT,true
TNT_002,EMP_01660,SITE_HYD_02,SHIFT_MORNING,TECHNOLOGY,true
TNT_001,EMP_01661,SITE_BLR_01,SHIFT_MORNING,OPERATIONS,true
TNT_001,EMP_01662,SITE_BLR_01,SHIFT_NIGHT,OPERATIONS,true
TNT_003,EMP_01663,SITE_NCR_01,SHIFT_DAY,OPERATIONS,true
TNT_003,EMP_01664,SITE_NCR_01,SHIFT_MORNING,SUPPORT,true
TNT_001,EMP_01665,SITE_BLR_02,SHIFT_DAY,TECHNOLOGY,true
TNT_001,EMP_01666,SITE_BLR_01,SHIFT_EVENING,OPERATIONS,true
TNT_003,EMP_01667,SITE_NCR_01,SHIFT_EVENING,TECHNOLOGY,true
TNT_003,EMP_01668,SITE_NCR_02,SHIFT_EVENING,OPERATIONS,true
TNT_001,EMP_01669,SITE_BLR_01,SHIFT_EVENING,SUPPORT,true
TNT_002,EMP_01670,SITE_HYD_01,SHIFT_DAY,TECHNOLOGY,true
TNT_001,EMP_01671,SITE_BLR_01,SHIFT_EVENING,TECHNOLOGY,true
TNT_001,EMP_01672,SITE_BLR_01,SHIFT_MORNING,OPERATIONS,true
TNT_001,EMP_01673,SITE_BLR_01,SHIFT_NIGHT,SUPPORT,true
TNT_001,EMP_01674,SITE_BLR_01,SHIFT_MORNING,TECHNOLOGY,true
TNT_001,EMP_01675,SITE_BLR_02,SHIFT_EVENING,TECHNOLOGY,true
TNT_001,EMP_01676,SITE_BLR_01,SHIFT_EVENING,OPERATIONS,true
TNT_003,EMP_01677,SITE_NCR_02,SHIFT_MORNING,TECHNOLOGY,true
TNT_001,EMP_01678,SITE_BLR_02,SHIFT_NIGHT,OPERATIONS,true
TNT_002,EMP_01679,SITE_HYD_02,SHIFT_NIGHT,TECHNOLOGY,true
TNT_001,EMP_01680,SITE_BLR_01,SHIFT_MORNING,OPERATIONS,true
TNT_002,EMP_01681,SITE_HYD_02,SHIFT_MORNING,OPERATIONS,true
TNT_001,EMP_01682,SITE_BLR_01,SHIFT_MORNING,OPERATIONS,true
TNT_001,EMP_01683,SITE_BLR_01,SHIFT_NIGHT,OPERATIONS,true
TNT_002,EMP_01684,SITE_HYD_02,SHIFT_EVENING,TECHNOLOGY,true
TNT_003,EMP_01685,SITE_NCR_01,SHIFT_MORNING,TECHNOLOGY,true
TNT_001,EMP_01686,SITE_BLR_02,SHIFT_NIGHT,SUPPORT,true
TNT_001,EMP_01687,SITE_BLR_01,SHIFT_MORNING,OPERATIONS,true
TNT_002,EMP_01688,SITE_HYD_02,SHIFT_DAY,OPERATIONS,true
TNT_001,EMP_01689,SITE_BLR_02,SHIFT_DAY,OPERATIONS,true
TNT_001,EMP_01690,SITE_BLR_01,SHIFT_EVENING,TECHNOLOGY,true
TNT_002,EMP_01691,SITE_HYD_01,SHIFT_NIGHT,SUPPORT,true
TNT_002,EMP_01692,SITE_HYD_01,SHIFT_EVENING,TECHNOLOGY,true
TNT_001,EMP_01693,SITE_BLR_01,SHIFT_EVENING,TECHNOLOGY,true
TNT_001,EMP_01694,SITE_BLR_02,SHIFT_NIGHT,SUPPORT,true
TNT_002,EMP_01695,SITE_HYD_01,SHIFT_NIGHT,OPERATIONS,true
TNT_001,EMP_01696,SITE_BLR_02,SHIFT_EVENING,SUPPORT,true
TNT_002,EMP_01697,SITE_HYD_02,SHIFT_EVENING,TECHNOLOGY,true
TNT_002,EMP_01698,SITE_HYD_01,SHIFT_MORNING,OPERATIONS,true
TNT_003,EMP_01699,SITE_NCR_02,SHIFT_DAY,OPERATIONS,true
TNT_002,EMP_01700,SITE_HYD_01,SHIFT_DAY,TECHNOLOGY,true
TNT_003,EMP_01701,SITE_NCR_02,SHIFT_MORNING,TECHNOLOGY,true
TNT_002,EMP_01702,SITE_HYD_01,SHIFT_MORNING,TECHNOLOGY,true
TNT_001,EMP_01703,SITE_BLR_01,SHIFT_EVENING,SUPPORT,true
TNT_003,EMP_01704,SITE_NCR_01,SHIFT_MORNING,SUPPORT,true
TNT_002,EMP_01705,SITE_HYD_02,SHIFT_DAY,OPERATIONS,true
TNT_001,EMP_01706,SITE_BLR_01,SHIFT_MORNING,SUPPORT,true
TNT_003,EMP_01707,SITE_NCR_02,SHIFT_EVENING,SUPPORT,true
TNT_002,EMP_01708,SITE_HYD_02,SHIFT_NIGHT,TECHNOLOGY,false
TNT_001,EMP_01709,SITE_BLR_02,SHIFT_NIGHT,TECHNOLOGY,true
TNT_001,EMP_01710,SITE_BLR_02,SHIFT_MORNING,TECHNOLOGY,true
TNT_002,EMP_01711,SITE_HYD_02,SHIFT_NIGHT,TECHNOLOGY,true
TNT_001,EMP_01712,SITE_BLR_01,SHIFT_MORNING,OPERATIONS,true
TNT_001,EMP_01713,SITE_BLR_01,SHIFT_DAY,SUPPORT,true
TNT_001,EMP_01714,SITE_BLR_02,SHIFT_EVENING,SUPPORT,true
TNT_001,EMP_01715,SITE_BLR_01,SHIFT_EVENING,TECHNOLOGY,true
TNT_001,EMP_01716,SITE_BLR_02,SHIFT_EVENING,SUPPORT,true
TNT_003,EMP_01717,SITE_NCR_01,SHIFT_MORNING,SUPPORT,true
TNT_001,EMP_01718,SITE_BLR_01,SHIFT_DAY,OPERATIONS,true
TNT_001,EMP_01719,SITE_BLR_02,SHIFT_DAY,TECHNOLOGY,true
TNT_001,EMP_01720,SITE_BLR_02,SHIFT_DAY,TECHNOLOGY,true
TNT_002,EMP_01721,SITE_HYD_02,SHIFT_MORNING,TECHNOLOGY,true
TNT_001,EMP_01722,SITE_BLR_02,SHIFT_DAY,OPERATIONS,true
TNT_003,EMP_01723,SITE_NCR_01,SHIFT_NIGHT,OPERATIONS,true
TNT_002,EMP_01724,SITE_HYD_01,SHIFT_EVENING,SUPPORT,true
TNT_001,EMP_01725,SITE_BLR_01,SHIFT_NIGHT,OPERATIONS,true
TNT_002,EMP_01726,SITE_HYD_01,SHIFT_DAY,TECHNOLOGY,true
TNT_002,EMP_01727,SITE_HYD_02,SHIFT_DAY,OPERATIONS,true
TNT_001,EMP_01728,SITE_BLR_01,SHIFT_EVENING,SUPPORT,true
TNT_003,EMP_01729,SITE_NCR_01,SHIFT_DAY,TECHNOLOGY,true
TNT_002,EMP_01730,SITE_HYD_02,SHIFT_NIGHT,TECHNOLOGY,true
TNT_001,EMP_01731,SITE_BLR_02,SHIFT_NIGHT,TECHNOLOGY,true
TNT_001,EMP_01732,SITE_BLR_02,SHIFT_DAY,TECHNOLOGY,true
TNT_002,EMP_01733,SITE_HYD_02,SHIFT_MORNING,TECHNOLOGY,true
TNT_002,EMP_01734,SITE_HYD_02,SHIFT_EVENING,OPERATIONS,true
TNT_001,EMP_01735,SITE_BLR_01,SHIFT_MORNING,SUPPORT,true
TNT_001,EMP_01736,SITE_BLR_01,SHIFT_MORNING,OPERATIONS,true
TNT_001,EMP_01737,SITE_BLR_02,SHIFT_NIGHT,OPERATIONS,true
TNT_002,EMP_01738,SITE_HYD_01,SHIFT_EVENING,TECHNOLOGY,true
TNT_001,EMP_01739,SITE_BLR_02,SHIFT_DAY,OPERATIONS,true
TNT_002,EMP_01740,SITE_HYD_01,SHIFT_NIGHT,TECHNOLOGY,true
TNT_001,EMP_01741,SITE_BLR_02,SHIFT_EVENING,OPERATIONS,true
TNT_001,EMP_01742,SITE_BLR_01,SHIFT_NIGHT,TECHNOLOGY,true
TNT_002,EMP_01743,SITE_HYD_01,SHIFT_DAY,OPERATIONS,true
TNT_002,EMP_01744,SITE_HYD_02,SHIFT_NIGHT,OPERATIONS,true
TNT_001,EMP_01745,SITE_BLR_01,SHIFT_NIGHT,TECHNOLOGY,true
TNT_003,EMP_01746,SITE_NCR_02,SHIFT_NIGHT,SUPPORT,true
TNT_001,EMP_01747,SITE_BLR_02,SHIFT_MORNING,OPERATIONS,true
TNT_003,EMP_01748,SITE_NCR_02,SHIFT_NIGHT,TECHNOLOGY,true
TNT_003,EMP_01749,SITE_NCR_02,SHIFT_DAY,TECHNOLOGY,true
TNT_002,EMP_01750,SITE_HYD_02,SHIFT_NIGHT,SUPPORT,true
TNT_001,EMP_01751,SITE_BLR_01,SHIFT_DAY,OPERATIONS,true
TNT_001,EMP_01752,SITE_BLR_02,SHIFT_NIGHT,TECHNOLOGY,true
TNT_001,EMP_01753,SITE_BLR_01,SHIFT_EVENING,OPERATIONS,true
TNT_002,EMP_01754,SITE_HYD_02,SHIFT_DAY,SUPPORT,true
TNT_002,EMP_01755,SITE_HYD_01,SHIFT_MORNING,TECHNOLOGY,true
TNT_001,EMP_01756,SITE_BLR_02,SHIFT_EVENING,TECHNOLOGY,true
TNT_001,EMP_01757,SITE_BLR_02,SHIFT_MORNING,SUPPORT,true
TNT_001,EMP_01758,SITE_BLR_02,SHIFT_NIGHT,OPERATIONS,true
TNT_003,EMP_01759,SITE_NCR_02,SHIFT_EVENING,TECHNOLOGY,true
TNT_003,EMP_01760,SITE_NCR_01,SHIFT_EVENING,OPERATIONS,true
TNT_001,EMP_01761,SITE_BLR_02,SHIFT_DAY,SUPPORT,true
TNT_001,EMP_01762,SITE_BLR_01,SHIFT_DAY,TECHNOLOGY,true
TNT_001,EMP_01763,SITE_BLR_01,SHIFT_DAY,OPERATIONS,true
TNT_002,EMP_01764,SITE_HYD_02,SHIFT_DAY,TECHNOLOGY,true
TNT_001,EMP_01765,SITE_BLR_02,SHIFT_NIGHT,SUPPORT,true
TNT_001,EMP_01766,SITE_BLR_01,SHIFT_MORNING,OPERATIONS,true
TNT_001,EMP_01767,SITE_BLR_02,SHIFT_DAY,SUPPORT,true
TNT_001,EMP_01768,SITE_BLR_01,SHIFT_DAY,TECHNOLOGY,true
TNT_001,EMP_01769,SITE_BLR_01,SHIFT_EVENING,TECHNOLOGY,true
TNT_001,EMP_01770,SITE_BLR_01,SHIFT_DAY,OPERATIONS,true
TNT_002,EMP_01771,SITE_HYD_01,SHIFT_DAY,TECHNOLOGY,true
TNT_002,EMP_01772,SITE_HYD_01,SHIFT_NIGHT,SUPPORT,true
TNT_002,EMP_01773,SITE_HYD_02,SHIFT_MORNING,TECHNOLOGY,true
TNT_002,EMP_01774,SITE_HYD_02,SHIFT_EVENING,SUPPORT,true
TNT_003,EMP_01775,SITE_NCR_01,SHIFT_DAY,OPERATIONS,true
TNT_002,EMP_01776,SITE_HYD_02,SHIFT_NIGHT,TECHNOLOGY,true
TNT_001,EMP_01777,SITE_BLR_01,SHIFT_EVENING,TECHNOLOGY,true
TNT_001,EMP_01778,SITE_BLR_01,SHIFT_EVENING,SUPPORT,true
TNT_002,EMP_01779,SITE_HYD_01,SHIFT_DAY,TECHNOLOGY,true
TNT_002,EMP_01780,SITE_HYD_02,SHIFT_DAY,OPERATIONS,true
TNT_001,EMP_01781,SITE_BLR_02,SHIFT_NIGHT,OPERATIONS,true
TNT_001,EMP_01782,SITE_BLR_02,SHIFT_EVENING,SUPPORT,true
TNT_002,EMP_01783,SITE_HYD_01,SHIFT_MORNING,SUPPORT,true
TNT_003,EMP_01784,SITE_NCR_01,SHIFT_DAY,SUPPORT,true
TNT_002,EMP_01785,SITE_HYD_01,SHIFT_DAY,OPERATIONS,true
TNT_001,EMP_01786,SITE_BLR_01,SHIFT_EVENING,TECHNOLOGY,true
TNT_001,EMP_01787,SITE_BLR_01,SHIFT_EVENING,SUPPORT,true
TNT_001,EMP_01788,SITE_BLR_02,SHIFT_NIGHT,OPERATIONS,true
TNT_002,EMP_01789,SITE_HYD_02,SHIFT_DAY,SUPPORT,true
TNT_001,EMP_01790,SITE_BLR_01,SHIFT_NIGHT,TECHNOLOGY,true
TNT_003,EMP_01791,SITE_NCR_02,SHIFT_DAY,OPERATIONS,true
TNT_001,EMP_01792,SITE_BLR_02,SHIFT_DAY,OPERATIONS,true
TNT_003,EMP_01793,SITE_NCR_01,SHIFT_DAY,SUPPORT,true
TNT_003,EMP_01794,SITE_NCR_01,SHIFT_DAY,TECHNOLOGY,true
TNT_001,EMP_01795,SITE_BLR_01,SHIFT_DAY,TECHNOLOGY,true
TNT_003,EMP_01796,SITE_NCR_02,SHIFT_DAY,TECHNOLOGY,true
TNT_001,EMP_01797,SITE_BLR_01,SHIFT_DAY,OPERATIONS,true
TNT_001,EMP_01798,SITE_BLR_01,SHIFT_DAY,OPERATIONS,true
TNT_001,EMP_01799,SITE_BLR_02,SHIFT_DAY,OPERATIONS,true
TNT_002,EMP_01800,SITE_HYD_01,SHIFT_DAY,SUPPORT,true
TNT_001,EMP_01801,SITE_BLR_02,SHIFT_NIGHT,TECHNOLOGY,true
TNT_002,EMP_01802,SITE_HYD_01,SHIFT_DAY,SUPPORT,true
TNT_001,EMP_01803,SITE_BLR_02,SHIFT_DAY,OPERATIONS,true
TNT_003,EMP_01804,SITE_NCR_02,SHIFT_NIGHT,TECHNOLOGY,true
TNT_001,EMP_01805,SITE_BLR_01,SHIFT_MORNING,TECHNOLOGY,true
TNT_001,EMP_01806,SITE_BLR_02,SHIFT_MORNING,OPERATIONS,true
TNT_002,EMP_01807,SITE_HYD_01,SHIFT_MORNING,OPERATIONS,true
TNT_001,EMP_01808,SITE_BLR_01,SHIFT_DAY,SUPPORT,true
TNT_001,EMP_01809,SITE_BLR_01,SHIFT_MORNING,SUPPORT,true
TNT_001,EMP_01810,SITE_BLR_01,SHIFT_MORNING,OPERATIONS,true
TNT_001,EMP_01811,SITE_BLR_02,SHIFT_EVENING,SUPPORT,true
TNT_001,EMP_01812,SITE_BLR_02,SHIFT_NIGHT,TECHNOLOGY,true
TNT_001,EMP_01813,SITE_BLR_01,SHIFT_EVENING,OPERATIONS,true
TNT_001,EMP_01814,SITE_BLR_02,SHIFT_DAY,OPERATIONS,true
TNT_001,EMP_01815,SITE_BLR_02,SHIFT_EVENING,TECHNOLOGY,true
TNT_001,EMP_01816,SITE_BLR_02,SHIFT_EVENING,OPERATIONS,true
TNT_002,EMP_01817,SITE_HYD_01,SHIFT_MORNING,OPERATIONS,true
TNT_003,EMP_01818,SITE_NCR_01,SHIFT_DAY,SUPPORT,true
TNT_002,EMP_01819,SITE_HYD_01,SHIFT_MORNING,OPERATIONS,true
TNT_001,EMP_01820,SITE_BLR_01,SHIFT_NIGHT,TECHNOLOGY,true
TNT_001,EMP_01821,SITE_BLR_01,SHIFT_MORNING,OPERATIONS,true
TNT_002,EMP_01822,SITE_HYD_02,SHIFT_NIGHT,TECHNOLOGY,true
TNT_001,EMP_01823,SITE_BLR_02,SHIFT_NIGHT,TECHNOLOGY,true
TNT_001,EMP_01824,SITE_BLR_01,SHIFT_NIGHT,TECHNOLOGY,true
TNT_001,EMP_01825,SITE_BLR_01,SHIFT_DAY,OPERATIONS,true
TNT_002,EMP_01826,SITE_HYD_01,SHIFT_NIGHT,OPERATIONS,true
TNT_002,EMP_01827,SITE_HYD_02,SHIFT_MORNING,OPERATIONS,true
TNT_002,EMP_01828,SITE_HYD_01,SHIFT_EVENING,TECHNOLOGY,true
TNT_002,EMP_01829,SITE_HYD_02,SHIFT_EVENING,SUPPORT,true
TNT_001,EMP_01830,SITE_BLR_02,SHIFT_DAY,OPERATIONS,true
TNT_001,EMP_01831,SITE_BLR_02,SHIFT_DAY,OPERATIONS,true
TNT_002,EMP_01832,SITE_HYD_01,SHIFT_MORNING,SUPPORT,true
TNT_001,EMP_01833,SITE_BLR_02,SHIFT_EVENING,TECHNOLOGY,true
TNT_003,EMP_01834,SITE_NCR_02,SHIFT_DAY,OPERATIONS,true
TNT_001,EMP_01835,SITE_BLR_01,SHIFT_DAY,TECHNOLOGY,true
TNT_001,EMP_01836,SITE_BLR_01,SHIFT_DAY,OPERATIONS,true
TNT_001,EMP_01837,SITE_BLR_01,SHIFT_NIGHT,TECHNOLOGY,true
TNT_001,EMP_01838,SITE_BLR_01,SHIFT_MORNING,SUPPORT,true
TNT_002,EMP_01839,SITE_HYD_01,SHIFT_DAY,TECHNOLOGY,true
TNT_002,EMP_01840,SITE_HYD_02,SHIFT_DAY,SUPPORT,true
TNT_001,EMP_01841,SITE_BLR_01,SHIFT_DAY,SUPPORT,true
TNT_003,EMP_01842,SITE_NCR_02,SHIFT_EVENING,OPERATIONS,false
TNT_001,EMP_01843,SITE_BLR_02,SHIFT_DAY,SUPPORT,true
TNT_001,EMP_01844,SITE_BLR_02,SHIFT_NIGHT,TECHNOLOGY,true
TNT_001,EMP_01845,SITE_BLR_02,SHIFT_DAY,OPERATIONS,true
TNT_001,EMP_01846,SITE_BLR_01,SHIFT_NIGHT,SUPPORT,true
TNT_002,EMP_01847,SITE_HYD_01,SHIFT_DAY,OPERATIONS,true
TNT_003,EMP_01848,SITE_NCR_02,SHIFT_NIGHT,OPERATIONS,true
TNT_002,EMP_01849,SITE_HYD_01,SHIFT_MORNING,TECHNOLOGY,true
TNT_001,EMP_01850,SITE_BLR_02,SHIFT_NIGHT,TECHNOLOGY,true
TNT_002,EMP_01851,SITE_HYD_02,SHIFT_DAY,SUPPORT,true
TNT_002,EMP_01852,SITE_HYD_01,SHIFT_MORNING,OPERATIONS,true
TNT_001,EMP_01853,SITE_BLR_02,SHIFT_EVENING,OPERATIONS,true
TNT_001,EMP_01854,SITE_BLR_01,SHIFT_EVENING,TECHNOLOGY,true
TNT_002,EMP_01855,SITE_HYD_02,SHIFT_MORNING,SUPPORT,true
TNT_003,EMP_01856,SITE_NCR_01,SHIFT_DAY,OPERATIONS,true
TNT_002,EMP_01857,SITE_HYD_02,SHIFT_MORNING,OPERATIONS,true
TNT_001,EMP_01858,SITE_BLR_02,SHIFT_NIGHT,SUPPORT,true
TNT_001,EMP_01859,SITE_BLR_01,SHIFT_DAY,OPERATIONS,true
TNT_002,EMP_01860,SITE_HYD_02,SHIFT_EVENING,TECHNOLOGY,true
TNT_003,EMP_01861,SITE_NCR_02,SHIFT_NIGHT,SUPPORT,true
TNT_001,EMP_01862,SITE_BLR_01,SHIFT_NIGHT,OPERATIONS,true
TNT_002,EMP_01863,SITE_HYD_01,SHIFT_NIGHT,OPERATIONS,true
TNT_001,EMP_01864,SITE_BLR_01,SHIFT_DAY,OPERATIONS,true
TNT_002,EMP_01865,SITE_HYD_02,SHIFT_MORNING,SUPPORT,true
TNT_003,EMP_01866,SITE_NCR_02,SHIFT_NIGHT,SUPPORT,true
TNT_001,EMP_01867,SITE_BLR_01,SHIFT_DAY,OPERATIONS,true
TNT_001,EMP_01868,SITE_BLR_01,SHIFT_EVENING,SUPPORT,true
TNT_001,EMP_01869,SITE_BLR_02,SHIFT_DAY,OPERATIONS,true
TNT_001,EMP_01870,SITE_BLR_02,SHIFT_EVENING,OPERATIONS,true
TNT_001,EMP_01871,SITE_BLR_02,SHIFT_DAY,TECHNOLOGY,true
TNT_001,EMP_01872,SITE_BLR_02,SHIFT_DAY,TECHNOLOGY,true
TNT_001,EMP_01873,SITE_BLR_01,SHIFT_DAY,OPERATIONS,true
TNT_001,EMP_01874,SITE_BLR_02,SHIFT_NIGHT,OPERATIONS,true
TNT_003,EMP_01875,SITE_NCR_01,SHIFT_DAY,SUPPORT,true
TNT_001,EMP_01876,SITE_BLR_01,SHIFT_DAY,TECHNOLOGY,true
TNT_001,EMP_01877,SITE_BLR_01,SHIFT_MORNING,TECHNOLOGY,true
TNT_001,EMP_01878,SITE_BLR_01,SHIFT_MORNING,TECHNOLOGY,true
TNT_003,EMP_01879,SITE_NCR_02,SHIFT_DAY,SUPPORT,true
TNT_001,EMP_01880,SITE_BLR_02,SHIFT_NIGHT,TECHNOLOGY,true
TNT_001,EMP_01881,SITE_BLR_01,SHIFT_DAY,OPERATIONS,true
TNT_001,EMP_01882,SITE_BLR_02,SHIFT_MORNING,TECHNOLOGY,true
TNT_001,EMP_01883,SITE_BLR_01,SHIFT_DAY,OPERATIONS,true
TNT_002,EMP_01884,SITE_HYD_01,SHIFT_MORNING,OPERATIONS,true
TNT_003,EMP_01885,SITE_NCR_01,SHIFT_MORNING,OPERATIONS,true
TNT_002,EMP_01886,SITE_HYD_02,SHIFT_NIGHT,TECHNOLOGY,true
TNT_001,EMP_01887,SITE_BLR_01,SHIFT_NIGHT,OPERATIONS,true
TNT_001,EMP_01888,SITE_BLR_02,SHIFT_DAY,OPERATIONS,true
TNT_001,EMP_01889,SITE_BLR_01,SHIFT_MORNING,TECHNOLOGY,true
TNT_002,EMP_01890,SITE_HYD_02,SHIFT_DAY,SUPPORT,true
TNT_002,EMP_01891,SITE_HYD_01,SHIFT_DAY,OPERATIONS,true
TNT_001,EMP_01892,SITE_BLR_01,SHIFT_MORNING,TECHNOLOGY,true
TNT_002,EMP_01893,SITE_HYD_02,SHIFT_EVENING,SUPPORT,true
TNT_002,EMP_01894,SITE_HYD_02,SHIFT_NIGHT,TECHNOLOGY,true
TNT_001,EMP_01895,SITE_BLR_02,SHIFT_MORNING,OPERATIONS,true
TNT_001,EMP_01896,SITE_BLR_02,SHIFT_EVENING,OPERATIONS,true
TNT_001,EMP_01897,SITE_BLR_02,SHIFT_NIGHT,OPERATIONS,true
TNT_001,EMP_01898,SITE_BLR_01,SHIFT_MORNING,OPERATIONS,true
TNT_002,EMP_01899,SITE_HYD_01,SHIFT_EVENING,OPERATIONS,true
TNT_002,EMP_01900,SITE_HYD_01,SHIFT_NIGHT,TECHNOLOGY,true
TNT_001,EMP_01901,SITE_BLR_01,SHIFT_EVENING,OPERATIONS,true
TNT_001,EMP_01902,SITE_BLR_02,SHIFT_DAY,TECHNOLOGY,true
TNT_001,EMP_01903,SITE_BLR_02,SHIFT_EVENING,SUPPORT,true
TNT_001,EMP_01904,SITE_BLR_02,SHIFT_MORNING,OPERATIONS,true
TNT_001,EMP_01905,SITE_BLR_02,SHIFT_DAY,OPERATIONS,true
TNT_001,EMP_01906,SITE_BLR_02,SHIFT_DAY,OPERATIONS,true
TNT_002,EMP_01907,SITE_HYD_02,SHIFT_MORNING,OPERATIONS,true
TNT_001,EMP_01908,SITE_BLR_02,SHIFT_EVENING,TECHNOLOGY,true
TNT_003,EMP_01909,SITE_NCR_02,SHIFT_NIGHT,OPERATIONS,true
TNT_001,EMP_01910,SITE_BLR_02,SHIFT_DAY,TECHNOLOGY,true
TNT_001,EMP_01911,SITE_BLR_01,SHIFT_DAY,SUPPORT,true
TNT_001,EMP_01912,SITE_BLR_01,SHIFT_EVENING,OPERATIONS,true
TNT_001,EMP_01913,SITE_BLR_01,SHIFT_EVENING,OPERATIONS,true
TNT_001,EMP_01914,SITE_BLR_02,SHIFT_DAY,TECHNOLOGY,true
TNT_002,EMP_01915,SITE_HYD_02,SHIFT_NIGHT,OPERATIONS,true
TNT_003,EMP_01916,SITE_NCR_01,SHIFT_DAY,OPERATIONS,true
TNT_001,EMP_01917,SITE_BLR_01,SHIFT_MORNING,TECHNOLOGY,true
TNT_002,EMP_01918,SITE_HYD_01,SHIFT_MORNING,OPERATIONS,true
TNT_001,EMP_01919,SITE_BLR_01,SHIFT_DAY,TECHNOLOGY,true
TNT_001,EMP_01920,SITE_BLR_01,SHIFT_EVENING,OPERATIONS,true
TNT_001,EMP_01921,SITE_BLR_01,SHIFT_NIGHT,OPERATIONS,true
TNT_002,EMP_01922,SITE_HYD_01,SHIFT_EVENING,TECHNOLOGY,true
TNT_001,EMP_01923,SITE_BLR_01,SHIFT_EVENING,OPERATIONS,true
TNT_002,EMP_01924,SITE_HYD_01,SHIFT_NIGHT,OPERATIONS,true
TNT_001,EMP_01925,SITE_BLR_02,SHIFT_MORNING,TECHNOLOGY,true
TNT_001,EMP_01926,SITE_BLR_02,SHIFT_DAY,TECHNOLOGY,true
TNT_002,EMP_01927,SITE_HYD_01,SHIFT_DAY,OPERATIONS,true
TNT_003,EMP_01928,SITE_NCR_01,SHIFT_MORNING,OPERATIONS,true
TNT_001,EMP_01929,SITE_BLR_01,SHIFT_MORNING,SUPPORT,true
TNT_001,EMP_01930,SITE_BLR_01,SHIFT_MORNING,TECHNOLOGY,true
TNT_001,EMP_01931,SITE_BLR_01,SHIFT_DAY,SUPPORT,true
TNT_001,EMP_01932,SITE_BLR_01,SHIFT_DAY,OPERATIONS,true
TNT_003,EMP_01933,SITE_NCR_01,SHIFT_EVENING,TECHNOLOGY,true
TNT_002,EMP_01934,SITE_HYD_01,SHIFT_DAY,SUPPORT,true
TNT_001,EMP_01935,SITE_BLR_01,SHIFT_MORNING,TECHNOLOGY,true
TNT_001,EMP_01936,SITE_BLR_02,SHIFT_EVENING,OPERATIONS,true
TNT_003,EMP_01937,SITE_NCR_01,SHIFT_MORNING,OPERATIONS,true
TNT_002,EMP_01938,SITE_HYD_01,SHIFT_MORNING,OPERATIONS,true
TNT_001,EMP_01939,SITE_BLR_01,SHIFT_MORNING,TECHNOLOGY,true
TNT_002,EMP_01940,SITE_HYD_02,SHIFT_DAY,SUPPORT,true
TNT_002,EMP_01941,SITE_HYD_02,SHIFT_NIGHT,TECHNOLOGY,true
TNT_001,EMP_01942,SITE_BLR_01,SHIFT_DAY,SUPPORT,true
TNT_001,EMP_01943,SITE_BLR_02,SHIFT_MORNING,OPERATIONS,true
TNT_003,EMP_01944,SITE_NCR_01,SHIFT_EVENING,OPERATIONS,true
TNT_001,EMP_01945,SITE_BLR_02,SHIFT_DAY,SUPPORT,true
TNT_001,EMP_01946,SITE_BLR_02,SHIFT_EVENING,OPERATIONS,true
TNT_002,EMP_01947,SITE_HYD_01,SHIFT_MORNING,SUPPORT,true
TNT_001,EMP_01948,SITE_BLR_01,SHIFT_DAY,OPERATIONS,true
TNT_002,EMP_01949,SITE_HYD_02,SHIFT_DAY,SUPPORT,true
TNT_001,EMP_01950,SITE_BLR_02,SHIFT_MORNING,TECHNOLOGY,true
TNT_001,EMP_01951,SITE_BLR_02,SHIFT_NIGHT,SUPPORT,true
TNT_001,EMP_01952,SITE_BLR_01,SHIFT_DAY,OPERATIONS,false
TNT_001,EMP_01953,SITE_BLR_01,SHIFT_NIGHT,TECHNOLOGY,true
TNT_001,EMP_01954,SITE_BLR_01,SHIFT_MORNING,SUPPORT,true
TNT_001,EMP_01955,SITE_BLR_01,SHIFT_EVENING,OPERATIONS,true
TNT_003,EMP_01956,SITE_NCR_02,SHIFT_MORNING,OPERATIONS,true
TNT_001,EMP_01957,SITE_BLR_02,SHIFT_DAY,SUPPORT,true
TNT_001,EMP_01958,SITE_BLR_02,SHIFT_MORNING,SUPPORT,true
TNT_001,EMP_01959,SITE_BLR_01,SHIFT_EVENING,SUPPORT,true
TNT_001,EMP_01960,SITE_BLR_02,SHIFT_EVENING,OPERATIONS,true
TNT_001,EMP_01961,SITE_BLR_02,SHIFT_MORNING,OPERATIONS,true
TNT_001,EMP_01962,SITE_BLR_02,SHIFT_NIGHT,OPERATIONS,true
TNT_003,EMP_01963,SITE_NCR_02,SHIFT_DAY,OPERATIONS,true
TNT_001,EMP_01964,SITE_BLR_02,SHIFT_DAY,SUPPORT,true
TNT_003,EMP_01965,SITE_NCR_01,SHIFT_DAY,TECHNOLOGY,true
TNT_001,EMP_01966,SITE_BLR_01,SHIFT_DAY,TECHNOLOGY,true
TNT_001,EMP_01967,SITE_BLR_01,SHIFT_DAY,SUPPORT,true
TNT_001,EMP_01968,SITE_BLR_02,SHIFT_MORNING,SUPPORT,true
TNT_001,EMP_01969,SITE_BLR_02,SHIFT_DAY,TECHNOLOGY,true
TNT_001,EMP_01970,SITE_BLR_01,SHIFT_DAY,OPERATIONS,true
TNT_001,EMP_01971,SITE_BLR_02,SHIFT_NIGHT,SUPPORT,true
TNT_001,EMP_01972,SITE_BLR_02,SHIFT_MORNING,TECHNOLOGY,true
TNT_001,EMP_01973,SITE_BLR_01,SHIFT_NIGHT,OPERATIONS,true
TNT_002,EMP_01974,SITE_HYD_01,SHIFT_NIGHT,SUPPORT,true
TNT_001,EMP_01975,SITE_BLR_02,SHIFT_DAY,TECHNOLOGY,true
TNT_001,EMP_01976,SITE_BLR_02,SHIFT_EVENING,TECHNOLOGY,true
TNT_003,EMP_01977,SITE_NCR_02,SHIFT_DAY,OPERATIONS,true
TNT_002,EMP_01978,SITE_HYD_01,SHIFT_EVENING,OPERATIONS,true
TNT_003,EMP_01979,SITE_NCR_02,SHIFT_DAY,OPERATIONS,true
TNT_003,EMP_01980,SITE_NCR_01,SHIFT_DAY,OPERATIONS,true
TNT_001,EMP_01981,SITE_BLR_01,SHIFT_EVENING,OPERATIONS,true
TNT_001,EMP_01982,SITE_BLR_02,SHIFT_MORNING,OPERATIONS,true
TNT_001,EMP_01983,SITE_BLR_02,SHIFT_DAY,SUPPORT,true
TNT_001,EMP_01984,SITE_BLR_01,SHIFT_DAY,OPERATIONS,true
TNT_001,EMP_01985,SITE_BLR_02,SHIFT_NIGHT,SUPPORT,true
TNT_001,EMP_01986,SITE_BLR_02,SHIFT_NIGHT,TECHNOLOGY,true
TNT_001,EMP_01987,SITE_BLR_02,SHIFT_DAY,SUPPORT,true
TNT_001,EMP_01988,SITE_BLR_02,SHIFT_NIGHT,OPERATIONS,true
TNT_001,EMP_01989,SITE_BLR_02,SHIFT_NIGHT,SUPPORT,true
TNT_003,EMP_01990,SITE_NCR_01,SHIFT_NIGHT,SUPPORT,true
TNT_001,EMP_01991,SITE_BLR_01,SHIFT_MORNING,SUPPORT,true
TNT_001,EMP_01992,SITE_BLR_01,SHIFT_EVENING,OPERATIONS,true
TNT_001,EMP_01993,SITE_BLR_02,SHIFT_DAY,OPERATIONS,true
TNT_002,EMP_01994,SITE_HYD_01,SHIFT_EVENING,OPERATIONS,true
TNT_003,EMP_01995,SITE_NCR_02,SHIFT_NIGHT,TECHNOLOGY,true
TNT_003,EMP_01996,SITE_NCR_02,SHIFT_MORNING,SUPPORT,true
TNT_001,EMP_01997,SITE_BLR_01,SHIFT_EVENING,SUPPORT,true
TNT_002,EMP_01998,SITE_HYD_01,SHIFT_DAY,OPERATIONS,true
TNT_001,EMP_01999,SITE_BLR_02,SHIFT_DAY,TECHNOLOGY,true
TNT_001,EMP_02000,SITE_BLR_01,SHIFT_NIGHT,OPERATIONS,true
TNT_001,EMP_02001,SITE_BLR_02,SHIFT_EVENING,OPERATIONS,true
TNT_002,EMP_02002,SITE_HYD_02,SHIFT_NIGHT,TECHNOLOGY,true
TNT_001,EMP_02003,SITE_BLR_02,SHIFT_MORNING,SUPPORT,true
TNT_001,EMP_02004,SITE_BLR_02,SHIFT_DAY,OPERATIONS,true
TNT_002,EMP_02005,SITE_HYD_02,SHIFT_DAY,TECHNOLOGY,true
TNT_001,EMP_02006,SITE_BLR_02,SHIFT_EVENING,OPERATIONS,true
TNT_001,EMP_02007,SITE_BLR_01,SHIFT_MORNING,OPERATIONS,true
TNT_001,EMP_02008,SITE_BLR_01,SHIFT_EVENING,TECHNOLOGY,true
TNT_001,EMP_02009,SITE_BLR_01,SHIFT_NIGHT,SUPPORT,true
TNT_002,EMP_02010,SITE_HYD_01,SHIFT_DAY,SUPPORT,true
TNT_001,EMP_02011,SITE_BLR_02,SHIFT_NIGHT,TECHNOLOGY,true
TNT_001,EMP_02012,SITE_BLR_02,SHIFT_EVENING,OPERATIONS,true
TNT_002,EMP_02013,SITE_HYD_02,SHIFT_MORNING,OPERATIONS,true
TNT_001,EMP_02014,SITE_BLR_01,SHIFT_MORNING,TECHNOLOGY,true
TNT_002,EMP_02015,SITE_HYD_01,SHIFT_DAY,SUPPORT,true
TNT_001,EMP_02016,SITE_BLR_02,SHIFT_NIGHT,TECHNOLOGY,true
TNT_002,EMP_02017,SITE_HYD_01,SHIFT_DAY,OPERATIONS,true
TNT_001,EMP_02018,SITE_BLR_02,SHIFT_MORNING,OPERATIONS,true
TNT_003,EMP_02019,SITE_NCR_01,SHIFT_NIGHT,OPERATIONS,true
TNT_002,EMP_02020,SITE_HYD_02,SHIFT_MORNING,TECHNOLOGY,true
TNT_002,EMP_02021,SITE_HYD_02,SHIFT_MORNING,OPERATIONS,true
TNT_001,EMP_02022,SITE_BLR_01,SHIFT_DAY,OPERATIONS,true
TNT_001,EMP_02023,SITE_BLR_01,SHIFT_MORNING,OPERATIONS,true
TNT_003,EMP_02024,SITE_NCR_02,SHIFT_DAY,TECHNOLOGY,true
TNT_001,EMP_02025,SITE_BLR_01,SHIFT_MORNING,OPERATIONS,true
TNT_002,EMP_02026,SITE_HYD_02,SHIFT_DAY,TECHNOLOGY,true
TNT_003,EMP_02027,SITE_NCR_02,SHIFT_MORNING,TECHNOLOGY,true
TNT_001,EMP_02028,SITE_BLR_02,SHIFT_DAY,TECHNOLOGY,true
TNT_001,EMP_02029,SITE_BLR_02,SHIFT_DAY,TECHNOLOGY,true
TNT_002,EMP_02030,SITE_HYD_01,SHIFT_MORNING,OPERATIONS,true
TNT_001,EMP_02031,SITE_BLR_01,SHIFT_MORNING,SUPPORT,true
TNT_001,EMP_02032,SITE_BLR_01,SHIFT_DAY,OPERATIONS,true
TNT_002,EMP_02033,SITE_HYD_01,SHIFT_EVENING,SUPPORT,true
TNT_001,EMP_02034,SITE_BLR_02,SHIFT_MORNING,SUPPORT,true
TNT_002,EMP_02035,SITE_HYD_02,SHIFT_DAY,OPERATIONS,true
TNT_001,EMP_02036,SITE_BLR_01,SHIFT_EVENING,TECHNOLOGY,true
TNT_001,EMP_02037,SITE_BLR_01,SHIFT_EVENING,TECHNOLOGY,true
TNT_001,EMP_02038,SITE_BLR_02,SHIFT_NIGHT,TECHNOLOGY,true
TNT_003,EMP_02039,SITE_NCR_02,SHIFT_NIGHT,OPERATIONS,true
TNT_001,EMP_02040,SITE_BLR_02,SHIFT_EVENING,OPERATIONS,true
TNT_001,EMP_02041,SITE_BLR_01,SHIFT_NIGHT,OPERATIONS,true
TNT_003,EMP_02042,SITE_NCR_01,SHIFT_MORNING,OPERATIONS,true
TNT_001,EMP_02043,SITE_BLR_01,SHIFT_EVENING,SUPPORT,true
TNT_001,EMP_02044,SITE_BLR_02,SHIFT_MORNING,SUPPORT,true
TNT_001,EMP_02045,SITE_BLR_02,SHIFT_DAY,OPERATIONS,false
TNT_001,EMP_02046,SITE_BLR_01,SHIFT_NIGHT,TECHNOLOGY,true
TNT_002,EMP_02047,SITE_HYD_01,SHIFT_NIGHT,SUPPORT,true
TNT_001,EMP_02048,SITE_BLR_01,SHIFT_DAY,SUPPORT,true
TNT_001,EMP_02049,SITE_BLR_02,SHIFT_EVENING,OPERATIONS,true
TNT_001,EMP_02050,SITE_BLR_02,SHIFT_DAY,TECHNOLOGY,true
TNT_001,EMP_02051,SITE_BLR_02,SHIFT_MORNING,TECHNOLOGY,true
TNT_002,EMP_02052,SITE_HYD_01,SHIFT_MORNING,SUPPORT,true
TNT_003,EMP_02053,SITE_NCR_01,SHIFT_DAY,TECHNOLOGY,true
TNT_001,EMP_02054,SITE_BLR_02,SHIFT_DAY,TECHNOLOGY,true
TNT_002,EMP_02055,SITE_HYD_01,SHIFT_MORNING,TECHNOLOGY,true
TNT_002,EMP_02056,SITE_HYD_01,SHIFT_MORNING,TECHNOLOGY,true
TNT_001,EMP_02057,SITE_BLR_02,SHIFT_NIGHT,TECHNOLOGY,true
TNT_002,EMP_02058,SITE_HYD_02,SHIFT_NIGHT,TECHNOLOGY,true
TNT_002,EMP_02059,SITE_HYD_02,SHIFT_NIGHT,OPERATIONS,true
TNT_003,EMP_02060,SITE_NCR_01,SHIFT_MORNING,TECHNOLOGY,true
TNT_002,EMP_02061,SITE_HYD_01,SHIFT_NIGHT,OPERATIONS,true
TNT_001,EMP_02062,SITE_BLR_02,SHIFT_EVENING,TECHNOLOGY,true
TNT_001,EMP_02063,SITE_BLR_01,SHIFT_EVENING,OPERATIONS,true
TNT_001,EMP_02064,SITE_BLR_01,SHIFT_DAY,SUPPORT,true
TNT_003,EMP_02065,SITE_NCR_01,SHIFT_NIGHT,SUPPORT,true
TNT_001,EMP_02066,SITE_BLR_02,SHIFT_DAY,OPERATIONS,true
TNT_001,EMP_02067,SITE_BLR_02,SHIFT_EVENING,TECHNOLOGY,true
TNT_001,EMP_02068,SITE_BLR_01,SHIFT_MORNING,SUPPORT,true
TNT_002,EMP_02069,SITE_HYD_01,SHIFT_DAY,SUPPORT,true
TNT_001,EMP_02070,SITE_BLR_01,SHIFT_MORNING,OPERATIONS,true
TNT_002,EMP_02071,SITE_HYD_02,SHIFT_DAY,TECHNOLOGY,true
TNT_001,EMP_02072,SITE_BLR_02,SHIFT_MORNING,OPERATIONS,true
TNT_001,EMP_02073,SITE_BLR_01,SHIFT_DAY,OPERATIONS,true
TNT_001,EMP_02074,SITE_BLR_01,SHIFT_DAY,OPERATIONS,true
TNT_003,EMP_02075,SITE_NCR_02,SHIFT_MORNING,OPERATIONS,true
TNT_002,EMP_02076,SITE_HYD_01,SHIFT_DAY,SUPPORT,true
TNT_002,EMP_02077,SITE_HYD_02,SHIFT_EVENING,TECHNOLOGY,true
TNT_001,EMP_02078,SITE_BLR_02,SHIFT_DAY,TECHNOLOGY,true
TNT_001,EMP_02079,SITE_BLR_02,SHIFT_MORNING,OPERATIONS,true
TNT_001,EMP_02080,SITE_BLR_01,SHIFT_DAY,TECHNOLOGY,true
TNT_003,EMP_02081,SITE_NCR_02,SHIFT_EVENING,TECHNOLOGY,true
TNT_002,EMP_02082,SITE_HYD_02,SHIFT_DAY,OPERATIONS,true
TNT_002,EMP_02083,SITE_HYD_01,SHIFT_DAY,SUPPORT,true
TNT_002,EMP_02084,SITE_HYD_02,SHIFT_EVENING,TECHNOLOGY,true
TNT_001,EMP_02085,SITE_BLR_01,SHIFT_DAY,OPERATIONS,true
TNT_001,EMP_02086,SITE_BLR_02,SHIFT_EVENING,SUPPORT,true
TNT_001,EMP_02087,SITE_BLR_02,SHIFT_NIGHT,TECHNOLOGY,true
TNT_003,EMP_02088,SITE_NCR_02,SHIFT_MORNING,OPERATIONS,true
TNT_001,EMP_02089,SITE_BLR_02,SHIFT_DAY,SUPPORT,true
TNT_001,EMP_02090,SITE_BLR_01,SHIFT_DAY,TECHNOLOGY,true
TNT_001,EMP_02091,SITE_BLR_02,SHIFT_MORNING,SUPPORT,true
TNT_002,EMP_02092,SITE_HYD_02,SHIFT_DAY,OPERATIONS,true
TNT_001,EMP_02093,SITE_BLR_02,SHIFT_MORNING,OPERATIONS,true
TNT_001,EMP_02094,SITE_BLR_02,SHIFT_DAY,TECHNOLOGY,true
TNT_003,EMP_02095,SITE_NCR_02,SHIFT_DAY,TECHNOLOGY,true
TNT_002,EMP_02096,SITE_HYD_01,SHIFT_EVENING,SUPPORT,true
TNT_003,EMP_02097,SITE_NCR_02,SHIFT_NIGHT,TECHNOLOGY,true
TNT_001,EMP_02098,SITE_BLR_01,SHIFT_MORNING,OPERATIONS,true
TNT_003,EMP_02099,SITE_NCR_02,SHIFT_DAY,TECHNOLOGY,true
TNT_001,EMP_02100,SITE_BLR_02,SHIFT_EVENING,OPERATIONS,false
TNT_003,EMP_02101,SITE_NCR_02,SHIFT_DAY,TECHNOLOGY,true
TNT_002,EMP_02102,SITE_HYD_01,SHIFT_EVENING,TECHNOLOGY,true
TNT_003,EMP_02103,SITE_NCR_01,SHIFT_NIGHT,OPERATIONS,true
TNT_003,EMP_02104,SITE_NCR_02,SHIFT_DAY,SUPPORT,true
TNT_002,EMP_02105,SITE_HYD_02,SHIFT_DAY,TECHNOLOGY,true
TNT_002,EMP_02106,SITE_HYD_01,SHIFT_DAY,TECHNOLOGY,true
TNT_002,EMP_02107,SITE_HYD_01,SHIFT_NIGHT,SUPPORT,true
TNT_002,EMP_02108,SITE_HYD_01,SHIFT_MORNING,OPERATIONS,true
TNT_001,EMP_02109,SITE_BLR_02,SHIFT_EVENING,OPERATIONS,true
TNT_002,EMP_02110,SITE_HYD_01,SHIFT_DAY,SUPPORT,true
TNT_001,EMP_02111,SITE_BLR_02,SHIFT_MORNING,SUPPORT,true
TNT_003,EMP_02112,SITE_NCR_01,SHIFT_NIGHT,SUPPORT,true
TNT_001,EMP_02113,SITE_BLR_01,SHIFT_DAY,OPERATIONS,true
TNT_001,EMP_02114,SITE_BLR_01,SHIFT_EVENING,OPERATIONS,true
TNT_001,EMP_02115,SITE_BLR_02,SHIFT_MORNING,OPERATIONS,true
TNT_002,EMP_02116,SITE_HYD_02,SHIFT_DAY,OPERATIONS,true
TNT_002,EMP_02117,SITE_HYD_02,SHIFT_NIGHT,OPERATIONS,true
TNT_002,EMP_02118,SITE_HYD_02,SHIFT_NIGHT,OPERATIONS,true
TNT_001,EMP_02119,SITE_BLR_02,SHIFT_DAY,OPERATIONS,true
TNT_003,EMP_02120,SITE_NCR_02,SHIFT_DAY,SUPPORT,true
TNT_001,EMP_02121,SITE_BLR_02,SHIFT_MORNING,TECHNOLOGY,true
TNT_001,EMP_02122,SITE_BLR_02,SHIFT_DAY,OPERATIONS,true
TNT_003,EMP_02123,SITE_NCR_01,SHIFT_NIGHT,OPERATIONS,true
TNT_002,EMP_02124,SITE_HYD_02,SHIFT_DAY,OPERATIONS,true
TNT_001,EMP_02125,SITE_BLR_01,SHIFT_DAY,OPERATIONS,true
TNT_001,EMP_02126,SITE_BLR_01,SHIFT_EVENING,OPERATIONS,true
TNT_001,EMP_02127,SITE_BLR_02,SHIFT_EVENING,OPERATIONS,true
TNT_001,EMP_02128,SITE_BLR_02,SHIFT_EVENING,OPERATIONS,true
TNT_001,EMP_02129,SITE_BLR_02,SHIFT_NIGHT,SUPPORT,true
TNT_003,EMP_02130,SITE_NCR_02,SHIFT_EVENING,SUPPORT,true
TNT_001,EMP_02131,SITE_BLR_01,SHIFT_MORNING,TECHNOLOGY,true
TNT_001,EMP_02132,SITE_BLR_01,SHIFT_DAY,TECHNOLOGY,true
TNT_001,EMP_02133,SITE_BLR_01,SHIFT_EVENING,OPERATIONS,true
TNT_003,EMP_02134,SITE_NCR_01,SHIFT_MORNING,OPERATIONS,true
TNT_003,EMP_02135,SITE_NCR_02,SHIFT_DAY,TECHNOLOGY,true
TNT_002,EMP_02136,SITE_HYD_01,SHIFT_DAY,OPERATIONS,true
TNT_002,EMP_02137,SITE_HYD_01,SHIFT_DAY,OPERATIONS,true
TNT_002,EMP_02138,SITE_HYD_02,SHIFT_DAY,TECHNOLOGY,false
TNT_003,EMP_02139,SITE_NCR_01,SHIFT_NIGHT,OPERATIONS,true
TNT_002,EMP_02140,SITE_HYD_01,SHIFT_MORNING,TECHNOLOGY,true
TNT_003,EMP_02141,SITE_NCR_01,SHIFT_MORNING,TECHNOLOGY,true
TNT_001,EMP_02142,SITE_BLR_01,SHIFT_EVENING,TECHNOLOGY,true
TNT_002,EMP_02143,SITE_HYD_01,SHIFT_DAY,TECHNOLOGY,true
TNT_001,EMP_02144,SITE_BLR_01,SHIFT_NIGHT,SUPPORT,true
TNT_001,EMP_02145,SITE_BLR_02,SHIFT_EVENING,TECHNOLOGY,true
TNT_001,EMP_02146,SITE_BLR_02,SHIFT_MORNING,SUPPORT,true
TNT_003,EMP_02147,SITE_NCR_02,SHIFT_MORNING,TECHNOLOGY,true
TNT_001,EMP_02148,SITE_BLR_01,SHIFT_EVENING,TECHNOLOGY,true
TNT_001,EMP_02149,SITE_BLR_02,SHIFT_EVENING,SUPPORT,true
TNT_001,EMP_02150,SITE_BLR_02,SHIFT_MORNING,OPERATIONS,true
TNT_001,EMP_02151,SITE_BLR_02,SHIFT_DAY,SUPPORT,true
TNT_002,EMP_02152,SITE_HYD_01,SHIFT_DAY,OPERATIONS,true
TNT_001,EMP_02153,SITE_BLR_01,SHIFT_MORNING,SUPPORT,true
TNT_001,EMP_02154,SITE_BLR_01,SHIFT_DAY,SUPPORT,true
TNT_001,EMP_02155,SITE_BLR_02,SHIFT_DAY,OPERATIONS,true
TNT_001,EMP_02156,SITE_BLR_02,SHIFT_MORNING,OPERATIONS,true
TNT_001,EMP_02157,SITE_BLR_02,SHIFT_DAY,SUPPORT,true
TNT_001,EMP_02158,SITE_BLR_02,SHIFT_EVENING,TECHNOLOGY,true
TNT_001,EMP_02159,SITE_BLR_02,SHIFT_EVENING,TECHNOLOGY,true
TNT_001,EMP_02160,SITE_BLR_02,SHIFT_NIGHT,OPERATIONS,true
TNT_002,EMP_02161,SITE_HYD_02,SHIFT_NIGHT,OPERATIONS,true
TNT_001,EMP_02162,SITE_BLR_02,SHIFT_DAY,OPERATIONS,true
TNT_001,EMP_02163,SITE_BLR_02,SHIFT_DAY,OPERATIONS,true
TNT_001,EMP_02164,SITE_BLR_02,SHIFT_NIGHT,TECHNOLOGY,true
TNT_002,EMP_02165,SITE_HYD_01,SHIFT_DAY,OPERATIONS,true
TNT_001,EMP_02166,SITE_BLR_02,SHIFT_MORNING,OPERATIONS,true
TNT_002,EMP_02167,SITE_HYD_01,SHIFT_MORNING,SUPPORT,true
TNT_001,EMP_02168,SITE_BLR_01,SHIFT_DAY,SUPPORT,true
TNT_001,EMP_02169,SITE_BLR_01,SHIFT_DAY,SUPPORT,true
TNT_002,EMP_02170,SITE_HYD_02,SHIFT_EVENING,SUPPORT,true
TNT_001,EMP_02171,SITE_BLR_02,SHIFT_EVENING,TECHNOLOGY,true
TNT_002,EMP_02172,SITE_HYD_02,SHIFT_MORNING,OPERATIONS,true
TNT_001,EMP_02173,SITE_BLR_01,SHIFT_EVENING,TECHNOLOGY,true
TNT_002,EMP_02174,SITE_HYD_01,SHIFT_EVENING,OPERATIONS,true
TNT_002,EMP_02175,SITE_HYD_01,SHIFT_MORNING,TECHNOLOGY,true
TNT_002,EMP_02176,SITE_HYD_02,SHIFT_DAY,OPERATIONS,true
TNT_001,EMP_02177,SITE_BLR_01,SHIFT_NIGHT,OPERATIONS,true
TNT_002,EMP_02178,SITE_HYD_01,SHIFT_EVENING,TECHNOLOGY,true
TNT_002,EMP_02179,SITE_HYD_01,SHIFT_EVENING,OPERATIONS,true
TNT_001,EMP_02180,SITE_BLR_02,SHIFT_NIGHT,SUPPORT,true
TNT_003,EMP_02181,SITE_NCR_02,SHIFT_NIGHT,TECHNOLOGY,true
TNT_001,EMP_02182,SITE_BLR_01,SHIFT_DAY,OPERATIONS,true
TNT_001,EMP_02183,SITE_BLR_01,SHIFT_MORNING,SUPPORT,true
TNT_001,EMP_02184,SITE_BLR_01,SHIFT_EVENING,TECHNOLOGY,true
TNT_001,EMP_02185,SITE_BLR_02,SHIFT_NIGHT,OPERATIONS,true
TNT_001,EMP_02186,SITE_BLR_02,SHIFT_DAY,TECHNOLOGY,true
TNT_001,EMP_02187,SITE_BLR_02,SHIFT_NIGHT,TECHNOLOGY,true
TNT_002,EMP_02188,SITE_HYD_01,SHIFT_EVENING,OPERATIONS,true
TNT_001,EMP_02189,SITE_BLR_02,SHIFT_DAY,SUPPORT,true
TNT_001,EMP_02190,SITE_BLR_01,SHIFT_MORNING,OPERATIONS,true
TNT_003,EMP_02191,SITE_NCR_02,SHIFT_NIGHT,TECHNOLOGY,true
TNT_001,EMP_02192,SITE_BLR_02,SHIFT_EVENING,OPERATIONS,true
TNT_003,EMP_02193,SITE_NCR_02,SHIFT_DAY,OPERATIONS,true
TNT_003,EMP_02194,SITE_NCR_01,SHIFT_MORNING,OPERATIONS,true
TNT_003,EMP_02195,SITE_NCR_02,SHIFT_NIGHT,SUPPORT,true
TNT_001,EMP_02196,SITE_BLR_02,SHIFT_DAY,OPERATIONS,true
TNT_003,EMP_02197,SITE_NCR_01,SHIFT_MORNING,SUPPORT,true
TNT_003,EMP_02198,SITE_NCR_02,SHIFT_NIGHT,TECHNOLOGY,true
TNT_001,EMP_02199,SITE_BLR_02,SHIFT_DAY,SUPPORT,true
TNT_001,EMP_02200,SITE_BLR_01,SHIFT_NIGHT,OPERATIONS,true
TNT_002,EMP_02201,SITE_HYD_02,SHIFT_EVENING,OPERATIONS,true
TNT_003,EMP_02202,SITE_NCR_02,SHIFT_EVENING,OPERATIONS,true
TNT_001,EMP_02203,SITE_BLR_01,SHIFT_MORNING,TECHNOLOGY,true
TNT_002,EMP_02204,SITE_HYD_01,SHIFT_EVENING,TECHNOLOGY,true
TNT_001,EMP_02205,SITE_BLR_01,SHIFT_DAY,OPERATIONS,true
TNT_001,EMP_02206,SITE_BLR_01,SHIFT_MORNING,OPERATIONS,true
TNT_002,EMP_02207,SITE_HYD_01,SHIFT_EVENING,OPERATIONS,true
TNT_001,EMP_02208,SITE_BLR_02,SHIFT_EVENING,SUPPORT,true
TNT_001,EMP_02209,SITE_BLR_02,SHIFT_MORNING,TECHNOLOGY,true
TNT_001,EMP_02210,SITE_BLR_02,SHIFT_MORNING,TECHNOLOGY,true
TNT_003,EMP_02211,SITE_NCR_01,SHIFT_DAY,OPERATIONS,true
TNT_001,EMP_02212,SITE_BLR_02,SHIFT_MORNING,SUPPORT,true
TNT_001,EMP_02213,SITE_BLR_01,SHIFT_DAY,SUPPORT,true
TNT_003,EMP_02214,SITE_NCR_02,SHIFT_NIGHT,OPERATIONS,true
TNT_003,EMP_02215,SITE_NCR_01,SHIFT_MORNING,SUPPORT,true
TNT_003,EMP_02216,SITE_NCR_02,SHIFT_EVENING,OPERATIONS,true
TNT_001,EMP_02217,SITE_BLR_01,SHIFT_DAY,TECHNOLOGY,true
TNT_002,EMP_02218,SITE_HYD_02,SHIFT_MORNING,OPERATIONS,true
TNT_002,EMP_02219,SITE_HYD_01,SHIFT_DAY,SUPPORT,true
TNT_001,EMP_02220,SITE_BLR_02,SHIFT_DAY,OPERATIONS,true
TNT_002,EMP_02221,SITE_HYD_01,SHIFT_MORNING,OPERATIONS,true
TNT_001,EMP_02222,SITE_BLR_02,SHIFT_NIGHT,OPERATIONS,false
TNT_002,EMP_02223,SITE_HYD_02,SHIFT_DAY,TECHNOLOGY,true
TNT_002,EMP_02224,SITE_HYD_01,SHIFT_EVENING,OPERATIONS,true
TNT_003,EMP_02225,SITE_NCR_01,SHIFT_DAY,SUPPORT,true
TNT_002,EMP_02226,SITE_HYD_02,SHIFT_EVENING,OPERATIONS,true
TNT_001,EMP_02227,SITE_BLR_02,SHIFT_EVENING,OPERATIONS,true
TNT_001,EMP_02228,SITE_BLR_02,SHIFT_EVENING,OPERATIONS,true
TNT_001,EMP_02229,SITE_BLR_02,SHIFT_EVENING,OPERATIONS,true
TNT_003,EMP_02230,SITE_NCR_02,SHIFT_NIGHT,OPERATIONS,true
TNT_002,EMP_02231,SITE_HYD_01,SHIFT_EVENING,SUPPORT,true
TNT_001,EMP_02232,SITE_BLR_02,SHIFT_DAY,OPERATIONS,false
TNT_003,EMP_02233,SITE_NCR_01,SHIFT_NIGHT,SUPPORT,true
TNT_001,EMP_02234,SITE_BLR_01,SHIFT_DAY,TECHNOLOGY,true
TNT_001,EMP_02235,SITE_BLR_02,SHIFT_DAY,OPERATIONS,true
TNT_001,EMP_02236,SITE_BLR_02,SHIFT_NIGHT,SUPPORT,true
TNT_001,EMP_02237,SITE_BLR_02,SHIFT_DAY,OPERATIONS,true
TNT_003,EMP_02238,SITE_NCR_02,SHIFT_NIGHT,OPERATIONS,true
TNT_001,EMP_02239,SITE_BLR_01,SHIFT_DAY,OPERATIONS,true
TNT_001,EMP_02240,SITE_BLR_02,SHIFT_DAY,OPERATIONS,true
TNT_001,EMP_02241,SITE_BLR_02,SHIFT_MORNING,TECHNOLOGY,true
TNT_002,EMP_02242,SITE_HYD_02,SHIFT_DAY,SUPPORT,true
TNT_002,EMP_02243,SITE_HYD_01,SHIFT_DAY,OPERATIONS,true
TNT_003,EMP_02244,SITE_NCR_02,SHIFT_DAY,SUPPORT,true
TNT_001,EMP_02245,SITE_BLR_01,SHIFT_MORNING,TECHNOLOGY,true
TNT_001,EMP_02246,SITE_BLR_02,SHIFT_NIGHT,OPERATIONS,true
TNT_003,EMP_02247,SITE_NCR_01,SHIFT_EVENING,TECHNOLOGY,true
TNT_002,EMP_02248,SITE_HYD_02,SHIFT_EVENING,SUPPORT,true
TNT_001,EMP_02249,SITE_BLR_01,SHIFT_MORNING,TECHNOLOGY,true
TNT_002,EMP_02250,SITE_HYD_01,SHIFT_NIGHT,OPERATIONS,true
TNT_001,EMP_02251,SITE_BLR_02,SHIFT_EVENING,OPERATIONS,true
TNT_001,EMP_02252,SITE_BLR_02,SHIFT_EVENING,OPERATIONS,true
TNT_001,EMP_02253,SITE_BLR_02,SHIFT_MORNING,TECHNOLOGY,true
TNT_001,EMP_02254,SITE_BLR_01,SHIFT_EVENING,SUPPORT,true
TNT_001,EMP_02255,SITE_BLR_02,SHIFT_DAY,SUPPORT,true
TNT_002,EMP_02256,SITE_HYD_01,SHIFT_DAY,TECHNOLOGY,true
TNT_001,EMP_02257,SITE_BLR_02,SHIFT_MORNING,OPERATIONS,true
TNT_003,EMP_02258,SITE_NCR_02,SHIFT_DAY,SUPPORT,true
TNT_002,EMP_02259,SITE_HYD_02,SHIFT_EVENING,OPERATIONS,true
TNT_001,EMP_02260,SITE_BLR_02,SHIFT_EVENING,SUPPORT,true
TNT_002,EMP_02261,SITE_HYD_02,SHIFT_EVENING,TECHNOLOGY,true
TNT_001,EMP_02262,SITE_BLR_01,SHIFT_DAY,SUPPORT,true
TNT_003,EMP_02263,SITE_NCR_02,SHIFT_NIGHT,SUPPORT,true
TNT_003,EMP_02264,SITE_NCR_01,SHIFT_DAY,OPERATIONS,true
TNT_001,EMP_02265,SITE_BLR_02,SHIFT_DAY,OPERATIONS,true
TNT_001,EMP_02266,SITE_BLR_02,SHIFT_NIGHT,SUPPORT,true
TNT_002,EMP_02267,SITE_HYD_02,SHIFT_DAY,OPERATIONS,true
TNT_003,EMP_02268,SITE_NCR_02,SHIFT_EVENING,TECHNOLOGY,true
TNT_001,EMP_02269,SITE_BLR_01,SHIFT_DAY,SUPPORT,true
TNT_001,EMP_02270,SITE_BLR_01,SHIFT_NIGHT,TECHNOLOGY,true
TNT_001,EMP_02271,SITE_BLR_01,SHIFT_DAY,OPERATIONS,true
TNT_001,EMP_02272,SITE_BLR_02,SHIFT_MORNING,OPERATIONS,true
TNT_002,EMP_02273,SITE_HYD_02,SHIFT_MORNING,OPERATIONS,true
TNT_001,EMP_02274,SITE_BLR_01,SHIFT_DAY,OPERATIONS,true
TNT_001,EMP_02275,SITE_BLR_01,SHIFT_NIGHT,OPERATIONS,true
TNT_001,EMP_02276,SITE_BLR_01,SHIFT_DAY,OPERATIONS,true
TNT_002,EMP_02277,SITE_HYD_02,SHIFT_DAY,TECHNOLOGY,true
TNT_001,EMP_02278,SITE_BLR_01,SHIFT_NIGHT,OPERATIONS,true
TNT_001,EMP_02279,SITE_BLR_02,SHIFT_EVENING,OPERATIONS,true
TNT_002,EMP_02280,SITE_HYD_01,SHIFT_NIGHT,SUPPORT,true
TNT_002,EMP_02281,SITE_HYD_01,SHIFT_EVENING,SUPPORT,true
TNT_001,EMP_02282,SITE_BLR_02,SHIFT_DAY,TECHNOLOGY,true
TNT_002,EMP_02283,SITE_HYD_02,SHIFT_DAY,TECHNOLOGY,true
TNT_001,EMP_02284,SITE_BLR_01,SHIFT_DAY,OPERATIONS,true
TNT_001,EMP_02285,SITE_BLR_01,SHIFT_EVENING,OPERATIONS,true
TNT_003,EMP_02286,SITE_NCR_01,SHIFT_EVENING,TECHNOLOGY,true
TNT_001,EMP_02287,SITE_BLR_01,SHIFT_DAY,OPERATIONS,true
TNT_001,EMP_02288,SITE_BLR_01,SHIFT_DAY,SUPPORT,true
TNT_001,EMP_02289,SITE_BLR_01,SHIFT_EVENING,OPERATIONS,true
TNT_002,EMP_02290,SITE_HYD_01,SHIFT_EVENING,TECHNOLOGY,true
TNT_001,EMP_02291,SITE_BLR_02,SHIFT_DAY,OPERATIONS,true
TNT_001,EMP_02292,SITE_BLR_02,SHIFT_NIGHT,SUPPORT,true
TNT_001,EMP_02293,SITE_BLR_02,SHIFT_NIGHT,TECHNOLOGY,true
TNT_001,EMP_02294,SITE_BLR_01,SHIFT_DAY,TECHNOLOGY,true
TNT_003,EMP_02295,SITE_NCR_02,SHIFT_NIGHT,TECHNOLOGY,true
TNT_002,EMP_02296,SITE_HYD_02,SHIFT_EVENING,TECHNOLOGY,true
TNT_001,EMP_02297,SITE_BLR_02,SHIFT_EVENING,SUPPORT,true
TNT_001,EMP_02298,SITE_BLR_02,SHIFT_EVENING,OPERATIONS,true
TNT_001,EMP_02299,SITE_BLR_01,SHIFT_EVENING,OPERATIONS,true
TNT_001,EMP_02300,SITE_BLR_01,SHIFT_MORNING,OPERATIONS,true
TNT_001,EMP_02301,SITE_BLR_01,SHIFT_DAY,TECHNOLOGY,true
TNT_001,EMP_02302,SITE_BLR_02,SHIFT_DAY,SUPPORT,true
TNT_001,EMP_02303,SITE_BLR_01,SHIFT_EVENING,OPERATIONS,true
TNT_002,EMP_02304,SITE_HYD_02,SHIFT_EVENING,OPERATIONS,true
TNT_001,EMP_02305,SITE_BLR_01,SHIFT_MORNING,TECHNOLOGY,true
TNT_001,EMP_02306,SITE_BLR_01,SHIFT_DAY,SUPPORT,true
TNT_002,EMP_02307,SITE_HYD_01,SHIFT_DAY,SUPPORT,true
TNT_002,EMP_02308,SITE_HYD_01,SHIFT_DAY,TECHNOLOGY,true
TNT_003,EMP_02309,SITE_NCR_01,SHIFT_DAY,OPERATIONS,true
TNT_001,EMP_02310,SITE_BLR_02,SHIFT_MORNING,OPERATIONS,true
TNT_001,EMP_02311,SITE_BLR_01,SHIFT_EVENING,OPERATIONS,true
TNT_001,EMP_02312,SITE_BLR_02,SHIFT_NIGHT,OPERATIONS,true
TNT_001,EMP_02313,SITE_BLR_02,SHIFT_EVENING,SUPPORT,true
TNT_001,EMP_02314,SITE_BLR_01,SHIFT_NIGHT,SUPPORT,true
TNT_001,EMP_02315,SITE_BLR_02,SHIFT_EVENING,OPERATIONS,true
TNT_001,EMP_02316,SITE_BLR_02,SHIFT_MORNING,SUPPORT,true
TNT_001,EMP_02317,SITE_BLR_01,SHIFT_DAY,OPERATIONS,true
TNT_001,EMP_02318,SITE_BLR_01,SHIFT_NIGHT,SUPPORT,true
TNT_001,EMP_02319,SITE_BLR_02,SHIFT_MORNING,OPERATIONS,true
TNT_001,EMP_02320,SITE_BLR_01,SHIFT_NIGHT,TECHNOLOGY,true
TNT_001,EMP_02321,SITE_BLR_02,SHIFT_DAY,OPERATIONS,true
TNT_002,EMP_02322,SITE_HYD_02,SHIFT_DAY,OPERATIONS,true
TNT_001,EMP_02323,SITE_BLR_02,SHIFT_DAY,TECHNOLOGY,true
TNT_001,EMP_02324,SITE_BLR_02,SHIFT_NIGHT,OPERATIONS,true
TNT_001,EMP_02325,SITE_BLR_01,SHIFT_DAY,OPERATIONS,true
TNT_001,EMP_02326,SITE_BLR_01,SHIFT_MORNING,OPERATIONS,true
TNT_001,EMP_02327,SITE_BLR_02,SHIFT_DAY,SUPPORT,true
TNT_002,EMP_02328,SITE_HYD_02,SHIFT_DAY,OPERATIONS,true
TNT_001,EMP_02329,SITE_BLR_01,SHIFT_DAY,SUPPORT,true
TNT_002,EMP_02330,SITE_HYD_02,SHIFT_DAY,SUPPORT,true
TNT_002,EMP_02331,SITE_HYD_02,SHIFT_DAY,SUPPORT,true
TNT_001,EMP_02332,SITE_BLR_01,SHIFT_MORNING,OPERATIONS,true
TNT_002,EMP_02333,SITE_HYD_01,SHIFT_DAY,OPERATIONS,true
TNT_002,EMP_02334,SITE_HYD_02,SHIFT_MORNING,TECHNOLOGY,true
TNT_001,EMP_02335,SITE_BLR_02,SHIFT_EVENING,OPERATIONS,true
TNT_001,EMP_02336,SITE_BLR_01,SHIFT_DAY,OPERATIONS,true
TNT_003,EMP_02337,SITE_NCR_02,SHIFT_DAY,OPERATIONS,true
TNT_001,EMP_02338,SITE_BLR_02,SHIFT_DAY,OPERATIONS,true
TNT_002,EMP_02339,SITE_HYD_02,SHIFT_NIGHT,TECHNOLOGY,true
TNT_003,EMP_02340,SITE_NCR_01,SHIFT_DAY,SUPPORT,true
TNT_003,EMP_02341,SITE_NCR_02,SHIFT_EVENING,OPERATIONS,true
TNT_001,EMP_02342,SITE_BLR_02,SHIFT_EVENING,SUPPORT,true
TNT_003,EMP_02343,SITE_NCR_01,SHIFT_EVENING,TECHNOLOGY,true
TNT_001,EMP_02344,SITE_BLR_01,SHIFT_NIGHT,TECHNOLOGY,true
TNT_003,EMP_02345,SITE_NCR_02,SHIFT_EVENING,TECHNOLOGY,true
TNT_002,EMP_02346,SITE_HYD_01,SHIFT_NIGHT,OPERATIONS,true
TNT_001,EMP_02347,SITE_BLR_02,SHIFT_DAY,TECHNOLOGY,true
TNT_001,EMP_02348,SITE_BLR_01,SHIFT_NIGHT,TECHNOLOGY,true
TNT_001,EMP_02349,SITE_BLR_02,SHIFT_DAY,OPERATIONS,true
TNT_001,EMP_02350,SITE_BLR_02,SHIFT_DAY,TECHNOLOGY,true
TNT_003,EMP_02351,SITE_NCR_01,SHIFT_EVENING,OPERATIONS,true
TNT_003,EMP_02352,SITE_NCR_01,SHIFT_EVENING,OPERATIONS,true
TNT_001,EMP_02353,SITE_BLR_01,SHIFT_DAY,SUPPORT,true
TNT_003,EMP_02354,SITE_NCR_02,SHIFT_DAY,TECHNOLOGY,true
TNT_001,EMP_02355,SITE_BLR_01,SHIFT_EVENING,SUPPORT,true
TNT_001,EMP_02356,SITE_BLR_02,SHIFT_EVENING,OPERATIONS,true
TNT_002,EMP_02357,SITE_HYD_01,SHIFT_NIGHT,TECHNOLOGY,true
TNT_001,EMP_02358,SITE_BLR_01,SHIFT_DAY,OPERATIONS,true
TNT_001,EMP_02359,SITE_BLR_01,SHIFT_EVENING,SUPPORT,true
TNT_001,EMP_02360,SITE_BLR_01,SHIFT_NIGHT,OPERATIONS,true
TNT_003,EMP_02361,SITE_NCR_01,SHIFT_EVENING,OPERATIONS,true
TNT_002,EMP_02362,SITE_HYD_01,SHIFT_DAY,OPERATIONS,true
TNT_001,EMP_02363,SITE_BLR_01,SHIFT_EVENING,OPERATIONS,true
TNT_001,EMP_02364,SITE_BLR_02,SHIFT_NIGHT,OPERATIONS,true
TNT_001,EMP_02365,SITE_BLR_01,SHIFT_MORNING,OPERATIONS,true
TNT_002,EMP_02366,SITE_HYD_01,SHIFT_NIGHT,TECHNOLOGY,true
TNT_002,EMP_02367,SITE_HYD_01,SHIFT_DAY,SUPPORT,true
TNT_002,EMP_02368,SITE_HYD_02,SHIFT_EVENING,TECHNOLOGY,true
TNT_001,EMP_02369,SITE_BLR_01,SHIFT_MORNING,SUPPORT,true
TNT_002,EMP_02370,SITE_HYD_02,SHIFT_EVENING,TECHNOLOGY,true
TNT_003,EMP_02371,SITE_NCR_01,SHIFT_NIGHT,TECHNOLOGY,true
TNT_002,EMP_02372,SITE_HYD_01,SHIFT_EVENING,SUPPORT,true
TNT_003,EMP_02373,SITE_NCR_01,SHIFT_DAY,OPERATIONS,true
TNT_001,EMP_02374,SITE_BLR_01,SHIFT_DAY,OPERATIONS,true
TNT_003,EMP_02375,SITE_NCR_02,SHIFT_NIGHT,OPERATIONS,true
TNT_001,EMP_02376,SITE_BLR_02,SHIFT_DAY,TECHNOLOGY,true
TNT_001,EMP_02377,SITE_BLR_01,SHIFT_NIGHT,SUPPORT,true
TNT_002,EMP_02378,SITE_HYD_02,SHIFT_MORNING,TECHNOLOGY,true
TNT_001,EMP_02379,SITE_BLR_01,SHIFT_DAY,OPERATIONS,true
TNT_001,EMP_02380,SITE_BLR_01,SHIFT_EVENING,SUPPORT,true
TNT_001,EMP_02381,SITE_BLR_02,SHIFT_MORNING,OPERATIONS,true
TNT_002,EMP_02382,SITE_HYD_01,SHIFT_NIGHT,OPERATIONS,true
TNT_003,EMP_02383,SITE_NCR_01,SHIFT_MORNING,SUPPORT,true
TNT_001,EMP_02384,SITE_BLR_02,SHIFT_MORNING,SUPPORT,true
TNT_002,EMP_02385,SITE_HYD_02,SHIFT_EVENING,OPERATIONS,true
TNT_001,EMP_02386,SITE_BLR_01,SHIFT_DAY,TECHNOLOGY,true
TNT_001,EMP_02387,SITE_BLR_01,SHIFT_NIGHT,SUPPORT,true
TNT_001,EMP_02388,SITE_BLR_01,SHIFT_MORNING,SUPPORT,true
TNT_001,EMP_02389,SITE_BLR_02,SHIFT_DAY,SUPPORT,true
TNT_003,EMP_02390,SITE_NCR_02,SHIFT_EVENING,TECHNOLOGY,true
TNT_002,EMP_02391,SITE_HYD_02,SHIFT_DAY,OPERATIONS,true
TNT_001,EMP_02392,SITE_BLR_01,SHIFT_NIGHT,TECHNOLOGY,true
TNT_002,EMP_02393,SITE_HYD_02,SHIFT_MORNING,TECHNOLOGY,true
TNT_001,EMP_02394,SITE_BLR_01,SHIFT_DAY,OPERATIONS,true
TNT_001,EMP_02395,SITE_BLR_01,SHIFT_DAY,OPERATIONS,true
TNT_001,EMP_02396,SITE_BLR_01,SHIFT_DAY,OPERATIONS,true
TNT_003,EMP_02397,SITE_NCR_02,SHIFT_MORNING,OPERATIONS,true
TNT_003,EMP_02398,SITE_NCR_01,SHIFT_DAY,OPERATIONS,true
TNT_001,EMP_02399,SITE_BLR_02,SHIFT_NIGHT,TECHNOLOGY,true
TNT_002,EMP_02400,SITE_HYD_02,SHIFT_MORNING,SUPPORT,true
TNT_001,EMP_02401,SITE_BLR_02,SHIFT_NIGHT,TECHNOLOGY,true
TNT_001,EMP_02402,SITE_BLR_01,SHIFT_EVENING,OPERATIONS,true
TNT_001,EMP_02403,SITE_BLR_01,SHIFT_DAY,SUPPORT,true
TNT_002,EMP_02404,SITE_HYD_02,SHIFT_DAY,OPERATIONS,true
TNT_002,EMP_02405,SITE_HYD_02,SHIFT_MORNING,TECHNOLOGY,true
TNT_001,EMP_02406,SITE_BLR_01,SHIFT_DAY,TECHNOLOGY,true
TNT_001,EMP_02407,SITE_BLR_02,SHIFT_MORNING,TECHNOLOGY,true
TNT_001,EMP_02408,SITE_BLR_02,SHIFT_EVENING,TECHNOLOGY,true
TNT_001,EMP_02409,SITE_BLR_01,SHIFT_NIGHT,SUPPORT,true
TNT_002,EMP_02410,SITE_HYD_02,SHIFT_MORNING,SUPPORT,true
TNT_003,EMP_02411,SITE_NCR_01,SHIFT_MORNING,OPERATIONS,false
TNT_001,EMP_02412,SITE_BLR_01,SHIFT_DAY,OPERATIONS,true
TNT_002,EMP_02413,SITE_HYD_01,SHIFT_DAY,TECHNOLOGY,true
TNT_001,EMP_02414,SITE_BLR_02,SHIFT_MORNING,SUPPORT,true
TNT_001,EMP_02415,SITE_BLR_01,SHIFT_NIGHT,OPERATIONS,true
TNT_001,EMP_02416,SITE_BLR_01,SHIFT_MORNING,SUPPORT,true
TNT_001,EMP_02417,SITE_BLR_01,SHIFT_EVENING,SUPPORT,true
TNT_003,EMP_02418,SITE_NCR_01,SHIFT_DAY,OPERATIONS,true
TNT_001,EMP_02419,SITE_BLR_02,SHIFT_NIGHT,TECHNOLOGY,true
TNT_001,EMP_02420,SITE_BLR_02,SHIFT_DAY,TECHNOLOGY,true
TNT_001,EMP_02421,SITE_BLR_01,SHIFT_MORNING,OPERATIONS,true
TNT_003,EMP_02422,SITE_NCR_02,SHIFT_NIGHT,SUPPORT,true
TNT_001,EMP_02423,SITE_BLR_01,SHIFT_DAY,OPERATIONS,true
TNT_002,EMP_02424,SITE_HYD_02,SHIFT_EVENING,SUPPORT,true
TNT_002,EMP_02425,SITE_HYD_02,SHIFT_DAY,TECHNOLOGY,true
TNT_002,EMP_02426,SITE_HYD_01,SHIFT_NIGHT,TECHNOLOGY,true
TNT_001,EMP_02427,SITE_BLR_01,SHIFT_EVENING,OPERATIONS,true
TNT_001,EMP_02428,SITE_BLR_01,SHIFT_MORNING,OPERATIONS,true
TNT_001,EMP_02429,SITE_BLR_02,SHIFT_MORNING,OPERATIONS,true
TNT_002,EMP_02430,SITE_HYD_02,SHIFT_MORNING,SUPPORT,true
TNT_001,EMP_02431,SITE_BLR_02,SHIFT_DAY,SUPPORT,true
TNT_001,EMP_02432,SITE_BLR_02,SHIFT_DAY,TECHNOLOGY,true
TNT_001,EMP_02433,SITE_BLR_02,SHIFT_EVENING,OPERATIONS,true
TNT_002,EMP_02434,SITE_HYD_02,SHIFT_NIGHT,SUPPORT,true
TNT_001,EMP_02435,SITE_BLR_02,SHIFT_MORNING,SUPPORT,true
TNT_002,EMP_02436,SITE_HYD_01,SHIFT_EVENING,TECHNOLOGY,true
TNT_002,EMP_02437,SITE_HYD_02,SHIFT_MORNING,OPERATIONS,true
TNT_002,EMP_02438,SITE_HYD_01,SHIFT_DAY,OPERATIONS,true
TNT_002,EMP_02439,SITE_HYD_02,SHIFT_NIGHT,OPERATIONS,true
TNT_001,EMP_02440,SITE_BLR_02,SHIFT_DAY,SUPPORT,true
TNT_001,EMP_02441,SITE_BLR_02,SHIFT_EVENING,SUPPORT,true
TNT_001,EMP_02442,SITE_BLR_02,SHIFT_MORNING,TECHNOLOGY,true
TNT_003,EMP_02443,SITE_NCR_01,SHIFT_MORNING,TECHNOLOGY,true
TNT_003,EMP_02444,SITE_NCR_02,SHIFT_MORNING,OPERATIONS,true
TNT_001,EMP_02445,SITE_BLR_01,SHIFT_DAY,OPERATIONS,true
TNT_003,EMP_02446,SITE_NCR_01,SHIFT_DAY,OPERATIONS,true
TNT_001,EMP_02447,SITE_BLR_02,SHIFT_NIGHT,OPERATIONS,true
TNT_002,EMP_02448,SITE_HYD_02,SHIFT_MORNING,TECHNOLOGY,true
TNT_001,EMP_02449,SITE_BLR_01,SHIFT_MORNING,TECHNOLOGY,true
TNT_003,EMP_02450,SITE_NCR_02,SHIFT_MORNING,OPERATIONS,true
TNT_001,EMP_02451,SITE_BLR_01,SHIFT_NIGHT,OPERATIONS,true
TNT_002,EMP_02452,SITE_HYD_01,SHIFT_EVENING,OPERATIONS,true
TNT_001,EMP_02453,SITE_BLR_02,SHIFT_DAY,TECHNOLOGY,true
TNT_001,EMP_02454,SITE_BLR_01,SHIFT_EVENING,SUPPORT,true
TNT_001,EMP_02455,SITE_BLR_02,SHIFT_EVENING,OPERATIONS,true
TNT_001,EMP_02456,SITE_BLR_01,SHIFT_MORNING,OPERATIONS,true
TNT_001,EMP_02457,SITE_BLR_01,SHIFT_MORNING,TECHNOLOGY,true
TNT_003,EMP_02458,SITE_NCR_01,SHIFT_NIGHT,SUPPORT,true
TNT_001,EMP_02459,SITE_BLR_02,SHIFT_EVENING,OPERATIONS,true
TNT_001,EMP_02460,SITE_BLR_02,SHIFT_NIGHT,OPERATIONS,true
TNT_003,EMP_02461,SITE_NCR_01,SHIFT_MORNING,OPERATIONS,true
TNT_001,EMP_02462,SITE_BLR_02,SHIFT_DAY,OPERATIONS,true
TNT_001,EMP_02463,SITE_BLR_02,SHIFT_NIGHT,SUPPORT,true
TNT_001,EMP_02464,SITE_BLR_02,SHIFT_MORNING,OPERATIONS,true
TNT_001,EMP_02465,SITE_BLR_02,SHIFT_DAY,SUPPORT,true
TNT_001,EMP_02466,SITE_BLR_02,SHIFT_NIGHT,TECHNOLOGY,true
TNT_003,EMP_02467,SITE_NCR_02,SHIFT_NIGHT,SUPPORT,true
TNT_001,EMP_02468,SITE_BLR_02,SHIFT_MORNING,TECHNOLOGY,true
TNT_001,EMP_02469,SITE_BLR_02,SHIFT_EVENING,TECHNOLOGY,true
TNT_001,EMP_02470,SITE_BLR_02,SHIFT_MORNING,OPERATIONS,true
TNT_002,EMP_02471,SITE_HYD_02,SHIFT_NIGHT,TECHNOLOGY,true
TNT_001,EMP_02472,SITE_BLR_01,SHIFT_EVENING,OPERATIONS,true
TNT_001,EMP_02473,SITE_BLR_02,SHIFT_DAY,SUPPORT,true
TNT_001,EMP_02474,SITE_BLR_02,SHIFT_NIGHT,OPERATIONS,true
TNT_001,EMP_02475,SITE_BLR_02,SHIFT_MORNING,SUPPORT,true
TNT_003,EMP_02476,SITE_NCR_01,SHIFT_DAY,TECHNOLOGY,true
TNT_001,EMP_02477,SITE_BLR_01,SHIFT_EVENING,OPERATIONS,true
TNT_001,EMP_02478,SITE_BLR_02,SHIFT_MORNING,OPERATIONS,true
TNT_001,EMP_02479,SITE_BLR_01,SHIFT_NIGHT,OPERATIONS,true
TNT_002,EMP_02480,SITE_HYD_01,SHIFT_MORNING,OPERATIONS,true
TNT_002,EMP_02481,SITE_HYD_01,SHIFT_DAY,OPERATIONS,true
TNT_001,EMP_02482,SITE_BLR_02,SHIFT_NIGHT,OPERATIONS,true
TNT_003,EMP_02483,SITE_NCR_02,SHIFT_NIGHT,OPERATIONS,true
TNT_001,EMP_02484,SITE_BLR_01,SHIFT_NIGHT,SUPPORT,true
TNT_001,EMP_02485,SITE_BLR_02,SHIFT_MORNING,TECHNOLOGY,true
TNT_002,EMP_02486,SITE_HYD_01,SHIFT_MORNING,OPERATIONS,true
TNT_001,EMP_02487,SITE_BLR_01,SHIFT_DAY,TECHNOLOGY,true
TNT_003,EMP_02488,SITE_NCR_01,SHIFT_DAY,SUPPORT,true
TNT_001,EMP_02489,SITE_BLR_01,SHIFT_EVENING,OPERATIONS,true
TNT_001,EMP_02490,SITE_BLR_01,SHIFT_EVENING,OPERATIONS,true
TNT_001,EMP_02491,SITE_BLR_02,SHIFT_MORNING,TECHNOLOGY,true
TNT_001,EMP_02492,SITE_BLR_02,SHIFT_MORNING,TECHNOLOGY,true
TNT_001,EMP_02493,SITE_BLR_01,SHIFT_NIGHT,OPERATIONS,true
TNT_002,EMP_02494,SITE_HYD_02,SHIFT_DAY,SUPPORT,true
TNT_003,EMP_02495,SITE_NCR_02,SHIFT_DAY,OPERATIONS,true
TNT_001,EMP_02496,SITE_BLR_01,SHIFT_DAY,TECHNOLOGY,true
TNT_003,EMP_02497,SITE_NCR_02,SHIFT_EVENING,OPERATIONS,true
TNT_001,EMP_02498,SITE_BLR_01,SHIFT_MORNING,OPERATIONS,true
TNT_003,EMP_02499,SITE_NCR_02,SHIFT_DAY,SUPPORT,true
TNT_002,EMP_02500,SITE_HYD_02,SHIFT_DAY,OPERATIONS,true
TNT_003,EMP_02501,SITE_NCR_01,SHIFT_MORNING,OPERATIONS,true
TNT_001,EMP_02502,SITE_BLR_01,SHIFT_MORNING,TECHNOLOGY,true
TNT_002,EMP_02503,SITE_HYD_01,SHIFT_MORNING,OPERATIONS,true
TNT_002,EMP_02504,SITE_HYD_01,SHIFT_MORNING,OPERATIONS,true
TNT_003,EMP_02505,SITE_NCR_02,SHIFT_EVENING,OPERATIONS,true
TNT_002,EMP_02506,SITE_HYD_01,SHIFT_DAY,SUPPORT,true
TNT_002,EMP_02507,SITE_HYD_01,SHIFT_NIGHT,OPERATIONS,true
TNT_002,EMP_02508,SITE_HYD_01,SHIFT_DAY,TECHNOLOGY,true
TNT_001,EMP_02509,SITE_BLR_02,SHIFT_EVENING,OPERATIONS,true
TNT_003,EMP_02510,SITE_NCR_02,SHIFT_DAY,OPERATIONS,true
TNT_001,EMP_02511,SITE_BLR_01,SHIFT_DAY,OPERATIONS,true
TNT_002,EMP_02512,SITE_HYD_02,SHIFT_EVENING,TECHNOLOGY,true
TNT_001,EMP_02513,SITE_BLR_01,SHIFT_EVENING,TECHNOLOGY,true
TNT_001,EMP_02514,SITE_BLR_02,SHIFT_NIGHT,OPERATIONS,true
TNT_001,EMP_02515,SITE_BLR_02,SHIFT_DAY,OPERATIONS,true
TNT_002,EMP_02516,SITE_HYD_01,SHIFT_EVENING,OPERATIONS,true
TNT_002,EMP_02517,SITE_HYD_01,SHIFT_NIGHT,OPERATIONS,true
TNT_001,EMP_02518,SITE_BLR_01,SHIFT_DAY,OPERATIONS,true
TNT_001,EMP_02519,SITE_BLR_01,SHIFT_MORNING,OPERATIONS,true
TNT_002,EMP_02520,SITE_HYD_02,SHIFT_MORNING,TECHNOLOGY,true
TNT_002,EMP_02521,SITE_HYD_01,SHIFT_NIGHT,TECHNOLOGY,true
TNT_001,EMP_02522,SITE_BLR_01,SHIFT_DAY,SUPPORT,true
TNT_001,EMP_02523,SITE_BLR_01,SHIFT_EVENING,SUPPORT,true
TNT_003,EMP_02524,SITE_NCR_02,SHIFT_MORNING,OPERATIONS,true
TNT_001,EMP_02525,SITE_BLR_01,SHIFT_MORNING,SUPPORT,true
TNT_001,EMP_02526,SITE_BLR_01,SHIFT_EVENING,OPERATIONS,true
TNT_002,EMP_02527,SITE_HYD_02,SHIFT_MORNING,OPERATIONS,true
TNT_001,EMP_02528,SITE_BLR_02,SHIFT_DAY,TECHNOLOGY,true
TNT_002,EMP_02529,SITE_HYD_02,SHIFT_DAY,OPERATIONS,true
TNT_001,EMP_02530,SITE_BLR_02,SHIFT_DAY,TECHNOLOGY,true
TNT_002,EMP_02531,SITE_HYD_01,SHIFT_MORNING,OPERATIONS,true
TNT_001,EMP_02532,SITE_BLR_01,SHIFT_MORNING,OPERATIONS,true
TNT_001,EMP_02533,SITE_BLR_02,SHIFT_MORNING,OPERATIONS,true
TNT_003,EMP_02534,SITE_NCR_01,SHIFT_MORNING,TECHNOLOGY,true
TNT_001,EMP_02535,SITE_BLR_02,SHIFT_MORNING,TECHNOLOGY,true
TNT_001,EMP_02536,SITE_BLR_01,SHIFT_NIGHT,SUPPORT,true
TNT_003,EMP_02537,SITE_NCR_02,SHIFT_MORNING,TECHNOLOGY,true
TNT_003,EMP_02538,SITE_NCR_01,SHIFT_NIGHT,TECHNOLOGY,true
TNT_002,EMP_02539,SITE_HYD_01,SHIFT_MORNING,OPERATIONS,true
TNT_003,EMP_02540,SITE_NCR_01,SHIFT_DAY,OPERATIONS,true
TNT_001,EMP_02541,SITE_BLR_02,SHIFT_NIGHT,TECHNOLOGY,true
TNT_001,EMP_02542,SITE_BLR_01,SHIFT_MORNING,TECHNOLOGY,true
TNT_001,EMP_02543,SITE_BLR_01,SHIFT_MORNING,TECHNOLOGY,true
TNT_003,EMP_02544,SITE_NCR_01,SHIFT_EVENING,OPERATIONS,true
TNT_002,EMP_02545,SITE_HYD_02,SHIFT_DAY,OPERATIONS,true
TNT_002,EMP_02546,SITE_HYD_02,SHIFT_EVENING,TECHNOLOGY,true
TNT_001,EMP_02547,SITE_BLR_01,SHIFT_EVENING,SUPPORT,true
TNT_001,EMP_02548,SITE_BLR_01,SHIFT_DAY,TECHNOLOGY,true
TNT_003,EMP_02549,SITE_NCR_02,SHIFT_MORNING,OPERATIONS,true
TNT_003,EMP_02550,SITE_NCR_02,SHIFT_EVENING,OPERATIONS,true
TNT_003,EMP_02551,SITE_NCR_02,SHIFT_NIGHT,OPERATIONS,true
TNT_002,EMP_02552,SITE_HYD_02,SHIFT_EVENING,TECHNOLOGY,true
TNT_003,EMP_02553,SITE_NCR_01,SHIFT_DAY,TECHNOLOGY,true
TNT_002,EMP_02554,SITE_HYD_02,SHIFT_DAY,SUPPORT,true
TNT_001,EMP_02555,SITE_BLR_02,SHIFT_EVENING,TECHNOLOGY,true
TNT_002,EMP_02556,SITE_HYD_02,SHIFT_MORNING,OPERATIONS,true
TNT_002,EMP_02557,SITE_HYD_01,SHIFT_EVENING,OPERATIONS,true
TNT_002,EMP_02558,SITE_HYD_02,SHIFT_MORNING,OPERATIONS,true
TNT_001,EMP_02559,SITE_BLR_01,SHIFT_DAY,TECHNOLOGY,true
TNT_001,EMP_02560,SITE_BLR_02,SHIFT_MORNING,OPERATIONS,true
TNT_001,EMP_02561,SITE_BLR_02,SHIFT_EVENING,SUPPORT,true
TNT_002,EMP_02562,SITE_HYD_01,SHIFT_DAY,OPERATIONS,true
TNT_001,EMP_02563,SITE_BLR_02,SHIFT_DAY,TECHNOLOGY,true
TNT_001,EMP_02564,SITE_BLR_02,SHIFT_DAY,SUPPORT,true
TNT_003,EMP_02565,SITE_NCR_01,SHIFT_NIGHT,SUPPORT,true
TNT_002,EMP_02566,SITE_HYD_01,SHIFT_MORNING,SUPPORT,true
TNT_001,EMP_02567,SITE_BLR_01,SHIFT_NIGHT,SUPPORT,true
TNT_001,EMP_02568,SITE_BLR_01,SHIFT_DAY,OPERATIONS,true
TNT_001,EMP_02569,SITE_BLR_01,SHIFT_DAY,OPERATIONS,true
TNT_002,EMP_02570,SITE_HYD_01,SHIFT_DAY,OPERATIONS,true
TNT_001,EMP_02571,SITE_BLR_01,SHIFT_DAY,SUPPORT,true
TNT_003,EMP_02572,SITE_NCR_01,SHIFT_NIGHT,TECHNOLOGY,true
TNT_001,EMP_02573,SITE_BLR_02,SHIFT_DAY,SUPPORT,true
TNT_002,EMP_02574,SITE_HYD_01,SHIFT_DAY,SUPPORT,true
TNT_002,EMP_02575,SITE_HYD_02,SHIFT_NIGHT,OPERATIONS,true
TNT_002,EMP_02576,SITE_HYD_01,SHIFT_DAY,TECHNOLOGY,true
TNT_003,EMP_02577,SITE_NCR_01,SHIFT_DAY,OPERATIONS,true
TNT_002,EMP_02578,SITE_HYD_01,SHIFT_MORNING,TECHNOLOGY,true
TNT_002,EMP_02579,SITE_HYD_01,SHIFT_MORNING,OPERATIONS,true
TNT_002,EMP_02580,SITE_HYD_01,SHIFT_EVENING,OPERATIONS,true
TNT_001,EMP_02581,SITE_BLR_02,SHIFT_MORNING,TECHNOLOGY,true
TNT_001,EMP_02582,SITE_BLR_02,SHIFT_DAY,SUPPORT,true
TNT_001,EMP_02583,SITE_BLR_01,SHIFT_MORNING,TECHNOLOGY,true
TNT_001,EMP_02584,SITE_BLR_01,SHIFT_NIGHT,OPERATIONS,true
TNT_001,EMP_02585,SITE_BLR_02,SHIFT_DAY,SUPPORT,true
TNT_001,EMP_02586,SITE_BLR_01,SHIFT_MORNING,TECHNOLOGY,true
TNT_003,EMP_02587,SITE_NCR_01,SHIFT_MORNING,TECHNOLOGY,true
TNT_001,EMP_02588,SITE_BLR_01,SHIFT_MORNING,OPERATIONS,true
TNT_002,EMP_02589,SITE_HYD_01,SHIFT_DAY,TECHNOLOGY,true
TNT_003,EMP_02590,SITE_NCR_01,SHIFT_DAY,SUPPORT,true
TNT_001,EMP_02591,SITE_BLR_01,SHIFT_DAY,TECHNOLOGY,true
TNT_002,EMP_02592,SITE_HYD_01,SHIFT_DAY,TECHNOLOGY,true
TNT_002,EMP_02593,SITE_HYD_01,SHIFT_EVENING,SUPPORT,true
TNT_001,EMP_02594,SITE_BLR_01,SHIFT_NIGHT,OPERATIONS,true
TNT_003,EMP_02595,SITE_NCR_02,SHIFT_DAY,OPERATIONS,true
TNT_002,EMP_02596,SITE_HYD_02,SHIFT_MORNING,OPERATIONS,true
TNT_002,EMP_02597,SITE_HYD_01,SHIFT_EVENING,SUPPORT,true
TNT_001,EMP_02598,SITE_BLR_02,SHIFT_DAY,SUPPORT,true
TNT_001,EMP_02599,SITE_BLR_02,SHIFT_EVENING,TECHNOLOGY,true
TNT_003,EMP_02600,SITE_NCR_02,SHIFT_EVENING,SUPPORT,true
TNT_001,EMP_02601,SITE_BLR_02,SHIFT_MORNING,OPERATIONS,true
TNT_001,EMP_02602,SITE_BLR_01,SHIFT_NIGHT,OPERATIONS,true
TNT_002,EMP_02603,SITE_HYD_01,SHIFT_DAY,SUPPORT,true
TNT_002,EMP_02604,SITE_HYD_01,SHIFT_MORNING,OPERATIONS,true
TNT_001,EMP_02605,SITE_BLR_01,SHIFT_EVENING,OPERATIONS,true
TNT_001,EMP_02606,SITE_BLR_02,SHIFT_MORNING,TECHNOLOGY,true
TNT_002,EMP_02607,SITE_HYD_01,SHIFT_EVENING,OPERATIONS,true
TNT_001,EMP_02608,SITE_BLR_01,SHIFT_MORNING,TECHNOLOGY,true
TNT_001,EMP_02609,SITE_BLR_02,SHIFT_EVENING,OPERATIONS,true
TNT_001,EMP_02610,SITE_BLR_01,SHIFT_MORNING,OPERATIONS,true
TNT_001,EMP_02611,SITE_BLR_01,SHIFT_NIGHT,OPERATIONS,true
TNT_001,EMP_02612,SITE_BLR_01,SHIFT_MORNING,OPERATIONS,true
TNT_001,EMP_02613,SITE_BLR_01,SHIFT_EVENING,OPERATIONS,true
TNT_001,EMP_02614,SITE_BLR_01,SHIFT_EVENING,OPERATIONS,true
TNT_001,EMP_02615,SITE_BLR_01,SHIFT_NIGHT,SUPPORT,true
TNT_002,EMP_02616,SITE_HYD_02,SHIFT_DAY,SUPPORT,true
TNT_002,EMP_02617,SITE_HYD_02,SHIFT_DAY,TECHNOLOGY,true
TNT_001,EMP_02618,SITE_BLR_02,SHIFT_MORNING,OPERATIONS,true
TNT_003,EMP_02619,SITE_NCR_01,SHIFT_MORNING,TECHNOLOGY,true
TNT_002,EMP_02620,SITE_HYD_01,SHIFT_DAY,TECHNOLOGY,true
TNT_003,EMP_02621,SITE_NCR_01,SHIFT_DAY,TECHNOLOGY,true
TNT_001,EMP_02622,SITE_BLR_02,SHIFT_NIGHT,OPERATIONS,true
TNT_001,EMP_02623,SITE_BLR_01,SHIFT_DAY,OPERATIONS,true
TNT_002,EMP_02624,SITE_HYD_01,SHIFT_DAY,TECHNOLOGY,true
TNT_003,EMP_02625,SITE_NCR_01,SHIFT_NIGHT,SUPPORT,true
TNT_001,EMP_02626,SITE_BLR_02,SHIFT_DAY,SUPPORT,true
TNT_003,EMP_02627,SITE_NCR_01,SHIFT_NIGHT,TECHNOLOGY,true
TNT_003,EMP_02628,SITE_NCR_01,SHIFT_DAY,SUPPORT,false
TNT_001,EMP_02629,SITE_BLR_01,SHIFT_DAY,SUPPORT,true
TNT_001,EMP_02630,SITE_BLR_01,SHIFT_MORNING,SUPPORT,true
TNT_001,EMP_02631,SITE_BLR_02,SHIFT_MORNING,OPERATIONS,true
TNT_001,EMP_02632,SITE_BLR_02,SHIFT_EVENING,TECHNOLOGY,true
TNT_002,EMP_02633,SITE_HYD_02,SHIFT_MORNING,TECHNOLOGY,true
TNT_001,EMP_02634,SITE_BLR_02,SHIFT_MORNING,TECHNOLOGY,true
TNT_001,EMP_02635,SITE_BLR_02,SHIFT_NIGHT,SUPPORT,true
TNT_001,EMP_02636,SITE_BLR_02,SHIFT_DAY,OPERATIONS,true
TNT_001,EMP_02637,SITE_BLR_01,SHIFT_NIGHT,TECHNOLOGY,true
TNT_001,EMP_02638,SITE_BLR_01,SHIFT_NIGHT,SUPPORT,true
TNT_001,EMP_02639,SITE_BLR_02,SHIFT_MORNING,SUPPORT,true
TNT_001,EMP_02640,SITE_BLR_02,SHIFT_DAY,OPERATIONS,true
TNT_002,EMP_02641,SITE_HYD_01,SHIFT_DAY,OPERATIONS,true
TNT_002,EMP_02642,SITE_HYD_01,SHIFT_MORNING,SUPPORT,true
TNT_001,EMP_02643,SITE_BLR_02,SHIFT_MORNING,OPERATIONS,true
TNT_001,EMP_02644,SITE_BLR_01,SHIFT_NIGHT,TECHNOLOGY,true
TNT_001,EMP_02645,SITE_BLR_01,SHIFT_DAY,TECHNOLOGY,true
TNT_003,EMP_02646,SITE_NCR_01,SHIFT_DAY,OPERATIONS,true
TNT_001,EMP_02647,SITE_BLR_01,SHIFT_EVENING,TECHNOLOGY,true
TNT_001,EMP_02648,SITE_BLR_02,SHIFT_MORNING,OPERATIONS,true
TNT_002,EMP_02649,SITE_HYD_02,SHIFT_NIGHT,SUPPORT,true
TNT_002,EMP_02650,SITE_HYD_02,SHIFT_EVENING,SUPPORT,true
TNT_001,EMP_02651,SITE_BLR_01,SHIFT_EVENING,SUPPORT,true
TNT_001,EMP_02652,SITE_BLR_02,SHIFT_NIGHT,TECHNOLOGY,true
TNT_001,EMP_02653,SITE_BLR_01,SHIFT_DAY,OPERATIONS,true
TNT_001,EMP_02654,SITE_BLR_01,SHIFT_DAY,TECHNOLOGY,true
TNT_002,EMP_02655,SITE_HYD_02,SHIFT_MORNING,OPERATIONS,true
TNT_001,EMP_02656,SITE_BLR_01,SHIFT_DAY,TECHNOLOGY,true
TNT_001,EMP_02657,SITE_BLR_02,SHIFT_EVENING,TECHNOLOGY,true
TNT_003,EMP_02658,SITE_NCR_01,SHIFT_MORNING,TECHNOLOGY,true
TNT_001,EMP_02659,SITE_BLR_01,SHIFT_NIGHT,OPERATIONS,true
TNT_002,EMP_02660,SITE_HYD_02,SHIFT_MORNING,TECHNOLOGY,true
TNT_003,EMP_02661,SITE_NCR_02,SHIFT_DAY,TECHNOLOGY,true
TNT_003,EMP_02662,SITE_NCR_01,SHIFT_EVENING,SUPPORT,true
TNT_001,EMP_02663,SITE_BLR_01,SHIFT_EVENING,OPERATIONS,true
TNT_002,EMP_02664,SITE_HYD_01,SHIFT_DAY,SUPPORT,true
TNT_001,EMP_02665,SITE_BLR_01,SHIFT_DAY,TECHNOLOGY,true
TNT_001,EMP_02666,SITE_BLR_02,SHIFT_DAY,OPERATIONS,true
TNT_001,EMP_02667,SITE_BLR_01,SHIFT_DAY,OPERATIONS,true
TNT_003,EMP_02668,SITE_NCR_01,SHIFT_NIGHT,TECHNOLOGY,true
TNT_001,EMP_02669,SITE_BLR_01,SHIFT_MORNING,SUPPORT,true
TNT_001,EMP_02670,SITE_BLR_01,SHIFT_NIGHT,SUPPORT,true
TNT_003,EMP_02671,SITE_NCR_02,SHIFT_MORNING,TECHNOLOGY,true
TNT_001,EMP_02672,SITE_BLR_02,SHIFT_DAY,OPERATIONS,true
TNT_003,EMP_02673,SITE_NCR_02,SHIFT_EVENING,OPERATIONS,true
TNT_002,EMP_02674,SITE_HYD_01,SHIFT_DAY,OPERATIONS,true
TNT_002,EMP_02675,SITE_HYD_01,SHIFT_MORNING,SUPPORT,true
TNT_001,EMP_02676,SITE_BLR_01,SHIFT_NIGHT,TECHNOLOGY,true
TNT_001,EMP_02677,SITE_BLR_02,SHIFT_NIGHT,OPERATIONS,true
TNT_001,EMP_02678,SITE_BLR_01,SHIFT_DAY,SUPPORT,true
TNT_001,EMP_02679,SITE_BLR_01,SHIFT_NIGHT,TECHNOLOGY,true
TNT_002,EMP_02680,SITE_HYD_01,SHIFT_NIGHT,OPERATIONS,true
TNT_002,EMP_02681,SITE_HYD_02,SHIFT_DAY,TECHNOLOGY,true
TNT_001,EMP_02682,SITE_BLR_02,SHIFT_DAY,OPERATIONS,true
TNT_003,EMP_02683,SITE_NCR_02,SHIFT_EVENING,SUPPORT,true
TNT_001,EMP_02684,SITE_BLR_02,SHIFT_EVENING,OPERATIONS,true
TNT_001,EMP_02685,SITE_BLR_01,SHIFT_EVENING,OPERATIONS,true
TNT_002,EMP_02686,SITE_HYD_01,SHIFT_DAY,TECHNOLOGY,true
TNT_001,EMP_02687,SITE_BLR_01,SHIFT_MORNING,OPERATIONS,true
TNT_002,EMP_02688,SITE_HYD_02,SHIFT_NIGHT,OPERATIONS,true
TNT_001,EMP_02689,SITE_BLR_02,SHIFT_EVENING,OPERATIONS,true
TNT_001,EMP_02690,SITE_BLR_01,SHIFT_MORNING,OPERATIONS,true
TNT_001,EMP_02691,SITE_BLR_01,SHIFT_MORNING,OPERATIONS,true
TNT_001,EMP_02692,SITE_BLR_02,SHIFT_NIGHT,OPERATIONS,true
TNT_003,EMP_02693,SITE_NCR_01,SHIFT_EVENING,OPERATIONS,true
TNT_001,EMP_02694,SITE_BLR_01,SHIFT_DAY,OPERATIONS,true
TNT_002,EMP_02695,SITE_HYD_02,SHIFT_EVENING,SUPPORT,true
TNT_003,EMP_02696,SITE_NCR_02,SHIFT_DAY,TECHNOLOGY,true
TNT_003,EMP_02697,SITE_NCR_01,SHIFT_DAY,TECHNOLOGY,true
TNT_002,EMP_02698,SITE_HYD_01,SHIFT_DAY,TECHNOLOGY,true
TNT_001,EMP_02699,SITE_BLR_02,SHIFT_MORNING,OPERATIONS,true
TNT_002,EMP_02700,SITE_HYD_01,SHIFT_DAY,TECHNOLOGY,true
TNT_001,EMP_02701,SITE_BLR_01,SHIFT_EVENING,SUPPORT,true
TNT_001,EMP_02702,SITE_BLR_02,SHIFT_DAY,SUPPORT,true
TNT_001,EMP_02703,SITE_BLR_01,SHIFT_MORNING,TECHNOLOGY,true
TNT_002,EMP_02704,SITE_HYD_02,SHIFT_DAY,OPERATIONS,true
TNT_001,EMP_02705,SITE_BLR_01,SHIFT_DAY,TECHNOLOGY,true
TNT_001,EMP_02706,SITE_BLR_01,SHIFT_EVENING,OPERATIONS,true
TNT_001,EMP_02707,SITE_BLR_02,SHIFT_DAY,OPERATIONS,true
TNT_001,EMP_02708,SITE_BLR_01,SHIFT_DAY,OPERATIONS,true
TNT_002,EMP_02709,SITE_HYD_02,SHIFT_DAY,OPERATIONS,true
TNT_002,EMP_02710,SITE_HYD_01,SHIFT_NIGHT,TECHNOLOGY,true
TNT_001,EMP_02711,SITE_BLR_01,SHIFT_DAY,OPERATIONS,true
TNT_002,EMP_02712,SITE_HYD_02,SHIFT_MORNING,OPERATIONS,true
TNT_001,EMP_02713,SITE_BLR_01,SHIFT_DAY,OPERATIONS,true
TNT_002,EMP_02714,SITE_HYD_02,SHIFT_DAY,OPERATIONS,true
TNT_002,EMP_02715,SITE_HYD_01,SHIFT_DAY,OPERATIONS,true
TNT_001,EMP_02716,SITE_BLR_02,SHIFT_NIGHT,TECHNOLOGY,true
TNT_002,EMP_02717,SITE_HYD_01,SHIFT_MORNING,SUPPORT,true
TNT_003,EMP_02718,SITE_NCR_02,SHIFT_MORNING,SUPPORT,true
TNT_001,EMP_02719,SITE_BLR_01,SHIFT_EVENING,OPERATIONS,true
TNT_001,EMP_02720,SITE_BLR_01,SHIFT_EVENING,TECHNOLOGY,true
TNT_002,EMP_02721,SITE_HYD_01,SHIFT_EVENING,TECHNOLOGY,true
TNT_003,EMP_02722,SITE_NCR_02,SHIFT_DAY,OPERATIONS,true
TNT_001,EMP_02723,SITE_BLR_02,SHIFT_NIGHT,TECHNOLOGY,true
TNT_003,EMP_02724,SITE_NCR_02,SHIFT_NIGHT,TECHNOLOGY,true
TNT_001,EMP_02725,SITE_BLR_01,SHIFT_MORNING,OPERATIONS,true
TNT_001,EMP_02726,SITE_BLR_02,SHIFT_EVENING,SUPPORT,true
TNT_001,EMP_02727,SITE_BLR_01,SHIFT_DAY,TECHNOLOGY,true
TNT_001,EMP_02728,SITE_BLR_02,SHIFT_EVENING,TECHNOLOGY,true
TNT_001,EMP_02729,SITE_BLR_02,SHIFT_EVENING,SUPPORT,true
TNT_001,EMP_02730,SITE_BLR_02,SHIFT_NIGHT,TECHNOLOGY,true
TNT_002,EMP_02731,SITE_HYD_02,SHIFT_DAY,TECHNOLOGY,true
TNT_003,EMP_02732,SITE_NCR_02,SHIFT_DAY,OPERATIONS,true
TNT_001,EMP_02733,SITE_BLR_02,SHIFT_EVENING,TECHNOLOGY,true
TNT_002,EMP_02734,SITE_HYD_01,SHIFT_DAY,OPERATIONS,true
TNT_001,EMP_02735,SITE_BLR_01,SHIFT_DAY,OPERATIONS,true
TNT_001,EMP_02736,SITE_BLR_01,SHIFT_DAY,OPERATIONS,true
TNT_001,EMP_02737,SITE_BLR_01,SHIFT_NIGHT,OPERATIONS,true
TNT_001,EMP_02738,SITE_BLR_02,SHIFT_NIGHT,OPERATIONS,true
TNT_001,EMP_02739,SITE_BLR_02,SHIFT_DAY,OPERATIONS,true
TNT_002,EMP_02740,SITE_HYD_02,SHIFT_DAY,SUPPORT,true
TNT_001,EMP_02741,SITE_BLR_02,SHIFT_EVENING,TECHNOLOGY,true
TNT_002,EMP_02742,SITE_HYD_02,SHIFT_EVENING,OPERATIONS,true
TNT_001,EMP_02743,SITE_BLR_02,SHIFT_DAY,OPERATIONS,true
TNT_001,EMP_02744,SITE_BLR_01,SHIFT_EVENING,TECHNOLOGY,true
TNT_001,EMP_02745,SITE_BLR_01,SHIFT_DAY,SUPPORT,true
TNT_002,EMP_02746,SITE_HYD_01,SHIFT_MORNING,TECHNOLOGY,true
TNT_001,EMP_02747,SITE_BLR_02,SHIFT_MORNING,TECHNOLOGY,true
TNT_001,EMP_02748,SITE_BLR_02,SHIFT_DAY,SUPPORT,true
TNT_001,EMP_02749,SITE_BLR_02,SHIFT_DAY,TECHNOLOGY,true
TNT_002,EMP_02750,SITE_HYD_02,SHIFT_DAY,TECHNOLOGY,true
TNT_003,EMP_02751,SITE_NCR_01,SHIFT_EVENING,OPERATIONS,true
TNT_001,EMP_02752,SITE_BLR_02,SHIFT_MORNING,OPERATIONS,true
TNT_001,EMP_02753,SITE_BLR_02,SHIFT_NIGHT,OPERATIONS,true
TNT_001,EMP_02754,SITE_BLR_01,SHIFT_MORNING,SUPPORT,true
TNT_003,EMP_02755,SITE_NCR_01,SHIFT_EVENING,OPERATIONS,true
TNT_002,EMP_02756,SITE_HYD_01,SHIFT_NIGHT,TECHNOLOGY,true
TNT_001,EMP_02757,SITE_BLR_01,SHIFT_EVENING,OPERATIONS,true
TNT_002,EMP_02758,SITE_HYD_01,SHIFT_DAY,OPERATIONS,true
TNT_001,EMP_02759,SITE_BLR_01,SHIFT_DAY,SUPPORT,true
TNT_001,EMP_02760,SITE_BLR_01,SHIFT_DAY,SUPPORT,true
TNT_003,EMP_02761,SITE_NCR_02,SHIFT_EVENING,TECHNOLOGY,true
TNT_002,EMP_02762,SITE_HYD_02,SHIFT_DAY,SUPPORT,true
TNT_001,EMP_02763,SITE_BLR_01,SHIFT_MORNING,TECHNOLOGY,true
TNT_001,EMP_02764,SITE_BLR_01,SHIFT_EVENING,OPERATIONS,true
TNT_001,EMP_02765,SITE_BLR_01,SHIFT_DAY,OPERATIONS,true
TNT_001,EMP_02766,SITE_BLR_01,SHIFT_NIGHT,OPERATIONS,true
TNT_001,EMP_02767,SITE_BLR_01,SHIFT_NIGHT,TECHNOLOGY,true
TNT_003,EMP_02768,SITE_NCR_02,SHIFT_DAY,SUPPORT,true
TNT_002,EMP_02769,SITE_HYD_01,SHIFT_NIGHT,OPERATIONS,true
TNT_001,EMP_02770,SITE_BLR_01,SHIFT_DAY,SUPPORT,true
TNT_001,EMP_02771,SITE_BLR_01,SHIFT_EVENING,OPERATIONS,true
TNT_001,EMP_02772,SITE_BLR_01,SHIFT_DAY,SUPPORT,true
TNT_001,EMP_02773,SITE_BLR_02,SHIFT_NIGHT,OPERATIONS,true
TNT_001,EMP_02774,SITE_BLR_01,SHIFT_MORNING,SUPPORT,true
TNT_001,EMP_02775,SITE_BLR_02,SHIFT_DAY,OPERATIONS,true
TNT_001,EMP_02776,SITE_BLR_02,SHIFT_DAY,TECHNOLOGY,true
TNT_001,EMP_02777,SITE_BLR_02,SHIFT_EVENING,OPERATIONS,true
TNT_001,EMP_02778,SITE_BLR_01,SHIFT_NIGHT,TECHNOLOGY,true
TNT_002,EMP_02779,SITE_HYD_01,SHIFT_DAY,OPERATIONS,true
TNT_001,EMP_02780,SITE_BLR_01,SHIFT_DAY,OPERATIONS,true
TNT_001,EMP_02781,SITE_BLR_01,SHIFT_DAY,SUPPORT,true
TNT_003,EMP_02782,SITE_NCR_02,SHIFT_MORNING,OPERATIONS,true
TNT_001,EMP_02783,SITE_BLR_02,SHIFT_MORNING,OPERATIONS,true
TNT_002,EMP_02784,SITE_HYD_01,SHIFT_DAY,OPERATIONS,true
TNT_003,EMP_02785,SITE_NCR_01,SHIFT_DAY,OPERATIONS,true
TNT_001,EMP_02786,SITE_BLR_01,SHIFT_NIGHT,OPERATIONS,true
TNT_002,EMP_02787,SITE_HYD_01,SHIFT_MORNING,OPERATIONS,true
TNT_001,EMP_02788,SITE_BLR_02,SHIFT_DAY,TECHNOLOGY,true
TNT_001,EMP_02789,SITE_BLR_02,SHIFT_MORNING,TECHNOLOGY,true
TNT_002,EMP_02790,SITE_HYD_01,SHIFT_DAY,SUPPORT,true
TNT_001,EMP_02791,SITE_BLR_02,SHIFT_MORNING,TECHNOLOGY,true
TNT_001,EMP_02792,SITE_BLR_02,SHIFT_NIGHT,TECHNOLOGY,true
TNT_001,EMP_02793,SITE_BLR_01,SHIFT_DAY,OPERATIONS,true
TNT_002,EMP_02794,SITE_HYD_02,SHIFT_MORNING,TECHNOLOGY,true
TNT_001,EMP_02795,SITE_BLR_01,SHIFT_MORNING,TECHNOLOGY,true
TNT_002,EMP_02796,SITE_HYD_02,SHIFT_NIGHT,SUPPORT,true
TNT_001,EMP_02797,SITE_BLR_02,SHIFT_MORNING,SUPPORT,true
TNT_001,EMP_02798,SITE_BLR_01,SHIFT_EVENING,SUPPORT,true
TNT_001,EMP_02799,SITE_BLR_02,SHIFT_DAY,SUPPORT,true
TNT_002,EMP_02800,SITE_HYD_01,SHIFT_MORNING,TECHNOLOGY,true
TNT_001,EMP_02801,SITE_BLR_02,SHIFT_NIGHT,TECHNOLOGY,true
TNT_001,EMP_02802,SITE_BLR_02,SHIFT_DAY,OPERATIONS,true
TNT_003,EMP_02803,SITE_NCR_02,SHIFT_EVENING,TECHNOLOGY,true
TNT_001,EMP_02804,SITE_BLR_01,SHIFT_DAY,OPERATIONS,false
TNT_002,EMP_02805,SITE_HYD_01,SHIFT_EVENING,TECHNOLOGY,true
TNT_001,EMP_02806,SITE_BLR_01,SHIFT_DAY,TECHNOLOGY,true
TNT_001,EMP_02807,SITE_BLR_02,SHIFT_MORNING,SUPPORT,true
TNT_001,EMP_02808,SITE_BLR_02,SHIFT_NIGHT,OPERATIONS,true
TNT_001,EMP_02809,SITE_BLR_01,SHIFT_DAY,SUPPORT,true
TNT_001,EMP_02810,SITE_BLR_01,SHIFT_MORNING,OPERATIONS,true
TNT_001,EMP_02811,SITE_BLR_02,SHIFT_DAY,SUPPORT,true
TNT_001,EMP_02812,SITE_BLR_02,SHIFT_NIGHT,OPERATIONS,true
TNT_001,EMP_02813,SITE_BLR_02,SHIFT_DAY,TECHNOLOGY,true
TNT_002,EMP_02814,SITE_HYD_01,SHIFT_EVENING,TECHNOLOGY,true
TNT_001,EMP_02815,SITE_BLR_01,SHIFT_DAY,TECHNOLOGY,true
TNT_001,EMP_02816,SITE_BLR_02,SHIFT_MORNING,TECHNOLOGY,true
TNT_001,EMP_02817,SITE_BLR_01,SHIFT_DAY,OPERATIONS,true
TNT_002,EMP_02818,SITE_HYD_02,SHIFT_NIGHT,TECHNOLOGY,true
TNT_001,EMP_02819,SITE_BLR_01,SHIFT_MORNING,SUPPORT,true
TNT_001,EMP_02820,SITE_BLR_01,SHIFT_MORNING,OPERATIONS,true
TNT_001,EMP_02821,SITE_BLR_02,SHIFT_MORNING,OPERATIONS,true
TNT_002,EMP_02822,SITE_HYD_02,SHIFT_NIGHT,TECHNOLOGY,true
TNT_001,EMP_02823,SITE_BLR_01,SHIFT_DAY,OPERATIONS,true
TNT_002,EMP_02824,SITE_HYD_01,SHIFT_MORNING,SUPPORT,true
TNT_002,EMP_02825,SITE_HYD_02,SHIFT_DAY,TECHNOLOGY,true
TNT_003,EMP_02826,SITE_NCR_01,SHIFT_EVENING,OPERATIONS,true
TNT_003,EMP_02827,SITE_NCR_02,SHIFT_MORNING,SUPPORT,true
TNT_001,EMP_02828,SITE_BLR_01,SHIFT_DAY,OPERATIONS,true
TNT_002,EMP_02829,SITE_HYD_01,SHIFT_MORNING,OPERATIONS,true
TNT_003,EMP_02830,SITE_NCR_02,SHIFT_DAY,SUPPORT,true
TNT_003,EMP_02831,SITE_NCR_01,SHIFT_DAY,SUPPORT,true
TNT_001,EMP_02832,SITE_BLR_02,SHIFT_MORNING,TECHNOLOGY,true
TNT_001,EMP_02833,SITE_BLR_01,SHIFT_MORNING,TECHNOLOGY,true
TNT_002,EMP_02834,SITE_HYD_01,SHIFT_MORNING,SUPPORT,true
TNT_003,EMP_02835,SITE_NCR_01,SHIFT_NIGHT,TECHNOLOGY,true
TNT_001,EMP_02836,SITE_BLR_01,SHIFT_EVENING,TECHNOLOGY,true
TNT_002,EMP_02837,SITE_HYD_01,SHIFT_MORNING,SUPPORT,true
TNT_001,EMP_02838,SITE_BLR_01,SHIFT_MORNING,TECHNOLOGY,true
TNT_002,EMP_02839,SITE_HYD_02,SHIFT_DAY,SUPPORT,true
TNT_002,EMP_02840,SITE_HYD_01,SHIFT_DAY,OPERATIONS,true
TNT_002,EMP_02841,SITE_HYD_02,SHIFT_EVENING,TECHNOLOGY,true
TNT_001,EMP_02842,SITE_BLR_01,SHIFT_EVENING,OPERATIONS,true
TNT_001,EMP_02843,SITE_BLR_01,SHIFT_NIGHT,TECHNOLOGY,true
TNT_002,EMP_02844,SITE_HYD_02,SHIFT_NIGHT,OPERATIONS,true
TNT_001,EMP_02845,SITE_BLR_01,SHIFT_MORNING,TECHNOLOGY,true
TNT_002,EMP_02846,SITE_HYD_02,SHIFT_DAY,OPERATIONS,true
TNT_002,EMP_02847,SITE_HYD_01,SHIFT_EVENING,OPERATIONS,true
TNT_001,EMP_02848,SITE_BLR_02,SHIFT_DAY,OPERATIONS,true
TNT_002,EMP_02849,SITE_HYD_01,SHIFT_NIGHT,OPERATIONS,true
TNT_001,EMP_02850,SITE_BLR_02,SHIFT_NIGHT,SUPPORT,true
TNT_001,EMP_02851,SITE_BLR_02,SHIFT_DAY,OPERATIONS,true
TNT_001,EMP_02852,SITE_BLR_01,SHIFT_NIGHT,OPERATIONS,true
TNT_001,EMP_02853,SITE_BLR_02,SHIFT_MORNING,TECHNOLOGY,true
TNT_001,EMP_02854,SITE_BLR_02,SHIFT_DAY,SUPPORT,true
TNT_002,EMP_02855,SITE_HYD_02,SHIFT_DAY,OPERATIONS,true
TNT_001,EMP_02856,SITE_BLR_02,SHIFT_NIGHT,TECHNOLOGY,true
TNT_003,EMP_02857,SITE_NCR_01,SHIFT_DAY,OPERATIONS,true
TNT_001,EMP_02858,SITE_BLR_01,SHIFT_DAY,TECHNOLOGY,true
TNT_001,EMP_02859,SITE_BLR_02,SHIFT_MORNING,OPERATIONS,true
TNT_002,EMP_02860,SITE_HYD_02,SHIFT_EVENING,TECHNOLOGY,true
TNT_003,EMP_02861,SITE_NCR_01,SHIFT_DAY,TECHNOLOGY,true
TNT_002,EMP_02862,SITE_HYD_01,SHIFT_DAY,OPERATIONS,true
TNT_002,EMP_02863,SITE_HYD_01,SHIFT_DAY,TECHNOLOGY,true
TNT_001,EMP_02864,SITE_BLR_02,SHIFT_MORNING,TECHNOLOGY,true
TNT_003,EMP_02865,SITE_NCR_02,SHIFT_DAY,TECHNOLOGY,true
TNT_001,EMP_02866,SITE_BLR_01,SHIFT_MORNING,SUPPORT,true
TNT_002,EMP_02867,SITE_HYD_02,SHIFT_NIGHT,OPERATIONS,true
TNT_001,EMP_02868,SITE_BLR_02,SHIFT_MORNING,TECHNOLOGY,true
TNT_001,EMP_02869,SITE_BLR_01,SHIFT_NIGHT,TECHNOLOGY,true
TNT_001,EMP_02870,SITE_BLR_02,SHIFT_DAY,TECHNOLOGY,true
TNT_002,EMP_02871,SITE_HYD_02,SHIFT_MORNING,TECHNOLOGY,true
TNT_001,EMP_02872,SITE_BLR_01,SHIFT_NIGHT,TECHNOLOGY,true
TNT_001,EMP_02873,SITE_BLR_01,SHIFT_DAY,TECHNOLOGY,true
TNT_001,EMP_02874,SITE_BLR_01,SHIFT_NIGHT,OPERATIONS,true
TNT_002,EMP_02875,SITE_HYD_01,SHIFT_NIGHT,TECHNOLOGY,true
TNT_002,EMP_02876,SITE_HYD_02,SHIFT_DAY,TECHNOLOGY,true
TNT_001,EMP_02877,SITE_BLR_02,SHIFT_NIGHT,OPERATIONS,true
TNT_001,EMP_02878,SITE_BLR_02,SHIFT_MORNING,OPERATIONS,true
TNT_001,EMP_02879,SITE_BLR_02,SHIFT_DAY,SUPPORT,true
TNT_003,EMP_02880,SITE_NCR_02,SHIFT_MORNING,TECHNOLOGY,true
TNT_001,EMP_02881,SITE_BLR_02,SHIFT_MORNING,OPERATIONS,true
TNT_001,EMP_02882,SITE_BLR_01,SHIFT_NIGHT,OPERATIONS,true
TNT_002,EMP_02883,SITE_HYD_02,SHIFT_DAY,SUPPORT,true
TNT_002,EMP_02884,SITE_HYD_02,SHIFT_EVENING,OPERATIONS,true
TNT_002,EMP_02885,SITE_HYD_02,SHIFT_EVENING,TECHNOLOGY,true
TNT_001,EMP_02886,SITE_BLR_01,SHIFT_DAY,TECHNOLOGY,true
TNT_002,EMP_02887,SITE_HYD_02,SHIFT_DAY,SUPPORT,true
TNT_002,EMP_02888,SITE_HYD_02,SHIFT_DAY,TECHNOLOGY,true
TNT_001,EMP_02889,SITE_BLR_01,SHIFT_DAY,OPERATIONS,true
TNT_002,EMP_02890,SITE_HYD_01,SHIFT_EVENING,TECHNOLOGY,true
TNT_001,EMP_02891,SITE_BLR_01,SHIFT_MORNING,TECHNOLOGY,true
TNT_002,EMP_02892,SITE_HYD_02,SHIFT_DAY,TECHNOLOGY,true
TNT_001,EMP_02893,SITE_BLR_02,SHIFT_MORNING,TECHNOLOGY,true
TNT_002,EMP_02894,SITE_HYD_01,SHIFT_NIGHT,TECHNOLOGY,true
TNT_001,EMP_02895,SITE_BLR_01,SHIFT_DAY,SUPPORT,true
TNT_001,EMP_02896,SITE_BLR_02,SHIFT_DAY,SUPPORT,true
TNT_001,EMP_02897,SITE_BLR_02,SHIFT_NIGHT,OPERATIONS,true
TNT_002,EMP_02898,SITE_HYD_01,SHIFT_DAY,OPERATIONS,true
TNT_001,EMP_02899,SITE_BLR_01,SHIFT_EVENING,TECHNOLOGY,true
TNT_001,EMP_02900,SITE_BLR_01,SHIFT_DAY,TECHNOLOGY,true
TNT_001,EMP_02901,SITE_BLR_02,SHIFT_EVENING,TECHNOLOGY,true
TNT_003,EMP_02902,SITE_NCR_01,SHIFT_MORNING,OPERATIONS,true
TNT_003,EMP_02903,SITE_NCR_02,SHIFT_DAY,OPERATIONS,true
TNT_001,EMP_02904,SITE_BLR_01,SHIFT_DAY,TECHNOLOGY,true
TNT_001,EMP_02905,SITE_BLR_01,SHIFT_MORNING,SUPPORT,true
TNT_001,EMP_02906,SITE_BLR_01,SHIFT_MORNING,OPERATIONS,true
TNT_001,EMP_02907,SITE_BLR_02,SHIFT_NIGHT,OPERATIONS,true
TNT_001,EMP_02908,SITE_BLR_02,SHIFT_EVENING,SUPPORT,true
TNT_001,EMP_02909,SITE_BLR_01,SHIFT_DAY,SUPPORT,true
TNT_001,EMP_02910,SITE_BLR_02,SHIFT_DAY,SUPPORT,true
TNT_001,EMP_02911,SITE_BLR_01,SHIFT_DAY,OPERATIONS,true
TNT_003,EMP_02912,SITE_NCR_01,SHIFT_MORNING,OPERATIONS,true
TNT_002,EMP_02913,SITE_HYD_01,SHIFT_MORNING,SUPPORT,true
TNT_001,EMP_02914,SITE_BLR_01,SHIFT_EVENING,OPERATIONS,true
TNT_001,EMP_02915,SITE_BLR_02,SHIFT_DAY,SUPPORT,true
TNT_003,EMP_02916,SITE_NCR_01,SHIFT_DAY,OPERATIONS,true
TNT_002,EMP_02917,SITE_HYD_01,SHIFT_DAY,TECHNOLOGY,true
TNT_001,EMP_02918,SITE_BLR_01,SHIFT_DAY,SUPPORT,true
TNT_001,EMP_02919,SITE_BLR_01,SHIFT_NIGHT,OPERATIONS,true
TNT_001,EMP_02920,SITE_BLR_02,SHIFT_EVENING,TECHNOLOGY,false
TNT_002,EMP_02921,SITE_HYD_02,SHIFT_MORNING,SUPPORT,true
TNT_001,EMP_02922,SITE_BLR_02,SHIFT_DAY,TECHNOLOGY,true
TNT_001,EMP_02923,SITE_BLR_02,SHIFT_MORNING,SUPPORT,true
TNT_001,EMP_02924,SITE_BLR_01,SHIFT_DAY,OPERATIONS,true
TNT_001,EMP_02925,SITE_BLR_02,SHIFT_DAY,OPERATIONS,true
TNT_001,EMP_02926,SITE_BLR_01,SHIFT_DAY,TECHNOLOGY,true
TNT_001,EMP_02927,SITE_BLR_02,SHIFT_EVENING,TECHNOLOGY,true
TNT_002,EMP_02928,SITE_HYD_02,SHIFT_DAY,OPERATIONS,true
TNT_001,EMP_02929,SITE_BLR_02,SHIFT_DAY,OPERATIONS,true
TNT_003,EMP_02930,SITE_NCR_01,SHIFT_DAY,OPERATIONS,true
TNT_001,EMP_02931,SITE_BLR_01,SHIFT_MORNING,TECHNOLOGY,true
TNT_001,EMP_02932,SITE_BLR_01,SHIFT_DAY,OPERATIONS,true
TNT_001,EMP_02933,SITE_BLR_01,SHIFT_MORNING,TECHNOLOGY,true
TNT_003,EMP_02934,SITE_NCR_01,SHIFT_NIGHT,SUPPORT,true
TNT_001,EMP_02935,SITE_BLR_01,SHIFT_MORNING,OPERATIONS,true
TNT_001,EMP_02936,SITE_BLR_02,SHIFT_MORNING,TECHNOLOGY,true
TNT_001,EMP_02937,SITE_BLR_02,SHIFT_NIGHT,SUPPORT,true
TNT_001,EMP_02938,SITE_BLR_01,SHIFT_DAY,OPERATIONS,true
TNT_001,EMP_02939,SITE_BLR_01,SHIFT_NIGHT,OPERATIONS,true
TNT_003,EMP_02940,SITE_NCR_01,SHIFT_DAY,OPERATIONS,true
TNT_001,EMP_02941,SITE_BLR_02,SHIFT_DAY,TECHNOLOGY,true
TNT_001,EMP_02942,SITE_BLR_02,SHIFT_NIGHT,TECHNOLOGY,true
TNT_001,EMP_02943,SITE_BLR_01,SHIFT_EVENING,SUPPORT,true
TNT_001,EMP_02944,SITE_BLR_01,SHIFT_NIGHT,SUPPORT,true
TNT_001,EMP_02945,SITE_BLR_02,SHIFT_MORNING,SUPPORT,false
TNT_001,EMP_02946,SITE_BLR_02,SHIFT_DAY,OPERATIONS,true
TNT_002,EMP_02947,SITE_HYD_02,SHIFT_MORNING,TECHNOLOGY,true
TNT_003,EMP_02948,SITE_NCR_02,SHIFT_DAY,TECHNOLOGY,true
TNT_001,EMP_02949,SITE_BLR_02,SHIFT_NIGHT,TECHNOLOGY,true
TNT_002,EMP_02950,SITE_HYD_01,SHIFT_NIGHT,SUPPORT,true
TNT_001,EMP_02951,SITE_BLR_02,SHIFT_EVENING,OPERATIONS,true
TNT_001,EMP_02952,SITE_BLR_01,SHIFT_EVENING,OPERATIONS,true
TNT_001,EMP_02953,SITE_BLR_02,SHIFT_NIGHT,TECHNOLOGY,true
TNT_001,EMP_02954,SITE_BLR_02,SHIFT_MORNING,OPERATIONS,true
TNT_001,EMP_02955,SITE_BLR_02,SHIFT_DAY,OPERATIONS,true
TNT_001,EMP_02956,SITE_BLR_02,SHIFT_NIGHT,OPERATIONS,true
TNT_003,EMP_02957,SITE_NCR_01,SHIFT_NIGHT,OPERATIONS,true
TNT_001,EMP_02958,SITE_BLR_01,SHIFT_MORNING,TECHNOLOGY,true
TNT_003,EMP_02959,SITE_NCR_02,SHIFT_MORNING,TECHNOLOGY,true
TNT_001,EMP_02960,SITE_BLR_01,SHIFT_DAY,SUPPORT,true
TNT_001,EMP_02961,SITE_BLR_02,SHIFT_NIGHT,OPERATIONS,true
TNT_001,EMP_02962,SITE_BLR_01,SHIFT_MORNING,TECHNOLOGY,true
TNT_001,EMP_02963,SITE_BLR_02,SHIFT_MORNING,OPERATIONS,true
TNT_001,EMP_02964,SITE_BLR_01,SHIFT_EVENING,SUPPORT,true
TNT_001,EMP_02965,SITE_BLR_02,SHIFT_DAY,SUPPORT,true
TNT_001,EMP_02966,SITE_BLR_02,SHIFT_NIGHT,SUPPORT,true
TNT_001,EMP_02967,SITE_BLR_02,SHIFT_DAY,OPERATIONS,true
TNT_002,EMP_02968,SITE_HYD_01,SHIFT_DAY,SUPPORT,true
TNT_002,EMP_02969,SITE_HYD_02,SHIFT_EVENING,OPERATIONS,true
TNT_002,EMP_02970,SITE_HYD_01,SHIFT_EVENING,TECHNOLOGY,true
TNT_001,EMP_02971,SITE_BLR_01,SHIFT_EVENING,TECHNOLOGY,true
TNT_001,EMP_02972,SITE_BLR_02,SHIFT_NIGHT,OPERATIONS,true
TNT_002,EMP_02973,SITE_HYD_01,SHIFT_EVENING,OPERATIONS,true
TNT_003,EMP_02974,SITE_NCR_01,SHIFT_NIGHT,TECHNOLOGY,true
TNT_002,EMP_02975,SITE_HYD_02,SHIFT_DAY,OPERATIONS,true
TNT_001,EMP_02976,SITE_BLR_02,SHIFT_MORNING,SUPPORT,true
TNT_001,EMP_02977,SITE_BLR_01,SHIFT_MORNING,SUPPORT,true
TNT_001,EMP_02978,SITE_BLR_02,SHIFT_NIGHT,OPERATIONS,true
TNT_002,EMP_02979,SITE_HYD_01,SHIFT_MORNING,SUPPORT,true
TNT_003,EMP_02980,SITE_NCR_01,SHIFT_NIGHT,OPERATIONS,true
TNT_002,EMP_02981,SITE_HYD_02,SHIFT_NIGHT,OPERATIONS,true
TNT_001,EMP_02982,SITE_BLR_02,SHIFT_EVENING,SUPPORT,true
TNT_001,EMP_02983,SITE_BLR_02,SHIFT_MORNING,OPERATIONS,true
TNT_001,EMP_02984,SITE_BLR_01,SHIFT_NIGHT,TECHNOLOGY,true
TNT_001,EMP_02985,SITE_BLR_02,SHIFT_DAY,OPERATIONS,true
TNT_002,EMP_02986,SITE_HYD_02,SHIFT_MORNING,SUPPORT,true
TNT_001,EMP_02987,SITE_BLR_01,SHIFT_DAY,TECHNOLOGY,true
TNT_003,EMP_02988,SITE_NCR_01,SHIFT_NIGHT,TECHNOLOGY,true
TNT_003,EMP_02989,SITE_NCR_01,SHIFT_DAY,OPERATIONS,true
TNT_001,EMP_02990,SITE_BLR_01,SHIFT_DAY,SUPPORT,true
TNT_001,EMP_02991,SITE_BLR_02,SHIFT_DAY,SUPPORT,true
TNT_001,EMP_02992,SITE_BLR_01,SHIFT_DAY,TECHNOLOGY,true
TNT_002,EMP_02993,SITE_HYD_02,SHIFT_MORNING,OPERATIONS,true
TNT_001,EMP_02994,SITE_BLR_01,SHIFT_NIGHT,OPERATIONS,true
TNT_001,EMP_02995,SITE_BLR_02,SHIFT_MORNING,TECHNOLOGY,true
TNT_003,EMP_02996,SITE_NCR_02,SHIFT_NIGHT,SUPPORT,true
TNT_001,EMP_02997,SITE_BLR_01,SHIFT_MORNING,OPERATIONS,true
TNT_001,EMP_02998,SITE_BLR_02,SHIFT_NIGHT,OPERATIONS,true
TNT_001,EMP_02999,SITE_BLR_01,SHIFT_MORNING,TECHNOLOGY,true
TNT_001,EMP_03000,SITE_BLR_01,SHIFT_MORNING,TECHNOLOGY,true
TNT_001,EMP_03001,SITE_BLR_02,SHIFT_MORNING,OPERATIONS,true
TNT_001,EMP_03002,SITE_BLR_01,SHIFT_NIGHT,SUPPORT,true
TNT_002,EMP_03003,SITE_HYD_02,SHIFT_DAY,TECHNOLOGY,true
TNT_002,EMP_03004,SITE_HYD_01,SHIFT_EVENING,TECHNOLOGY,true
TNT_001,EMP_03005,SITE_BLR_02,SHIFT_MORNING,SUPPORT,true
TNT_001,EMP_03006,SITE_BLR_01,SHIFT_MORNING,TECHNOLOGY,true
TNT_003,EMP_03007,SITE_NCR_01,SHIFT_EVENING,SUPPORT,true
TNT_001,EMP_03008,SITE_BLR_01,SHIFT_EVENING,TECHNOLOGY,true
TNT_001,EMP_03009,SITE_BLR_01,SHIFT_EVENING,SUPPORT,true
TNT_003,EMP_03010,SITE_NCR_02,SHIFT_EVENING,TECHNOLOGY,true
TNT_002,EMP_03011,SITE_HYD_01,SHIFT_DAY,OPERATIONS,true
TNT_001,EMP_03012,SITE_BLR_01,SHIFT_DAY,SUPPORT,true
TNT_001,EMP_03013,SITE_BLR_01,SHIFT_DAY,OPERATIONS,true
TNT_001,EMP_03014,SITE_BLR_01,SHIFT_DAY,TECHNOLOGY,false
TNT_001,EMP_03015,SITE_BLR_02,SHIFT_NIGHT,OPERATIONS,true
TNT_003,EMP_03016,SITE_NCR_01,SHIFT_EVENING,OPERATIONS,true
TNT_002,EMP_03017,SITE_HYD_02,SHIFT_NIGHT,OPERATIONS,true
TNT_001,EMP_03018,SITE_BLR_02,SHIFT_NIGHT,TECHNOLOGY,true
TNT_001,EMP_03019,SITE_BLR_01,SHIFT_EVENING,OPERATIONS,true
TNT_001,EMP_03020,SITE_BLR_02,SHIFT_EVENING,TECHNOLOGY,true
TNT_002,EMP_03021,SITE_HYD_01,SHIFT_MORNING,SUPPORT,true
TNT_001,EMP_03022,SITE_BLR_01,SHIFT_NIGHT,OPERATIONS,true
TNT_003,EMP_03023,SITE_NCR_01,SHIFT_DAY,SUPPORT,true
TNT_002,EMP_03024,SITE_HYD_01,SHIFT_DAY,TECHNOLOGY,true
TNT_001,EMP_03025,SITE_BLR_01,SHIFT_NIGHT,OPERATIONS,true
TNT_002,EMP_03026,SITE_HYD_01,SHIFT_NIGHT,TECHNOLOGY,true
TNT_001,EMP_03027,SITE_BLR_01,SHIFT_NIGHT,OPERATIONS,true
TNT_001,EMP_03028,SITE_BLR_02,SHIFT_NIGHT,TECHNOLOGY,true
TNT_003,EMP_03029,SITE_NCR_01,SHIFT_NIGHT,SUPPORT,true
TNT_001,EMP_03030,SITE_BLR_01,SHIFT_MORNING,OPERATIONS,true
TNT_001,EMP_03031,SITE_BLR_01,SHIFT_EVENING,TECHNOLOGY,true
TNT_001,EMP_03032,SITE_BLR_01,SHIFT_DAY,OPERATIONS,true
TNT_001,EMP_03033,SITE_BLR_02,SHIFT_MORNING,SUPPORT,true
TNT_002,EMP_03034,SITE_HYD_01,SHIFT_NIGHT,SUPPORT,true
TNT_001,EMP_03035,SITE_BLR_02,SHIFT_MORNING,OPERATIONS,true
TNT_001,EMP_03036,SITE_BLR_01,SHIFT_MORNING,OPERATIONS,true
TNT_001,EMP_03037,SITE_BLR_01,SHIFT_NIGHT,OPERATIONS,true
TNT_003,EMP_03038,SITE_NCR_01,SHIFT_MORNING,SUPPORT,true
TNT_001,EMP_03039,SITE_BLR_02,SHIFT_EVENING,OPERATIONS,true
TNT_001,EMP_03040,SITE_BLR_02,SHIFT_MORNING,OPERATIONS,true
TNT_001,EMP_03041,SITE_BLR_02,SHIFT_DAY,OPERATIONS,true
TNT_001,EMP_03042,SITE_BLR_02,SHIFT_EVENING,SUPPORT,true
TNT_002,EMP_03043,SITE_HYD_02,SHIFT_NIGHT,OPERATIONS,true
TNT_002,EMP_03044,SITE_HYD_01,SHIFT_NIGHT,TECHNOLOGY,true
TNT_001,EMP_03045,SITE_BLR_01,SHIFT_EVENING,SUPPORT,true
TNT_001,EMP_03046,SITE_BLR_01,SHIFT_EVENING,OPERATIONS,true
TNT_001,EMP_03047,SITE_BLR_01,SHIFT_NIGHT,OPERATIONS,true
TNT_002,EMP_03048,SITE_HYD_02,SHIFT_DAY,TECHNOLOGY,true
TNT_002,EMP_03049,SITE_HYD_02,SHIFT_NIGHT,OPERATIONS,true
TNT_001,EMP_03050,SITE_BLR_02,SHIFT_DAY,OPERATIONS,true
TNT_001,EMP_03051,SITE_BLR_01,SHIFT_MORNING,OPERATIONS,true
TNT_001,EMP_03052,SITE_BLR_02,SHIFT_DAY,TECHNOLOGY,true
TNT_003,EMP_03053,SITE_NCR_01,SHIFT_NIGHT,OPERATIONS,true
TNT_003,EMP_03054,SITE_NCR_02,SHIFT_DAY,SUPPORT,true
TNT_001,EMP_03055,SITE_BLR_01,SHIFT_DAY,OPERATIONS,true
TNT_001,EMP_03056,SITE_BLR_02,SHIFT_NIGHT,SUPPORT,true
TNT_001,EMP_03057,SITE_BLR_02,SHIFT_NIGHT,OPERATIONS,true
TNT_001,EMP_03058,SITE_BLR_02,SHIFT_EVENING,TECHNOLOGY,true
TNT_001,EMP_03059,SITE_BLR_02,SHIFT_DAY,SUPPORT,true
TNT_002,EMP_03060,SITE_HYD_01,SHIFT_NIGHT,TECHNOLOGY,true
TNT_001,EMP_03061,SITE_BLR_01,SHIFT_NIGHT,OPERATIONS,true
TNT_001,EMP_03062,SITE_BLR_02,SHIFT_EVENING,OPERATIONS,true
TNT_001,EMP_03063,SITE_BLR_01,SHIFT_DAY,TECHNOLOGY,true
TNT_001,EMP_03064,SITE_BLR_02,SHIFT_MORNING,TECHNOLOGY,true
TNT_001,EMP_03065,SITE_BLR_01,SHIFT_MORNING,SUPPORT,true
TNT_003,EMP_03066,SITE_NCR_01,SHIFT_MORNING,TECHNOLOGY,true
TNT_002,EMP_03067,SITE_HYD_02,SHIFT_EVENING,SUPPORT,true
TNT_002,EMP_03068,SITE_HYD_02,SHIFT_EVENING,SUPPORT,true
TNT_001,EMP_03069,SITE_BLR_01,SHIFT_EVENING,OPERATIONS,true
TNT_001,EMP_03070,SITE_BLR_01,SHIFT_DAY,TECHNOLOGY,false
TNT_001,EMP_03071,SITE_BLR_01,SHIFT_NIGHT,TECHNOLOGY,true
TNT_001,EMP_03072,SITE_BLR_02,SHIFT_NIGHT,SUPPORT,true
TNT_001,EMP_03073,SITE_BLR_01,SHIFT_NIGHT,TECHNOLOGY,true
TNT_002,EMP_03074,SITE_HYD_01,SHIFT_DAY,SUPPORT,true
TNT_001,EMP_03075,SITE_BLR_02,SHIFT_EVENING,OPERATIONS,true
TNT_002,EMP_03076,SITE_HYD_01,SHIFT_EVENING,TECHNOLOGY,true
TNT_002,EMP_03077,SITE_HYD_02,SHIFT_EVENING,TECHNOLOGY,true
TNT_002,EMP_03078,SITE_HYD_02,SHIFT_DAY,SUPPORT,true
TNT_001,EMP_03079,SITE_BLR_02,SHIFT_EVENING,OPERATIONS,true
TNT_003,EMP_03080,SITE_NCR_01,SHIFT_MORNING,OPERATIONS,true
TNT_003,EMP_03081,SITE_NCR_01,SHIFT_DAY,OPERATIONS,true
TNT_001,EMP_03082,SITE_BLR_01,SHIFT_DAY,OPERATIONS,true
TNT_001,EMP_03083,SITE_BLR_02,SHIFT_NIGHT,TECHNOLOGY,true
TNT_001,EMP_03084,SITE_BLR_01,SHIFT_DAY,OPERATIONS,true
TNT_002,EMP_03085,SITE_HYD_02,SHIFT_NIGHT,OPERATIONS,true
TNT_001,EMP_03086,SITE_BLR_02,SHIFT_MORNING,SUPPORT,true
TNT_002,EMP_03087,SITE_HYD_01,SHIFT_NIGHT,TECHNOLOGY,true
TNT_001,EMP_03088,SITE_BLR_02,SHIFT_DAY,OPERATIONS,true
TNT_002,EMP_03089,SITE_HYD_01,SHIFT_EVENING,OPERATIONS,true
TNT_003,EMP_03090,SITE_NCR_02,SHIFT_NIGHT,SUPPORT,true
TNT_001,EMP_03091,SITE_BLR_02,SHIFT_MORNING,OPERATIONS,true
TNT_001,EMP_03092,SITE_BLR_02,SHIFT_MORNING,OPERATIONS,true
TNT_001,EMP_03093,SITE_BLR_02,SHIFT_EVENING,OPERATIONS,true
TNT_001,EMP_03094,SITE_BLR_01,SHIFT_DAY,OPERATIONS,true
TNT_002,EMP_03095,SITE_HYD_01,SHIFT_DAY,TECHNOLOGY,true
TNT_001,EMP_03096,SITE_BLR_01,SHIFT_MORNING,OPERATIONS,true
TNT_002,EMP_03097,SITE_HYD_02,SHIFT_EVENING,OPERATIONS,true
TNT_003,EMP_03098,SITE_NCR_01,SHIFT_DAY,TECHNOLOGY,true
TNT_003,EMP_03099,SITE_NCR_01,SHIFT_MORNING,OPERATIONS,true
TNT_001,EMP_03100,SITE_BLR_02,SHIFT_DAY,OPERATIONS,true
TNT_001,EMP_03101,SITE_BLR_01,SHIFT_NIGHT,OPERATIONS,true
TNT_001,EMP_03102,SITE_BLR_01,SHIFT_DAY,OPERATIONS,true
TNT_001,EMP_03103,SITE_BLR_02,SHIFT_EVENING,OPERATIONS,true
TNT_003,EMP_03104,SITE_NCR_02,SHIFT_DAY,SUPPORT,true
TNT_003,EMP_03105,SITE_NCR_01,SHIFT_EVENING,OPERATIONS,true
TNT_001,EMP_03106,SITE_BLR_02,SHIFT_NIGHT,SUPPORT,true
TNT_001,EMP_03107,SITE_BLR_01,SHIFT_EVENING,OPERATIONS,true
TNT_001,EMP_03108,SITE_BLR_01,SHIFT_DAY,OPERATIONS,true
TNT_002,EMP_03109,SITE_HYD_02,SHIFT_EVENING,OPERATIONS,true
TNT_002,EMP_03110,SITE_HYD_01,SHIFT_DAY,TECHNOLOGY,true
TNT_002,EMP_03111,SITE_HYD_02,SHIFT_NIGHT,SUPPORT,true
TNT_002,EMP_03112,SITE_HYD_01,SHIFT_MORNING,TECHNOLOGY,true
TNT_001,EMP_03113,SITE_BLR_01,SHIFT_DAY,TECHNOLOGY,true
TNT_001,EMP_03114,SITE_BLR_01,SHIFT_EVENING,OPERATIONS,true
TNT_002,EMP_03115,SITE_HYD_02,SHIFT_DAY,SUPPORT,true
TNT_003,EMP_03116,SITE_NCR_01,SHIFT_DAY,SUPPORT,false
TNT_001,EMP_03117,SITE_BLR_02,SHIFT_MORNING,SUPPORT,true
TNT_001,EMP_03118,SITE_BLR_01,SHIFT_EVENING,OPERATIONS,true
TNT_001,EMP_03119,SITE_BLR_01,SHIFT_NIGHT,OPERATIONS,true
TNT_002,EMP_03120,SITE_HYD_02,SHIFT_MORNING,TECHNOLOGY,true
TNT_001,EMP_03121,SITE_BLR_01,SHIFT_EVENING,OPERATIONS,true
TNT_001,EMP_03122,SITE_BLR_01,SHIFT_EVENING,TECHNOLOGY,true
TNT_002,EMP_03123,SITE_HYD_01,SHIFT_DAY,OPERATIONS,true
TNT_001,EMP_03124,SITE_BLR_01,SHIFT_MORNING,SUPPORT,true
TNT_001,EMP_03125,SITE_BLR_01,SHIFT_NIGHT,OPERATIONS,true
TNT_003,EMP_03126,SITE_NCR_01,SHIFT_DAY,TECHNOLOGY,true
TNT_001,EMP_03127,SITE_BLR_02,SHIFT_EVENING,OPERATIONS,true
TNT_001,EMP_03128,SITE_BLR_01,SHIFT_MORNING,TECHNOLOGY,true
TNT_002,EMP_03129,SITE_HYD_02,SHIFT_NIGHT,SUPPORT,true
TNT_001,EMP_03130,SITE_BLR_01,SHIFT_DAY,OPERATIONS,true
TNT_001,EMP_03131,SITE_BLR_01,SHIFT_DAY,SUPPORT,true
TNT_002,EMP_03132,SITE_HYD_01,SHIFT_DAY,SUPPORT,true
TNT_001,EMP_03133,SITE_BLR_01,SHIFT_DAY,OPERATIONS,true
TNT_001,EMP_03134,SITE_BLR_02,SHIFT_MORNING,OPERATIONS,true
TNT_001,EMP_03135,SITE_BLR_01,SHIFT_EVENING,OPERATIONS,true
TNT_001,EMP_03136,SITE_BLR_01,SHIFT_DAY,TECHNOLOGY,true
TNT_002,EMP_03137,SITE_HYD_02,SHIFT_DAY,TECHNOLOGY,true
TNT_001,EMP_03138,SITE_BLR_02,SHIFT_DAY,OPERATIONS,true
TNT_001,EMP_03139,SITE_BLR_02,SHIFT_DAY,SUPPORT,true
TNT_001,EMP_03140,SITE_BLR_02,SHIFT_NIGHT,TECHNOLOGY,false
TNT_001,EMP_03141,SITE_BLR_02,SHIFT_DAY,SUPPORT,true
TNT_001,EMP_03142,SITE_BLR_02,SHIFT_MORNING,OPERATIONS,true
TNT_001,EMP_03143,SITE_BLR_01,SHIFT_NIGHT,OPERATIONS,true
TNT_002,EMP_03144,SITE_HYD_02,SHIFT_NIGHT,TECHNOLOGY,true
TNT_001,EMP_03145,SITE_BLR_01,SHIFT_DAY,SUPPORT,true
TNT_002,EMP_03146,SITE_HYD_01,SHIFT_MORNING,OPERATIONS,true
TNT_001,EMP_03147,SITE_BLR_01,SHIFT_MORNING,OPERATIONS,true
TNT_003,EMP_03148,SITE_NCR_01,SHIFT_NIGHT,OPERATIONS,true
TNT_001,EMP_03149,SITE_BLR_01,SHIFT_DAY,TECHNOLOGY,true
TNT_001,EMP_03150,SITE_BLR_02,SHIFT_MORNING,OPERATIONS,true
TNT_002,EMP_03151,SITE_HYD_02,SHIFT_NIGHT,OPERATIONS,true
TNT_001,EMP_03152,SITE_BLR_01,SHIFT_NIGHT,SUPPORT,true
TNT_001,EMP_03153,SITE_BLR_01,SHIFT_NIGHT,TECHNOLOGY,true
TNT_001,EMP_03154,SITE_BLR_02,SHIFT_DAY,OPERATIONS,true
TNT_002,EMP_03155,SITE_HYD_02,SHIFT_MORNING,OPERATIONS,true
TNT_002,EMP_03156,SITE_HYD_01,SHIFT_MORNING,OPERATIONS,true
TNT_001,EMP_03157,SITE_BLR_02,SHIFT_MORNING,OPERATIONS,true
TNT_001,EMP_03158,SITE_BLR_01,SHIFT_DAY,SUPPORT,true
TNT_001,EMP_03159,SITE_BLR_02,SHIFT_MORNING,SUPPORT,true
TNT_001,EMP_03160,SITE_BLR_02,SHIFT_DAY,TECHNOLOGY,true
TNT_003,EMP_03161,SITE_NCR_02,SHIFT_EVENING,SUPPORT,true
TNT_002,EMP_03162,SITE_HYD_01,SHIFT_NIGHT,OPERATIONS,true
TNT_001,EMP_03163,SITE_BLR_01,SHIFT_MORNING,TECHNOLOGY,true
TNT_001,EMP_03164,SITE_BLR_01,SHIFT_EVENING,OPERATIONS,true
TNT_002,EMP_03165,SITE_HYD_01,SHIFT_DAY,SUPPORT,true
TNT_001,EMP_03166,SITE_BLR_01,SHIFT_DAY,TECHNOLOGY,true
TNT_002,EMP_03167,SITE_HYD_02,SHIFT_MORNING,SUPPORT,true
TNT_001,EMP_03168,SITE_BLR_01,SHIFT_NIGHT,OPERATIONS,true
TNT_001,EMP_03169,SITE_BLR_02,SHIFT_MORNING,OPERATIONS,true
TNT_001,EMP_03170,SITE_BLR_02,SHIFT_DAY,OPERATIONS,true
TNT_001,EMP_03171,SITE_BLR_02,SHIFT_MORNING,OPERATIONS,true
TNT_002,EMP_03172,SITE_HYD_02,SHIFT_NIGHT,SUPPORT,true
TNT_001,EMP_03173,SITE_BLR_01,SHIFT_MORNING,TECHNOLOGY,true
TNT_001,EMP_03174,SITE_BLR_02,SHIFT_NIGHT,TECHNOLOGY,true
TNT_001,EMP_03175,SITE_BLR_02,SHIFT_DAY,TECHNOLOGY,true
TNT_002,EMP_03176,SITE_HYD_01,SHIFT_MORNING,TECHNOLOGY,true
TNT_001,EMP_03177,SITE_BLR_02,SHIFT_MORNING,TECHNOLOGY,true
TNT_003,EMP_03178,SITE_NCR_01,SHIFT_DAY,SUPPORT,true
TNT_001,EMP_03179,SITE_BLR_02,SHIFT_MORNING,TECHNOLOGY,true
TNT_001,EMP_03180,SITE_BLR_01,SHIFT_EVENING,OPERATIONS,true
TNT_001,EMP_03181,SITE_BLR_02,SHIFT_DAY,TECHNOLOGY,true
TNT_002,EMP_03182,SITE_HYD_02,SHIFT_MORNING,OPERATIONS,true
TNT_001,EMP_03183,SITE_BLR_02,SHIFT_NIGHT,TECHNOLOGY,true
TNT_001,EMP_03184,SITE_BLR_01,SHIFT_MORNING,TECHNOLOGY,true
TNT_001,EMP_03185,SITE_BLR_02,SHIFT_DAY,OPERATIONS,true
TNT_001,EMP_03186,SITE_BLR_01,SHIFT_NIGHT,SUPPORT,true
TNT_001,EMP_03187,SITE_BLR_02,SHIFT_NIGHT,OPERATIONS,true
TNT_001,EMP_03188,SITE_BLR_01,SHIFT_DAY,OPERATIONS,true
TNT_002,EMP_03189,SITE_HYD_01,SHIFT_DAY,SUPPORT,true
TNT_002,EMP_03190,SITE_HYD_02,SHIFT_NIGHT,OPERATIONS,true
TNT_001,EMP_03191,SITE_BLR_01,SHIFT_MORNING,OPERATIONS,true
TNT_003,EMP_03192,SITE_NCR_01,SHIFT_DAY,OPERATIONS,true
TNT_002,EMP_03193,SITE_HYD_02,SHIFT_EVENING,TECHNOLOGY,true
TNT_001,EMP_03194,SITE_BLR_01,SHIFT_DAY,SUPPORT,true
TNT_002,EMP_03195,SITE_HYD_02,SHIFT_NIGHT,OPERATIONS,true
TNT_001,EMP_03196,SITE_BLR_02,SHIFT_MORNING,TECHNOLOGY,true
TNT_003,EMP_03197,SITE_NCR_01,SHIFT_NIGHT,OPERATIONS,true
TNT_001,EMP_03198,SITE_BLR_02,SHIFT_NIGHT,OPERATIONS,true
TNT_001,EMP_03199,SITE_BLR_01,SHIFT_DAY,TECHNOLOGY,true
TNT_002,EMP_03200,SITE_HYD_02,SHIFT_EVENING,OPERATIONS,true
TNT_001,EMP_03201,SITE_BLR_01,SHIFT_EVENING,OPERATIONS,true
TNT_001,EMP_03202,SITE_BLR_02,SHIFT_NIGHT,TECHNOLOGY,true
TNT_001,EMP_03203,SITE_BLR_01,SHIFT_DAY,SUPPORT,true
TNT_001,EMP_03204,SITE_BLR_01,SHIFT_MORNING,TECHNOLOGY,true
TNT_002,EMP_03205,SITE_HYD_02,SHIFT_MORNING,TECHNOLOGY,true
TNT_003,EMP_03206,SITE_NCR_01,SHIFT_DAY,OPERATIONS,true
TNT_001,EMP_03207,SITE_BLR_02,SHIFT_EVENING,SUPPORT,true
TNT_001,EMP_03208,SITE_BLR_02,SHIFT_DAY,TECHNOLOGY,true
TNT_002,EMP_03209,SITE_HYD_02,SHIFT_MORNING,SUPPORT,true
TNT_002,EMP_03210,SITE_HYD_02,SHIFT_EVENING,TECHNOLOGY,true
TNT_001,EMP_03211,SITE_BLR_01,SHIFT_EVENING,OPERATIONS,true
TNT_001,EMP_03212,SITE_BLR_01,SHIFT_DAY,OPERATIONS,true
TNT_001,EMP_03213,SITE_BLR_01,SHIFT_DAY,TECHNOLOGY,true
TNT_001,EMP_03214,SITE_BLR_02,SHIFT_DAY,OPERATIONS,true
TNT_002,EMP_03215,SITE_HYD_01,SHIFT_NIGHT,OPERATIONS,true
TNT_001,EMP_03216,SITE_BLR_02,SHIFT_DAY,OPERATIONS,true
TNT_001,EMP_03217,SITE_BLR_01,SHIFT_MORNING,OPERATIONS,true
TNT_002,EMP_03218,SITE_HYD_02,SHIFT_DAY,SUPPORT,true
TNT_001,EMP_03219,SITE_BLR_01,SHIFT_MORNING,SUPPORT,true
TNT_001,EMP_03220,SITE_BLR_02,SHIFT_NIGHT,OPERATIONS,true
TNT_001,EMP_03221,SITE_BLR_02,SHIFT_MORNING,SUPPORT,true
TNT_002,EMP_03222,SITE_HYD_02,SHIFT_EVENING,OPERATIONS,true
TNT_001,EMP_03223,SITE_BLR_01,SHIFT_DAY,OPERATIONS,true
TNT_003,EMP_03224,SITE_NCR_01,SHIFT_NIGHT,SUPPORT,true
TNT_003,EMP_03225,SITE_NCR_02,SHIFT_NIGHT,OPERATIONS,true
TNT_001,EMP_03226,SITE_BLR_01,SHIFT_EVENING,SUPPORT,true
TNT_002,EMP_03227,SITE_HYD_01,SHIFT_DAY,OPERATIONS,true
TNT_002,EMP_03228,SITE_HYD_02,SHIFT_DAY,OPERATIONS,true
TNT_001,EMP_03229,SITE_BLR_02,SHIFT_DAY,TECHNOLOGY,true
TNT_001,EMP_03230,SITE_BLR_01,SHIFT_EVENING,TECHNOLOGY,true
TNT_001,EMP_03231,SITE_BLR_01,SHIFT_MORNING,OPERATIONS,true
TNT_002,EMP_03232,SITE_HYD_02,SHIFT_MORNING,TECHNOLOGY,true
TNT_002,EMP_03233,SITE_HYD_02,SHIFT_NIGHT,OPERATIONS,true
TNT_001,EMP_03234,SITE_BLR_02,SHIFT_MORNING,OPERATIONS,true
TNT_001,EMP_03235,SITE_BLR_01,SHIFT_MORNING,OPERATIONS,true
TNT_003,EMP_03236,SITE_NCR_01,SHIFT_DAY,TECHNOLOGY,true
TNT_001,EMP_03237,SITE_BLR_01,SHIFT_MORNING,OPERATIONS,true
TNT_002,EMP_03238,SITE_HYD_02,SHIFT_EVENING,TECHNOLOGY,true
TNT_002,EMP_03239,SITE_HYD_01,SHIFT_MORNING,OPERATIONS,true
TNT_001,EMP_03240,SITE_BLR_01,SHIFT_DAY,SUPPORT,true
TNT_002,EMP_03241,SITE_HYD_01,SHIFT_DAY,OPERATIONS,true
TNT_001,EMP_03242,SITE_BLR_02,SHIFT_DAY,TECHNOLOGY,true
TNT_003,EMP_03243,SITE_NCR_01,SHIFT_DAY,TECHNOLOGY,true
TNT_002,EMP_03244,SITE_HYD_01,SHIFT_DAY,OPERATIONS,true
TNT_001,EMP_03245,SITE_BLR_02,SHIFT_DAY,SUPPORT,true
TNT_003,EMP_03246,SITE_NCR_01,SHIFT_DAY,OPERATIONS,true
TNT_002,EMP_03247,SITE_HYD_01,SHIFT_DAY,SUPPORT,false
TNT_001,EMP_03248,SITE_BLR_01,SHIFT_DAY,OPERATIONS,true
TNT_002,EMP_03249,SITE_HYD_02,SHIFT_NIGHT,OPERATIONS,true
TNT_002,EMP_03250,SITE_HYD_01,SHIFT_MORNING,OPERATIONS,true
TNT_002,EMP_03251,SITE_HYD_02,SHIFT_MORNING,SUPPORT,true
TNT_001,EMP_03252,SITE_BLR_01,SHIFT_DAY,TECHNOLOGY,true
TNT_001,EMP_03253,SITE_BLR_01,SHIFT_DAY,SUPPORT,true
TNT_003,EMP_03254,SITE_NCR_02,SHIFT_MORNING,TECHNOLOGY,true
TNT_002,EMP_03255,SITE_HYD_01,SHIFT_NIGHT,OPERATIONS,true
TNT_001,EMP_03256,SITE_BLR_02,SHIFT_NIGHT,SUPPORT,true
TNT_001,EMP_03257,SITE_BLR_02,SHIFT_DAY,TECHNOLOGY,true
TNT_003,EMP_03258,SITE_NCR_01,SHIFT_MORNING,SUPPORT,true
TNT_002,EMP_03259,SITE_HYD_01,SHIFT_EVENING,TECHNOLOGY,true
TNT_003,EMP_03260,SITE_NCR_01,SHIFT_DAY,TECHNOLOGY,true
TNT_003,EMP_03261,SITE_NCR_01,SHIFT_MORNING,TECHNOLOGY,true
TNT_002,EMP_03262,SITE_HYD_02,SHIFT_DAY,SUPPORT,true
TNT_002,EMP_03263,SITE_HYD_01,SHIFT_EVENING,TECHNOLOGY,true
TNT_001,EMP_03264,SITE_BLR_01,SHIFT_MORNING,TECHNOLOGY,true
TNT_002,EMP_03265,SITE_HYD_01,SHIFT_DAY,OPERATIONS,true
TNT_003,EMP_03266,SITE_NCR_01,SHIFT_NIGHT,TECHNOLOGY,true
TNT_001,EMP_03267,SITE_BLR_01,SHIFT_DAY,OPERATIONS,true
TNT_002,EMP_03268,SITE_HYD_01,SHIFT_DAY,OPERATIONS,true
TNT_002,EMP_03269,SITE_HYD_02,SHIFT_DAY,SUPPORT,true
TNT_001,EMP_03270,SITE_BLR_02,SHIFT_MORNING,SUPPORT,true
TNT_001,EMP_03271,SITE_BLR_01,SHIFT_EVENING,OPERATIONS,true
TNT_001,EMP_03272,SITE_BLR_01,SHIFT_EVENING,TECHNOLOGY,true
TNT_002,EMP_03273,SITE_HYD_01,SHIFT_DAY,TECHNOLOGY,true
TNT_003,EMP_03274,SITE_NCR_02,SHIFT_NIGHT,OPERATIONS,true
TNT_002,EMP_03275,SITE_HYD_01,SHIFT_EVENING,SUPPORT,true
TNT_001,EMP_03276,SITE_BLR_01,SHIFT_EVENING,OPERATIONS,true
TNT_003,EMP_03277,SITE_NCR_02,SHIFT_MORNING,SUPPORT,true
TNT_003,EMP_03278,SITE_NCR_02,SHIFT_EVENING,TECHNOLOGY,true
TNT_003,EMP_03279,SITE_NCR_02,SHIFT_DAY,OPERATIONS,true
TNT_002,EMP_03280,SITE_HYD_02,SHIFT_DAY,SUPPORT,true
TNT_001,EMP_03281,SITE_BLR_02,SHIFT_DAY,SUPPORT,true
TNT_002,EMP_03282,SITE_HYD_02,SHIFT_NIGHT,TECHNOLOGY,true
TNT_001,EMP_03283,SITE_BLR_01,SHIFT_MORNING,TECHNOLOGY,true
TNT_001,EMP_03284,SITE_BLR_01,SHIFT_MORNING,OPERATIONS,true
TNT_001,EMP_03285,SITE_BLR_02,SHIFT_EVENING,OPERATIONS,true
TNT_002,EMP_03286,SITE_HYD_01,SHIFT_DAY,TECHNOLOGY,true
TNT_003,EMP_03287,SITE_NCR_01,SHIFT_EVENING,SUPPORT,true
TNT_002,EMP_03288,SITE_HYD_01,SHIFT_MORNING,OPERATIONS,true
TNT_001,EMP_03289,SITE_BLR_01,SHIFT_DAY,OPERATIONS,true
TNT_003,EMP_03290,SITE_NCR_01,SHIFT_NIGHT,OPERATIONS,true
TNT_001,EMP_03291,SITE_BLR_02,SHIFT_DAY,TECHNOLOGY,true
TNT_002,EMP_03292,SITE_HYD_02,SHIFT_MORNING,TECHNOLOGY,true
TNT_002,EMP_03293,SITE_HYD_02,SHIFT_EVENING,TECHNOLOGY,true
TNT_001,EMP_03294,SITE_BLR_02,SHIFT_MORNING,OPERATIONS,true
TNT_002,EMP_03295,SITE_HYD_01,SHIFT_MORNING,TECHNOLOGY,true
TNT_002,EMP_03296,SITE_HYD_02,SHIFT_DAY,OPERATIONS,true
TNT_001,EMP_03297,SITE_BLR_01,SHIFT_NIGHT,OPERATIONS,true
TNT_001,EMP_03298,SITE_BLR_02,SHIFT_DAY,SUPPORT,true
TNT_003,EMP_03299,SITE_NCR_01,SHIFT_MORNING,TECHNOLOGY,true
TNT_003,EMP_03300,SITE_NCR_01,SHIFT_MORNING,SUPPORT,true
TNT_001,EMP_03301,SITE_BLR_02,SHIFT_DAY,TECHNOLOGY,true
TNT_003,EMP_03302,SITE_NCR_02,SHIFT_MORNING,SUPPORT,true
TNT_001,EMP_03303,SITE_BLR_02,SHIFT_EVENING,TECHNOLOGY,true
TNT_002,EMP_03304,SITE_HYD_02,SHIFT_DAY,SUPPORT,true
TNT_001,EMP_03305,SITE_BLR_01,SHIFT_NIGHT,TECHNOLOGY,true
TNT_003,EMP_03306,SITE_NCR_02,SHIFT_DAY,SUPPORT,true
TNT_002,EMP_03307,SITE_HYD_01,SHIFT_DAY,OPERATIONS,true
TNT_001,EMP_03308,SITE_BLR_01,SHIFT_EVENING,TECHNOLOGY,true
TNT_001,EMP_03309,SITE_BLR_02,SHIFT_MORNING,OPERATIONS,true
TNT_001,EMP_03310,SITE_BLR_01,SHIFT_NIGHT,OPERATIONS,true
TNT_002,EMP_03311,SITE_HYD_02,SHIFT_DAY,OPERATIONS,true
TNT_001,EMP_03312,SITE_BLR_01,SHIFT_EVENING,OPERATIONS,true
TNT_002,EMP_03313,SITE_HYD_01,SHIFT_MORNING,SUPPORT,true
TNT_001,EMP_03314,SITE_BLR_02,SHIFT_DAY,SUPPORT,true
TNT_001,EMP_03315,SITE_BLR_01,SHIFT_MORNING,SUPPORT,true
TNT_001,EMP_03316,SITE_BLR_02,SHIFT_EVENING,OPERATIONS,true
TNT_003,EMP_03317,SITE_NCR_01,SHIFT_DAY,OPERATIONS,true
TNT_003,EMP_03318,SITE_NCR_01,SHIFT_DAY,SUPPORT,true
TNT_001,EMP_03319,SITE_BLR_01,SHIFT_EVENING,TECHNOLOGY,true
TNT_001,EMP_03320,SITE_BLR_01,SHIFT_MORNING,OPERATIONS,true
TNT_001,EMP_03321,SITE_BLR_01,SHIFT_EVENING,TECHNOLOGY,true
TNT_001,EMP_03322,SITE_BLR_02,SHIFT_NIGHT,TECHNOLOGY,true
TNT_002,EMP_03323,SITE_HYD_02,SHIFT_NIGHT,OPERATIONS,true
TNT_001,EMP_03324,SITE_BLR_02,SHIFT_EVENING,SUPPORT,true
TNT_001,EMP_03325,SITE_BLR_02,SHIFT_DAY,TECHNOLOGY,true
TNT_003,EMP_03326,SITE_NCR_02,SHIFT_NIGHT,SUPPORT,true
TNT_002,EMP_03327,SITE_HYD_01,SHIFT_DAY,SUPPORT,true
TNT_001,EMP_03328,SITE_BLR_01,SHIFT_MORNING,OPERATIONS,true
TNT_001,EMP_03329,SITE_BLR_02,SHIFT_MORNING,SUPPORT,true
TNT_002,EMP_03330,SITE_HYD_02,SHIFT_EVENING,SUPPORT,true
TNT_002,EMP_03331,SITE_HYD_02,SHIFT_DAY,SUPPORT,true
TNT_002,EMP_03332,SITE_HYD_02,SHIFT_DAY,SUPPORT,true
TNT_003,EMP_03333,SITE_NCR_02,SHIFT_EVENING,TECHNOLOGY,true
TNT_001,EMP_03334,SITE_BLR_02,SHIFT_DAY,TECHNOLOGY,true
TNT_001,EMP_03335,SITE_BLR_01,SHIFT_MORNING,SUPPORT,true
TNT_001,EMP_03336,SITE_BLR_01,SHIFT_DAY,SUPPORT,true
TNT_003,EMP_03337,SITE_NCR_02,SHIFT_DAY,OPERATIONS,true
TNT_001,EMP_03338,SITE_BLR_02,SHIFT_DAY,TECHNOLOGY,true
TNT_001,EMP_03339,SITE_BLR_01,SHIFT_EVENING,OPERATIONS,true
TNT_001,EMP_03340,SITE_BLR_01,SHIFT_NIGHT,TECHNOLOGY,true
TNT_002,EMP_03341,SITE_HYD_02,SHIFT_NIGHT,OPERATIONS,true
TNT_001,EMP_03342,SITE_BLR_02,SHIFT_DAY,OPERATIONS,true
TNT_001,EMP_03343,SITE_BLR_01,SHIFT_EVENING,SUPPORT,true
TNT_003,EMP_03344,SITE_NCR_02,SHIFT_NIGHT,OPERATIONS,false
TNT_002,EMP_03345,SITE_HYD_01,SHIFT_DAY,OPERATIONS,true
TNT_001,EMP_03346,SITE_BLR_01,SHIFT_DAY,SUPPORT,true
TNT_002,EMP_03347,SITE_HYD_01,SHIFT_DAY,SUPPORT,true
TNT_001,EMP_03348,SITE_BLR_02,SHIFT_MORNING,TECHNOLOGY,true
TNT_002,EMP_03349,SITE_HYD_01,SHIFT_DAY,OPERATIONS,true
TNT_001,EMP_03350,SITE_BLR_01,SHIFT_EVENING,SUPPORT,true
TNT_001,EMP_03351,SITE_BLR_01,SHIFT_DAY,TECHNOLOGY,true
TNT_002,EMP_03352,SITE_HYD_01,SHIFT_NIGHT,OPERATIONS,true
TNT_003,EMP_03353,SITE_NCR_01,SHIFT_EVENING,SUPPORT,true
TNT_003,EMP_03354,SITE_NCR_02,SHIFT_DAY,TECHNOLOGY,true
TNT_002,EMP_03355,SITE_HYD_01,SHIFT_DAY,TECHNOLOGY,true
TNT_003,EMP_03356,SITE_NCR_02,SHIFT_EVENING,OPERATIONS,true
TNT_002,EMP_03357,SITE_HYD_02,SHIFT_NIGHT,SUPPORT,true
TNT_003,EMP_03358,SITE_NCR_01,SHIFT_DAY,OPERATIONS,true
TNT_003,EMP_03359,SITE_NCR_01,SHIFT_DAY,SUPPORT,true
TNT_003,EMP_03360,SITE_NCR_02,SHIFT_EVENING,OPERATIONS,true
TNT_001,EMP_03361,SITE_BLR_01,SHIFT_NIGHT,OPERATIONS,false
TNT_001,EMP_03362,SITE_BLR_01,SHIFT_DAY,TECHNOLOGY,true
TNT_001,EMP_03363,SITE_BLR_01,SHIFT_MORNING,TECHNOLOGY,true
TNT_002,EMP_03364,SITE_HYD_01,SHIFT_DAY,SUPPORT,true
TNT_001,EMP_03365,SITE_BLR_01,SHIFT_EVENING,TECHNOLOGY,true
TNT_001,EMP_03366,SITE_BLR_01,SHIFT_DAY,TECHNOLOGY,true
TNT_003,EMP_03367,SITE_NCR_02,SHIFT_DAY,SUPPORT,true
TNT_003,EMP_03368,SITE_NCR_01,SHIFT_DAY,TECHNOLOGY,true
TNT_002,EMP_03369,SITE_HYD_01,SHIFT_DAY,TECHNOLOGY,true
TNT_003,EMP_03370,SITE_NCR_01,SHIFT_DAY,TECHNOLOGY,true
TNT_001,EMP_03371,SITE_BLR_02,SHIFT_NIGHT,SUPPORT,true
TNT_002,EMP_03372,SITE_HYD_02,SHIFT_NIGHT,TECHNOLOGY,true
TNT_001,EMP_03373,SITE_BLR_02,SHIFT_EVENING,TECHNOLOGY,true
TNT_001,EMP_03374,SITE_BLR_01,SHIFT_MORNING,TECHNOLOGY,true
TNT_001,EMP_03375,SITE_BLR_02,SHIFT_DAY,TECHNOLOGY,true
TNT_002,EMP_03376,SITE_HYD_02,SHIFT_MORNING,OPERATIONS,true
TNT_001,EMP_03377,SITE_BLR_01,SHIFT_DAY,SUPPORT,true
TNT_001,EMP_03378,SITE_BLR_02,SHIFT_MORNING,TECHNOLOGY,true
TNT_001,EMP_03379,SITE_BLR_02,SHIFT_DAY,OPERATIONS,true
TNT_002,EMP_03380,SITE_HYD_02,SHIFT_MORNING,TECHNOLOGY,true
TNT_001,EMP_03381,SITE_BLR_01,SHIFT_NIGHT,SUPPORT,true
TNT_001,EMP_03382,SITE_BLR_02,SHIFT_EVENING,OPERATIONS,true
TNT_002,EMP_03383,SITE_HYD_01,SHIFT_MORNING,SUPPORT,true
TNT_001,EMP_03384,SITE_BLR_02,SHIFT_DAY,OPERATIONS,true
TNT_001,EMP_03385,SITE_BLR_01,SHIFT_DAY,TECHNOLOGY,true
TNT_001,EMP_03386,SITE_BLR_02,SHIFT_NIGHT,SUPPORT,true
TNT_001,EMP_03387,SITE_BLR_02,SHIFT_DAY,OPERATIONS,true
TNT_001,EMP_03388,SITE_BLR_01,SHIFT_NIGHT,TECHNOLOGY,true
TNT_001,EMP_03389,SITE_BLR_01,SHIFT_DAY,OPERATIONS,true
TNT_002,EMP_03390,SITE_HYD_01,SHIFT_DAY,OPERATIONS,true
TNT_002,EMP_03391,SITE_HYD_02,SHIFT_EVENING,SUPPORT,true
TNT_002,EMP_03392,SITE_HYD_01,SHIFT_NIGHT,OPERATIONS,true
TNT_001,EMP_03393,SITE_BLR_01,SHIFT_EVENING,TECHNOLOGY,true
TNT_001,EMP_03394,SITE_BLR_01,SHIFT_DAY,OPERATIONS,true
TNT_001,EMP_03395,SITE_BLR_01,SHIFT_EVENING,OPERATIONS,true
TNT_002,EMP_03396,SITE_HYD_02,SHIFT_DAY,TECHNOLOGY,true
TNT_001,EMP_03397,SITE_BLR_01,SHIFT_DAY,TECHNOLOGY,true
TNT_002,EMP_03398,SITE_HYD_02,SHIFT_DAY,SUPPORT,true
TNT_001,EMP_03399,SITE_BLR_02,SHIFT_EVENING,OPERATIONS,true
TNT_001,EMP_03400,SITE_BLR_02,SHIFT_DAY,SUPPORT,true
TNT_003,EMP_03401,SITE_NCR_01,SHIFT_MORNING,OPERATIONS,true
TNT_002,EMP_03402,SITE_HYD_02,SHIFT_MORNING,OPERATIONS,true
TNT_001,EMP_03403,SITE_BLR_02,SHIFT_NIGHT,SUPPORT,true
TNT_001,EMP_03404,SITE_BLR_02,SHIFT_MORNING,OPERATIONS,true
TNT_002,EMP_03405,SITE_HYD_01,SHIFT_MORNING,TECHNOLOGY,true
TNT_001,EMP_03406,SITE_BLR_01,SHIFT_MORNING,SUPPORT,true
TNT_001,EMP_03407,SITE_BLR_01,SHIFT_MORNING,OPERATIONS,true
TNT_002,EMP_03408,SITE_HYD_02,SHIFT_EVENING,OPERATIONS,true
TNT_001,EMP_03409,SITE_BLR_01,SHIFT_DAY,OPERATIONS,true
TNT_001,EMP_03410,SITE_BLR_02,SHIFT_DAY,OPERATIONS,true
TNT_003,EMP_03411,SITE_NCR_02,SHIFT_DAY,TECHNOLOGY,true
TNT_001,EMP_03412,SITE_BLR_01,SHIFT_NIGHT,OPERATIONS,true
TNT_001,EMP_03413,SITE_BLR_01,SHIFT_MORNING,OPERATIONS,true
TNT_001,EMP_03414,SITE_BLR_02,SHIFT_MORNING,OPERATIONS,true
TNT_001,EMP_03415,SITE_BLR_01,SHIFT_NIGHT,OPERATIONS,true
TNT_001,EMP_03416,SITE_BLR_02,SHIFT_DAY,OPERATIONS,true
TNT_001,EMP_03417,SITE_BLR_01,SHIFT_MORNING,OPERATIONS,true
TNT_003,EMP_03418,SITE_NCR_02,SHIFT_EVENING,TECHNOLOGY,true
TNT_002,EMP_03419,SITE_HYD_01,SHIFT_MORNING,SUPPORT,true
TNT_001,EMP_03420,SITE_BLR_02,SHIFT_MORNING,SUPPORT,true
TNT_002,EMP_03421,SITE_HYD_02,SHIFT_NIGHT,SUPPORT,true
TNT_003,EMP_03422,SITE_NCR_01,SHIFT_MORNING,TECHNOLOGY,true
TNT_003,EMP_03423,SITE_NCR_02,SHIFT_MORNING,OPERATIONS,true
TNT_002,EMP_03424,SITE_HYD_01,SHIFT_DAY,TECHNOLOGY,true
TNT_001,EMP_03425,SITE_BLR_02,SHIFT_MORNING,SUPPORT,true
TNT_001,EMP_03426,SITE_BLR_01,SHIFT_NIGHT,OPERATIONS,true
TNT_001,EMP_03427,SITE_BLR_01,SHIFT_DAY,OPERATIONS,true
TNT_001,EMP_03428,SITE_BLR_02,SHIFT_EVENING,SUPPORT,true
TNT_001,EMP_03429,SITE_BLR_02,SHIFT_MORNING,TECHNOLOGY,true
TNT_002,EMP_03430,SITE_HYD_02,SHIFT_DAY,TECHNOLOGY,true
TNT_001,EMP_03431,SITE_BLR_01,SHIFT_DAY,OPERATIONS,false
TNT_001,EMP_03432,SITE_BLR_02,SHIFT_EVENING,OPERATIONS,true
TNT_003,EMP_03433,SITE_NCR_02,SHIFT_MORNING,SUPPORT,true
TNT_001,EMP_03434,SITE_BLR_01,SHIFT_NIGHT,OPERATIONS,true
TNT_001,EMP_03435,SITE_BLR_01,SHIFT_DAY,OPERATIONS,true
TNT_001,EMP_03436,SITE_BLR_01,SHIFT_DAY,TECHNOLOGY,true
TNT_001,EMP_03437,SITE_BLR_02,SHIFT_MORNING,SUPPORT,true
TNT_001,EMP_03438,SITE_BLR_01,SHIFT_EVENING,SUPPORT,true
TNT_003,EMP_03439,SITE_NCR_01,SHIFT_EVENING,OPERATIONS,true
TNT_003,EMP_03440,SITE_NCR_01,SHIFT_MORNING,SUPPORT,true
TNT_001,EMP_03441,SITE_BLR_02,SHIFT_MORNING,TECHNOLOGY,true
TNT_002,EMP_03442,SITE_HYD_01,SHIFT_DAY,TECHNOLOGY,true
TNT_003,EMP_03443,SITE_NCR_01,SHIFT_DAY,TECHNOLOGY,true
TNT_001,EMP_03444,SITE_BLR_01,SHIFT_MORNING,SUPPORT,true
TNT_001,EMP_03445,SITE_BLR_01,SHIFT_MORNING,SUPPORT,true
TNT_001,EMP_03446,SITE_BLR_01,SHIFT_DAY,SUPPORT,true
TNT_001,EMP_03447,SITE_BLR_01,SHIFT_EVENING,TECHNOLOGY,true
TNT_002,EMP_03448,SITE_HYD_02,SHIFT_DAY,OPERATIONS,true
TNT_002,EMP_03449,SITE_HYD_01,SHIFT_NIGHT,OPERATIONS,true
TNT_001,EMP_03450,SITE_BLR_02,SHIFT_NIGHT,OPERATIONS,true
TNT_001,EMP_03451,SITE_BLR_02,SHIFT_EVENING,OPERATIONS,true
TNT_001,EMP_03452,SITE_BLR_02,SHIFT_EVENING,TECHNOLOGY,true
TNT_003,EMP_03453,SITE_NCR_02,SHIFT_DAY,TECHNOLOGY,true
TNT_001,EMP_03454,SITE_BLR_02,SHIFT_NIGHT,TECHNOLOGY,true
TNT_001,EMP_03455,SITE_BLR_01,SHIFT_EVENING,SUPPORT,true
TNT_003,EMP_03456,SITE_NCR_01,SHIFT_MORNING,OPERATIONS,true
TNT_001,EMP_03457,SITE_BLR_01,SHIFT_NIGHT,TECHNOLOGY,true
TNT_001,EMP_03458,SITE_BLR_02,SHIFT_NIGHT,SUPPORT,true
TNT_001,EMP_03459,SITE_BLR_02,SHIFT_MORNING,OPERATIONS,true
TNT_002,EMP_03460,SITE_HYD_01,SHIFT_EVENING,SUPPORT,true
TNT_002,EMP_03461,SITE_HYD_02,SHIFT_NIGHT,OPERATIONS,true
TNT_001,EMP_03462,SITE_BLR_02,SHIFT_DAY,OPERATIONS,true
TNT_001,EMP_03463,SITE_BLR_01,SHIFT_MORNING,TECHNOLOGY,true
TNT_001,EMP_03464,SITE_BLR_02,SHIFT_NIGHT,OPERATIONS,true
TNT_002,EMP_03465,SITE_HYD_02,SHIFT_DAY,OPERATIONS,true
TNT_001,EMP_03466,SITE_BLR_01,SHIFT_DAY,TECHNOLOGY,true
TNT_001,EMP_03467,SITE_BLR_02,SHIFT_DAY,OPERATIONS,true
TNT_001,EMP_03468,SITE_BLR_01,SHIFT_MORNING,SUPPORT,true
TNT_001,EMP_03469,SITE_BLR_02,SHIFT_NIGHT,SUPPORT,true
TNT_003,EMP_03470,SITE_NCR_02,SHIFT_DAY,OPERATIONS,true
TNT_001,EMP_03471,SITE_BLR_01,SHIFT_MORNING,OPERATIONS,true
TNT_001,EMP_03472,SITE_BLR_01,SHIFT_NIGHT,OPERATIONS,true
TNT_001,EMP_03473,SITE_BLR_02,SHIFT_DAY,SUPPORT,true
TNT_001,EMP_03474,SITE_BLR_02,SHIFT_DAY,SUPPORT,true
TNT_002,EMP_03475,SITE_HYD_01,SHIFT_DAY,OPERATIONS,true
TNT_001,EMP_03476,SITE_BLR_01,SHIFT_DAY,SUPPORT,true
TNT_001,EMP_03477,SITE_BLR_01,SHIFT_DAY,TECHNOLOGY,true
TNT_002,EMP_03478,SITE_HYD_02,SHIFT_MORNING,OPERATIONS,true
TNT_001,EMP_03479,SITE_BLR_02,SHIFT_MORNING,OPERATIONS,true
TNT_001,EMP_03480,SITE_BLR_01,SHIFT_NIGHT,TECHNOLOGY,true
TNT_001,EMP_03481,SITE_BLR_02,SHIFT_NIGHT,OPERATIONS,true
TNT_001,EMP_03482,SITE_BLR_02,SHIFT_DAY,OPERATIONS,true
TNT_001,EMP_03483,SITE_BLR_02,SHIFT_MORNING,OPERATIONS,true
TNT_001,EMP_03484,SITE_BLR_02,SHIFT_EVENING,TECHNOLOGY,true
TNT_001,EMP_03485,SITE_BLR_01,SHIFT_NIGHT,SUPPORT,true
TNT_001,EMP_03486,SITE_BLR_02,SHIFT_DAY,TECHNOLOGY,true
TNT_001,EMP_03487,SITE_BLR_01,SHIFT_DAY,OPERATIONS,true
TNT_001,EMP_03488,SITE_BLR_01,SHIFT_MORNING,TECHNOLOGY,true
TNT_003,EMP_03489,SITE_NCR_01,SHIFT_DAY,OPERATIONS,true
TNT_001,EMP_03490,SITE_BLR_02,SHIFT_DAY,OPERATIONS,true
TNT_002,EMP_03491,SITE_HYD_01,SHIFT_EVENING,SUPPORT,true
TNT_003,EMP_03492,SITE_NCR_01,SHIFT_EVENING,OPERATIONS,true
TNT_001,EMP_03493,SITE_BLR_02,SHIFT_DAY,TECHNOLOGY,true
TNT_003,EMP_03494,SITE_NCR_02,SHIFT_DAY,SUPPORT,true
TNT_003,EMP_03495,SITE_NCR_02,SHIFT_EVENING,SUPPORT,true
TNT_001,EMP_03496,SITE_BLR_02,SHIFT_DAY,SUPPORT,true
TNT_001,EMP_03497,SITE_BLR_01,SHIFT_MORNING,OPERATIONS,true
TNT_001,EMP_03498,SITE_BLR_02,SHIFT_EVENING,OPERATIONS,true
TNT_001,EMP_03499,SITE_BLR_02,SHIFT_MORNING,SUPPORT,true
TNT_002,EMP_03500,SITE_HYD_01,SHIFT_EVENING,TECHNOLOGY,true
TNT_001,EMP_03501,SITE_BLR_02,SHIFT_MORNING,TECHNOLOGY,true
TNT_001,EMP_03502,SITE_BLR_02,SHIFT_NIGHT,OPERATIONS,true
TNT_001,EMP_03503,SITE_BLR_02,SHIFT_NIGHT,TECHNOLOGY,true
TNT_002,EMP_03504,SITE_HYD_01,SHIFT_DAY,OPERATIONS,true
TNT_003,EMP_03505,SITE_NCR_02,SHIFT_DAY,OPERATIONS,true
TNT_001,EMP_03506,SITE_BLR_01,SHIFT_NIGHT,SUPPORT,true
TNT_001,EMP_03507,SITE_BLR_01,SHIFT_NIGHT,SUPPORT,true
TNT_002,EMP_03508,SITE_HYD_02,SHIFT_DAY,OPERATIONS,true
TNT_001,EMP_03509,SITE_BLR_02,SHIFT_MORNING,TECHNOLOGY,true
TNT_001,EMP_03510,SITE_BLR_02,SHIFT_EVENING,OPERATIONS,true
TNT_002,EMP_03511,SITE_HYD_02,SHIFT_DAY,OPERATIONS,true
TNT_001,EMP_03512,SITE_BLR_01,SHIFT_MORNING,TECHNOLOGY,true
TNT_002,EMP_03513,SITE_HYD_02,SHIFT_DAY,SUPPORT,true
TNT_002,EMP_03514,SITE_HYD_01,SHIFT_DAY,OPERATIONS,true
TNT_003,EMP_03515,SITE_NCR_02,SHIFT_EVENING,TECHNOLOGY,true
TNT_001,EMP_03516,SITE_BLR_02,SHIFT_EVENING,OPERATIONS,true
TNT_003,EMP_03517,SITE_NCR_02,SHIFT_MORNING,SUPPORT,true
TNT_001,EMP_03518,SITE_BLR_01,SHIFT_DAY,OPERATIONS,true
TNT_002,EMP_03519,SITE_HYD_01,SHIFT_MORNING,TECHNOLOGY,true
TNT_001,EMP_03520,SITE_BLR_01,SHIFT_DAY,OPERATIONS,true
TNT_001,EMP_03521,SITE_BLR_01,SHIFT_DAY,OPERATIONS,true
TNT_002,EMP_03522,SITE_HYD_02,SHIFT_EVENING,OPERATIONS,true
TNT_001,EMP_03523,SITE_BLR_01,SHIFT_EVENING,SUPPORT,true
TNT_001,EMP_03524,SITE_BLR_02,SHIFT_NIGHT,TECHNOLOGY,true
TNT_003,EMP_03525,SITE_NCR_01,SHIFT_DAY,TECHNOLOGY,true
TNT_001,EMP_03526,SITE_BLR_01,SHIFT_MORNING,SUPPORT,true
TNT_002,EMP_03527,SITE_HYD_01,SHIFT_NIGHT,OPERATIONS,true
TNT_003,EMP_03528,SITE_NCR_02,SHIFT_MORNING,OPERATIONS,true
TNT_003,EMP_03529,SITE_NCR_02,SHIFT_DAY,TECHNOLOGY,true
TNT_003,EMP_03530,SITE_NCR_01,SHIFT_MORNING,OPERATIONS,true
TNT_001,EMP_03531,SITE_BLR_01,SHIFT_EVENING,TECHNOLOGY,true
TNT_001,EMP_03532,SITE_BLR_01,SHIFT_EVENING,OPERATIONS,true
TNT_002,EMP_03533,SITE_HYD_02,SHIFT_NIGHT,OPERATIONS,true
TNT_002,EMP_03534,SITE_HYD_02,SHIFT_MORNING,OPERATIONS,true
TNT_002,EMP_03535,SITE_HYD_02,SHIFT_MORNING,SUPPORT,true
TNT_001,EMP_03536,SITE_BLR_01,SHIFT_MORNING,OPERATIONS,true
TNT_001,EMP_03537,SITE_BLR_02,SHIFT_MORNING,SUPPORT,true
TNT_002,EMP_03538,SITE_HYD_01,SHIFT_MORNING,SUPPORT,true
TNT_001,EMP_03539,SITE_BLR_01,SHIFT_MORNING,TECHNOLOGY,true
TNT_003,EMP_03540,SITE_NCR_02,SHIFT_MORNING,OPERATIONS,true
TNT_002,EMP_03541,SITE_HYD_02,SHIFT_MORNING,OPERATIONS,true
TNT_002,EMP_03542,SITE_HYD_02,SHIFT_NIGHT,OPERATIONS,true
TNT_002,EMP_03543,SITE_HYD_02,SHIFT_EVENING,TECHNOLOGY,true
TNT_001,EMP_03544,SITE_BLR_01,SHIFT_MORNING,SUPPORT,true
TNT_001,EMP_03545,SITE_BLR_01,SHIFT_DAY,SUPPORT,true
TNT_001,EMP_03546,SITE_BLR_02,SHIFT_MORNING,OPERATIONS,true
TNT_001,EMP_03547,SITE_BLR_01,SHIFT_NIGHT,OPERATIONS,true
TNT_001,EMP_03548,SITE_BLR_01,SHIFT_DAY,OPERATIONS,true
TNT_001,EMP_03549,SITE_BLR_01,SHIFT_NIGHT,SUPPORT,true
TNT_002,EMP_03550,SITE_HYD_01,SHIFT_DAY,SUPPORT,true
TNT_001,EMP_03551,SITE_BLR_01,SHIFT_DAY,SUPPORT,true
TNT_001,EMP_03552,SITE_BLR_02,SHIFT_DAY,TECHNOLOGY,true
TNT_001,EMP_03553,SITE_BLR_01,SHIFT_DAY,OPERATIONS,true
TNT_001,EMP_03554,SITE_BLR_02,SHIFT_MORNING,OPERATIONS,true
TNT_002,EMP_03555,SITE_HYD_01,SHIFT_DAY,OPERATIONS,true
TNT_001,EMP_03556,SITE_BLR_02,SHIFT_EVENING,OPERATIONS,true
TNT_001,EMP_03557,SITE_BLR_01,SHIFT_DAY,OPERATIONS,true
TNT_003,EMP_03558,SITE_NCR_01,SHIFT_MORNING,TECHNOLOGY,true
TNT_001,EMP_03559,SITE_BLR_01,SHIFT_EVENING,OPERATIONS,true
TNT_002,EMP_03560,SITE_HYD_01,SHIFT_EVENING,OPERATIONS,false
TNT_001,EMP_03561,SITE_BLR_02,SHIFT_NIGHT,OPERATIONS,true
TNT_002,EMP_03562,SITE_HYD_01,SHIFT_DAY,TECHNOLOGY,false
TNT_003,EMP_03563,SITE_NCR_02,SHIFT_DAY,OPERATIONS,true
TNT_002,EMP_03564,SITE_HYD_02,SHIFT_DAY,OPERATIONS,true
TNT_001,EMP_03565,SITE_BLR_01,SHIFT_MORNING,OPERATIONS,true
TNT_002,EMP_03566,SITE_HYD_02,SHIFT_EVENING,TECHNOLOGY,true
TNT_001,EMP_03567,SITE_BLR_02,SHIFT_DAY,OPERATIONS,true
TNT_003,EMP_03568,SITE_NCR_02,SHIFT_DAY,OPERATIONS,true
TNT_002,EMP_03569,SITE_HYD_02,SHIFT_DAY,OPERATIONS,true
TNT_001,EMP_03570,SITE_BLR_01,SHIFT_MORNING,SUPPORT,true
TNT_002,EMP_03571,SITE_HYD_02,SHIFT_NIGHT,SUPPORT,true
TNT_002,EMP_03572,SITE_HYD_02,SHIFT_DAY,TECHNOLOGY,true
TNT_001,EMP_03573,SITE_BLR_01,SHIFT_MORNING,OPERATIONS,true
TNT_002,EMP_03574,SITE_HYD_01,SHIFT_NIGHT,OPERATIONS,true
TNT_003,EMP_03575,SITE_NCR_02,SHIFT_EVENING,TECHNOLOGY,true
TNT_003,EMP_03576,SITE_NCR_02,SHIFT_MORNING,OPERATIONS,true
TNT_001,EMP_03577,SITE_BLR_01,SHIFT_MORNING,SUPPORT,true
TNT_003,EMP_03578,SITE_NCR_01,SHIFT_MORNING,TECHNOLOGY,true
TNT_001,EMP_03579,SITE_BLR_01,SHIFT_DAY,SUPPORT,true
TNT_002,EMP_03580,SITE_HYD_02,SHIFT_NIGHT,OPERATIONS,true
TNT_001,EMP_03581,SITE_BLR_01,SHIFT_MORNING,OPERATIONS,true
TNT_001,EMP_03582,SITE_BLR_02,SHIFT_MORNING,TECHNOLOGY,true
TNT_001,EMP_03583,SITE_BLR_02,SHIFT_EVENING,TECHNOLOGY,true
TNT_003,EMP_03584,SITE_NCR_02,SHIFT_DAY,TECHNOLOGY,true
TNT_003,EMP_03585,SITE_NCR_02,SHIFT_DAY,OPERATIONS,true
TNT_001,EMP_03586,SITE_BLR_01,SHIFT_DAY,OPERATIONS,true
TNT_003,EMP_03587,SITE_NCR_01,SHIFT_DAY,OPERATIONS,true
TNT_002,EMP_03588,SITE_HYD_01,SHIFT_DAY,TECHNOLOGY,true
TNT_001,EMP_03589,SITE_BLR_02,SHIFT_EVENING,SUPPORT,true
TNT_001,EMP_03590,SITE_BLR_01,SHIFT_NIGHT,OPERATIONS,true
TNT_001,EMP_03591,SITE_BLR_02,SHIFT_MORNING,TECHNOLOGY,true
TNT_001,EMP_03592,SITE_BLR_02,SHIFT_NIGHT,OPERATIONS,true
TNT_001,EMP_03593,SITE_BLR_02,SHIFT_DAY,SUPPORT,true
TNT_001,EMP_03594,SITE_BLR_01,SHIFT_NIGHT,OPERATIONS,true
TNT_001,EMP_03595,SITE_BLR_01,SHIFT_MORNING,TECHNOLOGY,true
TNT_001,EMP_03596,SITE_BLR_01,SHIFT_EVENING,OPERATIONS,true
TNT_001,EMP_03597,SITE_BLR_01,SHIFT_DAY,TECHNOLOGY,true
TNT_002,EMP_03598,SITE_HYD_02,SHIFT_DAY,TECHNOLOGY,true
TNT_002,EMP_03599,SITE_HYD_02,SHIFT_EVENING,OPERATIONS,true
TNT_001,EMP_03600,SITE_BLR_01,SHIFT_MORNING,TECHNOLOGY,true
TNT_001,EMP_03601,SITE_BLR_01,SHIFT_DAY,OPERATIONS,true
TNT_001,EMP_03602,SITE_BLR_02,SHIFT_EVENING,TECHNOLOGY,true
TNT_001,EMP_03603,SITE_BLR_02,SHIFT_NIGHT,OPERATIONS,true
TNT_001,EMP_03604,SITE_BLR_02,SHIFT_EVENING,OPERATIONS,true
TNT_003,EMP_03605,SITE_NCR_01,SHIFT_EVENING,TECHNOLOGY,true
TNT_001,EMP_03606,SITE_BLR_01,SHIFT_DAY,TECHNOLOGY,true
TNT_002,EMP_03607,SITE_HYD_02,SHIFT_NIGHT,TECHNOLOGY,true
TNT_002,EMP_03608,SITE_HYD_01,SHIFT_DAY,OPERATIONS,true
TNT_002,EMP_03609,SITE_HYD_01,SHIFT_DAY,SUPPORT,true
TNT_001,EMP_03610,SITE_BLR_01,SHIFT_MORNING,OPERATIONS,true
TNT_001,EMP_03611,SITE_BLR_02,SHIFT_DAY,TECHNOLOGY,true
TNT_002,EMP_03612,SITE_HYD_02,SHIFT_NIGHT,OPERATIONS,true
TNT_003,EMP_03613,SITE_NCR_02,SHIFT_MORNING,SUPPORT,true
TNT_002,EMP_03614,SITE_HYD_02,SHIFT_MORNING,OPERATIONS,true
TNT_002,EMP_03615,SITE_HYD_02,SHIFT_MORNING,TECHNOLOGY,true
TNT_003,EMP_03616,SITE_NCR_02,SHIFT_DAY,SUPPORT,true
TNT_001,EMP_03617,SITE_BLR_02,SHIFT_MORNING,TECHNOLOGY,true
TNT_001,EMP_03618,SITE_BLR_02,SHIFT_EVENING,OPERATIONS,true
TNT_003,EMP_03619,SITE_NCR_01,SHIFT_DAY,OPERATIONS,true
TNT_003,EMP_03620,SITE_NCR_01,SHIFT_EVENING,SUPPORT,true
TNT_001,EMP_03621,SITE_BLR_01,SHIFT_NIGHT,SUPPORT,true
TNT_001,EMP_03622,SITE_BLR_01,SHIFT_DAY,TECHNOLOGY,true
TNT_001,EMP_03623,SITE_BLR_01,SHIFT_EVENING,TECHNOLOGY,true
TNT_001,EMP_03624,SITE_BLR_02,SHIFT_MORNING,TECHNOLOGY,true
TNT_002,EMP_03625,SITE_HYD_01,SHIFT_MORNING,OPERATIONS,true
TNT_001,EMP_03626,SITE_BLR_02,SHIFT_NIGHT,OPERATIONS,true
TNT_002,EMP_03627,SITE_HYD_02,SHIFT_DAY,OPERATIONS,true
TNT_001,EMP_03628,SITE_BLR_02,SHIFT_NIGHT,OPERATIONS,true
TNT_002,EMP_03629,SITE_HYD_01,SHIFT_DAY,TECHNOLOGY,true
TNT_001,EMP_03630,SITE_BLR_01,SHIFT_DAY,TECHNOLOGY,true
TNT_002,EMP_03631,SITE_HYD_02,SHIFT_NIGHT,OPERATIONS,true
TNT_002,EMP_03632,SITE_HYD_02,SHIFT_MORNING,SUPPORT,true
TNT_003,EMP_03633,SITE_NCR_01,SHIFT_MORNING,TECHNOLOGY,true
TNT_001,EMP_03634,SITE_BLR_02,SHIFT_MORNING,TECHNOLOGY,true
TNT_002,EMP_03635,SITE_HYD_01,SHIFT_EVENING,OPERATIONS,true
TNT_001,EMP_03636,SITE_BLR_01,SHIFT_MORNING,TECHNOLOGY,true
TNT_001,EMP_03637,SITE_BLR_02,SHIFT_DAY,OPERATIONS,true
TNT_002,EMP_03638,SITE_HYD_02,SHIFT_DAY,SUPPORT,true
TNT_001,EMP_03639,SITE_BLR_01,SHIFT_EVENING,SUPPORT,true
TNT_001,EMP_03640,SITE_BLR_01,SHIFT_NIGHT,OPERATIONS,true
TNT_002,EMP_03641,SITE_HYD_01,SHIFT_NIGHT,OPERATIONS,true
TNT_001,EMP_03642,SITE_BLR_02,SHIFT_EVENING,SUPPORT,true
TNT_001,EMP_03643,SITE_BLR_01,SHIFT_DAY,OPERATIONS,true
TNT_001,EMP_03644,SITE_BLR_01,SHIFT_NIGHT,TECHNOLOGY,true
TNT_003,EMP_03645,SITE_NCR_02,SHIFT_MORNING,OPERATIONS,true
TNT_003,EMP_03646,SITE_NCR_01,SHIFT_DAY,TECHNOLOGY,true
TNT_002,EMP_03647,SITE_HYD_02,SHIFT_DAY,OPERATIONS,true
TNT_001,EMP_03648,SITE_BLR_01,SHIFT_EVENING,OPERATIONS,true
TNT_001,EMP_03649,SITE_BLR_01,SHIFT_EVENING,OPERATIONS,true
TNT_003,EMP_03650,SITE_NCR_01,SHIFT_NIGHT,OPERATIONS,true
TNT_001,EMP_03651,SITE_BLR_01,SHIFT_DAY,TECHNOLOGY,true
TNT_001,EMP_03652,SITE_BLR_01,SHIFT_EVENING,SUPPORT,true
TNT_002,EMP_03653,SITE_HYD_02,SHIFT_NIGHT,OPERATIONS,true
TNT_002,EMP_03654,SITE_HYD_02,SHIFT_DAY,TECHNOLOGY,true
TNT_002,EMP_03655,SITE_HYD_02,SHIFT_NIGHT,OPERATIONS,true
TNT_001,EMP_03656,SITE_BLR_02,SHIFT_DAY,TECHNOLOGY,true
TNT_001,EMP_03657,SITE_BLR_02,SHIFT_MORNING,OPERATIONS,true
TNT_003,EMP_03658,SITE_NCR_01,SHIFT_DAY,TECHNOLOGY,true
TNT_003,EMP_03659,SITE_NCR_01,SHIFT_DAY,SUPPORT,true
TNT_003,EMP_03660,SITE_NCR_02,SHIFT_NIGHT,TECHNOLOGY,true
TNT_001,EMP_03661,SITE_BLR_01,SHIFT_DAY,OPERATIONS,true
TNT_002,EMP_03662,SITE_HYD_01,SHIFT_DAY,TECHNOLOGY,true
TNT_002,EMP_03663,SITE_HYD_02,SHIFT_NIGHT,TECHNOLOGY,true
TNT_002,EMP_03664,SITE_HYD_02,SHIFT_NIGHT,SUPPORT,true
TNT_003,EMP_03665,SITE_NCR_01,SHIFT_EVENING,SUPPORT,true
TNT_002,EMP_03666,SITE_HYD_02,SHIFT_DAY,SUPPORT,true
TNT_003,EMP_03667,SITE_NCR_02,SHIFT_EVENING,OPERATIONS,true
TNT_002,EMP_03668,SITE_HYD_01,SHIFT_NIGHT,OPERATIONS,true
TNT_001,EMP_03669,SITE_BLR_02,SHIFT_MORNING,SUPPORT,true
TNT_002,EMP_03670,SITE_HYD_02,SHIFT_NIGHT,TECHNOLOGY,true
TNT_001,EMP_03671,SITE_BLR_02,SHIFT_NIGHT,SUPPORT,true
TNT_002,EMP_03672,SITE_HYD_01,SHIFT_EVENING,SUPPORT,true
TNT_001,EMP_03673,SITE_BLR_01,SHIFT_DAY,SUPPORT,true
TNT_001,EMP_03674,SITE_BLR_02,SHIFT_NIGHT,OPERATIONS,true
TNT_002,EMP_03675,SITE_HYD_02,SHIFT_EVENING,TECHNOLOGY,true
TNT_001,EMP_03676,SITE_BLR_02,SHIFT_MORNING,TECHNOLOGY,true
TNT_002,EMP_03677,SITE_HYD_02,SHIFT_DAY,TECHNOLOGY,true
TNT_001,EMP_03678,SITE_BLR_02,SHIFT_EVENING,TECHNOLOGY,true
TNT_002,EMP_03679,SITE_HYD_02,SHIFT_EVENING,OPERATIONS,true
TNT_001,EMP_03680,SITE_BLR_01,SHIFT_MORNING,SUPPORT,true
TNT_001,EMP_03681,SITE_BLR_01,SHIFT_DAY,SUPPORT,true
TNT_001,EMP_03682,SITE_BLR_01,SHIFT_MORNING,OPERATIONS,true
TNT_003,EMP_03683,SITE_NCR_01,SHIFT_MORNING,OPERATIONS,true
TNT_001,EMP_03684,SITE_BLR_02,SHIFT_MORNING,OPERATIONS,true
TNT_001,EMP_03685,SITE_BLR_01,SHIFT_MORNING,OPERATIONS,true
TNT_002,EMP_03686,SITE_HYD_02,SHIFT_EVENING,OPERATIONS,true
TNT_001,EMP_03687,SITE_BLR_02,SHIFT_DAY,TECHNOLOGY,true
TNT_001,EMP_03688,SITE_BLR_01,SHIFT_EVENING,SUPPORT,true
TNT_001,EMP_03689,SITE_BLR_02,SHIFT_EVENING,SUPPORT,true
TNT_001,EMP_03690,SITE_BLR_01,SHIFT_DAY,SUPPORT,true
TNT_001,EMP_03691,SITE_BLR_01,SHIFT_EVENING,TECHNOLOGY,true
TNT_002,EMP_03692,SITE_HYD_02,SHIFT_EVENING,TECHNOLOGY,true
TNT_002,EMP_03693,SITE_HYD_01,SHIFT_MORNING,TECHNOLOGY,true
TNT_001,EMP_03694,SITE_BLR_02,SHIFT_DAY,SUPPORT,true
TNT_001,EMP_03695,SITE_BLR_01,SHIFT_DAY,OPERATIONS,true
TNT_003,EMP_03696,SITE_NCR_01,SHIFT_MORNING,SUPPORT,true
TNT_002,EMP_03697,SITE_HYD_02,SHIFT_MORNING,TECHNOLOGY,true
TNT_003,EMP_03698,SITE_NCR_01,SHIFT_MORNING,TECHNOLOGY,true
TNT_002,EMP_03699,SITE_HYD_01,SHIFT_EVENING,TECHNOLOGY,true
TNT_001,EMP_03700,SITE_BLR_02,SHIFT_NIGHT,SUPPORT,true
TNT_001,EMP_03701,SITE_BLR_02,SHIFT_MORNING,TECHNOLOGY,true
TNT_001,EMP_03702,SITE_BLR_02,SHIFT_EVENING,SUPPORT,true
TNT_001,EMP_03703,SITE_BLR_01,SHIFT_MORNING,TECHNOLOGY,true
TNT_002,EMP_03704,SITE_HYD_01,SHIFT_EVENING,TECHNOLOGY,true
TNT_001,EMP_03705,SITE_BLR_02,SHIFT_DAY,TECHNOLOGY,true
TNT_001,EMP_03706,SITE_BLR_01,SHIFT_NIGHT,OPERATIONS,true
TNT_001,EMP_03707,SITE_BLR_01,SHIFT_MORNING,TECHNOLOGY,true
TNT_003,EMP_03708,SITE_NCR_02,SHIFT_MORNING,TECHNOLOGY,true
TNT_001,EMP_03709,SITE_BLR_02,SHIFT_EVENING,OPERATIONS,true
TNT_001,EMP_03710,SITE_BLR_02,SHIFT_NIGHT,TECHNOLOGY,true
TNT_001,EMP_03711,SITE_BLR_01,SHIFT_DAY,TECHNOLOGY,true
TNT_001,EMP_03712,SITE_BLR_02,SHIFT_NIGHT,TECHNOLOGY,true
TNT_002,EMP_03713,SITE_HYD_01,SHIFT_MORNING,TECHNOLOGY,true
TNT_003,EMP_03714,SITE_NCR_01,SHIFT_DAY,SUPPORT,true
TNT_001,EMP_03715,SITE_BLR_01,SHIFT_EVENING,TECHNOLOGY,true
TNT_001,EMP_03716,SITE_BLR_01,SHIFT_EVENING,OPERATIONS,true
TNT_001,EMP_03717,SITE_BLR_02,SHIFT_DAY,SUPPORT,false
TNT_001,EMP_03718,SITE_BLR_02,SHIFT_DAY,OPERATIONS,true
TNT_001,EMP_03719,SITE_BLR_01,SHIFT_MORNING,TECHNOLOGY,true
TNT_003,EMP_03720,SITE_NCR_01,SHIFT_DAY,TECHNOLOGY,true
TNT_001,EMP_03721,SITE_BLR_02,SHIFT_MORNING,SUPPORT,true
TNT_001,EMP_03722,SITE_BLR_01,SHIFT_DAY,SUPPORT,true
TNT_001,EMP_03723,SITE_BLR_02,SHIFT_NIGHT,SUPPORT,true
TNT_001,EMP_03724,SITE_BLR_01,SHIFT_MORNING,OPERATIONS,true
TNT_001,EMP_03725,SITE_BLR_01,SHIFT_DAY,OPERATIONS,true
TNT_001,EMP_03726,SITE_BLR_01,SHIFT_DAY,OPERATIONS,true
TNT_001,EMP_03727,SITE_BLR_02,SHIFT_MORNING,OPERATIONS,true
TNT_003,EMP_03728,SITE_NCR_01,SHIFT_MORNING,OPERATIONS,true
TNT_002,EMP_03729,SITE_HYD_02,SHIFT_DAY,OPERATIONS,true
TNT_001,EMP_03730,SITE_BLR_02,SHIFT_DAY,TECHNOLOGY,true
TNT_001,EMP_03731,SITE_BLR_01,SHIFT_DAY,SUPPORT,true
TNT_001,EMP_03732,SITE_BLR_01,SHIFT_NIGHT,SUPPORT,true
TNT_001,EMP_03733,SITE_BLR_01,SHIFT_DAY,TECHNOLOGY,true
TNT_002,EMP_03734,SITE_HYD_01,SHIFT_DAY,OPERATIONS,true
TNT_001,EMP_03735,SITE_BLR_02,SHIFT_DAY,SUPPORT,true
TNT_001,EMP_03736,SITE_BLR_02,SHIFT_DAY,TECHNOLOGY,true
TNT_002,EMP_03737,SITE_HYD_02,SHIFT_DAY,SUPPORT,true
TNT_003,EMP_03738,SITE_NCR_02,SHIFT_DAY,TECHNOLOGY,true
TNT_001,EMP_03739,SITE_BLR_01,SHIFT_EVENING,SUPPORT,false
TNT_002,EMP_03740,SITE_HYD_01,SHIFT_NIGHT,OPERATIONS,true
TNT_003,EMP_03741,SITE_NCR_01,SHIFT_EVENING,SUPPORT,true
TNT_001,EMP_03742,SITE_BLR_01,SHIFT_MORNING,OPERATIONS,true
TNT_002,EMP_03743,SITE_HYD_02,SHIFT_MORNING,OPERATIONS,true
TNT_001,EMP_03744,SITE_BLR_02,SHIFT_MORNING,TECHNOLOGY,true
TNT_002,EMP_03745,SITE_HYD_02,SHIFT_DAY,TECHNOLOGY,true
TNT_002,EMP_03746,SITE_HYD_02,SHIFT_DAY,OPERATIONS,true
TNT_003,EMP_03747,SITE_NCR_02,SHIFT_MORNING,OPERATIONS,true
TNT_001,EMP_03748,SITE_BLR_02,SHIFT_MORNING,OPERATIONS,true
TNT_001,EMP_03749,SITE_BLR_01,SHIFT_DAY,OPERATIONS,true
TNT_001,EMP_03750,SITE_BLR_01,SHIFT_NIGHT,TECHNOLOGY,true
TNT_001,EMP_03751,SITE_BLR_02,SHIFT_MORNING,OPERATIONS,true
TNT_002,EMP_03752,SITE_HYD_02,SHIFT_DAY,OPERATIONS,true
TNT_002,EMP_03753,SITE_HYD_02,SHIFT_MORNING,OPERATIONS,true
TNT_003,EMP_03754,SITE_NCR_01,SHIFT_DAY,OPERATIONS,true
TNT_001,EMP_03755,SITE_BLR_02,SHIFT_DAY,TECHNOLOGY,true
TNT_003,EMP_03756,SITE_NCR_01,SHIFT_MORNING,OPERATIONS,true
TNT_001,EMP_03757,SITE_BLR_02,SHIFT_NIGHT,OPERATIONS,true
TNT_001,EMP_03758,SITE_BLR_02,SHIFT_DAY,OPERATIONS,true
TNT_001,EMP_03759,SITE_BLR_01,SHIFT_DAY,TECHNOLOGY,true
TNT_003,EMP_03760,SITE_NCR_01,SHIFT_DAY,OPERATIONS,true
TNT_003,EMP_03761,SITE_NCR_02,SHIFT_EVENING,SUPPORT,true
TNT_003,EMP_03762,SITE_NCR_01,SHIFT_DAY,OPERATIONS,true
TNT_002,EMP_03763,SITE_HYD_01,SHIFT_DAY,OPERATIONS,true
TNT_002,EMP_03764,SITE_HYD_01,SHIFT_NIGHT,TECHNOLOGY,true
TNT_001,EMP_03765,SITE_BLR_02,SHIFT_DAY,TECHNOLOGY,true
TNT_002,EMP_03766,SITE_HYD_02,SHIFT_DAY,OPERATIONS,true
TNT_001,EMP_03767,SITE_BLR_02,SHIFT_DAY,SUPPORT,true
TNT_003,EMP_03768,SITE_NCR_01,SHIFT_MORNING,OPERATIONS,true
TNT_001,EMP_03769,SITE_BLR_01,SHIFT_EVENING,TECHNOLOGY,true
TNT_001,EMP_03770,SITE_BLR_02,SHIFT_DAY,TECHNOLOGY,true
TNT_003,EMP_03771,SITE_NCR_01,SHIFT_MORNING,OPERATIONS,true
TNT_002,EMP_03772,SITE_HYD_01,SHIFT_DAY,TECHNOLOGY,true
TNT_003,EMP_03773,SITE_NCR_02,SHIFT_NIGHT,OPERATIONS,true
TNT_001,EMP_03774,SITE_BLR_01,SHIFT_NIGHT,TECHNOLOGY,true
TNT_001,EMP_03775,SITE_BLR_02,SHIFT_DAY,TECHNOLOGY,true
TNT_002,EMP_03776,SITE_HYD_01,SHIFT_NIGHT,TECHNOLOGY,true
TNT_001,EMP_03777,SITE_BLR_02,SHIFT_DAY,OPERATIONS,true
TNT_003,EMP_03778,SITE_NCR_02,SHIFT_MORNING,SUPPORT,true
TNT_003,EMP_03779,SITE_NCR_01,SHIFT_MORNING,TECHNOLOGY,true
TNT_001,EMP_03780,SITE_BLR_02,SHIFT_DAY,OPERATIONS,true
TNT_002,EMP_03781,SITE_HYD_02,SHIFT_DAY,OPERATIONS,true
TNT_001,EMP_03782,SITE_BLR_01,SHIFT_DAY,SUPPORT,true
TNT_001,EMP_03783,SITE_BLR_02,SHIFT_EVENING,SUPPORT,true
TNT_001,EMP_03784,SITE_BLR_02,SHIFT_DAY,OPERATIONS,true
TNT_003,EMP_03785,SITE_NCR_02,SHIFT_EVENING,OPERATIONS,true
TNT_001,EMP_03786,SITE_BLR_02,SHIFT_MORNING,OPERATIONS,true
TNT_001,EMP_03787,SITE_BLR_01,SHIFT_NIGHT,TECHNOLOGY,true
TNT_001,EMP_03788,SITE_BLR_01,SHIFT_NIGHT,SUPPORT,true
TNT_002,EMP_03789,SITE_HYD_01,SHIFT_EVENING,OPERATIONS,true
TNT_001,EMP_03790,SITE_BLR_02,SHIFT_NIGHT,TECHNOLOGY,true
TNT_001,EMP_03791,SITE_BLR_02,SHIFT_NIGHT,TECHNOLOGY,true
TNT_001,EMP_03792,SITE_BLR_02,SHIFT_NIGHT,TECHNOLOGY,true
TNT_001,EMP_03793,SITE_BLR_01,SHIFT_DAY,OPERATIONS,true
TNT_001,EMP_03794,SITE_BLR_01,SHIFT_MORNING,SUPPORT,true
TNT_003,EMP_03795,SITE_NCR_02,SHIFT_NIGHT,TECHNOLOGY,true
TNT_001,EMP_03796,SITE_BLR_01,SHIFT_DAY,TECHNOLOGY,true
TNT_003,EMP_03797,SITE_NCR_02,SHIFT_EVENING,OPERATIONS,true
TNT_001,EMP_03798,SITE_BLR_02,SHIFT_MORNING,OPERATIONS,true
TNT_001,EMP_03799,SITE_BLR_02,SHIFT_DAY,OPERATIONS,true
TNT_003,EMP_03800,SITE_NCR_01,SHIFT_MORNING,TECHNOLOGY,true
TNT_001,EMP_03801,SITE_BLR_02,SHIFT_DAY,OPERATIONS,true
TNT_003,EMP_03802,SITE_NCR_01,SHIFT_MORNING,TECHNOLOGY,true
TNT_001,EMP_03803,SITE_BLR_02,SHIFT_MORNING,SUPPORT,true
TNT_001,EMP_03804,SITE_BLR_01,SHIFT_MORNING,SUPPORT,true
TNT_001,EMP_03805,SITE_BLR_02,SHIFT_NIGHT,SUPPORT,true
TNT_001,EMP_03806,SITE_BLR_02,SHIFT_DAY,TECHNOLOGY,true
TNT_001,EMP_03807,SITE_BLR_01,SHIFT_NIGHT,OPERATIONS,true
TNT_002,EMP_03808,SITE_HYD_02,SHIFT_EVENING,OPERATIONS,true
TNT_003,EMP_03809,SITE_NCR_01,SHIFT_MORNING,OPERATIONS,true
TNT_001,EMP_03810,SITE_BLR_01,SHIFT_EVENING,TECHNOLOGY,true
TNT_001,EMP_03811,SITE_BLR_02,SHIFT_NIGHT,TECHNOLOGY,true
TNT_001,EMP_03812,SITE_BLR_01,SHIFT_NIGHT,TECHNOLOGY,true
TNT_001,EMP_03813,SITE_BLR_01,SHIFT_EVENING,SUPPORT,true
TNT_002,EMP_03814,SITE_HYD_01,SHIFT_DAY,TECHNOLOGY,true
TNT_002,EMP_03815,SITE_HYD_01,SHIFT_EVENING,TECHNOLOGY,true
TNT_001,EMP_03816,SITE_BLR_01,SHIFT_MORNING,TECHNOLOGY,true
TNT_003,EMP_03817,SITE_NCR_02,SHIFT_EVENING,TECHNOLOGY,true
TNT_002,EMP_03818,SITE_HYD_02,SHIFT_DAY,OPERATIONS,true
TNT_001,EMP_03819,SITE_BLR_02,SHIFT_EVENING,OPERATIONS,true
TNT_001,EMP_03820,SITE_BLR_01,SHIFT_DAY,TECHNOLOGY,true
TNT_001,EMP_03821,SITE_BLR_02,SHIFT_EVENING,OPERATIONS,true
TNT_002,EMP_03822,SITE_HYD_02,SHIFT_DAY,TECHNOLOGY,true
TNT_001,EMP_03823,SITE_BLR_02,SHIFT_EVENING,OPERATIONS,true
TNT_001,EMP_03824,SITE_BLR_01,SHIFT_DAY,OPERATIONS,true
TNT_001,EMP_03825,SITE_BLR_02,SHIFT_NIGHT,OPERATIONS,true
TNT_001,EMP_03826,SITE_BLR_02,SHIFT_EVENING,TECHNOLOGY,true
TNT_001,EMP_03827,SITE_BLR_02,SHIFT_DAY,OPERATIONS,true
TNT_002,EMP_03828,SITE_HYD_01,SHIFT_MORNING,TECHNOLOGY,true
TNT_001,EMP_03829,SITE_BLR_01,SHIFT_MORNING,TECHNOLOGY,true
TNT_001,EMP_03830,SITE_BLR_01,SHIFT_DAY,SUPPORT,true
TNT_001,EMP_03831,SITE_BLR_01,SHIFT_DAY,OPERATIONS,true
TNT_002,EMP_03832,SITE_HYD_02,SHIFT_DAY,TECHNOLOGY,true
TNT_001,EMP_03833,SITE_BLR_01,SHIFT_EVENING,OPERATIONS,true
TNT_001,EMP_03834,SITE_BLR_01,SHIFT_EVENING,TECHNOLOGY,true
TNT_001,EMP_03835,SITE_BLR_01,SHIFT_EVENING,SUPPORT,true
TNT_002,EMP_03836,SITE_HYD_01,SHIFT_DAY,OPERATIONS,true
TNT_001,EMP_03837,SITE_BLR_02,SHIFT_MORNING,OPERATIONS,true
TNT_001,EMP_03838,SITE_BLR_01,SHIFT_EVENING,OPERATIONS,true
TNT_001,EMP_03839,SITE_BLR_01,SHIFT_NIGHT,TECHNOLOGY,true
TNT_001,EMP_03840,SITE_BLR_02,SHIFT_DAY,TECHNOLOGY,true
TNT_003,EMP_03841,SITE_NCR_01,SHIFT_MORNING,OPERATIONS,true
TNT_003,EMP_03842,SITE_NCR_02,SHIFT_DAY,TECHNOLOGY,true
TNT_002,EMP_03843,SITE_HYD_02,SHIFT_DAY,TECHNOLOGY,true
TNT_002,EMP_03844,SITE_HYD_01,SHIFT_MORNING,TECHNOLOGY,true
TNT_001,EMP_03845,SITE_BLR_01,SHIFT_NIGHT,TECHNOLOGY,true
TNT_001,EMP_03846,SITE_BLR_01,SHIFT_DAY,OPERATIONS,true
TNT_003,EMP_03847,SITE_NCR_02,SHIFT_MORNING,TECHNOLOGY,true
TNT_003,EMP_03848,SITE_NCR_02,SHIFT_EVENING,OPERATIONS,true
TNT_001,EMP_03849,SITE_BLR_01,SHIFT_EVENING,TECHNOLOGY,true
TNT_001,EMP_03850,SITE_BLR_02,SHIFT_DAY,TECHNOLOGY,true
TNT_002,EMP_03851,SITE_HYD_01,SHIFT_EVENING,OPERATIONS,true
TNT_001,EMP_03852,SITE_BLR_01,SHIFT_DAY,OPERATIONS,true
TNT_002,EMP_03853,SITE_HYD_01,SHIFT_NIGHT,SUPPORT,true
TNT_001,EMP_03854,SITE_BLR_01,SHIFT_EVENING,OPERATIONS,true
TNT_002,EMP_03855,SITE_HYD_01,SHIFT_DAY,TECHNOLOGY,true
TNT_002,EMP_03856,SITE_HYD_01,SHIFT_NIGHT,OPERATIONS,true
TNT_002,EMP_03857,SITE_HYD_02,SHIFT_MORNING,SUPPORT,true
TNT_001,EMP_03858,SITE_BLR_02,SHIFT_NIGHT,SUPPORT,true
TNT_002,EMP_03859,SITE_HYD_01,SHIFT_DAY,SUPPORT,true
TNT_002,EMP_03860,SITE_HYD_01,SHIFT_DAY,TECHNOLOGY,true
TNT_001,EMP_03861,SITE_BLR_02,SHIFT_MORNING,SUPPORT,true
TNT_001,EMP_03862,SITE_BLR_02,SHIFT_EVENING,SUPPORT,true
TNT_003,EMP_03863,SITE_NCR_02,SHIFT_EVENING,OPERATIONS,true
TNT_001,EMP_03864,SITE_BLR_02,SHIFT_NIGHT,TECHNOLOGY,true
TNT_002,EMP_03865,SITE_HYD_01,SHIFT_DAY,TECHNOLOGY,true
TNT_003,EMP_03866,SITE_NCR_02,SHIFT_MORNING,SUPPORT,true
TNT_001,EMP_03867,SITE_BLR_02,SHIFT_EVENING,TECHNOLOGY,true
TNT_001,EMP_03868,SITE_BLR_02,SHIFT_DAY,OPERATIONS,true
TNT_003,EMP_03869,SITE_NCR_01,SHIFT_MORNING,TECHNOLOGY,true
TNT_003,EMP_03870,SITE_NCR_01,SHIFT_EVENING,OPERATIONS,true
TNT_002,EMP_03871,SITE_HYD_02,SHIFT_MORNING,TECHNOLOGY,true
TNT_002,EMP_03872,SITE_HYD_02,SHIFT_NIGHT,OPERATIONS,true
TNT_001,EMP_03873,SITE_BLR_01,SHIFT_NIGHT,TECHNOLOGY,true
TNT_002,EMP_03874,SITE_HYD_01,SHIFT_MORNING,OPERATIONS,true
TNT_003,EMP_03875,SITE_NCR_02,SHIFT_DAY,OPERATIONS,true
TNT_003,EMP_03876,SITE_NCR_01,SHIFT_NIGHT,TECHNOLOGY,true
TNT_001,EMP_03877,SITE_BLR_02,SHIFT_DAY,SUPPORT,true
TNT_001,EMP_03878,SITE_BLR_02,SHIFT_DAY,SUPPORT,true
TNT_001,EMP_03879,SITE_BLR_02,SHIFT_NIGHT,SUPPORT,true
TNT_003,EMP_03880,SITE_NCR_02,SHIFT_DAY,TECHNOLOGY,true
TNT_001,EMP_03881,SITE_BLR_01,SHIFT_EVENING,SUPPORT,true
TNT_002,EMP_03882,SITE_HYD_01,SHIFT_NIGHT,TECHNOLOGY,false
TNT_001,EMP_03883,SITE_BLR_02,SHIFT_DAY,TECHNOLOGY,true
TNT_003,EMP_03884,SITE_NCR_02,SHIFT_NIGHT,OPERATIONS,true
TNT_003,EMP_03885,SITE_NCR_01,SHIFT_DAY,OPERATIONS,true
TNT_001,EMP_03886,SITE_BLR_01,SHIFT_DAY,OPERATIONS,true
TNT_002,EMP_03887,SITE_HYD_02,SHIFT_MORNING,TECHNOLOGY,true
TNT_001,EMP_03888,SITE_BLR_01,SHIFT_NIGHT,SUPPORT,true
TNT_002,EMP_03889,SITE_HYD_01,SHIFT_DAY,SUPPORT,true
TNT_001,EMP_03890,SITE_BLR_01,SHIFT_MORNING,OPERATIONS,true
TNT_001,EMP_03891,SITE_BLR_02,SHIFT_DAY,OPERATIONS,true
TNT_001,EMP_03892,SITE_BLR_01,SHIFT_DAY,OPERATIONS,true
TNT_001,EMP_03893,SITE_BLR_01,SHIFT_DAY,OPERATIONS,true
TNT_003,EMP_03894,SITE_NCR_01,SHIFT_NIGHT,OPERATIONS,true
TNT_002,EMP_03895,SITE_HYD_02,SHIFT_DAY,SUPPORT,true
TNT_002,EMP_03896,SITE_HYD_01,SHIFT_NIGHT,SUPPORT,true
TNT_001,EMP_03897,SITE_BLR_02,SHIFT_MORNING,TECHNOLOGY,true
TNT_001,EMP_03898,SITE_BLR_02,SHIFT_EVENING,SUPPORT,true
TNT_001,EMP_03899,SITE_BLR_02,SHIFT_NIGHT,OPERATIONS,true
TNT_001,EMP_03900,SITE_BLR_02,SHIFT_DAY,OPERATIONS,true
TNT_001,EMP_03901,SITE_BLR_01,SHIFT_DAY,TECHNOLOGY,true
TNT_003,EMP_03902,SITE_NCR_01,SHIFT_NIGHT,TECHNOLOGY,true
TNT_001,EMP_03903,SITE_BLR_01,SHIFT_MORNING,OPERATIONS,true
TNT_001,EMP_03904,SITE_BLR_01,SHIFT_NIGHT,OPERATIONS,true
TNT_003,EMP_03905,SITE_NCR_02,SHIFT_DAY,TECHNOLOGY,true
TNT_001,EMP_03906,SITE_BLR_01,SHIFT_MORNING,OPERATIONS,true
TNT_003,EMP_03907,SITE_NCR_02,SHIFT_EVENING,OPERATIONS,true
TNT_003,EMP_03908,SITE_NCR_02,SHIFT_MORNING,SUPPORT,true
TNT_001,EMP_03909,SITE_BLR_01,SHIFT_EVENING,OPERATIONS,true
TNT_003,EMP_03910,SITE_NCR_01,SHIFT_DAY,SUPPORT,true
TNT_001,EMP_03911,SITE_BLR_02,SHIFT_EVENING,TECHNOLOGY,true
TNT_001,EMP_03912,SITE_BLR_02,SHIFT_EVENING,SUPPORT,true
TNT_001,EMP_03913,SITE_BLR_02,SHIFT_MORNING,OPERATIONS,true
TNT_001,EMP_03914,SITE_BLR_01,SHIFT_DAY,OPERATIONS,true
TNT_002,EMP_03915,SITE_HYD_02,SHIFT_DAY,TECHNOLOGY,true
TNT_001,EMP_03916,SITE_BLR_02,SHIFT_DAY,OPERATIONS,true
TNT_002,EMP_03917,SITE_HYD_01,SHIFT_DAY,OPERATIONS,true
TNT_001,EMP_03918,SITE_BLR_01,SHIFT_DAY,OPERATIONS,true
TNT_003,EMP_03919,SITE_NCR_02,SHIFT_EVENING,SUPPORT,true
TNT_001,EMP_03920,SITE_BLR_01,SHIFT_EVENING,OPERATIONS,true
TNT_002,EMP_03921,SITE_HYD_02,SHIFT_NIGHT,TECHNOLOGY,true
TNT_002,EMP_03922,SITE_HYD_02,SHIFT_NIGHT,SUPPORT,true
TNT_003,EMP_03923,SITE_NCR_02,SHIFT_NIGHT,OPERATIONS,true
TNT_002,EMP_03924,SITE_HYD_01,SHIFT_DAY,TECHNOLOGY,true
TNT_001,EMP_03925,SITE_BLR_01,SHIFT_MORNING,SUPPORT,true
TNT_001,EMP_03926,SITE_BLR_02,SHIFT_DAY,SUPPORT,true
TNT_002,EMP_03927,SITE_HYD_02,SHIFT_NIGHT,TECHNOLOGY,true
TNT_002,EMP_03928,SITE_HYD_01,SHIFT_MORNING,OPERATIONS,true
TNT_001,EMP_03929,SITE_BLR_02,SHIFT_EVENING,OPERATIONS,true
TNT_001,EMP_03930,SITE_BLR_02,SHIFT_MORNING,OPERATIONS,true
TNT_001,EMP_03931,SITE_BLR_02,SHIFT_DAY,SUPPORT,true
TNT_001,EMP_03932,SITE_BLR_02,SHIFT_DAY,OPERATIONS,true
TNT_002,EMP_03933,SITE_HYD_02,SHIFT_EVENING,TECHNOLOGY,true
TNT_003,EMP_03934,SITE_NCR_01,SHIFT_DAY,OPERATIONS,true
TNT_001,EMP_03935,SITE_BLR_01,SHIFT_NIGHT,SUPPORT,true
TNT_003,EMP_03936,SITE_NCR_01,SHIFT_DAY,SUPPORT,true
TNT_001,EMP_03937,SITE_BLR_01,SHIFT_EVENING,SUPPORT,true
TNT_002,EMP_03938,SITE_HYD_01,SHIFT_NIGHT,TECHNOLOGY,true
TNT_001,EMP_03939,SITE_BLR_01,SHIFT_MORNING,OPERATIONS,true
TNT_001,EMP_03940,SITE_BLR_02,SHIFT_DAY,TECHNOLOGY,true
TNT_002,EMP_03941,SITE_HYD_01,SHIFT_EVENING,OPERATIONS,true
TNT_001,EMP_03942,SITE_BLR_02,SHIFT_DAY,SUPPORT,true
TNT_001,EMP_03943,SITE_BLR_01,SHIFT_DAY,OPERATIONS,true
TNT_003,EMP_03944,SITE_NCR_01,SHIFT_EVENING,SUPPORT,true
TNT_002,EMP_03945,SITE_HYD_02,SHIFT_DAY,SUPPORT,true
TNT_001,EMP_03946,SITE_BLR_02,SHIFT_DAY,SUPPORT,true
TNT_002,EMP_03947,SITE_HYD_01,SHIFT_MORNING,OPERATIONS,true
TNT_002,EMP_03948,SITE_HYD_02,SHIFT_NIGHT,OPERATIONS,true
TNT_001,EMP_03949,SITE_BLR_02,SHIFT_EVENING,OPERATIONS,false
TNT_001,EMP_03950,SITE_BLR_01,SHIFT_EVENING,OPERATIONS,true
TNT_002,EMP_03951,SITE_HYD_01,SHIFT_DAY,SUPPORT,true
TNT_001,EMP_03952,SITE_BLR_01,SHIFT_MORNING,TECHNOLOGY,true
TNT_003,EMP_03953,SITE_NCR_01,SHIFT_DAY,OPERATIONS,true
TNT_001,EMP_03954,SITE_BLR_02,SHIFT_DAY,SUPPORT,true
TNT_001,EMP_03955,SITE_BLR_01,SHIFT_DAY,SUPPORT,true
TNT_001,EMP_03956,SITE_BLR_02,SHIFT_EVENING,TECHNOLOGY,true
TNT_001,EMP_03957,SITE_BLR_02,SHIFT_DAY,TECHNOLOGY,true
TNT_001,EMP_03958,SITE_BLR_01,SHIFT_EVENING,TECHNOLOGY,true
TNT_001,EMP_03959,SITE_BLR_02,SHIFT_MORNING,OPERATIONS,true
TNT_002,EMP_03960,SITE_HYD_02,SHIFT_EVENING,OPERATIONS,true
TNT_001,EMP_03961,SITE_BLR_01,SHIFT_MORNING,TECHNOLOGY,true
TNT_002,EMP_03962,SITE_HYD_02,SHIFT_NIGHT,OPERATIONS,true
TNT_001,EMP_03963,SITE_BLR_02,SHIFT_EVENING,TECHNOLOGY,true
TNT_001,EMP_03964,SITE_BLR_02,SHIFT_DAY,OPERATIONS,true
TNT_001,EMP_03965,SITE_BLR_02,SHIFT_DAY,TECHNOLOGY,true
TNT_001,EMP_03966,SITE_BLR_01,SHIFT_DAY,SUPPORT,true
TNT_001,EMP_03967,SITE_BLR_01,SHIFT_EVENING,SUPPORT,true
TNT_001,EMP_03968,SITE_BLR_01,SHIFT_EVENING,OPERATIONS,true
TNT_002,EMP_03969,SITE_HYD_01,SHIFT_NIGHT,OPERATIONS,true
TNT_001,EMP_03970,SITE_BLR_02,SHIFT_MORNING,TECHNOLOGY,true
TNT_002,EMP_03971,SITE_HYD_02,SHIFT_NIGHT,OPERATIONS,true
TNT_002,EMP_03972,SITE_HYD_02,SHIFT_NIGHT,OPERATIONS,true
TNT_002,EMP_03973,SITE_HYD_02,SHIFT_DAY,SUPPORT,true
TNT_003,EMP_03974,SITE_NCR_01,SHIFT_EVENING,OPERATIONS,true
TNT_002,EMP_03975,SITE_HYD_02,SHIFT_NIGHT,OPERATIONS,true
TNT_001,EMP_03976,SITE_BLR_01,SHIFT_MORNING,SUPPORT,true
TNT_001,EMP_03977,SITE_BLR_02,SHIFT_DAY,OPERATIONS,true
TNT_001,EMP_03978,SITE_BLR_01,SHIFT_DAY,OPERATIONS,true
TNT_002,EMP_03979,SITE_HYD_01,SHIFT_DAY,OPERATIONS,true
TNT_001,EMP_03980,SITE_BLR_01,SHIFT_MORNING,TECHNOLOGY,true
TNT_002,EMP_03981,SITE_HYD_02,SHIFT_MORNING,OPERATIONS,true
TNT_001,EMP_03982,SITE_BLR_02,SHIFT_EVENING,TECHNOLOGY,true
TNT_001,EMP_03983,SITE_BLR_01,SHIFT_NIGHT,OPERATIONS,true
TNT_001,EMP_03984,SITE_BLR_02,SHIFT_NIGHT,SUPPORT,true
TNT_001,EMP_03985,SITE_BLR_01,SHIFT_MORNING,OPERATIONS,true
TNT_001,EMP_03986,SITE_BLR_01,SHIFT_MORNING,OPERATIONS,true
TNT_003,EMP_03987,SITE_NCR_01,SHIFT_DAY,TECHNOLOGY,true
TNT_002,EMP_03988,SITE_HYD_02,SHIFT_MORNING,SUPPORT,true
TNT_003,EMP_03989,SITE_NCR_02,SHIFT_DAY,TECHNOLOGY,true
TNT_002,EMP_03990,SITE_HYD_01,SHIFT_MORNING,SUPPORT,true
TNT_001,EMP_03991,SITE_BLR_01,SHIFT_EVENING,SUPPORT,true
TNT_001,EMP_03992,SITE_BLR_02,SHIFT_EVENING,SUPPORT,true
TNT_001,EMP_03993,SITE_BLR_01,SHIFT_EVENING,OPERATIONS,true
TNT_001,EMP_03994,SITE_BLR_02,SHIFT_NIGHT,TECHNOLOGY,true
TNT_001,EMP_03995,SITE_BLR_01,SHIFT_DAY,OPERATIONS,true
TNT_001,EMP_03996,SITE_BLR_01,SHIFT_MORNING,SUPPORT,true
TNT_001,EMP_03997,SITE_BLR_02,SHIFT_EVENING,OPERATIONS,true
TNT_003,EMP_03998,SITE_NCR_02,SHIFT_MORNING,TECHNOLOGY,true
TNT_002,EMP_03999,SITE_HYD_02,SHIFT_MORNING,SUPPORT,true
TNT_001,EMP_04000,SITE_BLR_01,SHIFT_DAY,TECHNOLOGY,true
TNT_001,EMP_04001,SITE_BLR_01,SHIFT_DAY,OPERATIONS,true
TNT_001,EMP_04002,SITE_BLR_02,SHIFT_DAY,OPERATIONS,true
TNT_001,EMP_04003,SITE_BLR_02,SHIFT_DAY,TECHNOLOGY,false
TNT_002,EMP_04004,SITE_HYD_01,SHIFT_NIGHT,OPERATIONS,true
TNT_001,EMP_04005,SITE_BLR_01,SHIFT_MORNING,SUPPORT,true
TNT_001,EMP_04006,SITE_BLR_02,SHIFT_EVENING,OPERATIONS,true
TNT_001,EMP_04007,SITE_BLR_01,SHIFT_NIGHT,TECHNOLOGY,true
TNT_003,EMP_04008,SITE_NCR_02,SHIFT_DAY,OPERATIONS,true
TNT_001,EMP_04009,SITE_BLR_02,SHIFT_NIGHT,SUPPORT,true
TNT_001,EMP_04010,SITE_BLR_01,SHIFT_DAY,OPERATIONS,true
TNT_002,EMP_04011,SITE_HYD_01,SHIFT_DAY,TECHNOLOGY,true
TNT_002,EMP_04012,SITE_HYD_02,SHIFT_MORNING,OPERATIONS,true
TNT_001,EMP_04013,SITE_BLR_02,SHIFT_DAY,SUPPORT,true
TNT_002,EMP_04014,SITE_HYD_01,SHIFT_NIGHT,OPERATIONS,true
TNT_001,EMP_04015,SITE_BLR_01,SHIFT_DAY,OPERATIONS,true
TNT_003,EMP_04016,SITE_NCR_01,SHIFT_EVENING,OPERATIONS,true
TNT_001,EMP_04017,SITE_BLR_02,SHIFT_EVENING,OPERATIONS,true
TNT_001,EMP_04018,SITE_BLR_02,SHIFT_EVENING,OPERATIONS,true
TNT_001,EMP_04019,SITE_BLR_01,SHIFT_EVENING,OPERATIONS,true
TNT_003,EMP_04020,SITE_NCR_02,SHIFT_DAY,OPERATIONS,true
TNT_001,EMP_04021,SITE_BLR_01,SHIFT_DAY,TECHNOLOGY,true
TNT_001,EMP_04022,SITE_BLR_02,SHIFT_MORNING,SUPPORT,true
TNT_002,EMP_04023,SITE_HYD_02,SHIFT_NIGHT,OPERATIONS,true
TNT_001,EMP_04024,SITE_BLR_01,SHIFT_MORNING,SUPPORT,true
TNT_001,EMP_04025,SITE_BLR_02,SHIFT_DAY,OPERATIONS,true
TNT_002,EMP_04026,SITE_HYD_01,SHIFT_NIGHT,OPERATIONS,true
TNT_001,EMP_04027,SITE_BLR_02,SHIFT_NIGHT,TECHNOLOGY,true
TNT_003,EMP_04028,SITE_NCR_01,SHIFT_MORNING,OPERATIONS,true
TNT_001,EMP_04029,SITE_BLR_01,SHIFT_DAY,OPERATIONS,true
TNT_002,EMP_04030,SITE_HYD_02,SHIFT_NIGHT,TECHNOLOGY,true
TNT_001,EMP_04031,SITE_BLR_02,SHIFT_DAY,OPERATIONS,true
TNT_001,EMP_04032,SITE_BLR_02,SHIFT_NIGHT,OPERATIONS,true
TNT_001,EMP_04033,SITE_BLR_02,SHIFT_MORNING,SUPPORT,true
TNT_002,EMP_04034,SITE_HYD_01,SHIFT_NIGHT,SUPPORT,true
TNT_003,EMP_04035,SITE_NCR_01,SHIFT_DAY,SUPPORT,true
TNT_001,EMP_04036,SITE_BLR_01,SHIFT_MORNING,OPERATIONS,true
TNT_001,EMP_04037,SITE_BLR_01,SHIFT_DAY,OPERATIONS,true
TNT_001,EMP_04038,SITE_BLR_01,SHIFT_EVENING,TECHNOLOGY,true
TNT_003,EMP_04039,SITE_NCR_02,SHIFT_NIGHT,OPERATIONS,true
TNT_001,EMP_04040,SITE_BLR_02,SHIFT_MORNING,TECHNOLOGY,true
TNT_001,EMP_04041,SITE_BLR_01,SHIFT_DAY,OPERATIONS,true
TNT_001,EMP_04042,SITE_BLR_02,SHIFT_EVENING,OPERATIONS,true
TNT_001,EMP_04043,SITE_BLR_02,SHIFT_EVENING,SUPPORT,true
TNT_002,EMP_04044,SITE_HYD_01,SHIFT_EVENING,TECHNOLOGY,true
TNT_001,EMP_04045,SITE_BLR_01,SHIFT_NIGHT,OPERATIONS,true
TNT_001,EMP_04046,SITE_BLR_02,SHIFT_NIGHT,OPERATIONS,true
TNT_002,EMP_04047,SITE_HYD_02,SHIFT_NIGHT,OPERATIONS,true
TNT_001,EMP_04048,SITE_BLR_01,SHIFT_NIGHT,TECHNOLOGY,true
TNT_001,EMP_04049,SITE_BLR_02,SHIFT_NIGHT,SUPPORT,true
TNT_002,EMP_04050,SITE_HYD_01,SHIFT_EVENING,OPERATIONS,true
TNT_002,EMP_04051,SITE_HYD_01,SHIFT_NIGHT,OPERATIONS,true
TNT_003,EMP_04052,SITE_NCR_02,SHIFT_DAY,OPERATIONS,true
TNT_001,EMP_04053,SITE_BLR_01,SHIFT_DAY,SUPPORT,true
TNT_001,EMP_04054,SITE_BLR_02,SHIFT_EVENING,OPERATIONS,true
TNT_002,EMP_04055,SITE_HYD_02,SHIFT_DAY,OPERATIONS,true
TNT_001,EMP_04056,SITE_BLR_01,SHIFT_EVENING,OPERATIONS,true
TNT_001,EMP_04057,SITE_BLR_01,SHIFT_EVENING,SUPPORT,true
TNT_001,EMP_04058,SITE_BLR_01,SHIFT_EVENING,OPERATIONS,true
TNT_002,EMP_04059,SITE_HYD_01,SHIFT_DAY,TECHNOLOGY,true
TNT_001,EMP_04060,SITE_BLR_02,SHIFT_DAY,TECHNOLOGY,true
TNT_001,EMP_04061,SITE_BLR_01,SHIFT_MORNING,SUPPORT,true
TNT_001,EMP_04062,SITE_BLR_01,SHIFT_NIGHT,OPERATIONS,true
TNT_001,EMP_04063,SITE_BLR_02,SHIFT_NIGHT,SUPPORT,true
TNT_001,EMP_04064,SITE_BLR_01,SHIFT_EVENING,OPERATIONS,true
TNT_003,EMP_04065,SITE_NCR_02,SHIFT_EVENING,SUPPORT,true
TNT_001,EMP_04066,SITE_BLR_02,SHIFT_DAY,TECHNOLOGY,true
TNT_001,EMP_04067,SITE_BLR_01,SHIFT_NIGHT,OPERATIONS,true
TNT_001,EMP_04068,SITE_BLR_02,SHIFT_EVENING,SUPPORT,true
TNT_001,EMP_04069,SITE_BLR_01,SHIFT_MORNING,OPERATIONS,true
TNT_003,EMP_04070,SITE_NCR_01,SHIFT_NIGHT,OPERATIONS,true
TNT_001,EMP_04071,SITE_BLR_02,SHIFT_NIGHT,OPERATIONS,true
TNT_001,EMP_04072,SITE_BLR_02,SHIFT_DAY,SUPPORT,true
TNT_002,EMP_04073,SITE_HYD_02,SHIFT_MORNING,OPERATIONS,false
TNT_001,EMP_04074,SITE_BLR_01,SHIFT_NIGHT,OPERATIONS,true
TNT_002,EMP_04075,SITE_HYD_02,SHIFT_MORNING,SUPPORT,true
TNT_002,EMP_04076,SITE_HYD_02,SHIFT_MORNING,OPERATIONS,true
TNT_002,EMP_04077,SITE_HYD_02,SHIFT_DAY,SUPPORT,true
TNT_002,EMP_04078,SITE_HYD_01,SHIFT_MORNING,TECHNOLOGY,true
TNT_001,EMP_04079,SITE_BLR_01,SHIFT_MORNING,TECHNOLOGY,true
TNT_002,EMP_04080,SITE_HYD_02,SHIFT_EVENING,SUPPORT,true
TNT_001,EMP_04081,SITE_BLR_01,SHIFT_NIGHT,SUPPORT,true
TNT_001,EMP_04082,SITE_BLR_02,SHIFT_EVENING,TECHNOLOGY,true
TNT_001,EMP_04083,SITE_BLR_01,SHIFT_MORNING,SUPPORT,true
TNT_001,EMP_04084,SITE_BLR_02,SHIFT_EVENING,SUPPORT,true
TNT_001,EMP_04085,SITE_BLR_02,SHIFT_NIGHT,SUPPORT,true
TNT_001,EMP_04086,SITE_BLR_01,SHIFT_MORNING,OPERATIONS,true
TNT_001,EMP_04087,SITE_BLR_02,SHIFT_EVENING,OPERATIONS,true
TNT_001,EMP_04088,SITE_BLR_01,SHIFT_DAY,TECHNOLOGY,true
TNT_001,EMP_04089,SITE_BLR_01,SHIFT_NIGHT,OPERATIONS,true
TNT_001,EMP_04090,SITE_BLR_02,SHIFT_EVENING,SUPPORT,true
TNT_001,EMP_04091,SITE_BLR_01,SHIFT_DAY,OPERATIONS,true
TNT_002,EMP_04092,SITE_HYD_02,SHIFT_MORNING,TECHNOLOGY,true
TNT_003,EMP_04093,SITE_NCR_01,SHIFT_MORNING,OPERATIONS,true
TNT_001,EMP_04094,SITE_BLR_01,SHIFT_MORNING,OPERATIONS,true
TNT_001,EMP_04095,SITE_BLR_02,SHIFT_DAY,OPERATIONS,true
TNT_002,EMP_04096,SITE_HYD_02,SHIFT_MORNING,OPERATIONS,true
TNT_002,EMP_04097,SITE_HYD_01,SHIFT_NIGHT,OPERATIONS,true
TNT_001,EMP_04098,SITE_BLR_02,SHIFT_DAY,SUPPORT,true
TNT_002,EMP_04099,SITE_HYD_02,SHIFT_MORNING,OPERATIONS,true
TNT_001,EMP_04100,SITE_BLR_02,SHIFT_DAY,TECHNOLOGY,true
TNT_003,EMP_04101,SITE_NCR_01,SHIFT_MORNING,SUPPORT,true
TNT_001,EMP_04102,SITE_BLR_01,SHIFT_NIGHT,TECHNOLOGY,true
TNT_001,EMP_04103,SITE_BLR_02,SHIFT_EVENING,SUPPORT,true
TNT_001,EMP_04104,SITE_BLR_01,SHIFT_NIGHT,OPERATIONS,true
TNT_001,EMP_04105,SITE_BLR_02,SHIFT_MORNING,OPERATIONS,true
TNT_001,EMP_04106,SITE_BLR_01,SHIFT_DAY,TECHNOLOGY,true
TNT_001,EMP_04107,SITE_BLR_02,SHIFT_EVENING,SUPPORT,true
TNT_001,EMP_04108,SITE_BLR_01,SHIFT_DAY,SUPPORT,true
TNT_001,EMP_04109,SITE_BLR_01,SHIFT_DAY,OPERATIONS,true
TNT_002,EMP_04110,SITE_HYD_01,SHIFT_DAY,OPERATIONS,true
TNT_001,EMP_04111,SITE_BLR_01,SHIFT_MORNING,OPERATIONS,true
TNT_002,EMP_04112,SITE_HYD_02,SHIFT_NIGHT,OPERATIONS,true
TNT_001,EMP_04113,SITE_BLR_01,SHIFT_DAY,TECHNOLOGY,true
TNT_003,EMP_04114,SITE_NCR_02,SHIFT_MORNING,SUPPORT,true
TNT_001,EMP_04115,SITE_BLR_02,SHIFT_EVENING,OPERATIONS,true
TNT_003,EMP_04116,SITE_NCR_02,SHIFT_EVENING,TECHNOLOGY,true
TNT_003,EMP_04117,SITE_NCR_01,SHIFT_NIGHT,SUPPORT,true
TNT_001,EMP_04118,SITE_BLR_02,SHIFT_EVENING,SUPPORT,true
TNT_001,EMP_04119,SITE_BLR_01,SHIFT_EVENING,OPERATIONS,true
TNT_001,EMP_04120,SITE_BLR_01,SHIFT_EVENING,TECHNOLOGY,true
TNT_003,EMP_04121,SITE_NCR_02,SHIFT_MORNING,OPERATIONS,true
TNT_001,EMP_04122,SITE_BLR_01,SHIFT_MORNING,SUPPORT,true
TNT_001,EMP_04123,SITE_BLR_02,SHIFT_DAY,OPERATIONS,true
TNT_001,EMP_04124,SITE_BLR_01,SHIFT_NIGHT,SUPPORT,true
TNT_002,EMP_04125,SITE_HYD_01,SHIFT_NIGHT,OPERATIONS,true
TNT_001,EMP_04126,SITE_BLR_02,SHIFT_EVENING,TECHNOLOGY,true
TNT_001,EMP_04127,SITE_BLR_01,SHIFT_NIGHT,TECHNOLOGY,true
TNT_001,EMP_04128,SITE_BLR_02,SHIFT_NIGHT,TECHNOLOGY,true
TNT_001,EMP_04129,SITE_BLR_02,SHIFT_NIGHT,OPERATIONS,true
TNT_001,EMP_04130,SITE_BLR_02,SHIFT_DAY,TECHNOLOGY,true
TNT_001,EMP_04131,SITE_BLR_01,SHIFT_MORNING,OPERATIONS,true
TNT_003,EMP_04132,SITE_NCR_02,SHIFT_DAY,OPERATIONS,true
TNT_003,EMP_04133,SITE_NCR_01,SHIFT_EVENING,OPERATIONS,true
TNT_001,EMP_04134,SITE_BLR_02,SHIFT_MORNING,OPERATIONS,true
TNT_002,EMP_04135,SITE_HYD_01,SHIFT_DAY,OPERATIONS,true
TNT_003,EMP_04136,SITE_NCR_01,SHIFT_MORNING,OPERATIONS,true
TNT_001,EMP_04137,SITE_BLR_02,SHIFT_MORNING,TECHNOLOGY,true
TNT_003,EMP_04138,SITE_NCR_02,SHIFT_EVENING,SUPPORT,true
TNT_001,EMP_04139,SITE_BLR_02,SHIFT_DAY,OPERATIONS,true
TNT_003,EMP_04140,SITE_NCR_02,SHIFT_MORNING,TECHNOLOGY,true
TNT_002,EMP_04141,SITE_HYD_02,SHIFT_NIGHT,TECHNOLOGY,true
TNT_001,EMP_04142,SITE_BLR_02,SHIFT_NIGHT,OPERATIONS,true
TNT_003,EMP_04143,SITE_NCR_02,SHIFT_DAY,SUPPORT,true
TNT_002,EMP_04144,SITE_HYD_01,SHIFT_NIGHT,OPERATIONS,true
TNT_001,EMP_04145,SITE_BLR_01,SHIFT_MORNING,TECHNOLOGY,true
TNT_002,EMP_04146,SITE_HYD_02,SHIFT_NIGHT,SUPPORT,true
TNT_002,EMP_04147,SITE_HYD_02,SHIFT_DAY,OPERATIONS,true
TNT_001,EMP_04148,SITE_BLR_02,SHIFT_MORNING,OPERATIONS,true
TNT_001,EMP_04149,SITE_BLR_02,SHIFT_DAY,TECHNOLOGY,true
TNT_003,EMP_04150,SITE_NCR_02,SHIFT_NIGHT,OPERATIONS,true
TNT_001,EMP_04151,SITE_BLR_02,SHIFT_NIGHT,SUPPORT,true
TNT_001,EMP_04152,SITE_BLR_02,SHIFT_DAY,OPERATIONS,true
TNT_003,EMP_04153,SITE_NCR_01,SHIFT_EVENING,TECHNOLOGY,true
TNT_002,EMP_04154,SITE_HYD_01,SHIFT_DAY,OPERATIONS,true
TNT_002,EMP_04155,SITE_HYD_01,SHIFT_EVENING,TECHNOLOGY,true
TNT_001,EMP_04156,SITE_BLR_01,SHIFT_NIGHT,OPERATIONS,true
TNT_001,EMP_04157,SITE_BLR_01,SHIFT_MORNING,TECHNOLOGY,false
TNT_002,EMP_04158,SITE_HYD_02,SHIFT_MORNING,SUPPORT,true
TNT_002,EMP_04159,SITE_HYD_02,SHIFT_DAY,SUPPORT,true
TNT_002,EMP_04160,SITE_HYD_02,SHIFT_DAY,TECHNOLOGY,true
TNT_001,EMP_04161,SITE_BLR_01,SHIFT_EVENING,TECHNOLOGY,true
TNT_001,EMP_04162,SITE_BLR_01,SHIFT_EVENING,TECHNOLOGY,true
TNT_001,EMP_04163,SITE_BLR_02,SHIFT_EVENING,SUPPORT,true
TNT_001,EMP_04164,SITE_BLR_02,SHIFT_MORNING,SUPPORT,true
TNT_001,EMP_04165,SITE_BLR_02,SHIFT_NIGHT,OPERATIONS,true
TNT_001,EMP_04166,SITE_BLR_01,SHIFT_DAY,SUPPORT,true
TNT_001,EMP_04167,SITE_BLR_02,SHIFT_NIGHT,TECHNOLOGY,true
TNT_001,EMP_04168,SITE_BLR_02,SHIFT_DAY,TECHNOLOGY,true
TNT_001,EMP_04169,SITE_BLR_01,SHIFT_DAY,SUPPORT,true
TNT_001,EMP_04170,SITE_BLR_01,SHIFT_EVENING,OPERATIONS,true
TNT_001,EMP_04171,SITE_BLR_01,SHIFT_EVENING,OPERATIONS,true
TNT_001,EMP_04172,SITE_BLR_01,SHIFT_MORNING,TECHNOLOGY,true
TNT_001,EMP_04173,SITE_BLR_02,SHIFT_MORNING,SUPPORT,true
TNT_002,EMP_04174,SITE_HYD_01,SHIFT_NIGHT,SUPPORT,true
TNT_001,EMP_04175,SITE_BLR_02,SHIFT_DAY,TECHNOLOGY,true
TNT_001,EMP_04176,SITE_BLR_01,SHIFT_EVENING,TECHNOLOGY,true
TNT_003,EMP_04177,SITE_NCR_01,SHIFT_DAY,TECHNOLOGY,true
TNT_002,EMP_04178,SITE_HYD_01,SHIFT_EVENING,OPERATIONS,true
TNT_001,EMP_04179,SITE_BLR_02,SHIFT_MORNING,OPERATIONS,true
TNT_001,EMP_04180,SITE_BLR_01,SHIFT_DAY,SUPPORT,true
TNT_002,EMP_04181,SITE_HYD_02,SHIFT_EVENING,TECHNOLOGY,true
TNT_003,EMP_04182,SITE_NCR_01,SHIFT_NIGHT,SUPPORT,true
TNT_003,EMP_04183,SITE_NCR_01,SHIFT_DAY,OPERATIONS,true
TNT_003,EMP_04184,SITE_NCR_02,SHIFT_NIGHT,SUPPORT,true
TNT_002,EMP_04185,SITE_HYD_02,SHIFT_EVENING,TECHNOLOGY,true
TNT_002,EMP_04186,SITE_HYD_01,SHIFT_EVENING,OPERATIONS,true
TNT_001,EMP_04187,SITE_BLR_02,SHIFT_NIGHT,OPERATIONS,true
TNT_001,EMP_04188,SITE_BLR_02,SHIFT_NIGHT,TECHNOLOGY,true
TNT_001,EMP_04189,SITE_BLR_01,SHIFT_DAY,SUPPORT,true
TNT_001,EMP_04190,SITE_BLR_01,SHIFT_DAY,OPERATIONS,true
TNT_001,EMP_04191,SITE_BLR_01,SHIFT_DAY,OPERATIONS,true
TNT_001,EMP_04192,SITE_BLR_02,SHIFT_DAY,OPERATIONS,true
TNT_001,EMP_04193,SITE_BLR_01,SHIFT_DAY,OPERATIONS,true
TNT_001,EMP_04194,SITE_BLR_01,SHIFT_DAY,SUPPORT,true
TNT_001,EMP_04195,SITE_BLR_01,SHIFT_EVENING,OPERATIONS,false
TNT_001,EMP_04196,SITE_BLR_01,SHIFT_DAY,OPERATIONS,true
TNT_003,EMP_04197,SITE_NCR_02,SHIFT_MORNING,OPERATIONS,true
TNT_001,EMP_04198,SITE_BLR_02,SHIFT_DAY,TECHNOLOGY,true
TNT_003,EMP_04199,SITE_NCR_02,SHIFT_DAY,SUPPORT,true
TNT_001,EMP_04200,SITE_BLR_01,SHIFT_EVENING,TECHNOLOGY,true
TNT_001,EMP_04201,SITE_BLR_02,SHIFT_EVENING,SUPPORT,true
TNT_001,EMP_04202,SITE_BLR_01,SHIFT_DAY,OPERATIONS,true
TNT_001,EMP_04203,SITE_BLR_02,SHIFT_DAY,OPERATIONS,true
TNT_001,EMP_04204,SITE_BLR_02,SHIFT_NIGHT,OPERATIONS,true
TNT_001,EMP_04205,SITE_BLR_02,SHIFT_DAY,TECHNOLOGY,true
TNT_001,EMP_04206,SITE_BLR_02,SHIFT_DAY,SUPPORT,true
TNT_001,EMP_04207,SITE_BLR_01,SHIFT_EVENING,OPERATIONS,true
TNT_003,EMP_04208,SITE_NCR_02,SHIFT_MORNING,TECHNOLOGY,true
TNT_001,EMP_04209,SITE_BLR_01,SHIFT_NIGHT,SUPPORT,true
TNT_001,EMP_04210,SITE_BLR_01,SHIFT_MORNING,TECHNOLOGY,true
TNT_001,EMP_04211,SITE_BLR_01,SHIFT_DAY,SUPPORT,true
TNT_001,EMP_04212,SITE_BLR_02,SHIFT_MORNING,OPERATIONS,true
TNT_002,EMP_04213,SITE_HYD_02,SHIFT_EVENING,SUPPORT,true
TNT_001,EMP_04214,SITE_BLR_02,SHIFT_DAY,OPERATIONS,true
TNT_002,EMP_04215,SITE_HYD_01,SHIFT_MORNING,SUPPORT,true
TNT_001,EMP_04216,SITE_BLR_02,SHIFT_DAY,OPERATIONS,true
TNT_001,EMP_04217,SITE_BLR_01,SHIFT_DAY,TECHNOLOGY,true
TNT_001,EMP_04218,SITE_BLR_02,SHIFT_MORNING,OPERATIONS,true
TNT_001,EMP_04219,SITE_BLR_01,SHIFT_DAY,OPERATIONS,true
TNT_001,EMP_04220,SITE_BLR_01,SHIFT_DAY,OPERATIONS,true
TNT_001,EMP_04221,SITE_BLR_02,SHIFT_EVENING,OPERATIONS,true
TNT_001,EMP_04222,SITE_BLR_02,SHIFT_DAY,OPERATIONS,true
TNT_003,EMP_04223,SITE_NCR_01,SHIFT_EVENING,OPERATIONS,true
TNT_002,EMP_04224,SITE_HYD_01,SHIFT_EVENING,TECHNOLOGY,true
TNT_003,EMP_04225,SITE_NCR_02,SHIFT_DAY,OPERATIONS,true
TNT_002,EMP_04226,SITE_HYD_02,SHIFT_MORNING,SUPPORT,true
TNT_001,EMP_04227,SITE_BLR_01,SHIFT_DAY,SUPPORT,true
TNT_001,EMP_04228,SITE_BLR_02,SHIFT_NIGHT,OPERATIONS,true
TNT_002,EMP_04229,SITE_HYD_02,SHIFT_MORNING,OPERATIONS,true
TNT_001,EMP_04230,SITE_BLR_02,SHIFT_DAY,TECHNOLOGY,true
TNT_002,EMP_04231,SITE_HYD_02,SHIFT_DAY,TECHNOLOGY,true
TNT_001,EMP_04232,SITE_BLR_02,SHIFT_NIGHT,SUPPORT,true
TNT_003,EMP_04233,SITE_NCR_02,SHIFT_MORNING,OPERATIONS,true
TNT_001,EMP_04234,SITE_BLR_02,SHIFT_NIGHT,TECHNOLOGY,true
TNT_001,EMP_04235,SITE_BLR_02,SHIFT_NIGHT,OPERATIONS,true
TNT_001,EMP_04236,SITE_BLR_01,SHIFT_NIGHT,OPERATIONS,true
TNT_001,EMP_04237,SITE_BLR_01,SHIFT_DAY,OPERATIONS,true
TNT_002,EMP_04238,SITE_HYD_02,SHIFT_DAY,TECHNOLOGY,true
TNT_001,EMP_04239,SITE_BLR_01,SHIFT_DAY,TECHNOLOGY,true
TNT_001,EMP_04240,SITE_BLR_01,SHIFT_MORNING,OPERATIONS,true
TNT_001,EMP_04241,SITE_BLR_02,SHIFT_EVENING,SUPPORT,true
TNT_002,EMP_04242,SITE_HYD_01,SHIFT_EVENING,TECHNOLOGY,true
TNT_002,EMP_04243,SITE_HYD_01,SHIFT_NIGHT,OPERATIONS,true
TNT_002,EMP_04244,SITE_HYD_01,SHIFT_EVENING,SUPPORT,true
TNT_002,EMP_04245,SITE_HYD_01,SHIFT_MORNING,TECHNOLOGY,true
TNT_003,EMP_04246,SITE_NCR_01,SHIFT_EVENING,SUPPORT,true
TNT_001,EMP_04247,SITE_BLR_01,SHIFT_NIGHT,TECHNOLOGY,true
TNT_002,EMP_04248,SITE_HYD_01,SHIFT_NIGHT,TECHNOLOGY,true
TNT_002,EMP_04249,SITE_HYD_02,SHIFT_NIGHT,SUPPORT,true
TNT_002,EMP_04250,SITE_HYD_01,SHIFT_NIGHT,TECHNOLOGY,true
TNT_002,EMP_04251,SITE_HYD_01,SHIFT_MORNING,OPERATIONS,true
TNT_002,EMP_04252,SITE_HYD_01,SHIFT_MORNING,TECHNOLOGY,true
TNT_001,EMP_04253,SITE_BLR_01,SHIFT_DAY,OPERATIONS,true
TNT_001,EMP_04254,SITE_BLR_02,SHIFT_MORNING,TECHNOLOGY,true
TNT_001,EMP_04255,SITE_BLR_01,SHIFT_EVENING,OPERATIONS,true
TNT_003,EMP_04256,SITE_NCR_01,SHIFT_MORNING,SUPPORT,true
TNT_002,EMP_04257,SITE_HYD_01,SHIFT_DAY,OPERATIONS,true
TNT_001,EMP_04258,SITE_BLR_01,SHIFT_NIGHT,OPERATIONS,true
TNT_002,EMP_04259,SITE_HYD_02,SHIFT_EVENING,SUPPORT,true
TNT_001,EMP_04260,SITE_BLR_01,SHIFT_MORNING,SUPPORT,true
TNT_001,EMP_04261,SITE_BLR_01,SHIFT_NIGHT,TECHNOLOGY,true
TNT_002,EMP_04262,SITE_HYD_02,SHIFT_DAY,TECHNOLOGY,true
TNT_001,EMP_04263,SITE_BLR_01,SHIFT_MORNING,OPERATIONS,true
TNT_001,EMP_04264,SITE_BLR_02,SHIFT_MORNING,TECHNOLOGY,true
TNT_002,EMP_04265,SITE_HYD_02,SHIFT_NIGHT,OPERATIONS,true
TNT_002,EMP_04266,SITE_HYD_01,SHIFT_DAY,TECHNOLOGY,true
TNT_002,EMP_04267,SITE_HYD_02,SHIFT_DAY,TECHNOLOGY,true
TNT_001,EMP_04268,SITE_BLR_02,SHIFT_DAY,SUPPORT,true
TNT_002,EMP_04269,SITE_HYD_01,SHIFT_NIGHT,OPERATIONS,true
TNT_003,EMP_04270,SITE_NCR_01,SHIFT_MORNING,OPERATIONS,true
TNT_001,EMP_04271,SITE_BLR_02,SHIFT_MORNING,OPERATIONS,true
TNT_001,EMP_04272,SITE_BLR_02,SHIFT_MORNING,SUPPORT,true
TNT_001,EMP_04273,SITE_BLR_01,SHIFT_NIGHT,TECHNOLOGY,true
TNT_001,EMP_04274,SITE_BLR_01,SHIFT_NIGHT,OPERATIONS,true
TNT_001,EMP_04275,SITE_BLR_02,SHIFT_DAY,OPERATIONS,true
TNT_002,EMP_04276,SITE_HYD_01,SHIFT_MORNING,SUPPORT,true
TNT_002,EMP_04277,SITE_HYD_02,SHIFT_EVENING,TECHNOLOGY,true
TNT_003,EMP_04278,SITE_NCR_02,SHIFT_MORNING,OPERATIONS,true
TNT_002,EMP_04279,SITE_HYD_02,SHIFT_MORNING,TECHNOLOGY,true
TNT_001,EMP_04280,SITE_BLR_02,SHIFT_DAY,OPERATIONS,true
TNT_001,EMP_04281,SITE_BLR_02,SHIFT_MORNING,OPERATIONS,true
TNT_001,EMP_04282,SITE_BLR_01,SHIFT_NIGHT,SUPPORT,true
TNT_001,EMP_04283,SITE_BLR_02,SHIFT_NIGHT,SUPPORT,true
TNT_002,EMP_04284,SITE_HYD_01,SHIFT_MORNING,SUPPORT,true
TNT_001,EMP_04285,SITE_BLR_01,SHIFT_DAY,OPERATIONS,true
TNT_003,EMP_04286,SITE_NCR_02,SHIFT_NIGHT,SUPPORT,true
TNT_002,EMP_04287,SITE_HYD_02,SHIFT_EVENING,OPERATIONS,true
TNT_002,EMP_04288,SITE_HYD_02,SHIFT_NIGHT,TECHNOLOGY,true
TNT_001,EMP_04289,SITE_BLR_02,SHIFT_EVENING,SUPPORT,true
TNT_002,EMP_04290,SITE_HYD_01,SHIFT_NIGHT,OPERATIONS,true
TNT_001,EMP_04291,SITE_BLR_02,SHIFT_MORNING,SUPPORT,true
TNT_001,EMP_04292,SITE_BLR_01,SHIFT_DAY,OPERATIONS,true
TNT_002,EMP_04293,SITE_HYD_01,SHIFT_MORNING,TECHNOLOGY,true
TNT_001,EMP_04294,SITE_BLR_01,SHIFT_EVENING,TECHNOLOGY,true
TNT_001,EMP_04295,SITE_BLR_01,SHIFT_DAY,SUPPORT,true
TNT_001,EMP_04296,SITE_BLR_02,SHIFT_NIGHT,SUPPORT,true
TNT_001,EMP_04297,SITE_BLR_02,SHIFT_NIGHT,SUPPORT,true
TNT_003,EMP_04298,SITE_NCR_01,SHIFT_NIGHT,TECHNOLOGY,true
TNT_002,EMP_04299,SITE_HYD_02,SHIFT_NIGHT,TECHNOLOGY,true
TNT_003,EMP_04300,SITE_NCR_01,SHIFT_DAY,OPERATIONS,true
TNT_003,EMP_04301,SITE_NCR_01,SHIFT_DAY,SUPPORT,true
TNT_002,EMP_04302,SITE_HYD_01,SHIFT_NIGHT,TECHNOLOGY,true
TNT_001,EMP_04303,SITE_BLR_01,SHIFT_MORNING,SUPPORT,true
TNT_003,EMP_04304,SITE_NCR_02,SHIFT_DAY,SUPPORT,true
TNT_001,EMP_04305,SITE_BLR_01,SHIFT_DAY,OPERATIONS,true
TNT_001,EMP_04306,SITE_BLR_01,SHIFT_EVENING,TECHNOLOGY,true
TNT_001,EMP_04307,SITE_BLR_02,SHIFT_MORNING,SUPPORT,true
TNT_001,EMP_04308,SITE_BLR_02,SHIFT_MORNING,OPERATIONS,true
TNT_001,EMP_04309,SITE_BLR_02,SHIFT_EVENING,TECHNOLOGY,true
TNT_002,EMP_04310,SITE_HYD_02,SHIFT_DAY,OPERATIONS,true
TNT_001,EMP_04311,SITE_BLR_01,SHIFT_DAY,TECHNOLOGY,true
TNT_001,EMP_04312,SITE_BLR_01,SHIFT_NIGHT,TECHNOLOGY,true
TNT_001,EMP_04313,SITE_BLR_01,SHIFT_EVENING,OPERATIONS,true
TNT_002,EMP_04314,SITE_HYD_01,SHIFT_MORNING,OPERATIONS,true
TNT_001,EMP_04315,SITE_BLR_02,SHIFT_DAY,TECHNOLOGY,true
TNT_001,EMP_04316,SITE_BLR_01,SHIFT_EVENING,SUPPORT,true
TNT_001,EMP_04317,SITE_BLR_02,SHIFT_MORNING,SUPPORT,true
TNT_001,EMP_04318,SITE_BLR_01,SHIFT_EVENING,TECHNOLOGY,true
TNT_002,EMP_04319,SITE_HYD_02,SHIFT_NIGHT,SUPPORT,true
TNT_001,EMP_04320,SITE_BLR_01,SHIFT_DAY,SUPPORT,true
TNT_001,EMP_04321,SITE_BLR_02,SHIFT_EVENING,TECHNOLOGY,true
TNT_003,EMP_04322,SITE_NCR_01,SHIFT_NIGHT,OPERATIONS,true
TNT_001,EMP_04323,SITE_BLR_02,SHIFT_MORNING,OPERATIONS,true
TNT_002,EMP_04324,SITE_HYD_01,SHIFT_NIGHT,SUPPORT,true
TNT_001,EMP_04325,SITE_BLR_01,SHIFT_NIGHT,TECHNOLOGY,true
TNT_001,EMP_04326,SITE_BLR_01,SHIFT_MORNING,TECHNOLOGY,true
TNT_003,EMP_04327,SITE_NCR_01,SHIFT_EVENING,OPERATIONS,true
TNT_001,EMP_04328,SITE_BLR_02,SHIFT_EVENING,OPERATIONS,true
TNT_001,EMP_04329,SITE_BLR_02,SHIFT_MORNING,OPERATIONS,true
TNT_001,EMP_04330,SITE_BLR_02,SHIFT_MORNING,SUPPORT,true
TNT_001,EMP_04331,SITE_BLR_02,SHIFT_EVENING,TECHNOLOGY,true
TNT_002,EMP_04332,SITE_HYD_01,SHIFT_MORNING,SUPPORT,true
TNT_001,EMP_04333,SITE_BLR_01,SHIFT_EVENING,OPERATIONS,true
TNT_002,EMP_04334,SITE_HYD_02,SHIFT_DAY,OPERATIONS,true
TNT_001,EMP_04335,SITE_BLR_01,SHIFT_NIGHT,SUPPORT,true
TNT_001,EMP_04336,SITE_BLR_01,SHIFT_DAY,OPERATIONS,true
TNT_001,EMP_04337,SITE_BLR_02,SHIFT_DAY,TECHNOLOGY,true
TNT_001,EMP_04338,SITE_BLR_02,SHIFT_MORNING,SUPPORT,true
TNT_001,EMP_04339,SITE_BLR_01,SHIFT_NIGHT,TECHNOLOGY,true
TNT_002,EMP_04340,SITE_HYD_02,SHIFT_MORNING,TECHNOLOGY,true
TNT_001,EMP_04341,SITE_BLR_02,SHIFT_DAY,SUPPORT,true
TNT_001,EMP_04342,SITE_BLR_01,SHIFT_DAY,SUPPORT,true
TNT_001,EMP_04343,SITE_BLR_02,SHIFT_DAY,OPERATIONS,true
TNT_003,EMP_04344,SITE_NCR_02,SHIFT_EVENING,OPERATIONS,true
TNT_002,EMP_04345,SITE_HYD_02,SHIFT_DAY,TECHNOLOGY,true
TNT_002,EMP_04346,SITE_HYD_01,SHIFT_MORNING,TECHNOLOGY,true
TNT_002,EMP_04347,SITE_HYD_01,SHIFT_DAY,TECHNOLOGY,true
TNT_002,EMP_04348,SITE_HYD_01,SHIFT_EVENING,TECHNOLOGY,true
TNT_002,EMP_04349,SITE_HYD_02,SHIFT_MORNING,OPERATIONS,true
TNT_001,EMP_04350,SITE_BLR_02,SHIFT_MORNING,OPERATIONS,true
TNT_001,EMP_04351,SITE_BLR_01,SHIFT_EVENING,TECHNOLOGY,true
TNT_003,EMP_04352,SITE_NCR_02,SHIFT_MORNING,OPERATIONS,true
TNT_001,EMP_04353,SITE_BLR_01,SHIFT_NIGHT,OPERATIONS,true
TNT_001,EMP_04354,SITE_BLR_02,SHIFT_MORNING,OPERATIONS,true
TNT_001,EMP_04355,SITE_BLR_02,SHIFT_MORNING,OPERATIONS,true
TNT_002,EMP_04356,SITE_HYD_01,SHIFT_DAY,OPERATIONS,true
TNT_002,EMP_04357,SITE_HYD_02,SHIFT_MORNING,OPERATIONS,true
TNT_003,EMP_04358,SITE_NCR_02,SHIFT_NIGHT,SUPPORT,true
TNT_002,EMP_04359,SITE_HYD_02,SHIFT_EVENING,SUPPORT,true
TNT_003,EMP_04360,SITE_NCR_02,SHIFT_DAY,SUPPORT,true
TNT_002,EMP_04361,SITE_HYD_01,SHIFT_EVENING,TECHNOLOGY,true
TNT_001,EMP_04362,SITE_BLR_02,SHIFT_DAY,TECHNOLOGY,true
TNT_001,EMP_04363,SITE_BLR_02,SHIFT_MORNING,OPERATIONS,true
TNT_002,EMP_04364,SITE_HYD_01,SHIFT_DAY,OPERATIONS,true
TNT_001,EMP_04365,SITE_BLR_02,SHIFT_MORNING,TECHNOLOGY,true
TNT_001,EMP_04366,SITE_BLR_01,SHIFT_DAY,OPERATIONS,true
TNT_001,EMP_04367,SITE_BLR_01,SHIFT_DAY,SUPPORT,true
TNT_001,EMP_04368,SITE_BLR_02,SHIFT_MORNING,TECHNOLOGY,true
TNT_001,EMP_04369,SITE_BLR_01,SHIFT_MORNING,TECHNOLOGY,true
TNT_001,EMP_04370,SITE_BLR_02,SHIFT_MORNING,OPERATIONS,true
TNT_003,EMP_04371,SITE_NCR_01,SHIFT_DAY,TECHNOLOGY,true
TNT_003,EMP_04372,SITE_NCR_01,SHIFT_DAY,OPERATIONS,true
TNT_001,EMP_04373,SITE_BLR_01,SHIFT_DAY,OPERATIONS,true
TNT_003,EMP_04374,SITE_NCR_02,SHIFT_MORNING,OPERATIONS,true
TNT_002,EMP_04375,SITE_HYD_02,SHIFT_NIGHT,TECHNOLOGY,true
TNT_001,EMP_04376,SITE_BLR_02,SHIFT_DAY,OPERATIONS,true
TNT_001,EMP_04377,SITE_BLR_02,SHIFT_DAY,OPERATIONS,true
TNT_001,EMP_04378,SITE_BLR_01,SHIFT_DAY,TECHNOLOGY,true
TNT_001,EMP_04379,SITE_BLR_02,SHIFT_DAY,OPERATIONS,true
TNT_002,EMP_04380,SITE_HYD_01,SHIFT_DAY,OPERATIONS,true
TNT_002,EMP_04381,SITE_HYD_02,SHIFT_NIGHT,OPERATIONS,true
TNT_001,EMP_04382,SITE_BLR_01,SHIFT_MORNING,OPERATIONS,true
TNT_002,EMP_04383,SITE_HYD_01,SHIFT_MORNING,TECHNOLOGY,true
TNT_001,EMP_04384,SITE_BLR_02,SHIFT_DAY,OPERATIONS,true
TNT_001,EMP_04385,SITE_BLR_01,SHIFT_MORNING,OPERATIONS,true
TNT_001,EMP_04386,SITE_BLR_02,SHIFT_DAY,OPERATIONS,true
TNT_001,EMP_04387,SITE_BLR_01,SHIFT_DAY,SUPPORT,true
TNT_001,EMP_04388,SITE_BLR_02,SHIFT_DAY,SUPPORT,true
TNT_001,EMP_04389,SITE_BLR_01,SHIFT_EVENING,OPERATIONS,true
TNT_002,EMP_04390,SITE_HYD_02,SHIFT_MORNING,TECHNOLOGY,true
TNT_001,EMP_04391,SITE_BLR_01,SHIFT_DAY,TECHNOLOGY,true
TNT_001,EMP_04392,SITE_BLR_01,SHIFT_MORNING,SUPPORT,true
TNT_002,EMP_04393,SITE_HYD_01,SHIFT_NIGHT,OPERATIONS,true
TNT_001,EMP_04394,SITE_BLR_02,SHIFT_EVENING,SUPPORT,true
TNT_001,EMP_04395,SITE_BLR_01,SHIFT_EVENING,TECHNOLOGY,true
TNT_001,EMP_04396,SITE_BLR_01,SHIFT_DAY,TECHNOLOGY,true
TNT_003,EMP_04397,SITE_NCR_02,SHIFT_EVENING,SUPPORT,true
TNT_001,EMP_04398,SITE_BLR_02,SHIFT_EVENING,SUPPORT,true
TNT_002,EMP_04399,SITE_HYD_02,SHIFT_MORNING,OPERATIONS,true
TNT_002,EMP_04400,SITE_HYD_02,SHIFT_MORNING,OPERATIONS,true
TNT_001,EMP_04401,SITE_BLR_01,SHIFT_MORNING,OPERATIONS,true
TNT_001,EMP_04402,SITE_BLR_01,SHIFT_NIGHT,OPERATIONS,true
TNT_002,EMP_04403,SITE_HYD_01,SHIFT_MORNING,TECHNOLOGY,true
TNT_001,EMP_04404,SITE_BLR_02,SHIFT_NIGHT,SUPPORT,true
TNT_001,EMP_04405,SITE_BLR_01,SHIFT_EVENING,TECHNOLOGY,true
TNT_001,EMP_04406,SITE_BLR_02,SHIFT_EVENING,TECHNOLOGY,true
TNT_001,EMP_04407,SITE_BLR_02,SHIFT_DAY,SUPPORT,true
TNT_003,EMP_04408,SITE_NCR_02,SHIFT_EVENING,OPERATIONS,true
TNT_001,EMP_04409,SITE_BLR_01,SHIFT_MORNING,OPERATIONS,true
TNT_001,EMP_04410,SITE_BLR_02,SHIFT_MORNING,TECHNOLOGY,true
TNT_002,EMP_04411,SITE_HYD_01,SHIFT_DAY,OPERATIONS,false
TNT_001,EMP_04412,SITE_BLR_02,SHIFT_MORNING,TECHNOLOGY,true
TNT_003,EMP_04413,SITE_NCR_01,SHIFT_NIGHT,OPERATIONS,true
TNT_003,EMP_04414,SITE_NCR_01,SHIFT_EVENING,OPERATIONS,true
TNT_001,EMP_04415,SITE_BLR_02,SHIFT_MORNING,TECHNOLOGY,true
TNT_002,EMP_04416,SITE_HYD_02,SHIFT_DAY,TECHNOLOGY,true
TNT_001,EMP_04417,SITE_BLR_01,SHIFT_DAY,SUPPORT,true
TNT_001,EMP_04418,SITE_BLR_02,SHIFT_NIGHT,OPERATIONS,true
TNT_003,EMP_04419,SITE_NCR_01,SHIFT_MORNING,SUPPORT,true
TNT_001,EMP_04420,SITE_BLR_01,SHIFT_DAY,TECHNOLOGY,true
TNT_002,EMP_04421,SITE_HYD_01,SHIFT_DAY,SUPPORT,true
TNT_001,EMP_04422,SITE_BLR_01,SHIFT_NIGHT,OPERATIONS,true
TNT_003,EMP_04423,SITE_NCR_01,SHIFT_DAY,SUPPORT,true
TNT_001,EMP_04424,SITE_BLR_02,SHIFT_DAY,OPERATIONS,true
TNT_002,EMP_04425,SITE_HYD_01,SHIFT_NIGHT,SUPPORT,true
TNT_001,EMP_04426,SITE_BLR_02,SHIFT_EVENING,SUPPORT,true
TNT_003,EMP_04427,SITE_NCR_01,SHIFT_NIGHT,SUPPORT,true
TNT_001,EMP_04428,SITE_BLR_01,SHIFT_MORNING,OPERATIONS,true
TNT_001,EMP_04429,SITE_BLR_01,SHIFT_MORNING,TECHNOLOGY,true
TNT_003,EMP_04430,SITE_NCR_01,SHIFT_MORNING,TECHNOLOGY,true
TNT_003,EMP_04431,SITE_NCR_01,SHIFT_NIGHT,TECHNOLOGY,true
TNT_002,EMP_04432,SITE_HYD_02,SHIFT_DAY,OPERATIONS,true
TNT_003,EMP_04433,SITE_NCR_02,SHIFT_MORNING,OPERATIONS,true
TNT_001,EMP_04434,SITE_BLR_02,SHIFT_EVENING,OPERATIONS,true
TNT_001,EMP_04435,SITE_BLR_01,SHIFT_DAY,SUPPORT,true
TNT_002,EMP_04436,SITE_HYD_02,SHIFT_EVENING,SUPPORT,true
TNT_001,EMP_04437,SITE_BLR_02,SHIFT_DAY,SUPPORT,true
TNT_001,EMP_04438,SITE_BLR_02,SHIFT_EVENING,SUPPORT,true
TNT_001,EMP_04439,SITE_BLR_02,SHIFT_EVENING,TECHNOLOGY,true
TNT_002,EMP_04440,SITE_HYD_02,SHIFT_MORNING,OPERATIONS,true
TNT_001,EMP_04441,SITE_BLR_02,SHIFT_DAY,SUPPORT,true
TNT_001,EMP_04442,SITE_BLR_01,SHIFT_MORNING,OPERATIONS,true
TNT_001,EMP_04443,SITE_BLR_02,SHIFT_EVENING,TECHNOLOGY,true
TNT_002,EMP_04444,SITE_HYD_02,SHIFT_NIGHT,OPERATIONS,true
TNT_001,EMP_04445,SITE_BLR_01,SHIFT_DAY,TECHNOLOGY,true
TNT_001,EMP_04446,SITE_BLR_02,SHIFT_DAY,OPERATIONS,true
TNT_002,EMP_04447,SITE_HYD_01,SHIFT_NIGHT,SUPPORT,true
TNT_003,EMP_04448,SITE_NCR_02,SHIFT_EVENING,TECHNOLOGY,true
TNT_001,EMP_04449,SITE_BLR_02,SHIFT_MORNING,SUPPORT,true
TNT_003,EMP_04450,SITE_NCR_02,SHIFT_EVENING,TECHNOLOGY,true
TNT_001,EMP_04451,SITE_BLR_02,SHIFT_EVENING,TECHNOLOGY,true
TNT_001,EMP_04452,SITE_BLR_02,SHIFT_MORNING,OPERATIONS,true
TNT_002,EMP_04453,SITE_HYD_02,SHIFT_DAY,SUPPORT,true
TNT_001,EMP_04454,SITE_BLR_02,SHIFT_DAY,OPERATIONS,true
TNT_001,EMP_04455,SITE_BLR_01,SHIFT_MORNING,SUPPORT,true
TNT_002,EMP_04456,SITE_HYD_01,SHIFT_NIGHT,SUPPORT,true
TNT_002,EMP_04457,SITE_HYD_01,SHIFT_MORNING,OPERATIONS,true
TNT_001,EMP_04458,SITE_BLR_02,SHIFT_DAY,OPERATIONS,true
TNT_003,EMP_04459,SITE_NCR_01,SHIFT_DAY,TECHNOLOGY,true
TNT_002,EMP_04460,SITE_HYD_01,SHIFT_DAY,OPERATIONS,true
TNT_001,EMP_04461,SITE_BLR_01,SHIFT_DAY,OPERATIONS,true
TNT_001,EMP_04462,SITE_BLR_01,SHIFT_EVENING,OPERATIONS,true
TNT_001,EMP_04463,SITE_BLR_02,SHIFT_DAY,TECHNOLOGY,true
TNT_002,EMP_04464,SITE_HYD_01,SHIFT_MORNING,SUPPORT,true
TNT_001,EMP_04465,SITE_BLR_02,SHIFT_EVENING,OPERATIONS,true
TNT_001,EMP_04466,SITE_BLR_01,SHIFT_EVENING,SUPPORT,true
TNT_002,EMP_04467,SITE_HYD_02,SHIFT_MORNING,OPERATIONS,true
TNT_002,EMP_04468,SITE_HYD_02,SHIFT_DAY,OPERATIONS,true
TNT_002,EMP_04469,SITE_HYD_02,SHIFT_NIGHT,SUPPORT,true
TNT_002,EMP_04470,SITE_HYD_02,SHIFT_DAY,TECHNOLOGY,true
TNT_001,EMP_04471,SITE_BLR_01,SHIFT_DAY,OPERATIONS,true
TNT_001,EMP_04472,SITE_BLR_01,SHIFT_DAY,SUPPORT,true
TNT_002,EMP_04473,SITE_HYD_02,SHIFT_MORNING,SUPPORT,true
TNT_001,EMP_04474,SITE_BLR_02,SHIFT_DAY,SUPPORT,true
TNT_003,EMP_04475,SITE_NCR_02,SHIFT_NIGHT,TECHNOLOGY,true
TNT_003,EMP_04476,SITE_NCR_02,SHIFT_MORNING,OPERATIONS,true
TNT_003,EMP_04477,SITE_NCR_02,SHIFT_NIGHT,TECHNOLOGY,true
TNT_001,EMP_04478,SITE_BLR_01,SHIFT_NIGHT,SUPPORT,true
TNT_001,EMP_04479,SITE_BLR_02,SHIFT_EVENING,OPERATIONS,true
TNT_001,EMP_04480,SITE_BLR_02,SHIFT_MORNING,OPERATIONS,true
TNT_001,EMP_04481,SITE_BLR_02,SHIFT_DAY,OPERATIONS,true
TNT_003,EMP_04482,SITE_NCR_01,SHIFT_MORNING,SUPPORT,true
TNT_001,EMP_04483,SITE_BLR_02,SHIFT_EVENING,OPERATIONS,true
TNT_002,EMP_04484,SITE_HYD_02,SHIFT_DAY,SUPPORT,true
TNT_001,EMP_04485,SITE_BLR_01,SHIFT_MORNING,SUPPORT,true
TNT_001,EMP_04486,SITE_BLR_01,SHIFT_DAY,SUPPORT,true
TNT_001,EMP_04487,SITE_BLR_01,SHIFT_MORNING,OPERATIONS,true
TNT_001,EMP_04488,SITE_BLR_02,SHIFT_DAY,OPERATIONS,true
TNT_002,EMP_04489,SITE_HYD_02,SHIFT_MORNING,TECHNOLOGY,true
TNT_001,EMP_04490,SITE_BLR_02,SHIFT_MORNING,OPERATIONS,true
TNT_002,EMP_04491,SITE_HYD_01,SHIFT_DAY,SUPPORT,true
TNT_003,EMP_04492,SITE_NCR_02,SHIFT_NIGHT,TECHNOLOGY,true
TNT_002,EMP_04493,SITE_HYD_01,SHIFT_DAY,TECHNOLOGY,true
TNT_001,EMP_04494,SITE_BLR_01,SHIFT_MORNING,TECHNOLOGY,true
TNT_003,EMP_04495,SITE_NCR_01,SHIFT_NIGHT,SUPPORT,true
TNT_001,EMP_04496,SITE_BLR_01,SHIFT_DAY,OPERATIONS,true
TNT_002,EMP_04497,SITE_HYD_02,SHIFT_MORNING,OPERATIONS,true
TNT_002,EMP_04498,SITE_HYD_01,SHIFT_DAY,TECHNOLOGY,true
TNT_001,EMP_04499,SITE_BLR_02,SHIFT_MORNING,OPERATIONS,true
TNT_002,EMP_04500,SITE_HYD_01,SHIFT_EVENING,SUPPORT,true
TNT_001,EMP_04501,SITE_BLR_02,SHIFT_NIGHT,OPERATIONS,true
TNT_001,EMP_04502,SITE_BLR_02,SHIFT_MORNING,SUPPORT,true
TNT_002,EMP_04503,SITE_HYD_02,SHIFT_DAY,OPERATIONS,true
TNT_003,EMP_04504,SITE_NCR_01,SHIFT_NIGHT,OPERATIONS,true
TNT_002,EMP_04505,SITE_HYD_02,SHIFT_DAY,SUPPORT,true
TNT_002,EMP_04506,SITE_HYD_02,SHIFT_NIGHT,TECHNOLOGY,true
TNT_001,EMP_04507,SITE_BLR_02,SHIFT_MORNING,SUPPORT,false
TNT_003,EMP_04508,SITE_NCR_01,SHIFT_DAY,OPERATIONS,true
TNT_001,EMP_04509,SITE_BLR_01,SHIFT_NIGHT,SUPPORT,true
TNT_002,EMP_04510,SITE_HYD_01,SHIFT_DAY,OPERATIONS,true
TNT_001,EMP_04511,SITE_BLR_02,SHIFT_DAY,TECHNOLOGY,true
TNT_001,EMP_04512,SITE_BLR_01,SHIFT_NIGHT,OPERATIONS,true
TNT_001,EMP_04513,SITE_BLR_02,SHIFT_NIGHT,SUPPORT,true
TNT_002,EMP_04514,SITE_HYD_02,SHIFT_DAY,TECHNOLOGY,true
TNT_001,EMP_04515,SITE_BLR_02,SHIFT_DAY,SUPPORT,true
TNT_001,EMP_04516,SITE_BLR_02,SHIFT_NIGHT,SUPPORT,true
TNT_003,EMP_04517,SITE_NCR_01,SHIFT_MORNING,TECHNOLOGY,true
TNT_002,EMP_04518,SITE_HYD_02,SHIFT_NIGHT,OPERATIONS,true
TNT_001,EMP_04519,SITE_BLR_02,SHIFT_DAY,OPERATIONS,true
TNT_003,EMP_04520,SITE_NCR_01,SHIFT_DAY,OPERATIONS,true
TNT_002,EMP_04521,SITE_HYD_02,SHIFT_MORNING,OPERATIONS,true
TNT_003,EMP_04522,SITE_NCR_01,SHIFT_MORNING,TECHNOLOGY,true
TNT_002,EMP_04523,SITE_HYD_01,SHIFT_NIGHT,SUPPORT,true
TNT_001,EMP_04524,SITE_BLR_01,SHIFT_MORNING,TECHNOLOGY,true
TNT_002,EMP_04525,SITE_HYD_02,SHIFT_NIGHT,TECHNOLOGY,true
TNT_001,EMP_04526,SITE_BLR_02,SHIFT_DAY,TECHNOLOGY,true
TNT_001,EMP_04527,SITE_BLR_02,SHIFT_NIGHT,OPERATIONS,true
TNT_001,EMP_04528,SITE_BLR_01,SHIFT_EVENING,TECHNOLOGY,true
TNT_003,EMP_04529,SITE_NCR_01,SHIFT_DAY,TECHNOLOGY,true
TNT_002,EMP_04530,SITE_HYD_02,SHIFT_EVENING,TECHNOLOGY,true
TNT_001,EMP_04531,SITE_BLR_02,SHIFT_EVENING,TECHNOLOGY,true
TNT_001,EMP_04532,SITE_BLR_02,SHIFT_MORNING,OPERATIONS,true
TNT_001,EMP_04533,SITE_BLR_01,SHIFT_MORNING,SUPPORT,true
TNT_002,EMP_04534,SITE_HYD_02,SHIFT_MORNING,SUPPORT,true
TNT_001,EMP_04535,SITE_BLR_02,SHIFT_NIGHT,OPERATIONS,true
TNT_001,EMP_04536,SITE_BLR_01,SHIFT_EVENING,OPERATIONS,true
TNT_001,EMP_04537,SITE_BLR_02,SHIFT_MORNING,OPERATIONS,true
TNT_001,EMP_04538,SITE_BLR_01,SHIFT_MORNING,OPERATIONS,true
TNT_002,EMP_04539,SITE_HYD_01,SHIFT_MORNING,SUPPORT,true
TNT_001,EMP_04540,SITE_BLR_02,SHIFT_NIGHT,OPERATIONS,true
TNT_001,EMP_04541,SITE_BLR_01,SHIFT_MORNING,SUPPORT,true
TNT_001,EMP_04542,SITE_BLR_02,SHIFT_DAY,TECHNOLOGY,true
TNT_001,EMP_04543,SITE_BLR_01,SHIFT_MORNING,TECHNOLOGY,true
TNT_001,EMP_04544,SITE_BLR_02,SHIFT_MORNING,TECHNOLOGY,true
TNT_001,EMP_04545,SITE_BLR_01,SHIFT_NIGHT,OPERATIONS,true
TNT_001,EMP_04546,SITE_BLR_02,SHIFT_EVENING,OPERATIONS,true
TNT_001,EMP_04547,SITE_BLR_01,SHIFT_MORNING,TECHNOLOGY,true
TNT_001,EMP_04548,SITE_BLR_01,SHIFT_NIGHT,OPERATIONS,true
TNT_001,EMP_04549,SITE_BLR_01,SHIFT_NIGHT,OPERATIONS,true
TNT_003,EMP_04550,SITE_NCR_01,SHIFT_MORNING,SUPPORT,true
TNT_001,EMP_04551,SITE_BLR_02,SHIFT_DAY,OPERATIONS,true
TNT_001,EMP_04552,SITE_BLR_01,SHIFT_DAY,TECHNOLOGY,true
TNT_003,EMP_04553,SITE_NCR_02,SHIFT_DAY,OPERATIONS,true
TNT_001,EMP_04554,SITE_BLR_01,SHIFT_EVENING,TECHNOLOGY,true
TNT_002,EMP_04555,SITE_HYD_01,SHIFT_DAY,OPERATIONS,true
TNT_001,EMP_04556,SITE_BLR_01,SHIFT_DAY,OPERATIONS,true
TNT_001,EMP_04557,SITE_BLR_01,SHIFT_NIGHT,TECHNOLOGY,true
TNT_001,EMP_04558,SITE_BLR_02,SHIFT_MORNING,OPERATIONS,true
TNT_001,EMP_04559,SITE_BLR_01,SHIFT_DAY,TECHNOLOGY,true
TNT_002,EMP_04560,SITE_HYD_01,SHIFT_MORNING,OPERATIONS,true
TNT_003,EMP_04561,SITE_NCR_02,SHIFT_DAY,OPERATIONS,true
TNT_001,EMP_04562,SITE_BLR_02,SHIFT_MORNING,TECHNOLOGY,true
TNT_002,EMP_04563,SITE_HYD_02,SHIFT_MORNING,SUPPORT,true
TNT_002,EMP_04564,SITE_HYD_01,SHIFT_EVENING,TECHNOLOGY,true
TNT_001,EMP_04565,SITE_BLR_02,SHIFT_MORNING,TECHNOLOGY,true
TNT_001,EMP_04566,SITE_BLR_02,SHIFT_NIGHT,TECHNOLOGY,true
TNT_003,EMP_04567,SITE_NCR_02,SHIFT_EVENING,SUPPORT,true
TNT_001,EMP_04568,SITE_BLR_02,SHIFT_MORNING,OPERATIONS,true
TNT_002,EMP_04569,SITE_HYD_02,SHIFT_DAY,OPERATIONS,true
TNT_003,EMP_04570,SITE_NCR_02,SHIFT_DAY,TECHNOLOGY,true
TNT_002,EMP_04571,SITE_HYD_02,SHIFT_MORNING,SUPPORT,true
TNT_001,EMP_04572,SITE_BLR_02,SHIFT_NIGHT,OPERATIONS,true
TNT_001,EMP_04573,SITE_BLR_02,SHIFT_DAY,SUPPORT,true
TNT_002,EMP_04574,SITE_HYD_01,SHIFT_MORNING,SUPPORT,true
TNT_001,EMP_04575,SITE_BLR_01,SHIFT_MORNING,OPERATIONS,true
TNT_001,EMP_04576,SITE_BLR_02,SHIFT_NIGHT,TECHNOLOGY,true
TNT_001,EMP_04577,SITE_BLR_02,SHIFT_DAY,OPERATIONS,true
TNT_001,EMP_04578,SITE_BLR_02,SHIFT_NIGHT,OPERATIONS,true
TNT_002,EMP_04579,SITE_HYD_01,SHIFT_EVENING,TECHNOLOGY,true
TNT_003,EMP_04580,SITE_NCR_02,SHIFT_EVENING,SUPPORT,true
TNT_003,EMP_04581,SITE_NCR_01,SHIFT_DAY,OPERATIONS,true
TNT_003,EMP_04582,SITE_NCR_02,SHIFT_MORNING,OPERATIONS,true
TNT_002,EMP_04583,SITE_HYD_01,SHIFT_DAY,OPERATIONS,true
TNT_002,EMP_04584,SITE_HYD_02,SHIFT_EVENING,OPERATIONS,true
TNT_002,EMP_04585,SITE_HYD_01,SHIFT_EVENING,TECHNOLOGY,true
TNT_001,EMP_04586,SITE_BLR_02,SHIFT_MORNING,OPERATIONS,true
TNT_002,EMP_04587,SITE_HYD_01,SHIFT_DAY,OPERATIONS,true
TNT_003,EMP_04588,SITE_NCR_02,SHIFT_DAY,TECHNOLOGY,true
TNT_001,EMP_04589,SITE_BLR_02,SHIFT_MORNING,TECHNOLOGY,true
TNT_002,EMP_04590,SITE_HYD_02,SHIFT_DAY,SUPPORT,true
TNT_002,EMP_04591,SITE_HYD_02,SHIFT_MORNING,SUPPORT,true
TNT_001,EMP_04592,SITE_BLR_01,SHIFT_EVENING,TECHNOLOGY,true
TNT_003,EMP_04593,SITE_NCR_02,SHIFT_MORNING,OPERATIONS,true
TNT_003,EMP_04594,SITE_NCR_02,SHIFT_DAY,SUPPORT,true
TNT_003,EMP_04595,SITE_NCR_01,SHIFT_DAY,OPERATIONS,true
TNT_001,EMP_04596,SITE_BLR_01,SHIFT_DAY,TECHNOLOGY,true
TNT_001,EMP_04597,SITE_BLR_02,SHIFT_MORNING,SUPPORT,true
TNT_001,EMP_04598,SITE_BLR_02,SHIFT_MORNING,TECHNOLOGY,true
TNT_001,EMP_04599,SITE_BLR_01,SHIFT_MORNING,OPERATIONS,true
TNT_002,EMP_04600,SITE_HYD_02,SHIFT_NIGHT,SUPPORT,true
TNT_001,EMP_04601,SITE_BLR_02,SHIFT_MORNING,OPERATIONS,true
TNT_001,EMP_04602,SITE_BLR_02,SHIFT_DAY,SUPPORT,true
TNT_002,EMP_04603,SITE_HYD_02,SHIFT_NIGHT,OPERATIONS,true
TNT_003,EMP_04604,SITE_NCR_02,SHIFT_EVENING,OPERATIONS,true
TNT_001,EMP_04605,SITE_BLR_01,SHIFT_DAY,OPERATIONS,true
TNT_001,EMP_04606,SITE_BLR_01,SHIFT_DAY,OPERATIONS,true
TNT_001,EMP_04607,SITE_BLR_02,SHIFT_MORNING,OPERATIONS,true
TNT_001,EMP_04608,SITE_BLR_01,SHIFT_NIGHT,SUPPORT,false
TNT_001,EMP_04609,SITE_BLR_02,SHIFT_MORNING,OPERATIONS,true
TNT_001,EMP_04610,SITE_BLR_01,SHIFT_DAY,OPERATIONS,true
TNT_002,EMP_04611,SITE_HYD_01,SHIFT_NIGHT,TECHNOLOGY,true
TNT_002,EMP_04612,SITE_HYD_02,SHIFT_EVENING,TECHNOLOGY,true
TNT_001,EMP_04613,SITE_BLR_02,SHIFT_MORNING,OPERATIONS,true
TNT_001,EMP_04614,SITE_BLR_02,SHIFT_DAY,TECHNOLOGY,true
TNT_002,EMP_04615,SITE_HYD_01,SHIFT_DAY,TECHNOLOGY,true
TNT_002,EMP_04616,SITE_HYD_01,SHIFT_NIGHT,OPERATIONS,true
TNT_001,EMP_04617,SITE_BLR_01,SHIFT_MORNING,OPERATIONS,true
TNT_002,EMP_04618,SITE_HYD_01,SHIFT_DAY,TECHNOLOGY,true
TNT_002,EMP_04619,SITE_HYD_02,SHIFT_NIGHT,TECHNOLOGY,false
TNT_001,EMP_04620,SITE_BLR_02,SHIFT_MORNING,SUPPORT,true
TNT_001,EMP_04621,SITE_BLR_02,SHIFT_DAY,TECHNOLOGY,true
TNT_001,EMP_04622,SITE_BLR_01,SHIFT_DAY,TECHNOLOGY,true
TNT_002,EMP_04623,SITE_HYD_02,SHIFT_DAY,OPERATIONS,true
TNT_001,EMP_04624,SITE_BLR_02,SHIFT_MORNING,OPERATIONS,true
TNT_003,EMP_04625,SITE_NCR_01,SHIFT_DAY,TECHNOLOGY,true
TNT_003,EMP_04626,SITE_NCR_01,SHIFT_MORNING,OPERATIONS,true
TNT_003,EMP_04627,SITE_NCR_02,SHIFT_DAY,OPERATIONS,true
TNT_001,EMP_04628,SITE_BLR_02,SHIFT_EVENING,TECHNOLOGY,true
TNT_002,EMP_04629,SITE_HYD_02,SHIFT_DAY,TECHNOLOGY,true
TNT_002,EMP_04630,SITE_HYD_02,SHIFT_DAY,SUPPORT,true
TNT_001,EMP_04631,SITE_BLR_01,SHIFT_NIGHT,TECHNOLOGY,true
TNT_002,EMP_04632,SITE_HYD_02,SHIFT_DAY,SUPPORT,true
TNT_002,EMP_04633,SITE_HYD_02,SHIFT_EVENING,OPERATIONS,true
TNT_003,EMP_04634,SITE_NCR_02,SHIFT_MORNING,SUPPORT,true
TNT_003,EMP_04635,SITE_NCR_02,SHIFT_DAY,OPERATIONS,true
TNT_001,EMP_04636,SITE_BLR_02,SHIFT_NIGHT,OPERATIONS,true
TNT_001,EMP_04637,SITE_BLR_02,SHIFT_DAY,SUPPORT,true
TNT_001,EMP_04638,SITE_BLR_01,SHIFT_DAY,SUPPORT,true
TNT_001,EMP_04639,SITE_BLR_02,SHIFT_NIGHT,OPERATIONS,true
TNT_001,EMP_04640,SITE_BLR_01,SHIFT_EVENING,OPERATIONS,true
TNT_001,EMP_04641,SITE_BLR_02,SHIFT_NIGHT,SUPPORT,true
TNT_001,EMP_04642,SITE_BLR_01,SHIFT_NIGHT,TECHNOLOGY,true
TNT_001,EMP_04643,SITE_BLR_01,SHIFT_NIGHT,SUPPORT,true
TNT_003,EMP_04644,SITE_NCR_01,SHIFT_NIGHT,OPERATIONS,true
TNT_002,EMP_04645,SITE_HYD_01,SHIFT_DAY,OPERATIONS,true
TNT_001,EMP_04646,SITE_BLR_02,SHIFT_NIGHT,TECHNOLOGY,true
TNT_002,EMP_04647,SITE_HYD_01,SHIFT_DAY,OPERATIONS,true
TNT_001,EMP_04648,SITE_BLR_02,SHIFT_MORNING,TECHNOLOGY,true
TNT_002,EMP_04649,SITE_HYD_01,SHIFT_DAY,TECHNOLOGY,true
TNT_003,EMP_04650,SITE_NCR_02,SHIFT_MORNING,OPERATIONS,true
TNT_003,EMP_04651,SITE_NCR_01,SHIFT_DAY,OPERATIONS,true
TNT_001,EMP_04652,SITE_BLR_02,SHIFT_EVENING,OPERATIONS,true
TNT_001,EMP_04653,SITE_BLR_02,SHIFT_DAY,TECHNOLOGY,true
TNT_002,EMP_04654,SITE_HYD_01,SHIFT_NIGHT,SUPPORT,false
TNT_001,EMP_04655,SITE_BLR_01,SHIFT_DAY,OPERATIONS,true
TNT_001,EMP_04656,SITE_BLR_01,SHIFT_MORNING,SUPPORT,true
TNT_002,EMP_04657,SITE_HYD_02,SHIFT_MORNING,TECHNOLOGY,true
TNT_002,EMP_04658,SITE_HYD_02,SHIFT_MORNING,TECHNOLOGY,true
TNT_001,EMP_04659,SITE_BLR_02,SHIFT_MORNING,TECHNOLOGY,true
TNT_003,EMP_04660,SITE_NCR_02,SHIFT_NIGHT,SUPPORT,true
TNT_003,EMP_04661,SITE_NCR_01,SHIFT_NIGHT,OPERATIONS,true
TNT_001,EMP_04662,SITE_BLR_01,SHIFT_NIGHT,SUPPORT,true
TNT_003,EMP_04663,SITE_NCR_01,SHIFT_MORNING,TECHNOLOGY,true
TNT_001,EMP_04664,SITE_BLR_01,SHIFT_DAY,OPERATIONS,true
TNT_001,EMP_04665,SITE_BLR_02,SHIFT_DAY,OPERATIONS,true
TNT_001,EMP_04666,SITE_BLR_01,SHIFT_EVENING,TECHNOLOGY,true
TNT_001,EMP_04667,SITE_BLR_01,SHIFT_NIGHT,OPERATIONS,true
TNT_002,EMP_04668,SITE_HYD_01,SHIFT_MORNING,TECHNOLOGY,true
TNT_002,EMP_04669,SITE_HYD_02,SHIFT_DAY,SUPPORT,true
TNT_003,EMP_04670,SITE_NCR_01,SHIFT_NIGHT,SUPPORT,true
TNT_001,EMP_04671,SITE_BLR_02,SHIFT_EVENING,SUPPORT,true
TNT_001,EMP_04672,SITE_BLR_01,SHIFT_DAY,TECHNOLOGY,true
TNT_001,EMP_04673,SITE_BLR_02,SHIFT_DAY,OPERATIONS,true
TNT_001,EMP_04674,SITE_BLR_01,SHIFT_NIGHT,OPERATIONS,true
TNT_002,EMP_04675,SITE_HYD_02,SHIFT_MORNING,OPERATIONS,true
TNT_002,EMP_04676,SITE_HYD_02,SHIFT_DAY,SUPPORT,true
TNT_001,EMP_04677,SITE_BLR_01,SHIFT_DAY,OPERATIONS,true
TNT_001,EMP_04678,SITE_BLR_02,SHIFT_DAY,TECHNOLOGY,true
TNT_001,EMP_04679,SITE_BLR_02,SHIFT_EVENING,OPERATIONS,true
TNT_001,EMP_04680,SITE_BLR_01,SHIFT_MORNING,OPERATIONS,true
TNT_002,EMP_04681,SITE_HYD_01,SHIFT_MORNING,OPERATIONS,true
TNT_001,EMP_04682,SITE_BLR_02,SHIFT_NIGHT,OPERATIONS,true
TNT_002,EMP_04683,SITE_HYD_01,SHIFT_MORNING,TECHNOLOGY,true
TNT_001,EMP_04684,SITE_BLR_01,SHIFT_DAY,TECHNOLOGY,false
TNT_001,EMP_04685,SITE_BLR_01,SHIFT_EVENING,OPERATIONS,true
TNT_002,EMP_04686,SITE_HYD_01,SHIFT_NIGHT,OPERATIONS,true
TNT_001,EMP_04687,SITE_BLR_02,SHIFT_DAY,OPERATIONS,true
TNT_001,EMP_04688,SITE_BLR_01,SHIFT_MORNING,OPERATIONS,true
TNT_001,EMP_04689,SITE_BLR_02,SHIFT_NIGHT,OPERATIONS,true
TNT_002,EMP_04690,SITE_HYD_01,SHIFT_DAY,OPERATIONS,true
TNT_002,EMP_04691,SITE_HYD_01,SHIFT_DAY,OPERATIONS,true
TNT_001,EMP_04692,SITE_BLR_02,SHIFT_EVENING,TECHNOLOGY,true
TNT_003,EMP_04693,SITE_NCR_02,SHIFT_DAY,SUPPORT,true
TNT_001,EMP_04694,SITE_BLR_01,SHIFT_EVENING,TECHNOLOGY,true
TNT_003,EMP_04695,SITE_NCR_01,SHIFT_EVENING,TECHNOLOGY,true
TNT_002,EMP_04696,SITE_HYD_01,SHIFT_EVENING,OPERATIONS,true
TNT_001,EMP_04697,SITE_BLR_01,SHIFT_MORNING,OPERATIONS,true
TNT_003,EMP_04698,SITE_NCR_01,SHIFT_MORNING,OPERATIONS,true
TNT_001,EMP_04699,SITE_BLR_01,SHIFT_DAY,SUPPORT,true
TNT_003,EMP_04700,SITE_NCR_02,SHIFT_EVENING,OPERATIONS,true
TNT_001,EMP_04701,SITE_BLR_02,SHIFT_EVENING,OPERATIONS,true
TNT_001,EMP_04702,SITE_BLR_01,SHIFT_NIGHT,TECHNOLOGY,true
TNT_001,EMP_04703,SITE_BLR_01,SHIFT_DAY,OPERATIONS,true
TNT_001,EMP_04704,SITE_BLR_02,SHIFT_DAY,OPERATIONS,true
TNT_001,EMP_04705,SITE_BLR_02,SHIFT_DAY,TECHNOLOGY,true
TNT_001,EMP_04706,SITE_BLR_02,SHIFT_NIGHT,OPERATIONS,true
TNT_001,EMP_04707,SITE_BLR_01,SHIFT_MORNING,OPERATIONS,true
TNT_001,EMP_04708,SITE_BLR_02,SHIFT_DAY,SUPPORT,true
TNT_002,EMP_04709,SITE_HYD_02,SHIFT_MORNING,OPERATIONS,true
TNT_002,EMP_04710,SITE_HYD_02,SHIFT_DAY,SUPPORT,true
TNT_003,EMP_04711,SITE_NCR_02,SHIFT_NIGHT,TECHNOLOGY,true
TNT_002,EMP_04712,SITE_HYD_02,SHIFT_EVENING,TECHNOLOGY,true
TNT_002,EMP_04713,SITE_HYD_01,SHIFT_MORNING,OPERATIONS,true
TNT_003,EMP_04714,SITE_NCR_01,SHIFT_EVENING,OPERATIONS,true
TNT_002,EMP_04715,SITE_HYD_01,SHIFT_MORNING,SUPPORT,true
TNT_001,EMP_04716,SITE_BLR_01,SHIFT_DAY,SUPPORT,true
TNT_002,EMP_04717,SITE_HYD_02,SHIFT_EVENING,OPERATIONS,true
TNT_001,EMP_04718,SITE_BLR_02,SHIFT_EVENING,TECHNOLOGY,true
TNT_002,EMP_04719,SITE_HYD_02,SHIFT_EVENING,OPERATIONS,true
TNT_001,EMP_04720,SITE_BLR_01,SHIFT_DAY,SUPPORT,true
TNT_001,EMP_04721,SITE_BLR_02,SHIFT_NIGHT,TECHNOLOGY,true
TNT_003,EMP_04722,SITE_NCR_01,SHIFT_EVENING,OPERATIONS,true
TNT_002,EMP_04723,SITE_HYD_01,SHIFT_DAY,TECHNOLOGY,true
TNT_002,EMP_04724,SITE_HYD_02,SHIFT_MORNING,SUPPORT,true
TNT_001,EMP_04725,SITE_BLR_02,SHIFT_DAY,OPERATIONS,false
TNT_003,EMP_04726,SITE_NCR_02,SHIFT_EVENING,OPERATIONS,true
TNT_001,EMP_04727,SITE_BLR_01,SHIFT_EVENING,OPERATIONS,true
TNT_001,EMP_04728,SITE_BLR_02,SHIFT_DAY,OPERATIONS,true
TNT_003,EMP_04729,SITE_NCR_01,SHIFT_DAY,SUPPORT,true
TNT_001,EMP_04730,SITE_BLR_02,SHIFT_DAY,TECHNOLOGY,true
TNT_002,EMP_04731,SITE_HYD_01,SHIFT_DAY,OPERATIONS,true
TNT_001,EMP_04732,SITE_BLR_01,SHIFT_EVENING,OPERATIONS,true
TNT_001,EMP_04733,SITE_BLR_02,SHIFT_MORNING,SUPPORT,true
TNT_001,EMP_04734,SITE_BLR_02,SHIFT_MORNING,OPERATIONS,true
TNT_002,EMP_04735,SITE_HYD_01,SHIFT_EVENING,OPERATIONS,true
TNT_001,EMP_04736,SITE_BLR_02,SHIFT_EVENING,TECHNOLOGY,true
TNT_001,EMP_04737,SITE_BLR_02,SHIFT_EVENING,SUPPORT,true
TNT_001,EMP_04738,SITE_BLR_02,SHIFT_DAY,OPERATIONS,true
TNT_002,EMP_04739,SITE_HYD_02,SHIFT_DAY,TECHNOLOGY,true
TNT_001,EMP_04740,SITE_BLR_02,SHIFT_DAY,SUPPORT,true
TNT_003,EMP_04741,SITE_NCR_01,SHIFT_MORNING,TECHNOLOGY,true
TNT_001,EMP_04742,SITE_BLR_01,SHIFT_DAY,SUPPORT,true
TNT_002,EMP_04743,SITE_HYD_01,SHIFT_MORNING,TECHNOLOGY,true
TNT_001,EMP_04744,SITE_BLR_02,SHIFT_DAY,OPERATIONS,true
TNT_001,EMP_04745,SITE_BLR_01,SHIFT_NIGHT,TECHNOLOGY,true
TNT_001,EMP_04746,SITE_BLR_01,SHIFT_NIGHT,TECHNOLOGY,true
TNT_001,EMP_04747,SITE_BLR_02,SHIFT_MORNING,OPERATIONS,true
TNT_001,EMP_04748,SITE_BLR_01,SHIFT_MORNING,TECHNOLOGY,true
TNT_001,EMP_04749,SITE_BLR_02,SHIFT_MORNING,OPERATIONS,true
TNT_002,EMP_04750,SITE_HYD_02,SHIFT_MORNING,OPERATIONS,true
TNT_003,EMP_04751,SITE_NCR_02,SHIFT_DAY,OPERATIONS,false
TNT_002,EMP_04752,SITE_HYD_02,SHIFT_NIGHT,TECHNOLOGY,true
TNT_001,EMP_04753,SITE_BLR_01,SHIFT_MORNING,OPERATIONS,true
TNT_001,EMP_04754,SITE_BLR_01,SHIFT_MORNING,OPERATIONS,true
TNT_003,EMP_04755,SITE_NCR_01,SHIFT_MORNING,TECHNOLOGY,true
TNT_001,EMP_04756,SITE_BLR_01,SHIFT_DAY,SUPPORT,true
TNT_001,EMP_04757,SITE_BLR_01,SHIFT_NIGHT,SUPPORT,true
TNT_002,EMP_04758,SITE_HYD_01,SHIFT_MORNING,SUPPORT,true
TNT_001,EMP_04759,SITE_BLR_01,SHIFT_MORNING,TECHNOLOGY,true
TNT_001,EMP_04760,SITE_BLR_02,SHIFT_MORNING,SUPPORT,true
TNT_001,EMP_04761,SITE_BLR_01,SHIFT_EVENING,TECHNOLOGY,true
TNT_001,EMP_04762,SITE_BLR_02,SHIFT_DAY,TECHNOLOGY,true
TNT_002,EMP_04763,SITE_HYD_01,SHIFT_EVENING,TECHNOLOGY,true
TNT_001,EMP_04764,SITE_BLR_02,SHIFT_NIGHT,OPERATIONS,true
TNT_002,EMP_04765,SITE_HYD_01,SHIFT_MORNING,TECHNOLOGY,true
TNT_001,EMP_04766,SITE_BLR_01,SHIFT_DAY,SUPPORT,true
TNT_002,EMP_04767,SITE_HYD_01,SHIFT_DAY,OPERATIONS,true
TNT_001,EMP_04768,SITE_BLR_01,SHIFT_MORNING,OPERATIONS,true
TNT_003,EMP_04769,SITE_NCR_02,SHIFT_MORNING,OPERATIONS,true
TNT_001,EMP_04770,SITE_BLR_02,SHIFT_DAY,OPERATIONS,true
TNT_001,EMP_04771,SITE_BLR_01,SHIFT_DAY,SUPPORT,true
TNT_001,EMP_04772,SITE_BLR_01,SHIFT_DAY,OPERATIONS,true
TNT_001,EMP_04773,SITE_BLR_01,SHIFT_DAY,OPERATIONS,true
TNT_001,EMP_04774,SITE_BLR_02,SHIFT_MORNING,OPERATIONS,true
TNT_001,EMP_04775,SITE_BLR_01,SHIFT_EVENING,OPERATIONS,true
TNT_001,EMP_04776,SITE_BLR_02,SHIFT_MORNING,OPERATIONS,true
TNT_001,EMP_04777,SITE_BLR_02,SHIFT_NIGHT,TECHNOLOGY,true
TNT_001,EMP_04778,SITE_BLR_02,SHIFT_EVENING,TECHNOLOGY,true
TNT_001,EMP_04779,SITE_BLR_01,SHIFT_EVENING,TECHNOLOGY,true
TNT_003,EMP_04780,SITE_NCR_01,SHIFT_MORNING,OPERATIONS,true
TNT_001,EMP_04781,SITE_BLR_01,SHIFT_DAY,TECHNOLOGY,true
TNT_001,EMP_04782,SITE_BLR_02,SHIFT_DAY,OPERATIONS,true
TNT_003,EMP_04783,SITE_NCR_01,SHIFT_MORNING,SUPPORT,true
TNT_001,EMP_04784,SITE_BLR_01,SHIFT_DAY,OPERATIONS,true
TNT_003,EMP_04785,SITE_NCR_01,SHIFT_NIGHT,SUPPORT,true
TNT_002,EMP_04786,SITE_HYD_02,SHIFT_MORNING,SUPPORT,true
TNT_001,EMP_04787,SITE_BLR_01,SHIFT_DAY,SUPPORT,true
TNT_003,EMP_04788,SITE_NCR_01,SHIFT_NIGHT,OPERATIONS,true
TNT_002,EMP_04789,SITE_HYD_02,SHIFT_NIGHT,SUPPORT,true
TNT_002,EMP_04790,SITE_HYD_01,SHIFT_EVENING,SUPPORT,true
TNT_003,EMP_04791,SITE_NCR_02,SHIFT_DAY,TECHNOLOGY,true
TNT_003,EMP_04792,SITE_NCR_02,SHIFT_DAY,OPERATIONS,true
TNT_001,EMP_04793,SITE_BLR_01,SHIFT_MORNING,OPERATIONS,true
TNT_001,EMP_04794,SITE_BLR_01,SHIFT_NIGHT,OPERATIONS,true
TNT_002,EMP_04795,SITE_HYD_02,SHIFT_MORNING,OPERATIONS,true
TNT_001,EMP_04796,SITE_BLR_01,SHIFT_EVENING,TECHNOLOGY,true
TNT_001,EMP_04797,SITE_BLR_01,SHIFT_DAY,OPERATIONS,true
TNT_002,EMP_04798,SITE_HYD_01,SHIFT_EVENING,OPERATIONS,true
TNT_001,EMP_04799,SITE_BLR_01,SHIFT_EVENING,OPERATIONS,true
TNT_002,EMP_04800,SITE_HYD_02,SHIFT_DAY,SUPPORT,true
TNT_001,EMP_04801,SITE_BLR_02,SHIFT_DAY,SUPPORT,true
TNT_001,EMP_04802,SITE_BLR_01,SHIFT_MORNING,OPERATIONS,true
TNT_001,EMP_04803,SITE_BLR_02,SHIFT_EVENING,TECHNOLOGY,true
TNT_002,EMP_04804,SITE_HYD_01,SHIFT_DAY,OPERATIONS,true
TNT_001,EMP_04805,SITE_BLR_02,SHIFT_MORNING,TECHNOLOGY,true
TNT_001,EMP_04806,SITE_BLR_02,SHIFT_MORNING,OPERATIONS,true
TNT_002,EMP_04807,SITE_HYD_02,SHIFT_DAY,TECHNOLOGY,true
TNT_002,EMP_04808,SITE_HYD_01,SHIFT_EVENING,SUPPORT,true
TNT_003,EMP_04809,SITE_NCR_02,SHIFT_NIGHT,OPERATIONS,true
TNT_001,EMP_04810,SITE_BLR_02,SHIFT_DAY,SUPPORT,true
TNT_001,EMP_04811,SITE_BLR_01,SHIFT_EVENING,TECHNOLOGY,true
TNT_003,EMP_04812,SITE_NCR_02,SHIFT_NIGHT,SUPPORT,true
TNT_002,EMP_04813,SITE_HYD_02,SHIFT_MORNING,TECHNOLOGY,true
TNT_001,EMP_04814,SITE_BLR_02,SHIFT_MORNING,OPERATIONS,true
TNT_001,EMP_04815,SITE_BLR_01,SHIFT_MORNING,TECHNOLOGY,true
TNT_002,EMP_04816,SITE_HYD_02,SHIFT_MORNING,TECHNOLOGY,true
TNT_001,EMP_04817,SITE_BLR_01,SHIFT_MORNING,TECHNOLOGY,true
TNT_001,EMP_04818,SITE_BLR_02,SHIFT_EVENING,OPERATIONS,true
TNT_002,EMP_04819,SITE_HYD_01,SHIFT_NIGHT,OPERATIONS,true
TNT_002,EMP_04820,SITE_HYD_01,SHIFT_MORNING,TECHNOLOGY,true
TNT_002,EMP_04821,SITE_HYD_02,SHIFT_NIGHT,OPERATIONS,false
TNT_001,EMP_04822,SITE_BLR_02,SHIFT_DAY,OPERATIONS,true
TNT_002,EMP_04823,SITE_HYD_02,SHIFT_MORNING,OPERATIONS,true
TNT_002,EMP_04824,SITE_HYD_01,SHIFT_EVENING,OPERATIONS,true
TNT_001,EMP_04825,SITE_BLR_01,SHIFT_NIGHT,SUPPORT,false
TNT_001,EMP_04826,SITE_BLR_02,SHIFT_DAY,OPERATIONS,true
TNT_001,EMP_04827,SITE_BLR_02,SHIFT_DAY,TECHNOLOGY,true
TNT_001,EMP_04828,SITE_BLR_01,SHIFT_EVENING,TECHNOLOGY,true
TNT_001,EMP_04829,SITE_BLR_01,SHIFT_DAY,SUPPORT,true
TNT_001,EMP_04830,SITE_BLR_02,SHIFT_DAY,OPERATIONS,true
TNT_001,EMP_04831,SITE_BLR_01,SHIFT_NIGHT,SUPPORT,true
TNT_001,EMP_04832,SITE_BLR_02,SHIFT_MORNING,TECHNOLOGY,true
TNT_001,EMP_04833,SITE_BLR_02,SHIFT_NIGHT,OPERATIONS,true
TNT_003,EMP_04834,SITE_NCR_02,SHIFT_DAY,TECHNOLOGY,true
TNT_002,EMP_04835,SITE_HYD_01,SHIFT_MORNING,OPERATIONS,true
TNT_003,EMP_04836,SITE_NCR_01,SHIFT_NIGHT,TECHNOLOGY,true
TNT_001,EMP_04837,SITE_BLR_01,SHIFT_DAY,TECHNOLOGY,true
TNT_003,EMP_04838,SITE_NCR_01,SHIFT_DAY,TECHNOLOGY,true
TNT_001,EMP_04839,SITE_BLR_02,SHIFT_MORNING,TECHNOLOGY,true
TNT_001,EMP_04840,SITE_BLR_02,SHIFT_MORNING,OPERATIONS,true
TNT_001,EMP_04841,SITE_BLR_02,SHIFT_DAY,OPERATIONS,true
TNT_001,EMP_04842,SITE_BLR_02,SHIFT_EVENING,OPERATIONS,true
TNT_001,EMP_04843,SITE_BLR_01,SHIFT_DAY,OPERATIONS,true
TNT_003,EMP_04844,SITE_NCR_01,SHIFT_MORNING,OPERATIONS,true
TNT_003,EMP_04845,SITE_NCR_02,SHIFT_DAY,OPERATIONS,true
TNT_002,EMP_04846,SITE_HYD_01,SHIFT_EVENING,SUPPORT,true
TNT_001,EMP_04847,SITE_BLR_01,SHIFT_MORNING,OPERATIONS,true
TNT_001,EMP_04848,SITE_BLR_02,SHIFT_MORNING,OPERATIONS,true
TNT_001,EMP_04849,SITE_BLR_02,SHIFT_EVENING,OPERATIONS,true
TNT_001,EMP_04850,SITE_BLR_02,SHIFT_NIGHT,SUPPORT,true
TNT_001,EMP_04851,SITE_BLR_02,SHIFT_MORNING,TECHNOLOGY,true
TNT_001,EMP_04852,SITE_BLR_01,SHIFT_MORNING,OPERATIONS,true
TNT_001,EMP_04853,SITE_BLR_02,SHIFT_DAY,OPERATIONS,true
TNT_002,EMP_04854,SITE_HYD_01,SHIFT_MORNING,OPERATIONS,true
TNT_003,EMP_04855,SITE_NCR_02,SHIFT_DAY,TECHNOLOGY,true
TNT_003,EMP_04856,SITE_NCR_01,SHIFT_EVENING,SUPPORT,true
TNT_002,EMP_04857,SITE_HYD_02,SHIFT_DAY,OPERATIONS,true
TNT_001,EMP_04858,SITE_BLR_02,SHIFT_NIGHT,OPERATIONS,true
TNT_003,EMP_04859,SITE_NCR_01,SHIFT_NIGHT,OPERATIONS,true
TNT_003,EMP_04860,SITE_NCR_01,SHIFT_DAY,SUPPORT,true
TNT_001,EMP_04861,SITE_BLR_02,SHIFT_DAY,OPERATIONS,true
TNT_001,EMP_04862,SITE_BLR_01,SHIFT_DAY,TECHNOLOGY,true
TNT_001,EMP_04863,SITE_BLR_01,SHIFT_DAY,OPERATIONS,true
TNT_001,EMP_04864,SITE_BLR_01,SHIFT_DAY,OPERATIONS,true
TNT_001,EMP_04865,SITE_BLR_02,SHIFT_EVENING,OPERATIONS,true
TNT_001,EMP_04866,SITE_BLR_01,SHIFT_MORNING,TECHNOLOGY,true
TNT_001,EMP_04867,SITE_BLR_01,SHIFT_EVENING,SUPPORT,true
TNT_001,EMP_04868,SITE_BLR_02,SHIFT_NIGHT,TECHNOLOGY,true
TNT_003,EMP_04869,SITE_NCR_02,SHIFT_DAY,OPERATIONS,true
TNT_001,EMP_04870,SITE_BLR_01,SHIFT_MORNING,SUPPORT,true
TNT_001,EMP_04871,SITE_BLR_01,SHIFT_MORNING,OPERATIONS,true
TNT_002,EMP_04872,SITE_HYD_01,SHIFT_DAY,OPERATIONS,true
TNT_002,EMP_04873,SITE_HYD_02,SHIFT_NIGHT,TECHNOLOGY,true
TNT_002,EMP_04874,SITE_HYD_02,SHIFT_MORNING,OPERATIONS,true
TNT_002,EMP_04875,SITE_HYD_01,SHIFT_MORNING,OPERATIONS,true
TNT_003,EMP_04876,SITE_NCR_01,SHIFT_DAY,OPERATIONS,true
TNT_001,EMP_04877,SITE_BLR_02,SHIFT_DAY,SUPPORT,true
TNT_002,EMP_04878,SITE_HYD_02,SHIFT_MORNING,TECHNOLOGY,true
TNT_001,EMP_04879,SITE_BLR_02,SHIFT_MORNING,OPERATIONS,true
TNT_001,EMP_04880,SITE_BLR_01,SHIFT_MORNING,SUPPORT,true
TNT_001,EMP_04881,SITE_BLR_02,SHIFT_DAY,SUPPORT,true
TNT_003,EMP_04882,SITE_NCR_01,SHIFT_DAY,SUPPORT,true
TNT_002,EMP_04883,SITE_HYD_02,SHIFT_MORNING,SUPPORT,true
TNT_001,EMP_04884,SITE_BLR_02,SHIFT_DAY,SUPPORT,true
TNT_001,EMP_04885,SITE_BLR_02,SHIFT_DAY,OPERATIONS,true
TNT_001,EMP_04886,SITE_BLR_01,SHIFT_MORNING,TECHNOLOGY,true
TNT_001,EMP_04887,SITE_BLR_01,SHIFT_DAY,SUPPORT,true
TNT_002,EMP_04888,SITE_HYD_02,SHIFT_DAY,SUPPORT,true
TNT_003,EMP_04889,SITE_NCR_02,SHIFT_DAY,OPERATIONS,true
TNT_003,EMP_04890,SITE_NCR_01,SHIFT_EVENING,TECHNOLOGY,true
TNT_001,EMP_04891,SITE_BLR_02,SHIFT_MORNING,TECHNOLOGY,true
TNT_001,EMP_04892,SITE_BLR_01,SHIFT_NIGHT,SUPPORT,true
TNT_002,EMP_04893,SITE_HYD_01,SHIFT_MORNING,SUPPORT,true
TNT_002,EMP_04894,SITE_HYD_02,SHIFT_MORNING,OPERATIONS,true
TNT_001,EMP_04895,SITE_BLR_01,SHIFT_EVENING,SUPPORT,true
TNT_001,EMP_04896,SITE_BLR_02,SHIFT_EVENING,OPERATIONS,true
TNT_002,EMP_04897,SITE_HYD_01,SHIFT_DAY,OPERATIONS,true
TNT_003,EMP_04898,SITE_NCR_01,SHIFT_DAY,SUPPORT,true
TNT_001,EMP_04899,SITE_BLR_02,SHIFT_EVENING,TECHNOLOGY,true
TNT_001,EMP_04900,SITE_BLR_01,SHIFT_NIGHT,SUPPORT,true
TNT_001,EMP_04901,SITE_BLR_01,SHIFT_MORNING,TECHNOLOGY,true
TNT_002,EMP_04902,SITE_HYD_02,SHIFT_DAY,OPERATIONS,true
TNT_001,EMP_04903,SITE_BLR_02,SHIFT_DAY,OPERATIONS,true
TNT_001,EMP_04904,SITE_BLR_02,SHIFT_MORNING,SUPPORT,true
TNT_001,EMP_04905,SITE_BLR_02,SHIFT_DAY,OPERATIONS,true
TNT_003,EMP_04906,SITE_NCR_01,SHIFT_EVENING,OPERATIONS,true
TNT_002,EMP_04907,SITE_HYD_02,SHIFT_MORNING,OPERATIONS,true
TNT_003,EMP_04908,SITE_NCR_02,SHIFT_DAY,TECHNOLOGY,true
TNT_001,EMP_04909,SITE_BLR_02,SHIFT_EVENING,OPERATIONS,true
TNT_003,EMP_04910,SITE_NCR_02,SHIFT_EVENING,OPERATIONS,true
TNT_001,EMP_04911,SITE_BLR_01,SHIFT_DAY,OPERATIONS,true
TNT_002,EMP_04912,SITE_HYD_01,SHIFT_DAY,OPERATIONS,true
TNT_001,EMP_04913,SITE_BLR_02,SHIFT_DAY,SUPPORT,true
TNT_001,EMP_04914,SITE_BLR_01,SHIFT_NIGHT,SUPPORT,true
TNT_001,EMP_04915,SITE_BLR_01,SHIFT_EVENING,TECHNOLOGY,true
TNT_001,EMP_04916,SITE_BLR_02,SHIFT_DAY,OPERATIONS,true
TNT_001,EMP_04917,SITE_BLR_01,SHIFT_EVENING,SUPPORT,true
TNT_001,EMP_04918,SITE_BLR_01,SHIFT_DAY,SUPPORT,true
TNT_001,EMP_04919,SITE_BLR_01,SHIFT_NIGHT,TECHNOLOGY,true
TNT_003,EMP_04920,SITE_NCR_02,SHIFT_NIGHT,TECHNOLOGY,true
TNT_002,EMP_04921,SITE_HYD_02,SHIFT_EVENING,TECHNOLOGY,true
TNT_002,EMP_04922,SITE_HYD_01,SHIFT_MORNING,OPERATIONS,true
TNT_001,EMP_04923,SITE_BLR_02,SHIFT_DAY,SUPPORT,true
TNT_001,EMP_04924,SITE_BLR_02,SHIFT_MORNING,TECHNOLOGY,true
TNT_003,EMP_04925,SITE_NCR_02,SHIFT_NIGHT,TECHNOLOGY,true
TNT_003,EMP_04926,SITE_NCR_01,SHIFT_DAY,OPERATIONS,true
TNT_003,EMP_04927,SITE_NCR_01,SHIFT_EVENING,OPERATIONS,true
TNT_001,EMP_04928,SITE_BLR_01,SHIFT_NIGHT,OPERATIONS,true
TNT_002,EMP_04929,SITE_HYD_01,SHIFT_MORNING,OPERATIONS,true
TNT_003,EMP_04930,SITE_NCR_01,SHIFT_NIGHT,TECHNOLOGY,true
TNT_001,EMP_04931,SITE_BLR_01,SHIFT_MORNING,OPERATIONS,true
TNT_002,EMP_04932,SITE_HYD_02,SHIFT_DAY,OPERATIONS,true
TNT_002,EMP_04933,SITE_HYD_02,SHIFT_MORNING,OPERATIONS,true
TNT_001,EMP_04934,SITE_BLR_02,SHIFT_DAY,OPERATIONS,true
TNT_001,EMP_04935,SITE_BLR_01,SHIFT_MORNING,SUPPORT,true
TNT_001,EMP_04936,SITE_BLR_02,SHIFT_EVENING,TECHNOLOGY,true
TNT_002,EMP_04937,SITE_HYD_02,SHIFT_DAY,OPERATIONS,true
TNT_001,EMP_04938,SITE_BLR_01,SHIFT_MORNING,SUPPORT,true
TNT_002,EMP_04939,SITE_HYD_02,SHIFT_NIGHT,TECHNOLOGY,true
TNT_002,EMP_04940,SITE_HYD_02,SHIFT_DAY,OPERATIONS,true
TNT_001,EMP_04941,SITE_BLR_01,SHIFT_EVENING,TECHNOLOGY,true
TNT_001,EMP_04942,SITE_BLR_02,SHIFT_DAY,SUPPORT,true
TNT_001,EMP_04943,SITE_BLR_02,SHIFT_MORNING,OPERATIONS,true
TNT_002,EMP_04944,SITE_HYD_01,SHIFT_MORNING,OPERATIONS,true
TNT_001,EMP_04945,SITE_BLR_01,SHIFT_NIGHT,OPERATIONS,true
TNT_001,EMP_04946,SITE_BLR_02,SHIFT_NIGHT,SUPPORT,true
TNT_001,EMP_04947,SITE_BLR_02,SHIFT_DAY,TECHNOLOGY,true
TNT_002,EMP_04948,SITE_HYD_01,SHIFT_DAY,SUPPORT,true
TNT_001,EMP_04949,SITE_BLR_02,SHIFT_DAY,TECHNOLOGY,true
TNT_002,EMP_04950,SITE_HYD_01,SHIFT_NIGHT,TECHNOLOGY,true
TNT_001,EMP_04951,SITE_BLR_02,SHIFT_EVENING,SUPPORT,true
TNT_001,EMP_04952,SITE_BLR_01,SHIFT_MORNING,OPERATIONS,true
TNT_001,EMP_04953,SITE_BLR_01,SHIFT_DAY,SUPPORT,true
TNT_002,EMP_04954,SITE_HYD_02,SHIFT_NIGHT,OPERATIONS,true
TNT_002,EMP_04955,SITE_HYD_01,SHIFT_MORNING,TECHNOLOGY,true
TNT_001,EMP_04956,SITE_BLR_02,SHIFT_NIGHT,TECHNOLOGY,true
TNT_001,EMP_04957,SITE_BLR_01,SHIFT_EVENING,TECHNOLOGY,true
TNT_002,EMP_04958,SITE_HYD_02,SHIFT_DAY,OPERATIONS,true
TNT_003,EMP_04959,SITE_NCR_02,SHIFT_DAY,OPERATIONS,true
TNT_003,EMP_04960,SITE_NCR_01,SHIFT_NIGHT,SUPPORT,true
TNT_001,EMP_04961,SITE_BLR_01,SHIFT_DAY,OPERATIONS,true
TNT_002,EMP_04962,SITE_HYD_02,SHIFT_EVENING,OPERATIONS,true
TNT_002,EMP_04963,SITE_HYD_01,SHIFT_NIGHT,OPERATIONS,true
TNT_001,EMP_04964,SITE_BLR_01,SHIFT_MORNING,OPERATIONS,false
TNT_003,EMP_04965,SITE_NCR_01,SHIFT_EVENING,TECHNOLOGY,true
TNT_001,EMP_04966,SITE_BLR_01,SHIFT_NIGHT,OPERATIONS,true
TNT_001,EMP_04967,SITE_BLR_01,SHIFT_DAY,TECHNOLOGY,true
TNT_001,EMP_04968,SITE_BLR_02,SHIFT_EVENING,OPERATIONS,true
TNT_003,EMP_04969,SITE_NCR_01,SHIFT_NIGHT,TECHNOLOGY,true
TNT_001,EMP_04970,SITE_BLR_02,SHIFT_DAY,TECHNOLOGY,true
TNT_001,EMP_04971,SITE_BLR_01,SHIFT_MORNING,SUPPORT,true
TNT_001,EMP_04972,SITE_BLR_02,SHIFT_NIGHT,TECHNOLOGY,true
TNT_001,EMP_04973,SITE_BLR_02,SHIFT_DAY,OPERATIONS,true
TNT_003,EMP_04974,SITE_NCR_02,SHIFT_NIGHT,SUPPORT,true
TNT_001,EMP_04975,SITE_BLR_01,SHIFT_MORNING,SUPPORT,true
TNT_001,EMP_04976,SITE_BLR_02,SHIFT_MORNING,OPERATIONS,true
TNT_002,EMP_04977,SITE_HYD_01,SHIFT_MORNING,OPERATIONS,true
TNT_001,EMP_04978,SITE_BLR_01,SHIFT_NIGHT,TECHNOLOGY,true
TNT_001,EMP_04979,SITE_BLR_02,SHIFT_DAY,SUPPORT,true
TNT_001,EMP_04980,SITE_BLR_01,SHIFT_DAY,OPERATIONS,true
TNT_001,EMP_04981,SITE_BLR_01,SHIFT_DAY,OPERATIONS,true
TNT_001,EMP_04982,SITE_BLR_01,SHIFT_DAY,TECHNOLOGY,true
TNT_003,EMP_04983,SITE_NCR_02,SHIFT_EVENING,SUPPORT,true
TNT_001,EMP_04984,SITE_BLR_02,SHIFT_DAY,TECHNOLOGY,true
TNT_001,EMP_04985,SITE_BLR_02,SHIFT_EVENING,TECHNOLOGY,true
TNT_002,EMP_04986,SITE_HYD_02,SHIFT_MORNING,OPERATIONS,true
TNT_002,EMP_04987,SITE_HYD_01,SHIFT_EVENING,OPERATIONS,false
TNT_001,EMP_04988,SITE_BLR_01,SHIFT_NIGHT,SUPPORT,true
TNT_002,EMP_04989,SITE_HYD_01,SHIFT_DAY,OPERATIONS,true
TNT_001,EMP_04990,SITE_BLR_01,SHIFT_DAY,TECHNOLOGY,true
TNT_002,EMP_04991,SITE_HYD_01,SHIFT_NIGHT,OPERATIONS,true
TNT_001,EMP_04992,SITE_BLR_01,SHIFT_DAY,OPERATIONS,true
TNT_001,EMP_04993,SITE_BLR_02,SHIFT_MORNING,SUPPORT,true
TNT_001,EMP_04994,SITE_BLR_01,SHIFT_EVENING,TECHNOLOGY,true
TNT_001,EMP_04995,SITE_BLR_02,SHIFT_DAY,OPERATIONS,true
TNT_001,EMP_04996,SITE_BLR_02,SHIFT_EVENING,TECHNOLOGY,true
TNT_001,EMP_04997,SITE_BLR_02,SHIFT_NIGHT,TECHNOLOGY,true
TNT_002,EMP_04998,SITE_HYD_01,SHIFT_EVENING,TECHNOLOGY,true
TNT_001,EMP_04999,SITE_BLR_02,SHIFT_NIGHT,TECHNOLOGY,true
TNT_001,EMP_05000,SITE_BLR_01,SHIFT_DAY,TECHNOLOGY,true
TNT_001,EMP_05001,SITE_BLR_01,SHIFT_EVENING,SUPPORT,true
TNT_002,EMP_05002,SITE_HYD_01,SHIFT_DAY,TECHNOLOGY,true
TNT_001,EMP_05003,SITE_BLR_01,SHIFT_EVENING,TECHNOLOGY,true
TNT_001,EMP_05004,SITE_BLR_01,SHIFT_NIGHT,TECHNOLOGY,true
TNT_003,EMP_05005,SITE_NCR_01,SHIFT_MORNING,OPERATIONS,true
TNT_001,EMP_05006,SITE_BLR_01,SHIFT_MORNING,OPERATIONS,true
TNT_001,EMP_05007,SITE_BLR_01,SHIFT_EVENING,SUPPORT,true
TNT_001,EMP_05008,SITE_BLR_01,SHIFT_MORNING,OPERATIONS,true
TNT_001,EMP_05009,SITE_BLR_01,SHIFT_MORNING,OPERATIONS,true
TNT_001,EMP_05010,SITE_BLR_02,SHIFT_DAY,OPERATIONS,true
TNT_002,EMP_05011,SITE_HYD_01,SHIFT_DAY,SUPPORT,true
TNT_002,EMP_05012,SITE_HYD_02,SHIFT_NIGHT,OPERATIONS,true
TNT_001,EMP_05013,SITE_BLR_02,SHIFT_EVENING,SUPPORT,true
TNT_001,EMP_05014,SITE_BLR_01,SHIFT_DAY,OPERATIONS,true
TNT_001,EMP_05015,SITE_BLR_02,SHIFT_MORNING,OPERATIONS,true
TNT_002,EMP_05016,SITE_HYD_01,SHIFT_MORNING,OPERATIONS,true
TNT_001,EMP_05017,SITE_BLR_02,SHIFT_DAY,OPERATIONS,true
TNT_001,EMP_05018,SITE_BLR_02,SHIFT_DAY,TECHNOLOGY,true
TNT_001,EMP_05019,SITE_BLR_02,SHIFT_DAY,OPERATIONS,true
TNT_001,EMP_05020,SITE_BLR_01,SHIFT_EVENING,OPERATIONS,true
TNT_002,EMP_05021,SITE_HYD_02,SHIFT_DAY,SUPPORT,true
TNT_002,EMP_05022,SITE_HYD_01,SHIFT_MORNING,OPERATIONS,true
TNT_001,EMP_05023,SITE_BLR_02,SHIFT_DAY,TECHNOLOGY,true
TNT_001,EMP_05024,SITE_BLR_02,SHIFT_DAY,SUPPORT,true
TNT_003,EMP_05025,SITE_NCR_01,SHIFT_EVENING,TECHNOLOGY,true
TNT_003,EMP_05026,SITE_NCR_02,SHIFT_DAY,SUPPORT,true
TNT_001,EMP_05027,SITE_BLR_02,SHIFT_DAY,SUPPORT,true
TNT_002,EMP_05028,SITE_HYD_02,SHIFT_DAY,TECHNOLOGY,true
TNT_001,EMP_05029,SITE_BLR_02,SHIFT_DAY,OPERATIONS,true
TNT_001,EMP_05030,SITE_BLR_02,SHIFT_EVENING,SUPPORT,true
TNT_002,EMP_05031,SITE_HYD_02,SHIFT_DAY,OPERATIONS,true
TNT_003,EMP_05032,SITE_NCR_02,SHIFT_MORNING,TECHNOLOGY,true
TNT_002,EMP_05033,SITE_HYD_01,SHIFT_MORNING,OPERATIONS,true
TNT_001,EMP_05034,SITE_BLR_01,SHIFT_NIGHT,SUPPORT,true
TNT_001,EMP_05035,SITE_BLR_01,SHIFT_MORNING,OPERATIONS,true
TNT_001,EMP_05036,SITE_BLR_02,SHIFT_MORNING,TECHNOLOGY,true
TNT_001,EMP_05037,SITE_BLR_01,SHIFT_EVENING,TECHNOLOGY,true
TNT_001,EMP_05038,SITE_BLR_02,SHIFT_EVENING,TECHNOLOGY,true
TNT_001,EMP_05039,SITE_BLR_01,SHIFT_NIGHT,OPERATIONS,true
TNT_003,EMP_05040,SITE_NCR_02,SHIFT_DAY,TECHNOLOGY,true
TNT_002,EMP_05041,SITE_HYD_02,SHIFT_DAY,TECHNOLOGY,true
TNT_001,EMP_05042,SITE_BLR_02,SHIFT_EVENING,OPERATIONS,true
TNT_001,EMP_05043,SITE_BLR_02,SHIFT_EVENING,OPERATIONS,true
TNT_003,EMP_05044,SITE_NCR_01,SHIFT_MORNING,SUPPORT,true
TNT_001,EMP_05045,SITE_BLR_02,SHIFT_MORNING,OPERATIONS,true
TNT_001,EMP_05046,SITE_BLR_02,SHIFT_MORNING,TECHNOLOGY,true
TNT_002,EMP_05047,SITE_HYD_01,SHIFT_DAY,OPERATIONS,true
TNT_001,EMP_05048,SITE_BLR_02,SHIFT_EVENING,SUPPORT,true
TNT_001,EMP_05049,SITE_BLR_01,SHIFT_EVENING,TECHNOLOGY,true
TNT_002,EMP_05050,SITE_HYD_02,SHIFT_EVENING,SUPPORT,true
TNT_001,EMP_05051,SITE_BLR_02,SHIFT_EVENING,SUPPORT,true
TNT_001,EMP_05052,SITE_BLR_01,SHIFT_DAY,SUPPORT,true
TNT_001,EMP_05053,SITE_BLR_01,SHIFT_MORNING,TECHNOLOGY,true
TNT_003,EMP_05054,SITE_NCR_02,SHIFT_EVENING,TECHNOLOGY,true
TNT_001,EMP_05055,SITE_BLR_02,SHIFT_DAY,OPERATIONS,true
TNT_003,EMP_05056,SITE_NCR_01,SHIFT_NIGHT,OPERATIONS,true
TNT_002,EMP_05057,SITE_HYD_01,SHIFT_DAY,TECHNOLOGY,true
TNT_002,EMP_05058,SITE_HYD_01,SHIFT_DAY,OPERATIONS,true
TNT_003,EMP_05059,SITE_NCR_01,SHIFT_MORNING,TECHNOLOGY,true
TNT_002,EMP_05060,SITE_HYD_02,SHIFT_DAY,TECHNOLOGY,true
TNT_001,EMP_05061,SITE_BLR_02,SHIFT_DAY,TECHNOLOGY,true
TNT_003,EMP_05062,SITE_NCR_02,SHIFT_DAY,OPERATIONS,true
TNT_001,EMP_05063,SITE_BLR_01,SHIFT_NIGHT,OPERATIONS,true
TNT_001,EMP_05064,SITE_BLR_02,SHIFT_NIGHT,TECHNOLOGY,true
TNT_003,EMP_05065,SITE_NCR_02,SHIFT_EVENING,OPERATIONS,true
TNT_001,EMP_05066,SITE_BLR_02,SHIFT_NIGHT,OPERATIONS,true
TNT_001,EMP_05067,SITE_BLR_02,SHIFT_DAY,OPERATIONS,true
TNT_001,EMP_05068,SITE_BLR_01,SHIFT_DAY,TECHNOLOGY,true
TNT_002,EMP_05069,SITE_HYD_02,SHIFT_MORNING,TECHNOLOGY,true
TNT_001,EMP_05070,SITE_BLR_02,SHIFT_EVENING,SUPPORT,true
TNT_002,EMP_05071,SITE_HYD_01,SHIFT_DAY,TECHNOLOGY,true
TNT_001,EMP_05072,SITE_BLR_02,SHIFT_EVENING,OPERATIONS,true
TNT_003,EMP_05073,SITE_NCR_02,SHIFT_DAY,TECHNOLOGY,true
TNT_001,EMP_05074,SITE_BLR_02,SHIFT_DAY,OPERATIONS,true
TNT_001,EMP_05075,SITE_BLR_01,SHIFT_NIGHT,TECHNOLOGY,true
TNT_003,EMP_05076,SITE_NCR_02,SHIFT_MORNING,OPERATIONS,true
TNT_001,EMP_05077,SITE_BLR_01,SHIFT_EVENING,TECHNOLOGY,true
TNT_001,EMP_05078,SITE_BLR_02,SHIFT_MORNING,SUPPORT,true
TNT_001,EMP_05079,SITE_BLR_02,SHIFT_NIGHT,SUPPORT,true
TNT_001,EMP_05080,SITE_BLR_02,SHIFT_DAY,OPERATIONS,true
TNT_001,EMP_05081,SITE_BLR_01,SHIFT_DAY,SUPPORT,true
TNT_002,EMP_05082,SITE_HYD_02,SHIFT_EVENING,OPERATIONS,true
TNT_001,EMP_05083,SITE_BLR_01,SHIFT_MORNING,TECHNOLOGY,true
TNT_001,EMP_05084,SITE_BLR_02,SHIFT_NIGHT,OPERATIONS,true
TNT_002,EMP_05085,SITE_HYD_01,SHIFT_EVENING,SUPPORT,true
TNT_001,EMP_05086,SITE_BLR_01,SHIFT_DAY,OPERATIONS,true
TNT_001,EMP_05087,SITE_BLR_01,SHIFT_EVENING,SUPPORT,true
TNT_001,EMP_05088,SITE_BLR_02,SHIFT_DAY,SUPPORT,true
TNT_001,EMP_05089,SITE_BLR_01,SHIFT_MORNING,SUPPORT,true
TNT_003,EMP_05090,SITE_NCR_01,SHIFT_DAY,OPERATIONS,true
TNT_001,EMP_05091,SITE_BLR_01,SHIFT_DAY,SUPPORT,true
TNT_001,EMP_05092,SITE_BLR_01,SHIFT_DAY,OPERATIONS,true
TNT_001,EMP_05093,SITE_BLR_02,SHIFT_MORNING,SUPPORT,true
TNT_001,EMP_05094,SITE_BLR_02,SHIFT_DAY,SUPPORT,true
TNT_001,EMP_05095,SITE_BLR_02,SHIFT_DAY,OPERATIONS,true
TNT_001,EMP_05096,SITE_BLR_02,SHIFT_DAY,OPERATIONS,true
TNT_001,EMP_05097,SITE_BLR_01,SHIFT_EVENING,TECHNOLOGY,true
TNT_002,EMP_05098,SITE_HYD_01,SHIFT_DAY,OPERATIONS,true
TNT_003,EMP_05099,SITE_NCR_02,SHIFT_EVENING,SUPPORT,true
TNT_002,EMP_05100,SITE_HYD_01,SHIFT_EVENING,SUPPORT,true
TNT_001,EMP_05101,SITE_BLR_02,SHIFT_MORNING,OPERATIONS,true
TNT_002,EMP_05102,SITE_HYD_01,SHIFT_NIGHT,TECHNOLOGY,true
TNT_001,EMP_05103,SITE_BLR_01,SHIFT_EVENING,SUPPORT,true
TNT_001,EMP_05104,SITE_BLR_01,SHIFT_DAY,TECHNOLOGY,true
TNT_001,EMP_05105,SITE_BLR_01,SHIFT_DAY,OPERATIONS,true
TNT_003,EMP_05106,SITE_NCR_02,SHIFT_DAY,TECHNOLOGY,true
TNT_001,EMP_05107,SITE_BLR_02,SHIFT_NIGHT,TECHNOLOGY,true
TNT_001,EMP_05108,SITE_BLR_02,SHIFT_MORNING,SUPPORT,true
TNT_001,EMP_05109,SITE_BLR_02,SHIFT_DAY,TECHNOLOGY,true
TNT_001,EMP_05110,SITE_BLR_01,SHIFT_EVENING,OPERATIONS,true
TNT_001,EMP_05111,SITE_BLR_02,SHIFT_NIGHT,OPERATIONS,true
TNT_001,EMP_05112,SITE_BLR_01,SHIFT_DAY,TECHNOLOGY,true
TNT_001,EMP_05113,SITE_BLR_02,SHIFT_DAY,TECHNOLOGY,true
TNT_001,EMP_05114,SITE_BLR_02,SHIFT_MORNING,SUPPORT,true
TNT_002,EMP_05115,SITE_HYD_02,SHIFT_EVENING,OPERATIONS,true
TNT_001,EMP_05116,SITE_BLR_02,SHIFT_MORNING,SUPPORT,true
TNT_002,EMP_05117,SITE_HYD_02,SHIFT_EVENING,TECHNOLOGY,true
TNT_001,EMP_05118,SITE_BLR_01,SHIFT_MORNING,OPERATIONS,true
TNT_001,EMP_05119,SITE_BLR_02,SHIFT_NIGHT,SUPPORT,true
TNT_001,EMP_05120,SITE_BLR_01,SHIFT_EVENING,SUPPORT,true
TNT_001,EMP_05121,SITE_BLR_02,SHIFT_DAY,OPERATIONS,true
TNT_001,EMP_05122,SITE_BLR_02,SHIFT_NIGHT,OPERATIONS,true
TNT_001,EMP_05123,SITE_BLR_01,SHIFT_MORNING,SUPPORT,false
TNT_001,EMP_05124,SITE_BLR_02,SHIFT_DAY,OPERATIONS,true
TNT_003,EMP_05125,SITE_NCR_01,SHIFT_NIGHT,TECHNOLOGY,true
TNT_001,EMP_05126,SITE_BLR_02,SHIFT_EVENING,OPERATIONS,true
TNT_001,EMP_05127,SITE_BLR_02,SHIFT_DAY,SUPPORT,true
TNT_001,EMP_05128,SITE_BLR_01,SHIFT_DAY,SUPPORT,true
TNT_002,EMP_05129,SITE_HYD_01,SHIFT_DAY,OPERATIONS,true
TNT_002,EMP_05130,SITE_HYD_02,SHIFT_DAY,TECHNOLOGY,true
TNT_003,EMP_05131,SITE_NCR_02,SHIFT_DAY,OPERATIONS,true
TNT_001,EMP_05132,SITE_BLR_02,SHIFT_DAY,OPERATIONS,true
TNT_001,EMP_05133,SITE_BLR_02,SHIFT_NIGHT,TECHNOLOGY,true
TNT_001,EMP_05134,SITE_BLR_02,SHIFT_MORNING,OPERATIONS,true
TNT_002,EMP_05135,SITE_HYD_01,SHIFT_EVENING,SUPPORT,true
TNT_003,EMP_05136,SITE_NCR_01,SHIFT_MORNING,SUPPORT,true
TNT_001,EMP_05137,SITE_BLR_02,SHIFT_NIGHT,OPERATIONS,true
TNT_001,EMP_05138,SITE_BLR_02,SHIFT_EVENING,OPERATIONS,true
TNT_001,EMP_05139,SITE_BLR_02,SHIFT_MORNING,TECHNOLOGY,true
TNT_002,EMP_05140,SITE_HYD_02,SHIFT_MORNING,TECHNOLOGY,true
TNT_001,EMP_05141,SITE_BLR_01,SHIFT_DAY,OPERATIONS,true
TNT_001,EMP_05142,SITE_BLR_02,SHIFT_DAY,SUPPORT,true
TNT_001,EMP_05143,SITE_BLR_01,SHIFT_NIGHT,SUPPORT,true
TNT_001,EMP_05144,SITE_BLR_01,SHIFT_MORNING,OPERATIONS,true
TNT_001,EMP_05145,SITE_BLR_02,SHIFT_MORNING,SUPPORT,true
TNT_002,EMP_05146,SITE_HYD_02,SHIFT_DAY,SUPPORT,true
TNT_001,EMP_05147,SITE_BLR_01,SHIFT_MORNING,OPERATIONS,true
TNT_001,EMP_05148,SITE_BLR_01,SHIFT_DAY,SUPPORT,true
TNT_002,EMP_05149,SITE_HYD_01,SHIFT_NIGHT,TECHNOLOGY,true
TNT_001,EMP_05150,SITE_BLR_01,SHIFT_DAY,OPERATIONS,true
TNT_001,EMP_05151,SITE_BLR_02,SHIFT_MORNING,OPERATIONS,true
TNT_001,EMP_05152,SITE_BLR_02,SHIFT_MORNING,OPERATIONS,true
TNT_001,EMP_05153,SITE_BLR_02,SHIFT_EVENING,SUPPORT,true
TNT_002,EMP_05154,SITE_HYD_01,SHIFT_NIGHT,OPERATIONS,true
TNT_001,EMP_05155,SITE_BLR_01,SHIFT_MORNING,SUPPORT,true
TNT_002,EMP_05156,SITE_HYD_01,SHIFT_MORNING,TECHNOLOGY,true
TNT_001,EMP_05157,SITE_BLR_01,SHIFT_DAY,SUPPORT,true
TNT_001,EMP_05158,SITE_BLR_02,SHIFT_MORNING,OPERATIONS,true
TNT_002,EMP_05159,SITE_HYD_02,SHIFT_DAY,OPERATIONS,true
TNT_002,EMP_05160,SITE_HYD_02,SHIFT_NIGHT,TECHNOLOGY,true
TNT_002,EMP_05161,SITE_HYD_02,SHIFT_DAY,SUPPORT,true
TNT_001,EMP_05162,SITE_BLR_02,SHIFT_NIGHT,OPERATIONS,true
TNT_001,EMP_05163,SITE_BLR_01,SHIFT_MORNING,OPERATIONS,true
TNT_003,EMP_05164,SITE_NCR_01,SHIFT_DAY,SUPPORT,true
TNT_001,EMP_05165,SITE_BLR_01,SHIFT_MORNING,SUPPORT,true
TNT_001,EMP_05166,SITE_BLR_01,SHIFT_MORNING,SUPPORT,true
TNT_001,EMP_05167,SITE_BLR_01,SHIFT_NIGHT,OPERATIONS,true
TNT_001,EMP_05168,SITE_BLR_01,SHIFT_EVENING,TECHNOLOGY,true
TNT_002,EMP_05169,SITE_HYD_01,SHIFT_DAY,OPERATIONS,true
TNT_002,EMP_05170,SITE_HYD_02,SHIFT_NIGHT,TECHNOLOGY,true
TNT_002,EMP_05171,SITE_HYD_02,SHIFT_DAY,OPERATIONS,true
TNT_001,EMP_05172,SITE_BLR_01,SHIFT_DAY,SUPPORT,true
TNT_002,EMP_05173,SITE_HYD_02,SHIFT_DAY,SUPPORT,true
TNT_003,EMP_05174,SITE_NCR_01,SHIFT_MORNING,SUPPORT,true
TNT_003,EMP_05175,SITE_NCR_02,SHIFT_EVENING,OPERATIONS,true
TNT_001,EMP_05176,SITE_BLR_02,SHIFT_DAY,TECHNOLOGY,true
TNT_001,EMP_05177,SITE_BLR_01,SHIFT_NIGHT,TECHNOLOGY,true
TNT_001,EMP_05178,SITE_BLR_01,SHIFT_NIGHT,OPERATIONS,true
TNT_001,EMP_05179,SITE_BLR_02,SHIFT_MORNING,SUPPORT,true
TNT_001,EMP_05180,SITE_BLR_02,SHIFT_DAY,TECHNOLOGY,true
TNT_001,EMP_05181,SITE_BLR_01,SHIFT_DAY,OPERATIONS,true
TNT_002,EMP_05182,SITE_HYD_02,SHIFT_NIGHT,OPERATIONS,true
TNT_001,EMP_05183,SITE_BLR_01,SHIFT_DAY,SUPPORT,true
TNT_001,EMP_05184,SITE_BLR_01,SHIFT_EVENING,OPERATIONS,true
TNT_001,EMP_05185,SITE_BLR_01,SHIFT_DAY,TECHNOLOGY,true
TNT_001,EMP_05186,SITE_BLR_02,SHIFT_EVENING,SUPPORT,true
TNT_003,EMP_05187,SITE_NCR_01,SHIFT_DAY,OPERATIONS,true
TNT_001,EMP_05188,SITE_BLR_02,SHIFT_DAY,OPERATIONS,true
TNT_003,EMP_05189,SITE_NCR_01,SHIFT_MORNING,SUPPORT,true
TNT_001,EMP_05190,SITE_BLR_02,SHIFT_MORNING,OPERATIONS,true
TNT_001,EMP_05191,SITE_BLR_01,SHIFT_NIGHT,SUPPORT,true
TNT_001,EMP_05192,SITE_BLR_01,SHIFT_NIGHT,SUPPORT,true
TNT_001,EMP_05193,SITE_BLR_02,SHIFT_EVENING,OPERATIONS,true
TNT_001,EMP_05194,SITE_BLR_02,SHIFT_MORNING,OPERATIONS,true
TNT_001,EMP_05195,SITE_BLR_01,SHIFT_MORNING,SUPPORT,true
TNT_002,EMP_05196,SITE_HYD_02,SHIFT_NIGHT,TECHNOLOGY,true
TNT_002,EMP_05197,SITE_HYD_01,SHIFT_NIGHT,OPERATIONS,true
TNT_003,EMP_05198,SITE_NCR_02,SHIFT_EVENING,OPERATIONS,true
TNT_001,EMP_05199,SITE_BLR_01,SHIFT_MORNING,OPERATIONS,true
TNT_001,EMP_05200,SITE_BLR_01,SHIFT_MORNING,TECHNOLOGY,true
TNT_002,EMP_05201,SITE_HYD_02,SHIFT_NIGHT,SUPPORT,true
TNT_001,EMP_05202,SITE_BLR_02,SHIFT_NIGHT,SUPPORT,true
TNT_001,EMP_05203,SITE_BLR_01,SHIFT_NIGHT,OPERATIONS,true
TNT_001,EMP_05204,SITE_BLR_02,SHIFT_DAY,OPERATIONS,true
TNT_001,EMP_05205,SITE_BLR_01,SHIFT_DAY,TECHNOLOGY,true
TNT_001,EMP_05206,SITE_BLR_01,SHIFT_MORNING,SUPPORT,true
TNT_002,EMP_05207,SITE_HYD_02,SHIFT_DAY,TECHNOLOGY,true
TNT_001,EMP_05208,SITE_BLR_01,SHIFT_DAY,SUPPORT,true
TNT_002,EMP_05209,SITE_HYD_02,SHIFT_DAY,SUPPORT,true
TNT_001,EMP_05210,SITE_BLR_01,SHIFT_MORNING,TECHNOLOGY,true
TNT_002,EMP_05211,SITE_HYD_02,SHIFT_MORNING,OPERATIONS,true
TNT_002,EMP_05212,SITE_HYD_02,SHIFT_DAY,OPERATIONS,true
TNT_001,EMP_05213,SITE_BLR_01,SHIFT_EVENING,OPERATIONS,true
TNT_001,EMP_05214,SITE_BLR_01,SHIFT_MORNING,OPERATIONS,true
TNT_001,EMP_05215,SITE_BLR_02,SHIFT_NIGHT,TECHNOLOGY,true
TNT_001,EMP_05216,SITE_BLR_01,SHIFT_MORNING,TECHNOLOGY,true
TNT_001,EMP_05217,SITE_BLR_02,SHIFT_MORNING,OPERATIONS,true
TNT_003,EMP_05218,SITE_NCR_01,SHIFT_MORNING,OPERATIONS,true
TNT_001,EMP_05219,SITE_BLR_02,SHIFT_MORNING,OPERATIONS,true
TNT_001,EMP_05220,SITE_BLR_01,SHIFT_MORNING,OPERATIONS,true
TNT_001,EMP_05221,SITE_BLR_01,SHIFT_MORNING,TECHNOLOGY,true
TNT_001,EMP_05222,SITE_BLR_02,SHIFT_EVENING,OPERATIONS,true
TNT_002,EMP_05223,SITE_HYD_01,SHIFT_MORNING,OPERATIONS,true
TNT_001,EMP_05224,SITE_BLR_01,SHIFT_DAY,OPERATIONS,true
TNT_001,EMP_05225,SITE_BLR_02,SHIFT_EVENING,TECHNOLOGY,true
TNT_002,EMP_05226,SITE_HYD_02,SHIFT_DAY,SUPPORT,true
TNT_002,EMP_05227,SITE_HYD_01,SHIFT_DAY,TECHNOLOGY,true
TNT_002,EMP_05228,SITE_HYD_01,SHIFT_EVENING,OPERATIONS,true
TNT_001,EMP_05229,SITE_BLR_02,SHIFT_DAY,SUPPORT,true
TNT_002,EMP_05230,SITE_HYD_02,SHIFT_DAY,TECHNOLOGY,true
TNT_002,EMP_05231,SITE_HYD_02,SHIFT_NIGHT,SUPPORT,true
TNT_001,EMP_05232,SITE_BLR_01,SHIFT_DAY,TECHNOLOGY,true
TNT_001,EMP_05233,SITE_BLR_01,SHIFT_NIGHT,SUPPORT,true
TNT_001,EMP_05234,SITE_BLR_02,SHIFT_DAY,SUPPORT,true
TNT_003,EMP_05235,SITE_NCR_01,SHIFT_DAY,OPERATIONS,true
TNT_001,EMP_05236,SITE_BLR_02,SHIFT_MORNING,OPERATIONS,true
TNT_001,EMP_05237,SITE_BLR_01,SHIFT_MORNING,TECHNOLOGY,true
TNT_002,EMP_05238,SITE_HYD_01,SHIFT_MORNING,OPERATIONS,true
TNT_001,EMP_05239,SITE_BLR_02,SHIFT_NIGHT,OPERATIONS,true
TNT_002,EMP_05240,SITE_HYD_02,SHIFT_NIGHT,TECHNOLOGY,true
TNT_001,EMP_05241,SITE_BLR_02,SHIFT_EVENING,OPERATIONS,true
TNT_001,EMP_05242,SITE_BLR_02,SHIFT_MORNING,SUPPORT,true
TNT_001,EMP_05243,SITE_BLR_02,SHIFT_DAY,OPERATIONS,true
TNT_001,EMP_05244,SITE_BLR_01,SHIFT_MORNING,TECHNOLOGY,true
TNT_001,EMP_05245,SITE_BLR_01,SHIFT_NIGHT,OPERATIONS,true
TNT_001,EMP_05246,SITE_BLR_02,SHIFT_MORNING,TECHNOLOGY,true
TNT_001,EMP_05247,SITE_BLR_02,SHIFT_MORNING,TECHNOLOGY,true
TNT_001,EMP_05248,SITE_BLR_02,SHIFT_NIGHT,TECHNOLOGY,true
TNT_002,EMP_05249,SITE_HYD_02,SHIFT_NIGHT,OPERATIONS,true
TNT_002,EMP_05250,SITE_HYD_02,SHIFT_MORNING,SUPPORT,true
TNT_002,EMP_05251,SITE_HYD_01,SHIFT_EVENING,OPERATIONS,true
TNT_001,EMP_05252,SITE_BLR_01,SHIFT_EVENING,OPERATIONS,true
TNT_002,EMP_05253,SITE_HYD_01,SHIFT_EVENING,TECHNOLOGY,true
TNT_002,EMP_05254,SITE_HYD_01,SHIFT_DAY,OPERATIONS,true
TNT_002,EMP_05255,SITE_HYD_01,SHIFT_MORNING,TECHNOLOGY,true
TNT_001,EMP_05256,SITE_BLR_01,SHIFT_EVENING,OPERATIONS,true
TNT_001,EMP_05257,SITE_BLR_01,SHIFT_NIGHT,SUPPORT,true
TNT_001,EMP_05258,SITE_BLR_01,SHIFT_NIGHT,SUPPORT,true
TNT_001,EMP_05259,SITE_BLR_02,SHIFT_MORNING,SUPPORT,true
TNT_002,EMP_05260,SITE_HYD_01,SHIFT_NIGHT,OPERATIONS,true
TNT_001,EMP_05261,SITE_BLR_01,SHIFT_DAY,TECHNOLOGY,true
TNT_001,EMP_05262,SITE_BLR_02,SHIFT_DAY,SUPPORT,true
TNT_001,EMP_05263,SITE_BLR_02,SHIFT_DAY,OPERATIONS,true
TNT_002,EMP_05264,SITE_HYD_01,SHIFT_EVENING,TECHNOLOGY,true
TNT_003,EMP_05265,SITE_NCR_02,SHIFT_EVENING,SUPPORT,true
TNT_002,EMP_05266,SITE_HYD_02,SHIFT_EVENING,OPERATIONS,true
TNT_001,EMP_05267,SITE_BLR_02,SHIFT_DAY,SUPPORT,true
TNT_001,EMP_05268,SITE_BLR_01,SHIFT_MORNING,TECHNOLOGY,true
TNT_002,EMP_05269,SITE_HYD_02,SHIFT_DAY,OPERATIONS,true
TNT_001,EMP_05270,SITE_BLR_02,SHIFT_DAY,SUPPORT,true
TNT_001,EMP_05271,SITE_BLR_01,SHIFT_DAY,SUPPORT,true
TNT_002,EMP_05272,SITE_HYD_01,SHIFT_NIGHT,OPERATIONS,true
TNT_002,EMP_05273,SITE_HYD_01,SHIFT_DAY,OPERATIONS,true
TNT_001,EMP_05274,SITE_BLR_01,SHIFT_NIGHT,OPERATIONS,true
TNT_001,EMP_05275,SITE_BLR_01,SHIFT_DAY,OPERATIONS,false
TNT_001,EMP_05276,SITE_BLR_01,SHIFT_DAY,TECHNOLOGY,true
TNT_001,EMP_05277,SITE_BLR_01,SHIFT_EVENING,OPERATIONS,true
TNT_001,EMP_05278,SITE_BLR_01,SHIFT_DAY,SUPPORT,true
TNT_002,EMP_05279,SITE_HYD_01,SHIFT_NIGHT,OPERATIONS,true
TNT_002,EMP_05280,SITE_HYD_01,SHIFT_MORNING,OPERATIONS,true
TNT_001,EMP_05281,SITE_BLR_01,SHIFT_EVENING,SUPPORT,true
TNT_002,EMP_05282,SITE_HYD_02,SHIFT_DAY,TECHNOLOGY,true
TNT_002,EMP_05283,SITE_HYD_01,SHIFT_EVENING,OPERATIONS,true
TNT_001,EMP_05284,SITE_BLR_02,SHIFT_EVENING,TECHNOLOGY,true
TNT_002,EMP_05285,SITE_HYD_02,SHIFT_EVENING,TECHNOLOGY,true
TNT_001,EMP_05286,SITE_BLR_02,SHIFT_DAY,SUPPORT,true
TNT_003,EMP_05287,SITE_NCR_01,SHIFT_DAY,OPERATIONS,true
TNT_002,EMP_05288,SITE_HYD_02,SHIFT_EVENING,OPERATIONS,true
TNT_001,EMP_05289,SITE_BLR_01,SHIFT_DAY,OPERATIONS,true
TNT_001,EMP_05290,SITE_BLR_01,SHIFT_DAY,TECHNOLOGY,true
TNT_001,EMP_05291,SITE_BLR_02,SHIFT_NIGHT,SUPPORT,true
TNT_001,EMP_05292,SITE_BLR_02,SHIFT_NIGHT,TECHNOLOGY,true
TNT_003,EMP_05293,SITE_NCR_02,SHIFT_DAY,SUPPORT,true
TNT_001,EMP_05294,SITE_BLR_02,SHIFT_EVENING,TECHNOLOGY,true
TNT_003,EMP_05295,SITE_NCR_01,SHIFT_EVENING,OPERATIONS,true
TNT_003,EMP_05296,SITE_NCR_02,SHIFT_DAY,OPERATIONS,true
TNT_001,EMP_05297,SITE_BLR_01,SHIFT_DAY,OPERATIONS,true
TNT_002,EMP_05298,SITE_HYD_02,SHIFT_EVENING,OPERATIONS,true
TNT_001,EMP_05299,SITE_BLR_01,SHIFT_MORNING,OPERATIONS,true
TNT_001,EMP_05300,SITE_BLR_01,SHIFT_EVENING,SUPPORT,true
TNT_001,EMP_05301,SITE_BLR_02,SHIFT_MORNING,TECHNOLOGY,true
TNT_003,EMP_05302,SITE_NCR_02,SHIFT_EVENING,TECHNOLOGY,true
TNT_001,EMP_05303,SITE_BLR_01,SHIFT_DAY,SUPPORT,true
TNT_002,EMP_05304,SITE_HYD_02,SHIFT_DAY,TECHNOLOGY,true
TNT_003,EMP_05305,SITE_NCR_02,SHIFT_NIGHT,TECHNOLOGY,true
TNT_002,EMP_05306,SITE_HYD_02,SHIFT_DAY,TECHNOLOGY,true
TNT_001,EMP_05307,SITE_BLR_02,SHIFT_MORNING,OPERATIONS,true
TNT_001,EMP_05308,SITE_BLR_01,SHIFT_DAY,OPERATIONS,true
TNT_001,EMP_05309,SITE_BLR_01,SHIFT_DAY,SUPPORT,true
TNT_002,EMP_05310,SITE_HYD_02,SHIFT_DAY,SUPPORT,true
TNT_002,EMP_05311,SITE_HYD_02,SHIFT_MORNING,TECHNOLOGY,true
TNT_003,EMP_05312,SITE_NCR_01,SHIFT_MORNING,TECHNOLOGY,true
TNT_001,EMP_05313,SITE_BLR_02,SHIFT_DAY,TECHNOLOGY,true
TNT_001,EMP_05314,SITE_BLR_02,SHIFT_DAY,OPERATIONS,true
TNT_001,EMP_05315,SITE_BLR_02,SHIFT_MORNING,OPERATIONS,true
TNT_003,EMP_05316,SITE_NCR_01,SHIFT_MORNING,SUPPORT,true
TNT_001,EMP_05317,SITE_BLR_02,SHIFT_NIGHT,TECHNOLOGY,true
TNT_001,EMP_05318,SITE_BLR_01,SHIFT_DAY,OPERATIONS,true
TNT_001,EMP_05319,SITE_BLR_01,SHIFT_MORNING,TECHNOLOGY,true
TNT_001,EMP_05320,SITE_BLR_02,SHIFT_DAY,OPERATIONS,true
TNT_001,EMP_05321,SITE_BLR_01,SHIFT_EVENING,OPERATIONS,true
TNT_001,EMP_05322,SITE_BLR_01,SHIFT_EVENING,SUPPORT,true
TNT_002,EMP_05323,SITE_HYD_02,SHIFT_DAY,SUPPORT,true
TNT_002,EMP_05324,SITE_HYD_02,SHIFT_EVENING,SUPPORT,true
TNT_001,EMP_05325,SITE_BLR_01,SHIFT_DAY,TECHNOLOGY,true
TNT_002,EMP_05326,SITE_HYD_01,SHIFT_DAY,SUPPORT,true
TNT_001,EMP_05327,SITE_BLR_01,SHIFT_EVENING,TECHNOLOGY,true
TNT_003,EMP_05328,SITE_NCR_01,SHIFT_EVENING,OPERATIONS,true
TNT_003,EMP_05329,SITE_NCR_01,SHIFT_MORNING,OPERATIONS,true
TNT_001,EMP_05330,SITE_BLR_01,SHIFT_NIGHT,OPERATIONS,true
TNT_001,EMP_05331,SITE_BLR_01,SHIFT_MORNING,TECHNOLOGY,false
TNT_001,EMP_05332,SITE_BLR_02,SHIFT_NIGHT,OPERATIONS,true
TNT_001,EMP_05333,SITE_BLR_02,SHIFT_DAY,OPERATIONS,true
TNT_002,EMP_05334,SITE_HYD_02,SHIFT_EVENING,OPERATIONS,true
TNT_001,EMP_05335,SITE_BLR_01,SHIFT_MORNING,TECHNOLOGY,true
TNT_001,EMP_05336,SITE_BLR_02,SHIFT_MORNING,TECHNOLOGY,true
TNT_002,EMP_05337,SITE_HYD_02,SHIFT_MORNING,OPERATIONS,true
TNT_002,EMP_05338,SITE_HYD_02,SHIFT_EVENING,OPERATIONS,true
TNT_002,EMP_05339,SITE_HYD_01,SHIFT_DAY,TECHNOLOGY,true
TNT_002,EMP_05340,SITE_HYD_02,SHIFT_DAY,OPERATIONS,true
TNT_001,EMP_05341,SITE_BLR_02,SHIFT_DAY,OPERATIONS,true
TNT_002,EMP_05342,SITE_HYD_02,SHIFT_DAY,OPERATIONS,true
TNT_002,EMP_05343,SITE_HYD_02,SHIFT_DAY,SUPPORT,true
TNT_003,EMP_05344,SITE_NCR_02,SHIFT_NIGHT,OPERATIONS,true
TNT_001,EMP_05345,SITE_BLR_02,SHIFT_DAY,OPERATIONS,true
TNT_002,EMP_05346,SITE_HYD_02,SHIFT_MORNING,OPERATIONS,true
TNT_002,EMP_05347,SITE_HYD_02,SHIFT_MORNING,SUPPORT,true
TNT_001,EMP_05348,SITE_BLR_02,SHIFT_NIGHT,TECHNOLOGY,true
TNT_001,EMP_05349,SITE_BLR_01,SHIFT_EVENING,OPERATIONS,true
TNT_001,EMP_05350,SITE_BLR_02,SHIFT_MORNING,OPERATIONS,true
TNT_001,EMP_05351,SITE_BLR_01,SHIFT_DAY,OPERATIONS,true
TNT_001,EMP_05352,SITE_BLR_01,SHIFT_MORNING,TECHNOLOGY,true
TNT_002,EMP_05353,SITE_HYD_02,SHIFT_MORNING,TECHNOLOGY,true
TNT_001,EMP_05354,SITE_BLR_01,SHIFT_EVENING,SUPPORT,true
TNT_001,EMP_05355,SITE_BLR_02,SHIFT_MORNING,TECHNOLOGY,true
TNT_002,EMP_05356,SITE_HYD_01,SHIFT_MORNING,OPERATIONS,true
TNT_001,EMP_05357,SITE_BLR_01,SHIFT_DAY,OPERATIONS,true
TNT_003,EMP_05358,SITE_NCR_02,SHIFT_DAY,TECHNOLOGY,true
TNT_001,EMP_05359,SITE_BLR_01,SHIFT_EVENING,OPERATIONS,true
TNT_002,EMP_05360,SITE_HYD_02,SHIFT_EVENING,OPERATIONS,true
TNT_001,EMP_05361,SITE_BLR_02,SHIFT_MORNING,OPERATIONS,true
TNT_001,EMP_05362,SITE_BLR_01,SHIFT_NIGHT,TECHNOLOGY,true
TNT_001,EMP_05363,SITE_BLR_02,SHIFT_EVENING,TECHNOLOGY,true
TNT_003,EMP_05364,SITE_NCR_01,SHIFT_MORNING,TECHNOLOGY,true
TNT_001,EMP_05365,SITE_BLR_01,SHIFT_EVENING,OPERATIONS,true
TNT_001,EMP_05366,SITE_BLR_01,SHIFT_EVENING,TECHNOLOGY,true
TNT_001,EMP_05367,SITE_BLR_02,SHIFT_DAY,OPERATIONS,true
TNT_003,EMP_05368,SITE_NCR_02,SHIFT_MORNING,OPERATIONS,true
TNT_001,EMP_05369,SITE_BLR_02,SHIFT_EVENING,TECHNOLOGY,true
TNT_003,EMP_05370,SITE_NCR_02,SHIFT_DAY,TECHNOLOGY,true
TNT_002,EMP_05371,SITE_HYD_01,SHIFT_MORNING,OPERATIONS,true
TNT_002,EMP_05372,SITE_HYD_01,SHIFT_EVENING,OPERATIONS,true
TNT_001,EMP_05373,SITE_BLR_02,SHIFT_NIGHT,TECHNOLOGY,true
TNT_001,EMP_05374,SITE_BLR_02,SHIFT_NIGHT,OPERATIONS,true
TNT_001,EMP_05375,SITE_BLR_01,SHIFT_MORNING,OPERATIONS,true
TNT_003,EMP_05376,SITE_NCR_01,SHIFT_MORNING,OPERATIONS,true
TNT_001,EMP_05377,SITE_BLR_02,SHIFT_EVENING,OPERATIONS,true
TNT_001,EMP_05378,SITE_BLR_02,SHIFT_DAY,OPERATIONS,true
TNT_001,EMP_05379,SITE_BLR_02,SHIFT_MORNING,SUPPORT,true
TNT_001,EMP_05380,SITE_BLR_01,SHIFT_EVENING,OPERATIONS,true
TNT_001,EMP_05381,SITE_BLR_02,SHIFT_EVENING,SUPPORT,true
TNT_002,EMP_05382,SITE_HYD_01,SHIFT_NIGHT,TECHNOLOGY,true
TNT_001,EMP_05383,SITE_BLR_02,SHIFT_MORNING,OPERATIONS,true
TNT_001,EMP_05384,SITE_BLR_01,SHIFT_DAY,SUPPORT,true
TNT_003,EMP_05385,SITE_NCR_01,SHIFT_DAY,OPERATIONS,true
TNT_003,EMP_05386,SITE_NCR_02,SHIFT_EVENING,OPERATIONS,true
TNT_003,EMP_05387,SITE_NCR_02,SHIFT_NIGHT,SUPPORT,true
TNT_001,EMP_05388,SITE_BLR_02,SHIFT_NIGHT,TECHNOLOGY,true
TNT_001,EMP_05389,SITE_BLR_01,SHIFT_MORNING,OPERATIONS,true
TNT_002,EMP_05390,SITE_HYD_02,SHIFT_NIGHT,OPERATIONS,true
TNT_003,EMP_05391,SITE_NCR_02,SHIFT_DAY,TECHNOLOGY,true
TNT_003,EMP_05392,SITE_NCR_01,SHIFT_DAY,SUPPORT,true
TNT_001,EMP_05393,SITE_BLR_02,SHIFT_EVENING,TECHNOLOGY,true
TNT_002,EMP_05394,SITE_HYD_01,SHIFT_DAY,TECHNOLOGY,true
TNT_001,EMP_05395,SITE_BLR_01,SHIFT_EVENING,SUPPORT,true
TNT_001,EMP_05396,SITE_BLR_02,SHIFT_DAY,OPERATIONS,true
TNT_003,EMP_05397,SITE_NCR_02,SHIFT_MORNING,SUPPORT,true
TNT_002,EMP_05398,SITE_HYD_02,SHIFT_MORNING,TECHNOLOGY,true
TNT_001,EMP_05399,SITE_BLR_02,SHIFT_EVENING,OPERATIONS,true
TNT_001,EMP_05400,SITE_BLR_02,SHIFT_EVENING,OPERATIONS,true
TNT_001,EMP_05401,SITE_BLR_01,SHIFT_NIGHT,OPERATIONS,true
TNT_001,EMP_05402,SITE_BLR_01,SHIFT_EVENING,TECHNOLOGY,true
TNT_001,EMP_05403,SITE_BLR_01,SHIFT_MORNING,TECHNOLOGY,true
TNT_001,EMP_05404,SITE_BLR_01,SHIFT_DAY,SUPPORT,true
TNT_002,EMP_05405,SITE_HYD_02,SHIFT_EVENING,OPERATIONS,true
TNT_001,EMP_05406,SITE_BLR_02,SHIFT_NIGHT,OPERATIONS,true
TNT_002,EMP_05407,SITE_HYD_01,SHIFT_DAY,OPERATIONS,true
TNT_002,EMP_05408,SITE_HYD_02,SHIFT_MORNING,TECHNOLOGY,true
TNT_001,EMP_05409,SITE_BLR_02,SHIFT_EVENING,TECHNOLOGY,true
TNT_002,EMP_05410,SITE_HYD_01,SHIFT_NIGHT,SUPPORT,true
TNT_002,EMP_05411,SITE_HYD_02,SHIFT_DAY,SUPPORT,true
TNT_002,EMP_05412,SITE_HYD_01,SHIFT_EVENING,OPERATIONS,true
TNT_001,EMP_05413,SITE_BLR_02,SHIFT_DAY,SUPPORT,true
TNT_002,EMP_05414,SITE_HYD_01,SHIFT_MORNING,TECHNOLOGY,true
TNT_001,EMP_05415,SITE_BLR_02,SHIFT_DAY,OPERATIONS,true
TNT_001,EMP_05416,SITE_BLR_01,SHIFT_MORNING,SUPPORT,true
TNT_001,EMP_05417,SITE_BLR_02,SHIFT_MORNING,TECHNOLOGY,true
TNT_003,EMP_05418,SITE_NCR_02,SHIFT_MORNING,TECHNOLOGY,true
TNT_001,EMP_05419,SITE_BLR_02,SHIFT_MORNING,TECHNOLOGY,true
TNT_001,EMP_05420,SITE_BLR_01,SHIFT_DAY,OPERATIONS,true
TNT_002,EMP_05421,SITE_HYD_02,SHIFT_DAY,OPERATIONS,true
TNT_001,EMP_05422,SITE_BLR_01,SHIFT_DAY,TECHNOLOGY,true
TNT_003,EMP_05423,SITE_NCR_02,SHIFT_EVENING,OPERATIONS,true
TNT_001,EMP_05424,SITE_BLR_02,SHIFT_NIGHT,TECHNOLOGY,true
TNT_001,EMP_05425,SITE_BLR_02,SHIFT_NIGHT,OPERATIONS,true
TNT_001,EMP_05426,SITE_BLR_02,SHIFT_EVENING,TECHNOLOGY,true
TNT_002,EMP_05427,SITE_HYD_02,SHIFT_MORNING,TECHNOLOGY,true
TNT_001,EMP_05428,SITE_BLR_01,SHIFT_DAY,SUPPORT,true
TNT_001,EMP_05429,SITE_BLR_02,SHIFT_DAY,TECHNOLOGY,true
TNT_002,EMP_05430,SITE_HYD_02,SHIFT_EVENING,SUPPORT,true
TNT_002,EMP_05431,SITE_HYD_01,SHIFT_MORNING,OPERATIONS,true
TNT_002,EMP_05432,SITE_HYD_02,SHIFT_MORNING,OPERATIONS,true
TNT_001,EMP_05433,SITE_BLR_02,SHIFT_EVENING,OPERATIONS,true
TNT_002,EMP_05434,SITE_HYD_02,SHIFT_MORNING,TECHNOLOGY,true
TNT_001,EMP_05435,SITE_BLR_02,SHIFT_EVENING,OPERATIONS,true
TNT_002,EMP_05436,SITE_HYD_01,SHIFT_MORNING,SUPPORT,true
TNT_001,EMP_05437,SITE_BLR_02,SHIFT_DAY,TECHNOLOGY,true
TNT_001,EMP_05438,SITE_BLR_02,SHIFT_DAY,OPERATIONS,true
TNT_001,EMP_05439,SITE_BLR_02,SHIFT_DAY,SUPPORT,true
TNT_001,EMP_05440,SITE_BLR_02,SHIFT_DAY,OPERATIONS,true
TNT_001,EMP_05441,SITE_BLR_01,SHIFT_DAY,OPERATIONS,true
TNT_001,EMP_05442,SITE_BLR_01,SHIFT_MORNING,OPERATIONS,true
TNT_001,EMP_05443,SITE_BLR_02,SHIFT_DAY,OPERATIONS,true
TNT_001,EMP_05444,SITE_BLR_02,SHIFT_DAY,OPERATIONS,true
TNT_001,EMP_05445,SITE_BLR_02,SHIFT_MORNING,OPERATIONS,true
TNT_003,EMP_05446,SITE_NCR_01,SHIFT_EVENING,OPERATIONS,true
TNT_001,EMP_05447,SITE_BLR_02,SHIFT_DAY,SUPPORT,true
TNT_003,EMP_05448,SITE_NCR_01,SHIFT_MORNING,TECHNOLOGY,true
TNT_002,EMP_05449,SITE_HYD_02,SHIFT_NIGHT,TECHNOLOGY,true
TNT_001,EMP_05450,SITE_BLR_01,SHIFT_NIGHT,TECHNOLOGY,true
TNT_001,EMP_05451,SITE_BLR_02,SHIFT_DAY,OPERATIONS,true
TNT_001,EMP_05452,SITE_BLR_02,SHIFT_MORNING,SUPPORT,true
TNT_002,EMP_05453,SITE_HYD_01,SHIFT_DAY,TECHNOLOGY,true
TNT_002,EMP_05454,SITE_HYD_02,SHIFT_DAY,TECHNOLOGY,true
TNT_003,EMP_05455,SITE_NCR_01,SHIFT_NIGHT,OPERATIONS,true
TNT_002,EMP_05456,SITE_HYD_02,SHIFT_MORNING,SUPPORT,true
TNT_001,EMP_05457,SITE_BLR_01,SHIFT_NIGHT,TECHNOLOGY,true
TNT_001,EMP_05458,SITE_BLR_02,SHIFT_NIGHT,SUPPORT,true
TNT_003,EMP_05459,SITE_NCR_02,SHIFT_DAY,OPERATIONS,true
TNT_001,EMP_05460,SITE_BLR_02,SHIFT_MORNING,OPERATIONS,true
TNT_001,EMP_05461,SITE_BLR_01,SHIFT_EVENING,OPERATIONS,true
TNT_001,EMP_05462,SITE_BLR_02,SHIFT_MORNING,SUPPORT,true
TNT_001,EMP_05463,SITE_BLR_01,SHIFT_EVENING,SUPPORT,true
TNT_003,EMP_05464,SITE_NCR_02,SHIFT_EVENING,OPERATIONS,true
TNT_001,EMP_05465,SITE_BLR_01,SHIFT_EVENING,TECHNOLOGY,true
TNT_001,EMP_05466,SITE_BLR_01,SHIFT_DAY,TECHNOLOGY,true
TNT_001,EMP_05467,SITE_BLR_02,SHIFT_DAY,SUPPORT,true
TNT_001,EMP_05468,SITE_BLR_02,SHIFT_NIGHT,OPERATIONS,true
TNT_003,EMP_05469,SITE_NCR_02,SHIFT_EVENING,OPERATIONS,true
TNT_002,EMP_05470,SITE_HYD_02,SHIFT_NIGHT,TECHNOLOGY,true
TNT_001,EMP_05471,SITE_BLR_02,SHIFT_DAY,OPERATIONS,true
TNT_001,EMP_05472,SITE_BLR_02,SHIFT_DAY,TECHNOLOGY,true
TNT_003,EMP_05473,SITE_NCR_02,SHIFT_DAY,TECHNOLOGY,true
TNT_001,EMP_05474,SITE_BLR_02,SHIFT_EVENING,SUPPORT,true
TNT_001,EMP_05475,SITE_BLR_02,SHIFT_EVENING,OPERATIONS,true
TNT_001,EMP_05476,SITE_BLR_02,SHIFT_EVENING,SUPPORT,true
TNT_001,EMP_05477,SITE_BLR_01,SHIFT_MORNING,TECHNOLOGY,true
TNT_002,EMP_05478,SITE_HYD_01,SHIFT_DAY,TECHNOLOGY,true
TNT_001,EMP_05479,SITE_BLR_02,SHIFT_NIGHT,OPERATIONS,true
TNT_002,EMP_05480,SITE_HYD_01,SHIFT_DAY,TECHNOLOGY,true
TNT_001,EMP_05481,SITE_BLR_02,SHIFT_EVENING,SUPPORT,true
TNT_003,EMP_05482,SITE_NCR_02,SHIFT_NIGHT,OPERATIONS,true
TNT_002,EMP_05483,SITE_HYD_02,SHIFT_EVENING,TECHNOLOGY,true
TNT_001,EMP_05484,SITE_BLR_01,SHIFT_DAY,TECHNOLOGY,true
TNT_002,EMP_05485,SITE_HYD_01,SHIFT_MORNING,SUPPORT,true
TNT_002,EMP_05486,SITE_HYD_02,SHIFT_MORNING,OPERATIONS,true
TNT_001,EMP_05487,SITE_BLR_01,SHIFT_EVENING,TECHNOLOGY,true
TNT_002,EMP_05488,SITE_HYD_01,SHIFT_DAY,OPERATIONS,true
TNT_001,EMP_05489,SITE_BLR_02,SHIFT_MORNING,OPERATIONS,false
TNT_002,EMP_05490,SITE_HYD_01,SHIFT_EVENING,TECHNOLOGY,true
TNT_001,EMP_05491,SITE_BLR_01,SHIFT_MORNING,TECHNOLOGY,true
TNT_001,EMP_05492,SITE_BLR_02,SHIFT_DAY,SUPPORT,true
TNT_002,EMP_05493,SITE_HYD_01,SHIFT_DAY,OPERATIONS,true
TNT_001,EMP_05494,SITE_BLR_01,SHIFT_NIGHT,SUPPORT,true
TNT_001,EMP_05495,SITE_BLR_01,SHIFT_EVENING,SUPPORT,true
TNT_001,EMP_05496,SITE_BLR_01,SHIFT_DAY,TECHNOLOGY,true
TNT_003,EMP_05497,SITE_NCR_02,SHIFT_NIGHT,OPERATIONS,true
TNT_002,EMP_05498,SITE_HYD_01,SHIFT_DAY,OPERATIONS,true
TNT_001,EMP_05499,SITE_BLR_02,SHIFT_MORNING,OPERATIONS,true
TNT_002,EMP_05500,SITE_HYD_01,SHIFT_MORNING,OPERATIONS,true
TNT_002,EMP_05501,SITE_HYD_02,SHIFT_DAY,TECHNOLOGY,true
TNT_001,EMP_05502,SITE_BLR_02,SHIFT_MORNING,OPERATIONS,true
TNT_001,EMP_05503,SITE_BLR_01,SHIFT_EVENING,SUPPORT,true
TNT_001,EMP_05504,SITE_BLR_02,SHIFT_EVENING,SUPPORT,true
TNT_001,EMP_05505,SITE_BLR_02,SHIFT_NIGHT,TECHNOLOGY,true
TNT_002,EMP_05506,SITE_HYD_01,SHIFT_NIGHT,TECHNOLOGY,true
TNT_001,EMP_05507,SITE_BLR_01,SHIFT_NIGHT,TECHNOLOGY,true
TNT_001,EMP_05508,SITE_BLR_02,SHIFT_MORNING,OPERATIONS,true
TNT_001,EMP_05509,SITE_BLR_01,SHIFT_DAY,OPERATIONS,true
TNT_002,EMP_05510,SITE_HYD_02,SHIFT_MORNING,OPERATIONS,true
TNT_001,EMP_05511,SITE_BLR_02,SHIFT_NIGHT,OPERATIONS,true
TNT_002,EMP_05512,SITE_HYD_02,SHIFT_EVENING,SUPPORT,true
TNT_001,EMP_05513,SITE_BLR_02,SHIFT_EVENING,SUPPORT,true
TNT_002,EMP_05514,SITE_HYD_01,SHIFT_DAY,OPERATIONS,true
TNT_001,EMP_05515,SITE_BLR_02,SHIFT_NIGHT,SUPPORT,true
TNT_001,EMP_05516,SITE_BLR_02,SHIFT_NIGHT,SUPPORT,true
TNT_001,EMP_05517,SITE_BLR_02,SHIFT_DAY,TECHNOLOGY,true
TNT_001,EMP_05518,SITE_BLR_01,SHIFT_NIGHT,OPERATIONS,true
TNT_001,EMP_05519,SITE_BLR_02,SHIFT_EVENING,SUPPORT,true
TNT_002,EMP_05520,SITE_HYD_01,SHIFT_DAY,OPERATIONS,true
TNT_001,EMP_05521,SITE_BLR_01,SHIFT_DAY,SUPPORT,true
TNT_003,EMP_05522,SITE_NCR_01,SHIFT_EVENING,OPERATIONS,true
TNT_002,EMP_05523,SITE_HYD_01,SHIFT_NIGHT,TECHNOLOGY,true
TNT_001,EMP_05524,SITE_BLR_02,SHIFT_EVENING,OPERATIONS,true
TNT_001,EMP_05525,SITE_BLR_02,SHIFT_NIGHT,OPERATIONS,true
TNT_001,EMP_05526,SITE_BLR_02,SHIFT_DAY,OPERATIONS,true
TNT_003,EMP_05527,SITE_NCR_02,SHIFT_NIGHT,OPERATIONS,true
TNT_001,EMP_05528,SITE_BLR_01,SHIFT_NIGHT,TECHNOLOGY,true
TNT_001,EMP_05529,SITE_BLR_01,SHIFT_NIGHT,TECHNOLOGY,true
TNT_001,EMP_05530,SITE_BLR_01,SHIFT_NIGHT,TECHNOLOGY,true
TNT_003,EMP_05531,SITE_NCR_02,SHIFT_NIGHT,OPERATIONS,true
TNT_001,EMP_05532,SITE_BLR_02,SHIFT_DAY,TECHNOLOGY,true
TNT_001,EMP_05533,SITE_BLR_01,SHIFT_NIGHT,SUPPORT,true
TNT_001,EMP_05534,SITE_BLR_01,SHIFT_DAY,SUPPORT,true
TNT_003,EMP_05535,SITE_NCR_02,SHIFT_DAY,TECHNOLOGY,true
TNT_001,EMP_05536,SITE_BLR_02,SHIFT_MORNING,OPERATIONS,true
TNT_001,EMP_05537,SITE_BLR_02,SHIFT_DAY,OPERATIONS,true
TNT_001,EMP_05538,SITE_BLR_02,SHIFT_EVENING,TECHNOLOGY,true
TNT_001,EMP_05539,SITE_BLR_02,SHIFT_EVENING,OPERATIONS,true
TNT_001,EMP_05540,SITE_BLR_02,SHIFT_DAY,OPERATIONS,true
TNT_002,EMP_05541,SITE_HYD_02,SHIFT_DAY,TECHNOLOGY,true
TNT_002,EMP_05542,SITE_HYD_01,SHIFT_NIGHT,TECHNOLOGY,true
TNT_001,EMP_05543,SITE_BLR_01,SHIFT_EVENING,OPERATIONS,true
TNT_001,EMP_05544,SITE_BLR_01,SHIFT_MORNING,TECHNOLOGY,true
TNT_003,EMP_05545,SITE_NCR_01,SHIFT_MORNING,SUPPORT,true
TNT_001,EMP_05546,SITE_BLR_01,SHIFT_EVENING,TECHNOLOGY,true
TNT_001,EMP_05547,SITE_BLR_02,SHIFT_MORNING,SUPPORT,true
TNT_002,EMP_05548,SITE_HYD_02,SHIFT_EVENING,OPERATIONS,true
TNT_001,EMP_05549,SITE_BLR_02,SHIFT_DAY,SUPPORT,true
TNT_001,EMP_05550,SITE_BLR_01,SHIFT_NIGHT,OPERATIONS,true
TNT_003,EMP_05551,SITE_NCR_01,SHIFT_EVENING,SUPPORT,true
TNT_001,EMP_05552,SITE_BLR_01,SHIFT_EVENING,OPERATIONS,true
TNT_001,EMP_05553,SITE_BLR_01,SHIFT_NIGHT,OPERATIONS,true
TNT_001,EMP_05554,SITE_BLR_02,SHIFT_DAY,TECHNOLOGY,true
TNT_002,EMP_05555,SITE_HYD_01,SHIFT_EVENING,TECHNOLOGY,true
TNT_003,EMP_05556,SITE_NCR_02,SHIFT_MORNING,OPERATIONS,true
TNT_002,EMP_05557,SITE_HYD_01,SHIFT_NIGHT,OPERATIONS,true
TNT_003,EMP_05558,SITE_NCR_02,SHIFT_EVENING,OPERATIONS,true
TNT_001,EMP_05559,SITE_BLR_01,SHIFT_MORNING,OPERATIONS,true
TNT_001,EMP_05560,SITE_BLR_02,SHIFT_NIGHT,OPERATIONS,true
TNT_003,EMP_05561,SITE_NCR_02,SHIFT_MORNING,OPERATIONS,true
TNT_002,EMP_05562,SITE_HYD_01,SHIFT_DAY,OPERATIONS,true
TNT_002,EMP_05563,SITE_HYD_01,SHIFT_EVENING,OPERATIONS,true
TNT_001,EMP_05564,SITE_BLR_02,SHIFT_EVENING,TECHNOLOGY,true
TNT_002,EMP_05565,SITE_HYD_01,SHIFT_MORNING,TECHNOLOGY,true
TNT_001,EMP_05566,SITE_BLR_01,SHIFT_MORNING,TECHNOLOGY,true
TNT_002,EMP_05567,SITE_HYD_02,SHIFT_MORNING,SUPPORT,true
TNT_002,EMP_05568,SITE_HYD_02,SHIFT_MORNING,OPERATIONS,true
TNT_002,EMP_05569,SITE_HYD_02,SHIFT_EVENING,OPERATIONS,true
TNT_003,EMP_05570,SITE_NCR_02,SHIFT_EVENING,SUPPORT,true
TNT_001,EMP_05571,SITE_BLR_02,SHIFT_EVENING,OPERATIONS,true
TNT_001,EMP_05572,SITE_BLR_02,SHIFT_MORNING,OPERATIONS,true
TNT_001,EMP_05573,SITE_BLR_01,SHIFT_EVENING,OPERATIONS,true
TNT_001,EMP_05574,SITE_BLR_02,SHIFT_DAY,TECHNOLOGY,true
TNT_001,EMP_05575,SITE_BLR_01,SHIFT_EVENING,SUPPORT,true
TNT_001,EMP_05576,SITE_BLR_02,SHIFT_NIGHT,OPERATIONS,true
TNT_002,EMP_05577,SITE_HYD_01,SHIFT_EVENING,SUPPORT,true
TNT_001,EMP_05578,SITE_BLR_02,SHIFT_NIGHT,TECHNOLOGY,true
TNT_001,EMP_05579,SITE_BLR_01,SHIFT_DAY,OPERATIONS,true
TNT_001,EMP_05580,SITE_BLR_02,SHIFT_MORNING,SUPPORT,true
TNT_001,EMP_05581,SITE_BLR_02,SHIFT_NIGHT,SUPPORT,true
TNT_001,EMP_05582,SITE_BLR_02,SHIFT_DAY,OPERATIONS,true
TNT_001,EMP_05583,SITE_BLR_01,SHIFT_DAY,SUPPORT,true
TNT_002,EMP_05584,SITE_HYD_01,SHIFT_MORNING,TECHNOLOGY,false
TNT_001,EMP_05585,SITE_BLR_01,SHIFT_DAY,TECHNOLOGY,true
TNT_001,EMP_05586,SITE_BLR_01,SHIFT_NIGHT,SUPPORT,true
TNT_001,EMP_05587,SITE_BLR_02,SHIFT_EVENING,TECHNOLOGY,true
TNT_003,EMP_05588,SITE_NCR_01,SHIFT_DAY,OPERATIONS,true
TNT_001,EMP_05589,SITE_BLR_01,SHIFT_EVENING,OPERATIONS,true
TNT_001,EMP_05590,SITE_BLR_01,SHIFT_EVENING,OPERATIONS,true
TNT_001,EMP_05591,SITE_BLR_01,SHIFT_NIGHT,SUPPORT,true
TNT_003,EMP_05592,SITE_NCR_01,SHIFT_EVENING,TECHNOLOGY,true
TNT_002,EMP_05593,SITE_HYD_02,SHIFT_NIGHT,TECHNOLOGY,true
TNT_002,EMP_05594,SITE_HYD_02,SHIFT_EVENING,TECHNOLOGY,true
TNT_001,EMP_05595,SITE_BLR_01,SHIFT_DAY,OPERATIONS,true
TNT_001,EMP_05596,SITE_BLR_02,SHIFT_DAY,OPERATIONS,true
TNT_001,EMP_05597,SITE_BLR_02,SHIFT_EVENING,TECHNOLOGY,true
TNT_001,EMP_05598,SITE_BLR_02,SHIFT_EVENING,OPERATIONS,true
TNT_002,EMP_05599,SITE_HYD_02,SHIFT_DAY,SUPPORT,true
TNT_002,EMP_05600,SITE_HYD_02,SHIFT_DAY,OPERATIONS,true
TNT_003,EMP_05601,SITE_NCR_01,SHIFT_NIGHT,SUPPORT,true
TNT_002,EMP_05602,SITE_HYD_01,SHIFT_DAY,OPERATIONS,true
TNT_003,EMP_05603,SITE_NCR_02,SHIFT_NIGHT,SUPPORT,true
TNT_003,EMP_05604,SITE_NCR_02,SHIFT_MORNING,TECHNOLOGY,true
TNT_001,EMP_05605,SITE_BLR_02,SHIFT_DAY,OPERATIONS,true
TNT_001,EMP_05606,SITE_BLR_01,SHIFT_DAY,SUPPORT,true
TNT_001,EMP_05607,SITE_BLR_01,SHIFT_MORNING,TECHNOLOGY,true
TNT_003,EMP_05608,SITE_NCR_01,SHIFT_DAY,SUPPORT,true
TNT_002,EMP_05609,SITE_HYD_02,SHIFT_MORNING,TECHNOLOGY,true
TNT_001,EMP_05610,SITE_BLR_02,SHIFT_DAY,OPERATIONS,true
TNT_001,EMP_05611,SITE_BLR_01,SHIFT_MORNING,OPERATIONS,true
TNT_003,EMP_05612,SITE_NCR_01,SHIFT_DAY,OPERATIONS,true
TNT_001,EMP_05613,SITE_BLR_02,SHIFT_DAY,SUPPORT,true
TNT_001,EMP_05614,SITE_BLR_01,SHIFT_MORNING,TECHNOLOGY,true
TNT_001,EMP_05615,SITE_BLR_01,SHIFT_NIGHT,SUPPORT,true
TNT_003,EMP_05616,SITE_NCR_01,SHIFT_NIGHT,OPERATIONS,true
TNT_002,EMP_05617,SITE_HYD_01,SHIFT_NIGHT,OPERATIONS,true
TNT_001,EMP_05618,SITE_BLR_02,SHIFT_NIGHT,TECHNOLOGY,true
TNT_001,EMP_05619,SITE_BLR_01,SHIFT_MORNING,SUPPORT,true
TNT_001,EMP_05620,SITE_BLR_01,SHIFT_DAY,SUPPORT,true
TNT_001,EMP_05621,SITE_BLR_02,SHIFT_DAY,OPERATIONS,true
TNT_001,EMP_05622,SITE_BLR_01,SHIFT_MORNING,OPERATIONS,true
TNT_002,EMP_05623,SITE_HYD_01,SHIFT_DAY,TECHNOLOGY,true
TNT_001,EMP_05624,SITE_BLR_02,SHIFT_NIGHT,SUPPORT,true
TNT_001,EMP_05625,SITE_BLR_02,SHIFT_NIGHT,OPERATIONS,true
TNT_001,EMP_05626,SITE_BLR_02,SHIFT_EVENING,TECHNOLOGY,true
TNT_001,EMP_05627,SITE_BLR_02,SHIFT_MORNING,OPERATIONS,true
TNT_001,EMP_05628,SITE_BLR_01,SHIFT_DAY,TECHNOLOGY,true
TNT_001,EMP_05629,SITE_BLR_02,SHIFT_EVENING,OPERATIONS,true
TNT_001,EMP_05630,SITE_BLR_02,SHIFT_DAY,TECHNOLOGY,true
TNT_002,EMP_05631,SITE_HYD_02,SHIFT_DAY,SUPPORT,true
TNT_001,EMP_05632,SITE_BLR_02,SHIFT_NIGHT,TECHNOLOGY,true
TNT_003,EMP_05633,SITE_NCR_02,SHIFT_EVENING,TECHNOLOGY,true
TNT_001,EMP_05634,SITE_BLR_02,SHIFT_MORNING,OPERATIONS,true
TNT_003,EMP_05635,SITE_NCR_01,SHIFT_MORNING,OPERATIONS,true
TNT_001,EMP_05636,SITE_BLR_01,SHIFT_MORNING,OPERATIONS,true
TNT_003,EMP_05637,SITE_NCR_01,SHIFT_MORNING,OPERATIONS,true
TNT_001,EMP_05638,SITE_BLR_01,SHIFT_NIGHT,TECHNOLOGY,true
TNT_001,EMP_05639,SITE_BLR_02,SHIFT_NIGHT,SUPPORT,true
TNT_001,EMP_05640,SITE_BLR_01,SHIFT_DAY,TECHNOLOGY,true
TNT_003,EMP_05641,SITE_NCR_02,SHIFT_DAY,OPERATIONS,true
TNT_001,EMP_05642,SITE_BLR_02,SHIFT_NIGHT,OPERATIONS,true
TNT_001,EMP_05643,SITE_BLR_01,SHIFT_MORNING,OPERATIONS,true
TNT_002,EMP_05644,SITE_HYD_02,SHIFT_MORNING,TECHNOLOGY,true
TNT_001,EMP_05645,SITE_BLR_02,SHIFT_EVENING,OPERATIONS,true
TNT_002,EMP_05646,SITE_HYD_01,SHIFT_MORNING,OPERATIONS,true
TNT_003,EMP_05647,SITE_NCR_01,SHIFT_NIGHT,TECHNOLOGY,true
TNT_001,EMP_05648,SITE_BLR_01,SHIFT_NIGHT,SUPPORT,true
TNT_003,EMP_05649,SITE_NCR_01,SHIFT_DAY,OPERATIONS,true
TNT_003,EMP_05650,SITE_NCR_01,SHIFT_EVENING,TECHNOLOGY,true
TNT_002,EMP_05651,SITE_HYD_02,SHIFT_DAY,TECHNOLOGY,true
TNT_001,EMP_05652,SITE_BLR_01,SHIFT_DAY,SUPPORT,true
TNT_001,EMP_05653,SITE_BLR_01,SHIFT_MORNING,OPERATIONS,true
TNT_002,EMP_05654,SITE_HYD_01,SHIFT_NIGHT,OPERATIONS,true
TNT_001,EMP_05655,SITE_BLR_02,SHIFT_MORNING,SUPPORT,true
TNT_001,EMP_05656,SITE_BLR_01,SHIFT_DAY,SUPPORT,true
TNT_001,EMP_05657,SITE_BLR_02,SHIFT_EVENING,OPERATIONS,true
TNT_001,EMP_05658,SITE_BLR_02,SHIFT_DAY,OPERATIONS,true
TNT_002,EMP_05659,SITE_HYD_01,SHIFT_EVENING,OPERATIONS,true
TNT_001,EMP_05660,SITE_BLR_01,SHIFT_EVENING,SUPPORT,true
TNT_002,EMP_05661,SITE_HYD_02,SHIFT_NIGHT,OPERATIONS,true
TNT_001,EMP_05662,SITE_BLR_01,SHIFT_DAY,TECHNOLOGY,true
TNT_002,EMP_05663,SITE_HYD_01,SHIFT_MORNING,TECHNOLOGY,true
TNT_003,EMP_05664,SITE_NCR_01,SHIFT_DAY,OPERATIONS,true
TNT_001,EMP_05665,SITE_BLR_01,SHIFT_EVENING,TECHNOLOGY,true
TNT_002,EMP_05666,SITE_HYD_02,SHIFT_EVENING,SUPPORT,true
TNT_003,EMP_05667,SITE_NCR_01,SHIFT_MORNING,OPERATIONS,true
TNT_001,EMP_05668,SITE_BLR_01,SHIFT_DAY,TECHNOLOGY,true
TNT_001,EMP_05669,SITE_BLR_01,SHIFT_EVENING,SUPPORT,true
TNT_001,EMP_05670,SITE_BLR_01,SHIFT_MORNING,TECHNOLOGY,true
TNT_001,EMP_05671,SITE_BLR_01,SHIFT_NIGHT,TECHNOLOGY,true
TNT_002,EMP_05672,SITE_HYD_01,SHIFT_EVENING,OPERATIONS,true
TNT_001,EMP_05673,SITE_BLR_02,SHIFT_DAY,SUPPORT,true
TNT_002,EMP_05674,SITE_HYD_01,SHIFT_EVENING,TECHNOLOGY,true
TNT_002,EMP_05675,SITE_HYD_01,SHIFT_EVENING,OPERATIONS,true
TNT_002,EMP_05676,SITE_HYD_02,SHIFT_EVENING,TECHNOLOGY,true
TNT_001,EMP_05677,SITE_BLR_01,SHIFT_EVENING,SUPPORT,true
TNT_001,EMP_05678,SITE_BLR_02,SHIFT_DAY,TECHNOLOGY,true
TNT_002,EMP_05679,SITE_HYD_02,SHIFT_DAY,TECHNOLOGY,true
TNT_001,EMP_05680,SITE_BLR_02,SHIFT_EVENING,OPERATIONS,true
TNT_003,EMP_05681,SITE_NCR_02,SHIFT_MORNING,TECHNOLOGY,true
TNT_003,EMP_05682,SITE_NCR_02,SHIFT_MORNING,TECHNOLOGY,true
TNT_001,EMP_05683,SITE_BLR_01,SHIFT_EVENING,OPERATIONS,true
TNT_002,EMP_05684,SITE_HYD_02,SHIFT_EVENING,TECHNOLOGY,true
TNT_002,EMP_05685,SITE_HYD_02,SHIFT_EVENING,TECHNOLOGY,true
TNT_001,EMP_05686,SITE_BLR_02,SHIFT_EVENING,TECHNOLOGY,true
TNT_002,EMP_05687,SITE_HYD_01,SHIFT_DAY,OPERATIONS,true
TNT_002,EMP_05688,SITE_HYD_01,SHIFT_EVENING,OPERATIONS,false
TNT_001,EMP_05689,SITE_BLR_01,SHIFT_DAY,OPERATIONS,true
TNT_002,EMP_05690,SITE_HYD_02,SHIFT_NIGHT,SUPPORT,true
TNT_001,EMP_05691,SITE_BLR_01,SHIFT_EVENING,OPERATIONS,true
TNT_001,EMP_05692,SITE_BLR_02,SHIFT_DAY,TECHNOLOGY,true
TNT_003,EMP_05693,SITE_NCR_02,SHIFT_EVENING,OPERATIONS,true
TNT_001,EMP_05694,SITE_BLR_02,SHIFT_DAY,SUPPORT,true
TNT_001,EMP_05695,SITE_BLR_02,SHIFT_EVENING,TECHNOLOGY,true
TNT_001,EMP_05696,SITE_BLR_01,SHIFT_DAY,OPERATIONS,true
TNT_001,EMP_05697,SITE_BLR_01,SHIFT_DAY,TECHNOLOGY,true
TNT_002,EMP_05698,SITE_HYD_01,SHIFT_MORNING,OPERATIONS,true
TNT_002,EMP_05699,SITE_HYD_02,SHIFT_EVENING,OPERATIONS,true
TNT_001,EMP_05700,SITE_BLR_02,SHIFT_EVENING,TECHNOLOGY,true
TNT_001,EMP_05701,SITE_BLR_01,SHIFT_DAY,SUPPORT,true
TNT_002,EMP_05702,SITE_HYD_01,SHIFT_EVENING,OPERATIONS,true
TNT_003,EMP_05703,SITE_NCR_01,SHIFT_EVENING,OPERATIONS,true
TNT_001,EMP_05704,SITE_BLR_02,SHIFT_MORNING,OPERATIONS,true
TNT_002,EMP_05705,SITE_HYD_01,SHIFT_MORNING,SUPPORT,true
TNT_002,EMP_05706,SITE_HYD_02,SHIFT_NIGHT,OPERATIONS,true
TNT_002,EMP_05707,SITE_HYD_02,SHIFT_NIGHT,OPERATIONS,true
TNT_002,EMP_05708,SITE_HYD_02,SHIFT_NIGHT,SUPPORT,true
TNT_001,EMP_05709,SITE_BLR_02,SHIFT_MORNING,OPERATIONS,true
TNT_001,EMP_05710,SITE_BLR_01,SHIFT_NIGHT,OPERATIONS,true
TNT_001,EMP_05711,SITE_BLR_01,SHIFT_DAY,SUPPORT,true
TNT_001,EMP_05712,SITE_BLR_01,SHIFT_DAY,OPERATIONS,true
TNT_001,EMP_05713,SITE_BLR_02,SHIFT_EVENING,SUPPORT,true
TNT_001,EMP_05714,SITE_BLR_01,SHIFT_EVENING,TECHNOLOGY,true
TNT_003,EMP_05715,SITE_NCR_01,SHIFT_EVENING,SUPPORT,true
TNT_001,EMP_05716,SITE_BLR_02,SHIFT_DAY,SUPPORT,true
TNT_002,EMP_05717,SITE_HYD_02,SHIFT_DAY,TECHNOLOGY,true
TNT_001,EMP_05718,SITE_BLR_02,SHIFT_EVENING,TECHNOLOGY,true
TNT_003,EMP_05719,SITE_NCR_02,SHIFT_DAY,TECHNOLOGY,true
TNT_002,EMP_05720,SITE_HYD_01,SHIFT_EVENING,TECHNOLOGY,true
TNT_001,EMP_05721,SITE_BLR_01,SHIFT_DAY,OPERATIONS,true
TNT_001,EMP_05722,SITE_BLR_01,SHIFT_MORNING,OPERATIONS,true
TNT_001,EMP_05723,SITE_BLR_02,SHIFT_DAY,TECHNOLOGY,true
TNT_001,EMP_05724,SITE_BLR_01,SHIFT_EVENING,OPERATIONS,true
TNT_002,EMP_05725,SITE_HYD_01,SHIFT_NIGHT,TECHNOLOGY,true
TNT_001,EMP_05726,SITE_BLR_01,SHIFT_DAY,SUPPORT,true
TNT_003,EMP_05727,SITE_NCR_01,SHIFT_NIGHT,OPERATIONS,true
TNT_001,EMP_05728,SITE_BLR_01,SHIFT_DAY,TECHNOLOGY,true
TNT_003,EMP_05729,SITE_NCR_01,SHIFT_DAY,OPERATIONS,true
TNT_001,EMP_05730,SITE_BLR_01,SHIFT_DAY,TECHNOLOGY,true
TNT_001,EMP_05731,SITE_BLR_02,SHIFT_EVENING,SUPPORT,true
TNT_001,EMP_05732,SITE_BLR_02,SHIFT_DAY,OPERATIONS,true
TNT_001,EMP_05733,SITE_BLR_01,SHIFT_NIGHT,OPERATIONS,true
TNT_002,EMP_05734,SITE_HYD_02,SHIFT_EVENING,SUPPORT,true
TNT_001,EMP_05735,SITE_BLR_01,SHIFT_DAY,OPERATIONS,true
TNT_002,EMP_05736,SITE_HYD_02,SHIFT_EVENING,SUPPORT,true
TNT_003,EMP_05737,SITE_NCR_02,SHIFT_DAY,OPERATIONS,true
TNT_003,EMP_05738,SITE_NCR_01,SHIFT_DAY,OPERATIONS,true
TNT_001,EMP_05739,SITE_BLR_01,SHIFT_EVENING,SUPPORT,true
TNT_003,EMP_05740,SITE_NCR_02,SHIFT_DAY,SUPPORT,true
TNT_001,EMP_05741,SITE_BLR_01,SHIFT_DAY,SUPPORT,true
TNT_003,EMP_05742,SITE_NCR_02,SHIFT_NIGHT,SUPPORT,true
TNT_002,EMP_05743,SITE_HYD_01,SHIFT_MORNING,OPERATIONS,true
TNT_001,EMP_05744,SITE_BLR_02,SHIFT_EVENING,TECHNOLOGY,true
TNT_002,EMP_05745,SITE_HYD_02,SHIFT_DAY,OPERATIONS,true
TNT_001,EMP_05746,SITE_BLR_02,SHIFT_NIGHT,SUPPORT,true
TNT_001,EMP_05747,SITE_BLR_01,SHIFT_NIGHT,TECHNOLOGY,true
TNT_001,EMP_05748,SITE_BLR_02,SHIFT_MORNING,TECHNOLOGY,true
TNT_001,EMP_05749,SITE_BLR_01,SHIFT_DAY,SUPPORT,true
TNT_001,EMP_05750,SITE_BLR_02,SHIFT_DAY,SUPPORT,true
TNT_002,EMP_05751,SITE_HYD_01,SHIFT_DAY,OPERATIONS,true
TNT_001,EMP_05752,SITE_BLR_01,SHIFT_DAY,OPERATIONS,true
TNT_001,EMP_05753,SITE_BLR_02,SHIFT_DAY,TECHNOLOGY,true
TNT_001,EMP_05754,SITE_BLR_01,SHIFT_NIGHT,OPERATIONS,true
TNT_001,EMP_05755,SITE_BLR_01,SHIFT_NIGHT,OPERATIONS,true
TNT_002,EMP_05756,SITE_HYD_01,SHIFT_EVENING,OPERATIONS,true
TNT_001,EMP_05757,SITE_BLR_02,SHIFT_DAY,OPERATIONS,true
TNT_001,EMP_05758,SITE_BLR_02,SHIFT_EVENING,OPERATIONS,true
TNT_001,EMP_05759,SITE_BLR_01,SHIFT_DAY,SUPPORT,true
TNT_002,EMP_05760,SITE_HYD_02,SHIFT_EVENING,SUPPORT,true
TNT_001,EMP_05761,SITE_BLR_01,SHIFT_EVENING,TECHNOLOGY,true
TNT_002,EMP_05762,SITE_HYD_01,SHIFT_DAY,SUPPORT,true
TNT_001,EMP_05763,SITE_BLR_02,SHIFT_DAY,OPERATIONS,true
TNT_001,EMP_05764,SITE_BLR_01,SHIFT_NIGHT,TECHNOLOGY,true
TNT_001,EMP_05765,SITE_BLR_02,SHIFT_EVENING,TECHNOLOGY,true
TNT_001,EMP_05766,SITE_BLR_01,SHIFT_DAY,TECHNOLOGY,true
TNT_003,EMP_05767,SITE_NCR_01,SHIFT_MORNING,OPERATIONS,false
TNT_001,EMP_05768,SITE_BLR_02,SHIFT_MORNING,OPERATIONS,true
TNT_001,EMP_05769,SITE_BLR_01,SHIFT_EVENING,OPERATIONS,true
TNT_001,EMP_05770,SITE_BLR_02,SHIFT_NIGHT,OPERATIONS,true
TNT_001,EMP_05771,SITE_BLR_02,SHIFT_NIGHT,OPERATIONS,true
TNT_002,EMP_05772,SITE_HYD_01,SHIFT_MORNING,TECHNOLOGY,true
TNT_001,EMP_05773,SITE_BLR_01,SHIFT_MORNING,OPERATIONS,true
TNT_001,EMP_05774,SITE_BLR_02,SHIFT_NIGHT,TECHNOLOGY,true
TNT_002,EMP_05775,SITE_HYD_01,SHIFT_MORNING,SUPPORT,true
TNT_002,EMP_05776,SITE_HYD_01,SHIFT_DAY,TECHNOLOGY,true
TNT_001,EMP_05777,SITE_BLR_01,SHIFT_EVENING,TECHNOLOGY,true
TNT_002,EMP_05778,SITE_HYD_02,SHIFT_NIGHT,OPERATIONS,true
TNT_003,EMP_05779,SITE_NCR_01,SHIFT_EVENING,TECHNOLOGY,true
TNT_001,EMP_05780,SITE_BLR_02,SHIFT_MORNING,OPERATIONS,true
TNT_003,EMP_05781,SITE_NCR_02,SHIFT_MORNING,SUPPORT,true
TNT_003,EMP_05782,SITE_NCR_01,SHIFT_MORNING,OPERATIONS,true
TNT_003,EMP_05783,SITE_NCR_02,SHIFT_EVENING,SUPPORT,true
TNT_001,EMP_05784,SITE_BLR_02,SHIFT_MORNING,TECHNOLOGY,true
TNT_002,EMP_05785,SITE_HYD_02,SHIFT_NIGHT,OPERATIONS,true
TNT_003,EMP_05786,SITE_NCR_01,SHIFT_MORNING,SUPPORT,true
TNT_001,EMP_05787,SITE_BLR_02,SHIFT_NIGHT,TECHNOLOGY,true
TNT_001,EMP_05788,SITE_BLR_02,SHIFT_DAY,TECHNOLOGY,true
TNT_001,EMP_05789,SITE_BLR_01,SHIFT_NIGHT,TECHNOLOGY,true
TNT_001,EMP_05790,SITE_BLR_02,SHIFT_NIGHT,OPERATIONS,true
TNT_001,EMP_05791,SITE_BLR_01,SHIFT_MORNING,SUPPORT,true
TNT_002,EMP_05792,SITE_HYD_02,SHIFT_DAY,SUPPORT,true
TNT_001,EMP_05793,SITE_BLR_02,SHIFT_NIGHT,OPERATIONS,true
TNT_003,EMP_05794,SITE_NCR_01,SHIFT_MORNING,TECHNOLOGY,true
TNT_001,EMP_05795,SITE_BLR_01,SHIFT_MORNING,TECHNOLOGY,true
TNT_002,EMP_05796,SITE_HYD_01,SHIFT_EVENING,SUPPORT,true
TNT_001,EMP_05797,SITE_BLR_01,SHIFT_DAY,TECHNOLOGY,true
TNT_002,EMP_05798,SITE_HYD_02,SHIFT_DAY,OPERATIONS,true
TNT_001,EMP_05799,SITE_BLR_02,SHIFT_DAY,TECHNOLOGY,true
TNT_002,EMP_05800,SITE_HYD_02,SHIFT_NIGHT,TECHNOLOGY,true
TNT_003,EMP_05801,SITE_NCR_01,SHIFT_DAY,TECHNOLOGY,true
TNT_001,EMP_05802,SITE_BLR_01,SHIFT_DAY,OPERATIONS,true
TNT_001,EMP_05803,SITE_BLR_02,SHIFT_MORNING,OPERATIONS,true
TNT_001,EMP_05804,SITE_BLR_02,SHIFT_MORNING,TECHNOLOGY,true
TNT_001,EMP_05805,SITE_BLR_02,SHIFT_EVENING,OPERATIONS,true
TNT_002,EMP_05806,SITE_HYD_02,SHIFT_EVENING,OPERATIONS,true
TNT_001,EMP_05807,SITE_BLR_02,SHIFT_MORNING,TECHNOLOGY,true
TNT_003,EMP_05808,SITE_NCR_02,SHIFT_DAY,TECHNOLOGY,true
TNT_001,EMP_05809,SITE_BLR_01,SHIFT_MORNING,SUPPORT,true
TNT_001,EMP_05810,SITE_BLR_01,SHIFT_MORNING,TECHNOLOGY,true
TNT_001,EMP_05811,SITE_BLR_01,SHIFT_NIGHT,SUPPORT,true
TNT_001,EMP_05812,SITE_BLR_02,SHIFT_DAY,TECHNOLOGY,true
TNT_002,EMP_05813,SITE_HYD_02,SHIFT_EVENING,SUPPORT,true
TNT_001,EMP_05814,SITE_BLR_01,SHIFT_NIGHT,SUPPORT,true
TNT_001,EMP_05815,SITE_BLR_02,SHIFT_NIGHT,TECHNOLOGY,true
TNT_001,EMP_05816,SITE_BLR_01,SHIFT_DAY,TECHNOLOGY,true
TNT_001,EMP_05817,SITE_BLR_02,SHIFT_NIGHT,TECHNOLOGY,true
TNT_001,EMP_05818,SITE_BLR_02,SHIFT_DAY,OPERATIONS,true
TNT_003,EMP_05819,SITE_NCR_01,SHIFT_NIGHT,OPERATIONS,true
TNT_002,EMP_05820,SITE_HYD_02,SHIFT_NIGHT,TECHNOLOGY,true
TNT_001,EMP_05821,SITE_BLR_02,SHIFT_DAY,OPERATIONS,true
TNT_003,EMP_05822,SITE_NCR_02,SHIFT_MORNING,TECHNOLOGY,true
TNT_001,EMP_05823,SITE_BLR_01,SHIFT_MORNING,SUPPORT,true
TNT_002,EMP_05824,SITE_HYD_01,SHIFT_NIGHT,OPERATIONS,true
TNT_003,EMP_05825,SITE_NCR_02,SHIFT_NIGHT,SUPPORT,true
TNT_001,EMP_05826,SITE_BLR_01,SHIFT_DAY,OPERATIONS,true
TNT_001,EMP_05827,SITE_BLR_01,SHIFT_MORNING,OPERATIONS,true
TNT_001,EMP_05828,SITE_BLR_01,SHIFT_MORNING,OPERATIONS,true
TNT_002,EMP_05829,SITE_HYD_02,SHIFT_DAY,SUPPORT,true
TNT_001,EMP_05830,SITE_BLR_01,SHIFT_EVENING,TECHNOLOGY,true
TNT_002,EMP_05831,SITE_HYD_02,SHIFT_EVENING,OPERATIONS,true
TNT_002,EMP_05832,SITE_HYD_01,SHIFT_MORNING,TECHNOLOGY,true
TNT_002,EMP_05833,SITE_HYD_02,SHIFT_MORNING,SUPPORT,true
TNT_002,EMP_05834,SITE_HYD_01,SHIFT_MORNING,OPERATIONS,true
TNT_002,EMP_05835,SITE_HYD_02,SHIFT_DAY,OPERATIONS,true
TNT_003,EMP_05836,SITE_NCR_02,SHIFT_DAY,OPERATIONS,true
TNT_001,EMP_05837,SITE_BLR_01,SHIFT_DAY,OPERATIONS,true
TNT_001,EMP_05838,SITE_BLR_02,SHIFT_EVENING,OPERATIONS,true
TNT_001,EMP_05839,SITE_BLR_02,SHIFT_DAY,TECHNOLOGY,true
TNT_002,EMP_05840,SITE_HYD_02,SHIFT_MORNING,SUPPORT,true
TNT_001,EMP_05841,SITE_BLR_02,SHIFT_NIGHT,OPERATIONS,true
TNT_001,EMP_05842,SITE_BLR_01,SHIFT_DAY,OPERATIONS,true
TNT_001,EMP_05843,SITE_BLR_01,SHIFT_DAY,OPERATIONS,true
TNT_001,EMP_05844,SITE_BLR_02,SHIFT_MORNING,SUPPORT,true
TNT_003,EMP_05845,SITE_NCR_01,SHIFT_DAY,OPERATIONS,true
TNT_002,EMP_05846,SITE_HYD_01,SHIFT_DAY,TECHNOLOGY,true
TNT_003,EMP_05847,SITE_NCR_01,SHIFT_EVENING,TECHNOLOGY,true
TNT_002,EMP_05848,SITE_HYD_01,SHIFT_NIGHT,TECHNOLOGY,true
TNT_003,EMP_05849,SITE_NCR_02,SHIFT_MORNING,OPERATIONS,true
TNT_003,EMP_05850,SITE_NCR_02,SHIFT_EVENING,OPERATIONS,true
TNT_003,EMP_05851,SITE_NCR_02,SHIFT_EVENING,TECHNOLOGY,true
TNT_001,EMP_05852,SITE_BLR_01,SHIFT_NIGHT,OPERATIONS,true
TNT_002,EMP_05853,SITE_HYD_02,SHIFT_MORNING,OPERATIONS,true
TNT_001,EMP_05854,SITE_BLR_02,SHIFT_NIGHT,SUPPORT,true
TNT_003,EMP_05855,SITE_NCR_01,SHIFT_EVENING,SUPPORT,true
TNT_001,EMP_05856,SITE_BLR_02,SHIFT_EVENING,OPERATIONS,true
TNT_001,EMP_05857,SITE_BLR_02,SHIFT_NIGHT,SUPPORT,true
TNT_001,EMP_05858,SITE_BLR_01,SHIFT_MORNING,SUPPORT,true
TNT_002,EMP_05859,SITE_HYD_01,SHIFT_MORNING,SUPPORT,true
TNT_001,EMP_05860,SITE_BLR_02,SHIFT_NIGHT,SUPPORT,true
TNT_002,EMP_05861,SITE_HYD_02,SHIFT_EVENING,OPERATIONS,true
TNT_001,EMP_05862,SITE_BLR_02,SHIFT_DAY,OPERATIONS,true
TNT_002,EMP_05863,SITE_HYD_02,SHIFT_EVENING,OPERATIONS,true
TNT_001,EMP_05864,SITE_BLR_01,SHIFT_DAY,SUPPORT,true
TNT_003,EMP_05865,SITE_NCR_02,SHIFT_MORNING,OPERATIONS,true
TNT_001,EMP_05866,SITE_BLR_01,SHIFT_NIGHT,SUPPORT,true
TNT_001,EMP_05867,SITE_BLR_02,SHIFT_NIGHT,OPERATIONS,true
TNT_002,EMP_05868,SITE_HYD_01,SHIFT_MORNING,TECHNOLOGY,true
TNT_002,EMP_05869,SITE_HYD_02,SHIFT_DAY,TECHNOLOGY,true
TNT_001,EMP_05870,SITE_BLR_02,SHIFT_NIGHT,OPERATIONS,true
TNT_003,EMP_05871,SITE_NCR_02,SHIFT_NIGHT,TECHNOLOGY,true
TNT_002,EMP_05872,SITE_HYD_02,SHIFT_DAY,SUPPORT,true
TNT_002,EMP_05873,SITE_HYD_01,SHIFT_EVENING,OPERATIONS,true
TNT_001,EMP_05874,SITE_BLR_02,SHIFT_MORNING,TECHNOLOGY,true
TNT_001,EMP_05875,SITE_BLR_01,SHIFT_MORNING,OPERATIONS,true
TNT_001,EMP_05876,SITE_BLR_01,SHIFT_DAY,TECHNOLOGY,true
TNT_001,EMP_05877,SITE_BLR_01,SHIFT_MORNING,OPERATIONS,true
TNT_001,EMP_05878,SITE_BLR_01,SHIFT_NIGHT,TECHNOLOGY,true
TNT_002,EMP_05879,SITE_HYD_01,SHIFT_DAY,SUPPORT,true
TNT_001,EMP_05880,SITE_BLR_02,SHIFT_DAY,OPERATIONS,true
TNT_001,EMP_05881,SITE_BLR_01,SHIFT_DAY,OPERATIONS,true
TNT_003,EMP_05882,SITE_NCR_01,SHIFT_MORNING,TECHNOLOGY,true
TNT_001,EMP_05883,SITE_BLR_01,SHIFT_MORNING,TECHNOLOGY,true
TNT_001,EMP_05884,SITE_BLR_01,SHIFT_DAY,TECHNOLOGY,true
TNT_001,EMP_05885,SITE_BLR_01,SHIFT_EVENING,SUPPORT,true
TNT_003,EMP_05886,SITE_NCR_01,SHIFT_EVENING,TECHNOLOGY,true
TNT_001,EMP_05887,SITE_BLR_01,SHIFT_DAY,TECHNOLOGY,true
TNT_002,EMP_05888,SITE_HYD_02,SHIFT_DAY,SUPPORT,true
TNT_003,EMP_05889,SITE_NCR_02,SHIFT_DAY,TECHNOLOGY,true
TNT_003,EMP_05890,SITE_NCR_02,SHIFT_MORNING,SUPPORT,true
TNT_001,EMP_05891,SITE_BLR_02,SHIFT_DAY,TECHNOLOGY,true
TNT_002,EMP_05892,SITE_HYD_02,SHIFT_MORNING,OPERATIONS,true
TNT_001,EMP_05893,SITE_BLR_01,SHIFT_DAY,OPERATIONS,true
TNT_001,EMP_05894,SITE_BLR_01,SHIFT_EVENING,OPERATIONS,false
TNT_002,EMP_05895,SITE_HYD_01,SHIFT_NIGHT,SUPPORT,true
TNT_001,EMP_05896,SITE_BLR_01,SHIFT_EVENING,SUPPORT,true
TNT_001,EMP_05897,SITE_BLR_01,SHIFT_MORNING,TECHNOLOGY,true
TNT_001,EMP_05898,SITE_BLR_02,SHIFT_NIGHT,OPERATIONS,true
TNT_001,EMP_05899,SITE_BLR_02,SHIFT_DAY,SUPPORT,true
TNT_003,EMP_05900,SITE_NCR_01,SHIFT_MORNING,OPERATIONS,true
TNT_002,EMP_05901,SITE_HYD_02,SHIFT_EVENING,SUPPORT,false
TNT_001,EMP_05902,SITE_BLR_02,SHIFT_EVENING,OPERATIONS,true
TNT_001,EMP_05903,SITE_BLR_02,SHIFT_EVENING,SUPPORT,true
TNT_001,EMP_05904,SITE_BLR_02,SHIFT_DAY,OPERATIONS,true
TNT_001,EMP_05905,SITE_BLR_02,SHIFT_NIGHT,SUPPORT,false
TNT_002,EMP_05906,SITE_HYD_01,SHIFT_DAY,OPERATIONS,true
TNT_002,EMP_05907,SITE_HYD_02,SHIFT_DAY,TECHNOLOGY,true
TNT_002,EMP_05908,SITE_HYD_01,SHIFT_DAY,OPERATIONS,true
TNT_001,EMP_05909,SITE_BLR_01,SHIFT_DAY,OPERATIONS,true
TNT_002,EMP_05910,SITE_HYD_01,SHIFT_DAY,TECHNOLOGY,true
TNT_002,EMP_05911,SITE_HYD_01,SHIFT_NIGHT,OPERATIONS,true
TNT_001,EMP_05912,SITE_BLR_02,SHIFT_MORNING,OPERATIONS,true
TNT_001,EMP_05913,SITE_BLR_01,SHIFT_MORNING,OPERATIONS,true
TNT_001,EMP_05914,SITE_BLR_02,SHIFT_MORNING,OPERATIONS,true
TNT_001,EMP_05915,SITE_BLR_02,SHIFT_NIGHT,OPERATIONS,true
TNT_002,EMP_05916,SITE_HYD_01,SHIFT_NIGHT,OPERATIONS,true
TNT_001,EMP_05917,SITE_BLR_02,SHIFT_DAY,SUPPORT,true
TNT_002,EMP_05918,SITE_HYD_02,SHIFT_EVENING,TECHNOLOGY,true
TNT_001,EMP_05919,SITE_BLR_01,SHIFT_DAY,OPERATIONS,true
TNT_002,EMP_05920,SITE_HYD_02,SHIFT_DAY,OPERATIONS,true
TNT_001,EMP_05921,SITE_BLR_01,SHIFT_MORNING,SUPPORT,true
TNT_001,EMP_05922,SITE_BLR_02,SHIFT_MORNING,OPERATIONS,true
TNT_003,EMP_05923,SITE_NCR_02,SHIFT_NIGHT,OPERATIONS,true
TNT_001,EMP_05924,SITE_BLR_01,SHIFT_EVENING,OPERATIONS,true
TNT_002,EMP_05925,SITE_HYD_01,SHIFT_DAY,OPERATIONS,true
TNT_001,EMP_05926,SITE_BLR_01,SHIFT_NIGHT,TECHNOLOGY,true
TNT_003,EMP_05927,SITE_NCR_02,SHIFT_MORNING,TECHNOLOGY,true
TNT_003,EMP_05928,SITE_NCR_01,SHIFT_NIGHT,SUPPORT,true
TNT_003,EMP_05929,SITE_NCR_01,SHIFT_DAY,TECHNOLOGY,true
TNT_001,EMP_05930,SITE_BLR_02,SHIFT_DAY,TECHNOLOGY,true
TNT_001,EMP_05931,SITE_BLR_01,SHIFT_NIGHT,TECHNOLOGY,true
TNT_002,EMP_05932,SITE_HYD_02,SHIFT_NIGHT,TECHNOLOGY,true
TNT_001,EMP_05933,SITE_BLR_02,SHIFT_EVENING,OPERATIONS,true
TNT_001,EMP_05934,SITE_BLR_02,SHIFT_MORNING,TECHNOLOGY,true
TNT_001,EMP_05935,SITE_BLR_02,SHIFT_EVENING,OPERATIONS,true
TNT_002,EMP_05936,SITE_HYD_01,SHIFT_DAY,OPERATIONS,true
TNT_001,EMP_05937,SITE_BLR_01,SHIFT_EVENING,TECHNOLOGY,true
TNT_001,EMP_05938,SITE_BLR_02,SHIFT_DAY,OPERATIONS,true
TNT_001,EMP_05939,SITE_BLR_02,SHIFT_EVENING,OPERATIONS,true
TNT_001,EMP_05940,SITE_BLR_02,SHIFT_DAY,TECHNOLOGY,true
TNT_001,EMP_05941,SITE_BLR_01,SHIFT_DAY,TECHNOLOGY,true
TNT_001,EMP_05942,SITE_BLR_02,SHIFT_EVENING,OPERATIONS,true
TNT_002,EMP_05943,SITE_HYD_02,SHIFT_MORNING,SUPPORT,true
TNT_001,EMP_05944,SITE_BLR_02,SHIFT_NIGHT,OPERATIONS,true
TNT_001,EMP_05945,SITE_BLR_01,SHIFT_DAY,TECHNOLOGY,true
TNT_002,EMP_05946,SITE_HYD_01,SHIFT_DAY,TECHNOLOGY,true
TNT_001,EMP_05947,SITE_BLR_02,SHIFT_MORNING,TECHNOLOGY,true
TNT_001,EMP_05948,SITE_BLR_02,SHIFT_NIGHT,OPERATIONS,true
TNT_003,EMP_05949,SITE_NCR_02,SHIFT_MORNING,OPERATIONS,true
TNT_001,EMP_05950,SITE_BLR_01,SHIFT_DAY,OPERATIONS,true
TNT_002,EMP_05951,SITE_HYD_02,SHIFT_MORNING,OPERATIONS,true
TNT_001,EMP_05952,SITE_BLR_02,SHIFT_MORNING,OPERATIONS,true
TNT_001,EMP_05953,SITE_BLR_01,SHIFT_DAY,OPERATIONS,true
TNT_001,EMP_05954,SITE_BLR_02,SHIFT_EVENING,TECHNOLOGY,true
TNT_003,EMP_05955,SITE_NCR_02,SHIFT_EVENING,OPERATIONS,true
TNT_001,EMP_05956,SITE_BLR_01,SHIFT_MORNING,TECHNOLOGY,true
TNT_002,EMP_05957,SITE_HYD_01,SHIFT_NIGHT,SUPPORT,true
TNT_003,EMP_05958,SITE_NCR_01,SHIFT_MORNING,TECHNOLOGY,true
TNT_001,EMP_05959,SITE_BLR_02,SHIFT_MORNING,TECHNOLOGY,true
TNT_002,EMP_05960,SITE_HYD_01,SHIFT_EVENING,OPERATIONS,true
TNT_003,EMP_05961,SITE_NCR_02,SHIFT_DAY,OPERATIONS,true
TNT_002,EMP_05962,SITE_HYD_02,SHIFT_NIGHT,SUPPORT,true
TNT_002,EMP_05963,SITE_HYD_02,SHIFT_DAY,OPERATIONS,true
TNT_001,EMP_05964,SITE_BLR_02,SHIFT_NIGHT,OPERATIONS,true
TNT_001,EMP_05965,SITE_BLR_02,SHIFT_EVENING,OPERATIONS,true
TNT_001,EMP_05966,SITE_BLR_01,SHIFT_MORNING,TECHNOLOGY,true
TNT_001,EMP_05967,SITE_BLR_01,SHIFT_EVENING,OPERATIONS,true
TNT_001,EMP_05968,SITE_BLR_02,SHIFT_MORNING,TECHNOLOGY,true
TNT_003,EMP_05969,SITE_NCR_02,SHIFT_DAY,OPERATIONS,true
TNT_003,EMP_05970,SITE_NCR_02,SHIFT_EVENING,OPERATIONS,true
TNT_001,EMP_05971,SITE_BLR_01,SHIFT_EVENING,OPERATIONS,true
TNT_001,EMP_05972,SITE_BLR_02,SHIFT_MORNING,TECHNOLOGY,true
TNT_003,EMP_05973,SITE_NCR_01,SHIFT_EVENING,TECHNOLOGY,true
TNT_003,EMP_05974,SITE_NCR_01,SHIFT_DAY,OPERATIONS,true
TNT_002,EMP_05975,SITE_HYD_01,SHIFT_DAY,SUPPORT,true
TNT_002,EMP_05976,SITE_HYD_02,SHIFT_DAY,OPERATIONS,true
TNT_002,EMP_05977,SITE_HYD_02,SHIFT_MORNING,TECHNOLOGY,true
TNT_001,EMP_05978,SITE_BLR_01,SHIFT_DAY,OPERATIONS,true
TNT_002,EMP_05979,SITE_HYD_01,SHIFT_DAY,TECHNOLOGY,true
TNT_001,EMP_05980,SITE_BLR_01,SHIFT_MORNING,SUPPORT,true
TNT_002,EMP_05981,SITE_HYD_02,SHIFT_DAY,TECHNOLOGY,true
TNT_001,EMP_05982,SITE_BLR_02,SHIFT_DAY,TECHNOLOGY,true
TNT_001,EMP_05983,SITE_BLR_01,SHIFT_NIGHT,OPERATIONS,true
TNT_001,EMP_05984,SITE_BLR_02,SHIFT_DAY,SUPPORT,true
TNT_003,EMP_05985,SITE_NCR_01,SHIFT_NIGHT,TECHNOLOGY,true
TNT_001,EMP_05986,SITE_BLR_02,SHIFT_MORNING,OPERATIONS,true
TNT_001,EMP_05987,SITE_BLR_02,SHIFT_MORNING,OPERATIONS,true
TNT_001,EMP_05988,SITE_BLR_01,SHIFT_MORNING,TECHNOLOGY,true
TNT_002,EMP_05989,SITE_HYD_01,SHIFT_DAY,OPERATIONS,true
TNT_001,EMP_05990,SITE_BLR_02,SHIFT_DAY,TECHNOLOGY,true
TNT_001,EMP_05991,SITE_BLR_02,SHIFT_EVENING,OPERATIONS,true
TNT_001,EMP_05992,SITE_BLR_01,SHIFT_NIGHT,TECHNOLOGY,true
TNT_001,EMP_05993,SITE_BLR_02,SHIFT_DAY,OPERATIONS,true
TNT_003,EMP_05994,SITE_NCR_01,SHIFT_DAY,OPERATIONS,true
TNT_001,EMP_05995,SITE_BLR_01,SHIFT_DAY,SUPPORT,true
TNT_003,EMP_05996,SITE_NCR_01,SHIFT_EVENING,SUPPORT,true
TNT_001,EMP_05997,SITE_BLR_01,SHIFT_EVENING,SUPPORT,true
TNT_001,EMP_05998,SITE_BLR_01,SHIFT_NIGHT,TECHNOLOGY,true
TNT_001,EMP_05999,SITE_BLR_01,SHIFT_DAY,OPERATIONS,true
TNT_002,EMP_06000,SITE_HYD_01,SHIFT_DAY,OPERATIONS,true
